# WaveFront *.obj file (generated by Autodesk ATF)

mtllib dragon ball 2.mtl

g Body1

v -0.116440 0.390814 0.127000
v -0.260927 0.401787 0.127000
v -0.331341 0.542616 0.127000
v -0.398098 0.401787 0.127000
v -0.544414 0.390814 0.127000
v -0.431933 0.290222 0.127000
v -0.462111 0.139334 0.127000
v -0.330427 0.213406 0.127000
v -0.198743 0.138419 0.127000
v -0.228600 0.279400 0.127000
v -0.431933 0.290222 0.000000
v -0.462111 0.139334 0.000000
v -0.544414 0.390814 0.000000
v -0.398098 0.401787 0.000000
v -0.331341 0.542616 0.000000
v -0.260927 0.401787 0.000000
v -0.116440 0.390814 0.000000
v -0.228600 0.279400 0.000000
v -0.198743 0.138419 0.000000
v -0.330427 0.213406 0.000000
vt 0.116440 -0.390814 0.000000
vt 0.260927 -0.401787 0.000000
vt 0.228600 -0.279400 0.000000
vt 0.398098 -0.401787 0.000000
vt 0.431933 -0.290222 0.000000
vt 0.544414 -0.390814 0.000000
vt 0.331341 -0.542616 0.000000
vt 0.462111 -0.139334 0.000000
vt 0.330427 -0.213406 0.000000
vt 0.198743 -0.138419 0.000000
vt 0.153876 0.127000 0.000000
vt 0.000000 0.127000 0.000000
vt 0.153876 0.000000 0.000000
vt 0.000000 0.000000 0.000000
vt 0.150899 0.127000 0.000000
vt 0.000000 0.127000 0.000000
vt 0.150899 0.000000 0.000000
vt 0.000000 0.000000 0.000000
vt 0.146727 0.127000 0.000000
vt 0.000000 0.127000 0.000000
vt 0.146727 0.000000 0.000000
vt 0.000000 0.000000 0.000000
vt 0.155850 0.127000 0.000000
vt 0.000000 0.127000 0.000000
vt 0.155850 0.000000 0.000000
vt 0.000000 0.000000 0.000000
vt 0.157451 0.127000 0.000000
vt 0.000000 0.127000 0.000000
vt 0.157451 0.000000 0.000000
vt 0.000000 0.000000 0.000000
vt 0.144903 0.127000 0.000000
vt 0.000000 0.127000 0.000000
vt 0.144903 0.000000 0.000000
vt 0.000000 0.000000 0.000000
vt 0.158091 0.127000 0.000000
vt 0.000000 0.127000 0.000000
vt 0.158091 0.000000 0.000000
vt 0.000000 0.000000 0.000000
vt 0.144108 0.127000 0.000000
vt 0.000000 0.127000 0.000000
vt 0.144108 0.000000 0.000000
vt 0.000000 0.000000 0.000000
vt 0.151538 0.127000 0.000000
vt 0.000000 0.127000 0.000000
vt 0.151538 0.000000 0.000000
vt 0.000000 0.000000 0.000000
vt 0.151087 0.127000 0.000000
vt 0.000000 0.127000 0.000000
vt 0.151087 0.000000 0.000000
vt 0.000000 0.000000 0.000000
vt 0.000914 0.202099 0.000000
vt -0.069500 0.061270 0.000000
vt 0.067671 0.061270 0.000000
vt -0.101827 -0.061118 0.000000
vt 0.101507 -0.050296 0.000000
vt 0.000000 -0.127112 0.000000
vt 0.131684 -0.201184 0.000000
vt -0.213987 0.050296 0.000000
vt -0.131684 -0.202099 0.000000
vt 0.213987 0.050296 0.000000
vn 0.000000 0.000000 1.000000
vn 0.000000 0.000000 1.000000
vn 0.000000 0.000000 1.000000
vn 0.000000 0.000000 1.000000
vn 0.000000 0.000000 1.000000
vn 0.000000 0.000000 1.000000
vn 0.000000 0.000000 1.000000
vn 0.000000 0.000000 1.000000
vn 0.000000 0.000000 1.000000
vn 0.000000 0.000000 1.000000
vn -0.980581 0.196116 0.000000
vn -0.980581 0.196116 0.000000
vn -0.980581 0.196116 0.000000
vn -0.980581 0.196116 0.000000
vn -0.666618 -0.745400 0.000000
vn -0.666618 -0.745400 0.000000
vn -0.666618 -0.745400 0.000000
vn -0.666618 -0.745400 0.000000
vn -0.074790 0.997199 0.000000
vn -0.074790 0.997199 0.000000
vn -0.074790 0.997199 0.000000
vn -0.074790 0.997199 0.000000
vn -0.903618 0.428339 0.000000
vn -0.903618 0.428339 0.000000
vn -0.903618 0.428339 0.000000
vn -0.903618 0.428339 0.000000
vn 0.894427 0.447214 -0.000000
vn 0.894427 0.447214 -0.000000
vn 0.894427 0.447214 -0.000000
vn 0.894427 0.447214 -0.000000
vn 0.075731 0.997128 -0.000000
vn 0.075731 0.997128 -0.000000
vn 0.075731 0.997128 -0.000000
vn 0.075731 0.997128 -0.000000
vn 0.704743 -0.709463 0.000000
vn 0.704743 -0.709463 0.000000
vn 0.704743 -0.709463 0.000000
vn 0.704743 -0.709463 0.000000
vn 0.978301 0.207187 -0.000000
vn 0.978301 0.207187 -0.000000
vn 0.978301 0.207187 -0.000000
vn 0.978301 0.207187 -0.000000
vn -0.494839 -0.868985 0.000000
vn -0.494839 -0.868985 0.000000
vn -0.494839 -0.868985 0.000000
vn -0.494839 -0.868985 0.000000
vn 0.490261 -0.871576 0.000000
vn 0.490261 -0.871576 0.000000
vn 0.490261 -0.871576 0.000000
vn 0.490261 -0.871576 0.000000
vn -0.000000 0.000000 -1.000000
vn -0.000000 0.000000 -1.000000
vn -0.000000 0.000000 -1.000000
vn -0.000000 0.000000 -1.000000
vn -0.000000 0.000000 -1.000000
vn -0.000000 0.000000 -1.000000
vn -0.000000 0.000000 -1.000000
vn -0.000000 0.000000 -1.000000
vn -0.000000 0.000000 -1.000000
vn -0.000000 0.000000 -1.000000
usemtl Paint_-_Metallic_(Red)
f 1/1/1 2/2/2 10/3/3
f 10/3/3 2/2/2 4/4/4
f 10/3/3 4/4/4 6/5/5
f 6/5/5 4/4/4 5/6/6
f 2/2/2 3/7/7 4/4/4
f 7/8/8 8/9/9 6/5/5
f 6/5/5 8/9/9 10/3/3
f 8/9/9 9/10/10 10/3/3
f 7/11/11 6/12/12 12/13/13
f 12/13/13 6/12/12 11/14/14
f 6/15/15 5/16/16 11/17/17
f 11/17/17 5/16/16 13/18/18
f 5/19/19 4/20/20 13/21/21
f 13/21/21 4/20/20 14/22/22
f 4/23/23 3/24/24 14/25/25
f 14/25/25 3/24/24 15/26/26
f 3/27/27 2/28/28 15/29/29
f 15/29/29 2/28/28 16/30/30
f 2/31/31 1/32/32 16/33/33
f 16/33/33 1/32/32 17/34/34
f 1/35/35 10/36/36 17/37/37
f 17/37/37 10/36/36 18/38/38
f 10/39/39 9/40/40 18/41/41
f 18/41/41 9/40/40 19/42/42
f 9/43/43 8/44/44 19/45/45
f 19/45/45 8/44/44 20/46/46
f 8/47/47 7/48/48 20/49/49
f 20/49/49 7/48/48 12/50/50
f 15/51/51 16/52/52 14/53/53
f 14/53/53 16/52/52 18/54/54
f 14/53/53 18/54/54 11/55/55
f 11/55/55 18/54/54 20/56/56
f 11/55/55 20/56/56 12/57/57
f 16/52/52 17/58/58 18/54/54
f 18/54/54 19/59/59 20/56/56
f 11/55/55 13/60/60 14/53/53
g Body3

v 0.594760 -0.294986 0.000000
v 0.450273 -0.284013 0.000000
v 0.450273 -0.284013 0.254000
v 0.594760 -0.294986 0.254000
v 0.482600 -0.406400 0.000000
v 0.482600 -0.406400 0.254000
v 0.512457 -0.547381 0.000000
v 0.512457 -0.547381 0.254000
v 0.380773 -0.472394 0.000000
v 0.380773 -0.472394 0.254000
v 0.249089 -0.546466 0.000000
v 0.249089 -0.546466 0.254000
v 0.279267 -0.395578 0.000000
v 0.279267 -0.395578 0.254000
v 0.166786 -0.294986 0.000000
v 0.166786 -0.294986 0.254000
v 0.313102 -0.284013 0.000000
v 0.313102 -0.284013 0.254000
v 0.379859 -0.143184 0.000000
v 0.379859 -0.143184 0.254000
vt 0.000000 0.000000 0.000000
vt 0.144903 0.000000 0.000000
vt 0.000000 0.254000 0.000000
vt 0.144903 0.254000 0.000000
vt 0.000000 0.000000 0.000000
vt 0.158091 0.000000 0.000000
vt 0.000000 0.254000 0.000000
vt 0.158091 0.254000 0.000000
vt 0.000000 0.000000 0.000000
vt 0.144108 0.000000 0.000000
vt 0.000000 0.254000 0.000000
vt 0.144108 0.254000 0.000000
vt 0.000000 0.000000 0.000000
vt 0.151538 0.000000 0.000000
vt 0.000000 0.254000 0.000000
vt 0.151538 0.254000 0.000000
vt 0.000000 0.000000 0.000000
vt 0.151087 0.000000 0.000000
vt 0.000000 0.254000 0.000000
vt 0.151087 0.254000 0.000000
vt 0.000000 0.000000 0.000000
vt 0.153876 0.000000 0.000000
vt 0.000000 0.254000 0.000000
vt 0.153876 0.254000 0.000000
vt 0.000000 0.000000 0.000000
vt 0.150899 0.000000 0.000000
vt 0.000000 0.254000 0.000000
vt 0.150899 0.254000 0.000000
vt 0.000000 0.000000 0.000000
vt 0.146727 0.000000 0.000000
vt 0.000000 0.254000 0.000000
vt 0.146727 0.254000 0.000000
vt 0.000000 0.000000 0.000000
vt 0.155850 0.000000 0.000000
vt 0.000000 0.254000 0.000000
vt 0.155850 0.254000 0.000000
vt 0.000000 0.000000 0.000000
vt 0.157451 0.000000 0.000000
vt 0.000000 0.254000 0.000000
vt 0.157451 0.254000 0.000000
vt -0.000914 0.202099 0.000000
vt -0.067671 0.061270 0.000000
vt 0.069500 0.061270 0.000000
vt 0.101827 -0.061118 0.000000
vt 0.213987 0.050296 0.000000
vt -0.213987 0.050296 0.000000
vt -0.101507 -0.050296 0.000000
vt -0.131684 -0.201184 0.000000
vt -0.000000 -0.127112 0.000000
vt 0.131684 -0.202099 0.000000
vt 0.000914 0.202099 0.000000
vt -0.069500 0.061270 0.000000
vt 0.067671 0.061270 0.000000
vt -0.101827 -0.061118 0.000000
vt 0.101507 -0.050296 0.000000
vt 0.000000 -0.127112 0.000000
vt 0.131684 -0.201184 0.000000
vt -0.213987 0.050296 0.000000
vt -0.131684 -0.202099 0.000000
vt 0.213987 0.050296 0.000000
vn 0.075731 0.997128 -0.000000
vn 0.075731 0.997128 -0.000000
vn 0.075731 0.997128 -0.000000
vn 0.075731 0.997128 -0.000000
vn 0.704743 -0.709463 0.000000
vn 0.704743 -0.709463 0.000000
vn 0.704743 -0.709463 0.000000
vn 0.704743 -0.709463 0.000000
vn 0.978301 0.207187 -0.000000
vn 0.978301 0.207187 -0.000000
vn 0.978301 0.207187 -0.000000
vn 0.978301 0.207187 -0.000000
vn -0.494839 -0.868985 0.000000
vn -0.494839 -0.868985 0.000000
vn -0.494839 -0.868985 0.000000
vn -0.494839 -0.868985 0.000000
vn 0.490261 -0.871576 0.000000
vn 0.490261 -0.871576 0.000000
vn 0.490261 -0.871576 0.000000
vn 0.490261 -0.871576 0.000000
vn -0.980581 0.196116 0.000000
vn -0.980581 0.196116 0.000000
vn -0.980581 0.196116 0.000000
vn -0.980581 0.196116 0.000000
vn -0.666618 -0.745400 0.000000
vn -0.666618 -0.745400 0.000000
vn -0.666618 -0.745400 0.000000
vn -0.666618 -0.745400 0.000000
vn -0.074790 0.997199 0.000000
vn -0.074790 0.997199 0.000000
vn -0.074790 0.997199 0.000000
vn -0.074790 0.997199 0.000000
vn -0.903618 0.428339 0.000000
vn -0.903618 0.428339 0.000000
vn -0.903618 0.428339 0.000000
vn -0.903618 0.428339 0.000000
vn 0.894427 0.447214 -0.000000
vn 0.894427 0.447214 -0.000000
vn 0.894427 0.447214 -0.000000
vn 0.894427 0.447214 -0.000000
vn 0.000000 0.000000 1.000000
vn 0.000000 0.000000 1.000000
vn 0.000000 0.000000 1.000000
vn 0.000000 0.000000 1.000000
vn 0.000000 0.000000 1.000000
vn 0.000000 0.000000 1.000000
vn 0.000000 0.000000 1.000000
vn 0.000000 0.000000 1.000000
vn 0.000000 0.000000 1.000000
vn 0.000000 0.000000 1.000000
vn -0.000000 0.000000 -1.000000
vn -0.000000 0.000000 -1.000000
vn -0.000000 0.000000 -1.000000
vn -0.000000 0.000000 -1.000000
vn -0.000000 0.000000 -1.000000
vn -0.000000 0.000000 -1.000000
vn -0.000000 0.000000 -1.000000
vn -0.000000 0.000000 -1.000000
vn -0.000000 0.000000 -1.000000
vn -0.000000 0.000000 -1.000000
f 21/61/61 22/62/62 24/63/63
f 24/63/63 22/62/62 23/64/64
f 25/65/65 21/66/66 26/67/67
f 26/67/67 21/66/66 24/68/68
f 27/69/69 25/70/70 28/71/71
f 28/71/71 25/70/70 26/72/72
f 29/73/73 27/74/74 30/75/75
f 30/75/75 27/74/74 28/76/76
f 31/77/77 29/78/78 32/79/79
f 32/79/79 29/78/78 30/80/80
f 33/81/81 31/82/82 34/83/83
f 34/83/83 31/82/82 32/84/84
f 35/85/85 33/86/86 36/87/87
f 36/87/87 33/86/86 34/88/88
f 37/89/89 35/90/90 38/91/91
f 38/91/91 35/90/90 36/92/92
f 39/93/93 37/94/94 40/95/95
f 40/95/95 37/94/94 38/96/96
f 22/97/97 39/98/98 23/99/99
f 23/99/99 39/98/98 40/100/100
f 40/101/101 38/102/102 23/103/103
f 23/103/103 38/102/102 26/104/104
f 23/103/103 26/104/104 24/105/105
f 36/106/106 34/107/107 38/102/102
f 38/102/102 34/107/107 26/104/104
f 32/108/108 30/109/109 34/107/107
f 34/107/107 30/109/109 26/104/104
f 30/109/109 28/110/110 26/104/104
f 39/111/111 22/112/112 37/113/113
f 37/113/113 22/112/112 25/114/114
f 37/113/113 25/114/114 33/115/115
f 33/115/115 25/114/114 29/116/116
f 33/115/115 29/116/116 31/117/117
f 22/112/112 21/118/118 25/114/114
f 25/114/114 27/119/119 29/116/116
f 33/115/115 35/120/120 37/113/113
g Body4

v 0.379859 0.542616 0.000000
v 0.313102 0.401787 0.000000
v 0.313102 0.401787 0.254000
v 0.379859 0.542616 0.254000
v 0.450273 0.401787 0.000000
v 0.450273 0.401787 0.254000
v 0.594760 0.390814 0.000000
v 0.594760 0.390814 0.254000
v 0.482600 0.279400 0.000000
v 0.482600 0.279400 0.254000
v 0.512457 0.138419 0.000000
v 0.512457 0.138419 0.254000
v 0.380773 0.213406 0.000000
v 0.380773 0.213406 0.254000
v 0.249089 0.139334 0.000000
v 0.249089 0.139334 0.254000
v 0.279267 0.290222 0.000000
v 0.279267 0.290222 0.254000
v 0.166786 0.390814 0.000000
v 0.166786 0.390814 0.254000
vt 0.000000 0.000000 0.000000
vt 0.155850 0.000000 0.000000
vt 0.000000 0.254000 0.000000
vt 0.155850 0.254000 0.000000
vt 0.000000 0.000000 0.000000
vt 0.157451 0.000000 0.000000
vt 0.000000 0.254000 0.000000
vt 0.157451 0.254000 0.000000
vt 0.000000 0.000000 0.000000
vt 0.144903 0.000000 0.000000
vt 0.000000 0.254000 0.000000
vt 0.144903 0.254000 0.000000
vt 0.000000 0.000000 0.000000
vt 0.158091 0.000000 0.000000
vt 0.000000 0.254000 0.000000
vt 0.158091 0.254000 0.000000
vt 0.000000 0.000000 0.000000
vt 0.144108 0.000000 0.000000
vt -0.000000 0.254000 0.000000
vt 0.144108 0.254000 0.000000
vt 0.000000 0.000000 0.000000
vt 0.151538 0.000000 0.000000
vt 0.000000 0.254000 0.000000
vt 0.151538 0.254000 0.000000
vt 0.000000 0.000000 0.000000
vt 0.151087 0.000000 0.000000
vt 0.000000 0.254000 0.000000
vt 0.151087 0.254000 0.000000
vt 0.000000 0.000000 0.000000
vt 0.153876 0.000000 0.000000
vt 0.000000 0.254000 0.000000
vt 0.153876 0.254000 0.000000
vt 0.000000 0.000000 0.000000
vt 0.150899 0.000000 0.000000
vt 0.000000 0.254000 0.000000
vt 0.150899 0.254000 0.000000
vt 0.000000 0.000000 0.000000
vt 0.146727 0.000000 0.000000
vt 0.000000 0.254000 0.000000
vt 0.146727 0.254000 0.000000
vt -0.213987 0.050296 0.000000
vt -0.101507 -0.050296 0.000000
vt -0.067671 0.061270 0.000000
vt 0.101827 -0.061118 0.000000
vt 0.069500 0.061270 0.000000
vt 0.213987 0.050296 0.000000
vt -0.131684 -0.201184 0.000000
vt -0.000000 -0.127112 0.000000
vt 0.131684 -0.202099 0.000000
vt -0.000914 0.202099 0.000000
vt 0.213987 0.050296 0.000000
vt 0.067671 0.061270 0.000000
vt 0.101507 -0.050296 0.000000
vt -0.101827 -0.061118 0.000000
vt 0.000000 -0.127112 0.000000
vt -0.131684 -0.202099 0.000000
vt 0.000914 0.202099 0.000000
vt -0.069500 0.061270 0.000000
vt -0.213987 0.050296 0.000000
vt 0.131684 -0.201184 0.000000
vn -0.903618 0.428339 0.000000
vn -0.903618 0.428339 0.000000
vn -0.903618 0.428339 0.000000
vn -0.903618 0.428339 0.000000
vn 0.894427 0.447214 -0.000000
vn 0.894427 0.447214 -0.000000
vn 0.894427 0.447214 -0.000000
vn 0.894427 0.447214 -0.000000
vn 0.075731 0.997128 -0.000000
vn 0.075731 0.997128 -0.000000
vn 0.075731 0.997128 -0.000000
vn 0.075731 0.997128 -0.000000
vn 0.704743 -0.709463 0.000000
vn 0.704743 -0.709463 0.000000
vn 0.704743 -0.709463 0.000000
vn 0.704743 -0.709463 0.000000
vn 0.978301 0.207187 -0.000000
vn 0.978301 0.207187 -0.000000
vn 0.978301 0.207187 -0.000000
vn 0.978301 0.207187 -0.000000
vn -0.494839 -0.868985 0.000000
vn -0.494839 -0.868985 0.000000
vn -0.494839 -0.868985 0.000000
vn -0.494839 -0.868985 0.000000
vn 0.490261 -0.871576 0.000000
vn 0.490261 -0.871576 0.000000
vn 0.490261 -0.871576 0.000000
vn 0.490261 -0.871576 0.000000
vn -0.980581 0.196116 0.000000
vn -0.980581 0.196116 0.000000
vn -0.980581 0.196116 0.000000
vn -0.980581 0.196116 0.000000
vn -0.666618 -0.745400 0.000000
vn -0.666618 -0.745400 0.000000
vn -0.666618 -0.745400 0.000000
vn -0.666618 -0.745400 0.000000
vn -0.074790 0.997199 0.000000
vn -0.074790 0.997199 0.000000
vn -0.074790 0.997199 0.000000
vn -0.074790 0.997199 0.000000
vn 0.000000 0.000000 1.000000
vn 0.000000 0.000000 1.000000
vn 0.000000 0.000000 1.000000
vn 0.000000 0.000000 1.000000
vn 0.000000 0.000000 1.000000
vn 0.000000 0.000000 1.000000
vn 0.000000 0.000000 1.000000
vn 0.000000 0.000000 1.000000
vn 0.000000 0.000000 1.000000
vn 0.000000 0.000000 1.000000
vn -0.000000 0.000000 -1.000000
vn -0.000000 0.000000 -1.000000
vn -0.000000 0.000000 -1.000000
vn -0.000000 0.000000 -1.000000
vn -0.000000 0.000000 -1.000000
vn -0.000000 0.000000 -1.000000
vn -0.000000 0.000000 -1.000000
vn -0.000000 0.000000 -1.000000
vn -0.000000 0.000000 -1.000000
vn -0.000000 0.000000 -1.000000
f 41/121/121 42/122/122 44/123/123
f 44/123/123 42/122/122 43/124/124
f 45/125/125 41/126/126 46/127/127
f 46/127/127 41/126/126 44/128/128
f 47/129/129 45/130/130 48/131/131
f 48/131/131 45/130/130 46/132/132
f 49/133/133 47/134/134 50/135/135
f 50/135/135 47/134/134 48/136/136
f 51/137/137 49/138/138 52/139/139
f 52/139/139 49/138/138 50/140/140
f 53/141/141 51/142/142 54/143/143
f 54/143/143 51/142/142 52/144/144
f 55/145/145 53/146/146 56/147/147
f 56/147/147 53/146/146 54/148/148
f 57/149/149 55/150/150 58/151/151
f 58/151/151 55/150/150 56/152/152
f 59/153/153 57/154/154 60/155/155
f 60/155/155 57/154/154 58/156/156
f 42/157/157 59/158/158 43/159/159
f 43/159/159 59/158/158 60/160/160
f 60/161/161 58/162/162 43/163/163
f 43/163/163 58/162/162 50/164/164
f 43/163/163 50/164/164 46/165/165
f 46/165/165 50/164/164 48/166/166
f 56/167/167 54/168/168 58/162/162
f 58/162/162 54/168/168 50/164/164
f 54/168/168 52/169/169 50/164/164
f 46/165/165 44/170/170 43/163/163
f 59/171/171 42/172/172 57/173/173
f 57/173/173 42/172/172 49/174/174
f 57/173/173 49/174/174 53/175/175
f 53/175/175 49/174/174 51/176/176
f 41/177/177 45/178/178 42/172/172
f 42/172/172 45/178/178 49/174/174
f 45/178/178 47/179/179 49/174/174
f 53/175/175 55/180/180 57/173/173
g Body5

v -0.116440 -0.294986 0.000000
v -0.260927 -0.284013 0.000000
v -0.260927 -0.284013 0.254000
v -0.116440 -0.294986 0.254000
v -0.228600 -0.406400 0.000000
v -0.228600 -0.406400 0.254000
v -0.198743 -0.547381 0.000000
v -0.198743 -0.547381 0.254000
v -0.330427 -0.472394 0.000000
v -0.330427 -0.472394 0.254000
v -0.462111 -0.546466 0.000000
v -0.462111 -0.546466 0.254000
v -0.431933 -0.395578 0.000000
v -0.431933 -0.395578 0.254000
v -0.544414 -0.294986 0.000000
v -0.544414 -0.294986 0.254000
v -0.398098 -0.284013 0.000000
v -0.398098 -0.284013 0.254000
v -0.331341 -0.143184 0.000000
v -0.331341 -0.143184 0.254000
vt 0.000000 0.000000 0.000000
vt 0.144903 0.000000 0.000000
vt 0.000000 0.254000 0.000000
vt 0.144903 0.254000 0.000000
vt 0.000000 0.000000 0.000000
vt 0.158091 0.000000 0.000000
vt 0.000000 0.254000 0.000000
vt 0.158091 0.254000 0.000000
vt 0.000000 0.000000 0.000000
vt 0.144108 0.000000 0.000000
vt 0.000000 0.254000 0.000000
vt 0.144108 0.254000 0.000000
vt 0.000000 0.000000 0.000000
vt 0.151538 0.000000 0.000000
vt 0.000000 0.254000 0.000000
vt 0.151538 0.254000 0.000000
vt 0.000000 0.000000 0.000000
vt 0.151087 0.000000 0.000000
vt 0.000000 0.254000 0.000000
vt 0.151087 0.254000 0.000000
vt 0.000000 0.000000 0.000000
vt 0.153876 0.000000 0.000000
vt 0.000000 0.254000 0.000000
vt 0.153876 0.254000 0.000000
vt 0.000000 0.000000 0.000000
vt 0.150899 0.000000 0.000000
vt 0.000000 0.254000 0.000000
vt 0.150899 0.254000 0.000000
vt 0.000000 0.000000 0.000000
vt 0.146727 0.000000 0.000000
vt 0.000000 0.254000 0.000000
vt 0.146727 0.254000 0.000000
vt 0.000000 0.000000 0.000000
vt 0.155850 0.000000 0.000000
vt 0.000000 0.254000 0.000000
vt 0.155850 0.254000 0.000000
vt 0.000000 0.000000 0.000000
vt 0.157451 0.000000 0.000000
vt 0.000000 0.254000 0.000000
vt 0.157451 0.254000 0.000000
vt -0.000914 0.202099 0.000000
vt -0.067671 0.061270 0.000000
vt 0.069500 0.061270 0.000000
vt 0.101827 -0.061118 0.000000
vt 0.213987 0.050296 0.000000
vt -0.213987 0.050296 0.000000
vt -0.101507 -0.050296 0.000000
vt -0.131684 -0.201184 0.000000
vt -0.000000 -0.127112 0.000000
vt 0.131684 -0.202099 0.000000
vt 0.000914 0.202099 0.000000
vt -0.069500 0.061270 0.000000
vt 0.067671 0.061270 0.000000
vt -0.101827 -0.061118 0.000000
vt 0.101507 -0.050296 0.000000
vt 0.000000 -0.127112 0.000000
vt 0.131684 -0.201184 0.000000
vt -0.213987 0.050296 0.000000
vt -0.131684 -0.202099 0.000000
vt 0.213987 0.050296 0.000000
vn 0.075731 0.997128 -0.000000
vn 0.075731 0.997128 -0.000000
vn 0.075731 0.997128 -0.000000
vn 0.075731 0.997128 -0.000000
vn 0.704743 -0.709463 0.000000
vn 0.704743 -0.709463 0.000000
vn 0.704743 -0.709463 0.000000
vn 0.704743 -0.709463 0.000000
vn 0.978301 0.207187 -0.000000
vn 0.978301 0.207187 -0.000000
vn 0.978301 0.207187 -0.000000
vn 0.978301 0.207187 -0.000000
vn -0.494839 -0.868985 0.000000
vn -0.494839 -0.868985 0.000000
vn -0.494839 -0.868985 0.000000
vn -0.494839 -0.868985 0.000000
vn 0.490261 -0.871576 0.000000
vn 0.490261 -0.871576 0.000000
vn 0.490261 -0.871576 0.000000
vn 0.490261 -0.871576 0.000000
vn -0.980581 0.196116 0.000000
vn -0.980581 0.196116 0.000000
vn -0.980581 0.196116 0.000000
vn -0.980581 0.196116 0.000000
vn -0.666618 -0.745400 0.000000
vn -0.666618 -0.745400 0.000000
vn -0.666618 -0.745400 0.000000
vn -0.666618 -0.745400 0.000000
vn -0.074790 0.997199 0.000000
vn -0.074790 0.997199 0.000000
vn -0.074790 0.997199 0.000000
vn -0.074790 0.997199 0.000000
vn -0.903618 0.428339 0.000000
vn -0.903618 0.428339 0.000000
vn -0.903618 0.428339 0.000000
vn -0.903618 0.428339 0.000000
vn 0.894427 0.447214 -0.000000
vn 0.894427 0.447214 -0.000000
vn 0.894427 0.447214 -0.000000
vn 0.894427 0.447214 -0.000000
vn 0.000000 0.000000 1.000000
vn 0.000000 0.000000 1.000000
vn 0.000000 0.000000 1.000000
vn 0.000000 0.000000 1.000000
vn 0.000000 0.000000 1.000000
vn 0.000000 0.000000 1.000000
vn 0.000000 0.000000 1.000000
vn 0.000000 0.000000 1.000000
vn 0.000000 0.000000 1.000000
vn 0.000000 0.000000 1.000000
vn -0.000000 0.000000 -1.000000
vn -0.000000 0.000000 -1.000000
vn -0.000000 0.000000 -1.000000
vn -0.000000 0.000000 -1.000000
vn -0.000000 0.000000 -1.000000
vn -0.000000 0.000000 -1.000000
vn -0.000000 0.000000 -1.000000
vn -0.000000 0.000000 -1.000000
vn -0.000000 0.000000 -1.000000
vn -0.000000 0.000000 -1.000000
f 61/181/181 62/182/182 64/183/183
f 64/183/183 62/182/182 63/184/184
f 65/185/185 61/186/186 66/187/187
f 66/187/187 61/186/186 64/188/188
f 67/189/189 65/190/190 68/191/191
f 68/191/191 65/190/190 66/192/192
f 69/193/193 67/194/194 70/195/195
f 70/195/195 67/194/194 68/196/196
f 71/197/197 69/198/198 72/199/199
f 72/199/199 69/198/198 70/200/200
f 73/201/201 71/202/202 74/203/203
f 74/203/203 71/202/202 72/204/204
f 75/205/205 73/206/206 76/207/207
f 76/207/207 73/206/206 74/208/208
f 77/209/209 75/210/210 78/211/211
f 78/211/211 75/210/210 76/212/212
f 79/213/213 77/214/214 80/215/215
f 80/215/215 77/214/214 78/216/216
f 62/217/217 79/218/218 63/219/219
f 63/219/219 79/218/218 80/220/220
f 80/221/221 78/222/222 63/223/223
f 63/223/223 78/222/222 66/224/224
f 63/223/223 66/224/224 64/225/225
f 76/226/226 74/227/227 78/222/222
f 78/222/222 74/227/227 66/224/224
f 72/228/228 70/229/229 74/227/227
f 74/227/227 70/229/229 66/224/224
f 70/229/229 68/230/230 66/224/224
f 79/231/231 62/232/232 77/233/233
f 77/233/233 62/232/232 65/234/234
f 77/233/233 65/234/234 73/235/235
f 73/235/235 65/234/234 69/236/236
f 73/235/235 69/236/236 71/237/237
f 62/232/232 61/238/238 65/234/234
f 65/234/234 67/239/239 69/236/236
f 73/235/235 75/240/240 77/233/233
g Body2

v 0.313102 -0.284013 -1.102860
v 0.335304 -0.237176 -1.107392
v 0.357573 -0.190198 -1.109488
v 0.379859 -0.143184 -1.109145
v 0.379859 -0.143184 -0.927100
v 0.313102 -0.284013 -0.927100
v 0.166786 -0.294986 -1.131443
v 0.215958 -0.291298 -1.124057
v 0.264761 -0.287638 -1.114524
v 0.166786 -0.294986 -0.927100
v 0.279267 -0.395578 -1.077277
v 0.242398 -0.362607 -1.097614
v 0.204879 -0.329053 -1.115682
v 0.279267 -0.395578 -0.927100
v 0.249089 -0.546466 -1.017018
v 0.258951 -0.497154 -1.039605
v 0.269019 -0.446818 -1.059708
v 0.249089 -0.546466 -0.927100
v 0.380773 -0.472394 -1.013337
v 0.336949 -0.497045 -1.017059
v 0.293019 -0.521756 -1.018287
v 0.380773 -0.472394 -0.927100
v 0.450273 -0.284013 -1.054319
v 0.499640 -0.287762 -1.030801
v 0.547839 -0.291423 -1.004959
v 0.594760 -0.294986 -0.976853
v 0.594760 -0.294986 -0.927100
v 0.450273 -0.284013 -0.927100
v 0.557663 -0.331836 -0.986861
v 0.520241 -0.369009 -0.994072
v 0.482600 -0.406400 -0.998466
v 0.482600 -0.406400 -0.927100
v 0.491295 -0.447458 -0.976426
v 0.499789 -0.487563 -0.952623
v 0.508065 -0.526643 -0.927100
v 0.496008 -0.538014 -0.927100
v 0.458746 -0.516795 -0.957847
v 0.420308 -0.494907 -0.986613
v 0.403717 -0.190900 -1.093420
v 0.427207 -0.237880 -1.075130
v 0.504075 -0.530463 -0.927100
v 0.500056 -0.534254 -0.927100
v 0.512457 0.138419 -1.055095
v 0.469154 0.163078 -1.071586
v 0.425227 0.188092 -1.085726
v 0.380773 0.213406 -1.097482
v 0.380773 0.213406 -0.927100
v 0.512457 0.138419 -0.927100
v 0.482600 0.279400 -1.041168
v 0.492505 0.232631 -1.048007
v 0.502464 0.185604 -1.052653
v 0.482600 0.279400 -0.927100
v 0.594760 0.390814 -0.942615
v 0.558627 0.354921 -0.978245
v 0.521205 0.317748 -1.011127
v 0.594760 0.390814 -0.927100
v 0.450273 0.401787 -1.015292
v 0.499606 0.398041 -0.993456
v 0.547807 0.394380 -0.969211
v 0.450273 0.401787 -0.927100
v 0.379859 0.542616 -0.977892
v 0.403026 0.496281 -0.993112
v 0.426519 0.449295 -1.005591
v 0.379859 0.542616 -0.927100
v 0.313102 0.401787 -1.065613
v 0.335981 0.450052 -1.039023
v 0.358252 0.497035 -1.009757
v 0.313102 0.401787 -0.927100
v 0.337526 0.189080 -1.115940
v 0.293602 0.164372 -1.132156
v 0.249089 0.139334 -1.146097
v 0.249089 0.139334 -0.927100
v 0.259251 0.190144 -1.136500
v 0.269317 0.240474 -1.124561
v 0.279267 0.290222 -1.110306
v 0.279267 0.290222 -0.927100
v 0.241693 0.323824 -1.109829
v 0.204173 0.357378 -1.107064
v 0.166786 0.390814 -1.102018
v 0.166786 0.390814 -0.927100
v 0.216087 0.394511 -1.092092
v 0.264892 0.398172 -1.079948
v -0.462111 -0.546466 -0.939588
v -0.452350 -0.497659 -0.970934
v -0.442281 -0.447318 -0.999646
v -0.431933 -0.395578 -1.025645
v -0.431933 -0.395578 -0.927100
v -0.462111 -0.546466 -0.927100
v -0.330427 -0.472394 -1.030854
v -0.375656 -0.497835 -1.003015
v -0.419589 -0.522548 -0.972567
v -0.330427 -0.472394 -0.927100
v -0.198743 -0.547381 -1.027557
v -0.242573 -0.522422 -1.031131
v -0.286503 -0.497406 -1.032231
v -0.198743 -0.547381 -0.927100
v -0.228600 -0.406400 -1.085163
v -0.218470 -0.454231 -1.068149
v -0.208511 -0.501257 -1.048934
v -0.228600 -0.406400 -0.927100
v -0.116440 -0.294986 -1.137727
v -0.154401 -0.332695 -1.122707
v -0.191816 -0.369861 -1.105173
v -0.116440 -0.294986 -0.927100
v -0.260927 -0.284013 -1.116356
v -0.213083 -0.287646 -1.125545
v -0.164892 -0.291306 -1.132673
v -0.260927 -0.284013 -0.927100
v -0.469656 -0.361843 -1.021514
v -0.507180 -0.328285 -1.014887
v -0.544414 -0.294986 -1.005780
v -0.544414 -0.294986 -0.927100
v -0.496741 -0.291411 -1.031176
v -0.447934 -0.287750 -1.054302
v -0.398098 -0.284013 -1.075106
v -0.398098 -0.284013 -0.927100
v -0.376187 -0.237790 -1.094046
v -0.353919 -0.190812 -1.110554
v -0.331341 -0.143184 -1.124593
v -0.331341 -0.143184 -0.927100
v -0.307821 -0.190224 -1.124303
v -0.284332 -0.237202 -1.121556
v -0.260927 0.401787 -1.079575
v -0.213204 0.398163 -1.091333
v -0.165010 0.394503 -1.100971
v -0.116440 0.390814 -1.108469
v -0.116440 0.390814 -0.927100
v -0.260927 0.401787 -0.927100
v -0.331341 0.542616 -0.995378
v -0.308514 0.496961 -1.026083
v -0.285022 0.449978 -1.054172
v -0.331341 0.542616 -0.927100
v -0.398098 0.401787 -1.036862
v -0.375553 0.449348 -1.025692
v -0.353282 0.496332 -1.011852
v -0.398098 0.401787 -0.927100
v -0.544414 0.390814 -0.972561
v -0.496700 0.394392 -0.996364
v -0.447890 0.398053 -1.017814
v -0.544414 0.390814 -0.927100
v -0.431933 0.290222 -1.060284
v -0.470489 0.324702 -1.033541
v -0.508013 0.358260 -1.004276
v -0.431933 0.290222 -0.927100
v -0.462111 0.139334 -1.077978
v -0.452000 0.189887 -1.074540
v -0.441933 0.240222 -1.068637
v -0.462111 0.139334 -0.927100
v -0.153633 0.353868 -1.116321
v -0.191048 0.316703 -1.121694
v -0.228600 0.279400 -1.124578
v -0.228600 0.279400 -0.927100
v -0.218742 0.232851 -1.137071
v -0.208784 0.185830 -1.147551
v -0.198743 0.138419 -1.156001
v -0.198743 0.138419 -0.927100
v -0.243168 0.163717 -1.144143
v -0.287092 0.188729 -1.130025
v -0.330427 0.213406 -1.113676
v -0.330427 0.213406 -0.927100
v -0.374782 0.188456 -1.104092
v -0.418708 0.163748 -1.092185
v -0.000000 -0.000000 -1.181100
v -0.000000 0.000000 1.181100
v -1.022863 0.000000 -0.590550
v -1.022863 0.000000 0.590550
v -0.194403 0.000000 -1.164991
v -0.383503 0.000000 -1.117105
v -0.562141 0.000000 -1.038746
v -0.725447 0.000000 -0.932054
v -0.868964 0.000000 -0.799937
v -0.988777 0.000000 -0.646000
v -1.081620 0.000000 -0.474442
v -1.144959 0.000000 -0.289943
v -1.177066 0.000000 -0.097534
v -1.177066 0.000000 0.097534
v -1.144959 0.000000 0.289943
v -1.081620 0.000000 0.474442
v -0.988777 0.000000 0.646000
v -0.868964 0.000000 0.799937
v -0.725447 0.000000 0.932054
v -0.562141 0.000000 1.038746
v -0.383503 0.000000 1.117105
v -0.194403 0.000000 1.164991
v 0.337280 0.182527 -1.117105
v 0.336320 0.184291 -1.117105
v 0.106328 -0.162747 1.164991
v 0.209756 -0.321055 1.117105
v 0.307462 -0.470606 1.038746
v 0.396782 -0.607320 0.932054
v 0.475278 -0.727467 0.799937
v 0.540810 -0.827771 0.646000
v 0.591590 -0.905496 0.474442
v 0.626233 -0.958521 0.289943
v 0.643794 -0.985400 0.097534
v 0.643794 -0.985400 -0.097534
v 0.626233 -0.958521 -0.289943
v 0.591590 -0.905496 -0.474442
v 0.540810 -0.827771 -0.646000
v 0.475278 -0.727467 -0.799937
v 0.396782 -0.607320 -0.932054
v 0.588973 -0.638912 -0.799937
v 0.670145 -0.727039 -0.646000
v 0.733030 -0.795341 -0.474442
v 0.775915 -0.841954 -0.289943
v 0.797631 -0.865604 -0.097534
v 0.797588 -0.865643 0.097534
v 0.775791 -0.842069 0.289943
v 0.732835 -0.795522 0.474442
v 0.669895 -0.727270 0.646000
v 0.588690 -0.639173 0.799937
v 0.491437 -0.533632 0.932054
v 0.380789 -0.413525 1.038746
v 0.259767 -0.282126 1.117105
v 0.131672 -0.143020 1.164991
v 0.572479 -0.445579 -0.932054
v 0.685734 -0.533728 -0.799937
v 0.780284 -0.607320 -0.646000
v 0.853550 -0.664345 -0.474442
v 0.903533 -0.703248 -0.289943
v 0.928870 -0.722969 -0.097534
v 0.928870 -0.722969 0.097534
v 0.903533 -0.703248 0.289943
v 0.853550 -0.664345 0.474442
v 0.780284 -0.607320 0.646000
v 0.685734 -0.533728 0.799937
v 0.572479 -0.445579 0.932054
v 0.443609 -0.345274 1.038746
v 0.302637 -0.235552 1.117105
v 0.153411 -0.119405 1.164991
v 0.638011 -0.345274 -0.932054
v 0.764231 -0.413581 -0.799937
v 0.869604 -0.470606 -0.646000
v 0.951256 -0.514794 -0.474442
v 1.006961 -0.544940 -0.289943
v 1.035199 -0.560221 -0.097534
v 1.035199 -0.560221 0.097534
v 1.006961 -0.544940 0.289943
v 0.951256 -0.514794 0.474442
v 0.869604 -0.470606 0.646000
v 0.764231 -0.413581 0.799937
v 0.638011 -0.345274 0.932054
v 0.494389 -0.267550 1.038746
v 0.337280 -0.182527 1.117105
v 0.170972 -0.092525 1.164991
v 0.337280 -0.182527 -1.117105
v 0.170972 -0.092525 -1.164991
v 0.183869 -0.063122 -1.164991
v 0.362723 -0.124523 -1.117105
v 0.531683 -0.182527 -1.038746
v 0.686140 -0.235552 -0.932054
v 0.821881 -0.282152 -0.799937
v 0.935203 -0.321055 -0.646000
v 1.023015 -0.351201 -0.474442
v 1.082922 -0.371767 -0.289943
v 1.113289 -0.382193 -0.097534
v 1.113289 -0.382193 0.097534
v 1.082922 -0.371767 0.289943
v 1.023015 -0.351201 0.474442
v 0.935203 -0.321055 0.646000
v 0.821881 -0.282152 0.799937
v 0.686140 -0.235552 0.932054
v 0.531683 -0.182527 1.038746
v 0.362723 -0.124523 1.117105
v 0.183869 -0.063122 1.164991
v 0.494389 -0.267550 -1.038746
v 0.302637 -0.235552 -1.117105
v 0.153411 -0.119405 -1.164991
v 0.259724 -0.282166 -1.117105
v 0.131662 -0.143030 -1.164991
v 0.106328 -0.162747 -1.164991
v 0.186509 -0.335095 -1.117105
v 0.157162 -0.349821 -1.117105
v 0.232642 -0.511743 -1.038746
v 0.078880 -0.177681 -1.164991
v 0.078091 -0.178029 1.164991
v 0.154051 -0.351201 1.117105
v 0.225810 -0.514794 1.038746
v 0.291409 -0.664345 0.932054
v 0.349059 -0.795774 0.799937
v 0.397187 -0.905496 0.646000
v 0.434482 -0.990519 0.474442
v 0.459925 -1.048523 0.289943
v 0.472822 -1.077926 0.097534
v 0.472822 -1.077926 -0.097534
v 0.459925 -1.048523 -0.289943
v 0.434482 -0.990519 -0.474442
v 0.397187 -0.905496 -0.646000
v 0.349059 -0.795774 -0.799937
v 0.291409 -0.664345 -0.932054
v 0.225810 -0.514794 -1.038746
v 0.137998 -0.544940 -1.038746
v 0.154051 -0.351201 -1.117105
v 0.078091 -0.178029 -1.164991
v 0.396782 0.607320 -0.932054
v 0.291409 0.664345 -0.932054
v 0.475278 0.727467 -0.799937
v 0.540810 0.827771 -0.646000
v 0.591590 0.905496 -0.474442
v 0.626233 0.958521 -0.289943
v 0.643794 0.985400 -0.097534
v 0.643794 0.985400 0.097534
v 0.626233 0.958521 0.289943
v 0.591590 0.905496 0.474442
v 0.540810 0.827771 0.646000
v 0.475278 0.727467 0.799937
v 0.396782 0.607320 0.932054
v 0.307462 0.470606 1.038746
v 0.209756 0.321055 1.117105
v 0.106328 0.162747 1.164991
v 0.131665 0.143027 1.164991
v 0.259739 0.282152 1.117105
v 0.380728 0.413581 1.038746
v 0.491332 0.533728 0.932054
v 0.588533 0.639317 0.799937
v 0.669681 0.727467 0.646000
v 0.732561 0.795774 0.474442
v 0.775459 0.842373 0.289943
v 0.797205 0.865996 0.097534
v 0.797205 0.865996 -0.097534
v 0.775459 0.842373 -0.289943
v 0.732561 0.795774 -0.474442
v 0.669681 0.727467 -0.646000
v 0.588533 0.639317 -0.799937
v 0.491332 0.533728 -0.932054
v 0.307462 0.470606 -1.038746
v 0.225810 0.514794 -1.038746
v 0.349059 0.795774 -0.799937
v 0.397187 0.905496 -0.646000
v 0.434482 0.990519 -0.474442
v 0.459925 1.048523 -0.289943
v 0.472822 1.077926 -0.097534
v 0.472822 1.077926 0.097534
v 0.459925 1.048523 0.289943
v 0.434482 0.990519 0.474442
v 0.397187 0.905496 0.646000
v 0.349059 0.795774 0.799937
v 0.291409 0.664345 0.932054
v 0.225810 0.514794 1.038746
v 0.154051 0.351201 1.117105
v 0.078091 0.178029 1.164991
v 0.047723 0.188454 -1.164991
v 0.094144 0.371767 -1.117105
v 0.137998 0.544940 -1.038746
v 0.178087 0.703248 -0.932054
v 0.213318 0.842373 -0.799937
v 0.242730 0.958521 -0.646000
v 0.265522 1.048523 -0.474442
v 0.281071 1.109923 -0.289943
v 0.288953 1.141048 -0.097534
v 0.288953 1.141048 0.097534
v 0.281071 1.109923 0.289943
v 0.265522 1.048523 0.474442
v 0.242730 0.958521 0.646000
v 0.213318 0.842373 0.799937
v 0.178087 0.703248 0.932054
v 0.137998 0.544940 1.038746
v 0.094144 0.371767 1.117105
v 0.047723 0.188454 1.164991
v 0.154051 0.351201 -1.117105
v 0.078091 0.178029 -1.164991
v 0.209756 0.321055 -1.117105
v 0.106328 0.162747 -1.164991
v 0.259739 0.282152 -1.117105
v 0.131665 0.143027 -1.164991
v 0.153411 0.119405 -1.164991
v 0.170972 0.092525 -1.164991
v 0.183869 0.063122 -1.164991
v 0.362723 0.124523 -1.117105
v 0.191751 0.031998 1.164991
v 0.378272 0.063122 1.117105
v 0.554475 0.092525 1.038746
v 0.715552 0.119405 0.932054
v 0.857112 0.143027 0.799937
v 0.975292 0.162747 0.646000
v 1.066868 0.178029 0.474442
v 1.129343 0.188454 0.289943
v 1.161012 0.193739 0.097534
v 1.161012 0.193739 -0.097534
v 1.129343 0.188454 -0.289943
v 1.066868 0.178029 -0.474442
v 0.975292 0.162747 -0.646000
v 0.857112 0.143027 -0.799937
v 0.715552 0.119405 -0.932054
v 0.554475 0.092525 -1.038746
v 0.378272 0.063122 -1.117105
v 0.191751 0.031998 -1.164991
v 0.190517 0.038674 -1.164991
v 0.372944 0.089372 -1.117105
v 0.531683 0.182527 -1.038746
v 0.686140 0.235552 -0.932054
v 0.821881 0.282152 -0.799937
v 0.935203 0.321055 -0.646000
v 1.023015 0.351201 -0.474442
v 1.082922 0.371767 -0.289943
v 1.113289 0.382193 -0.097534
v 1.113289 0.382193 0.097534
v 1.082922 0.371767 0.289943
v 1.023015 0.351201 0.474442
v 0.935203 0.321055 0.646000
v 0.821881 0.282152 0.799937
v 0.686140 0.235552 0.932054
v 0.531683 0.182527 1.038746
v 0.362723 0.124523 1.117105
v 0.183869 0.063122 1.164991
v 0.494389 0.267550 -1.038746
v 0.638011 0.345274 -0.932054
v 0.764231 0.413581 -0.799937
v 0.869604 0.470606 -0.646000
v 0.951256 0.514794 -0.474442
v 1.006961 0.544940 -0.289943
v 1.035199 0.560221 -0.097534
v 1.035199 0.560221 0.097534
v 1.006961 0.544940 0.289943
v 0.951256 0.514794 0.474442
v 0.869604 0.470606 0.646000
v 0.764231 0.413581 0.799937
v 0.638011 0.345274 0.932054
v 0.494389 0.267550 1.038746
v 0.337280 0.182527 1.117105
v 0.170972 0.092525 1.164991
v 0.572479 0.445579 -0.932054
v 0.685734 0.533728 -0.799937
v 0.780284 0.607320 -0.646000
v 0.853550 0.664345 -0.474442
v 0.903533 0.703248 -0.289943
v 0.928870 0.722969 -0.097534
v 0.928870 0.722969 0.097534
v 0.903533 0.703248 0.289943
v 0.853550 0.664345 0.474442
v 0.780284 0.607320 0.646000
v 0.685734 0.533728 0.799937
v 0.572479 0.445579 0.932054
v 0.443609 0.345274 1.038746
v 0.302637 0.235552 1.117105
v 0.153411 0.119405 1.164991
v -0.078091 -0.178029 -1.164991
v -0.047723 -0.188454 -1.164991
v -0.094144 -0.371767 -1.117105
v -0.137998 -0.544940 -1.038746
v -0.178087 -0.703248 -0.932054
v -0.213318 -0.842373 -0.799937
v -0.242730 -0.958521 -0.646000
v -0.265522 -1.048523 -0.474442
v -0.281071 -1.109923 -0.289943
v -0.288953 -1.141048 -0.097534
v -0.288953 -1.141048 0.097534
v -0.281071 -1.109923 0.289943
v -0.265522 -1.048523 0.474442
v -0.242730 -0.958521 0.646000
v -0.213318 -0.842373 0.799937
v -0.178087 -0.703248 0.932054
v -0.137998 -0.544940 1.038746
v -0.094144 -0.371767 1.117105
v -0.047723 -0.188454 1.164991
v -0.078091 -0.178029 1.164991
v -0.154051 -0.351201 1.117105
v -0.225810 -0.514794 1.038746
v -0.291409 -0.664345 0.932054
v -0.349059 -0.795774 0.799937
v -0.397187 -0.905496 0.646000
v -0.434482 -0.990519 0.474442
v -0.459925 -1.048523 0.289943
v -0.472822 -1.077926 0.097534
v -0.472822 -1.077926 -0.097534
v -0.459925 -1.048523 -0.289943
v -0.434482 -0.990519 -0.474442
v -0.397187 -0.905496 -0.646000
v -0.349059 -0.795774 -0.799937
v -0.291409 -0.664345 -0.932054
v -0.154051 -0.351201 -1.117105
v -0.106328 -0.162747 -1.164991
v -0.259458 -0.282411 -1.117105
v -0.131594 -0.143092 -1.164991
v -0.153411 -0.119405 -1.164991
v -0.170972 -0.092525 -1.164991
v -0.183869 -0.063122 1.164991
v -0.362723 -0.124523 1.117105
v -0.531683 -0.182527 1.038746
v -0.686140 -0.235552 0.932054
v -0.821881 -0.282152 0.799937
v -0.935203 -0.321055 0.646000
v -1.023015 -0.351201 0.474442
v -1.082922 -0.371767 0.289943
v -1.113289 -0.382193 0.097534
v -1.113289 -0.382193 -0.097534
v -1.082922 -0.371767 -0.289943
v -1.023015 -0.351201 -0.474442
v -0.935203 -0.321055 -0.646000
v -0.821881 -0.282152 -0.799937
v -0.686140 -0.235552 -0.932054
v -0.531683 -0.182527 -1.038746
v -0.362723 -0.124523 -1.117105
v -0.183869 -0.063122 -1.164991
v -0.181120 -0.070624 -1.164991
v -0.494403 -0.267524 -1.038746
v -0.637840 -0.345591 -0.932054
v -0.764039 -0.413934 -0.799937
v -0.869401 -0.470980 -0.646000
v -0.951052 -0.515171 -0.474442
v -1.006763 -0.545306 -0.289943
v -1.035013 -0.560564 -0.097534
v -1.035032 -0.560529 0.097534
v -1.006817 -0.545206 0.289943
v -0.951137 -0.515014 0.474442
v -0.869510 -0.470778 0.646000
v -0.764162 -0.413707 0.799937
v -0.637966 -0.345359 0.932054
v -0.494362 -0.267599 1.038746
v -0.337268 -0.182549 1.117105
v -0.170969 -0.092531 1.164991
v -0.572479 -0.445579 -0.932054
v -0.685734 -0.533728 -0.799937
v -0.780284 -0.607320 -0.646000
v -0.853550 -0.664345 -0.474442
v -0.903533 -0.703248 -0.289943
v -0.928870 -0.722969 -0.097534
v -0.928870 -0.722969 0.097534
v -0.903533 -0.703248 0.289943
v -0.853550 -0.664345 0.474442
v -0.780284 -0.607320 0.646000
v -0.685734 -0.533728 0.799937
v -0.572479 -0.445579 0.932054
v -0.443609 -0.345274 1.038746
v -0.302637 -0.235552 1.117105
v -0.153411 -0.119405 1.164991
v -0.491332 -0.533728 -0.932054
v -0.588533 -0.639317 -0.799937
v -0.669681 -0.727467 -0.646000
v -0.732561 -0.795774 -0.474442
v -0.775459 -0.842373 -0.289943
v -0.797205 -0.865996 -0.097534
v -0.797205 -0.865996 0.097534
v -0.775459 -0.842373 0.289943
v -0.732561 -0.795774 0.474442
v -0.669681 -0.727467 0.646000
v -0.588533 -0.639317 0.799937
v -0.491332 -0.533728 0.932054
v -0.380728 -0.413581 1.038746
v -0.259739 -0.282152 1.117105
v -0.131665 -0.143027 1.164991
v -0.396782 -0.607320 -0.932054
v -0.475278 -0.727467 -0.799937
v -0.540810 -0.827771 -0.646000
v -0.591590 -0.905496 -0.474442
v -0.626233 -0.958521 -0.289943
v -0.643794 -0.985400 -0.097534
v -0.643794 -0.985400 0.097534
v -0.626233 -0.958521 0.289943
v -0.591590 -0.905496 0.474442
v -0.540810 -0.827771 0.646000
v -0.475278 -0.727467 0.799937
v -0.396782 -0.607320 0.932054
v -0.307462 -0.470606 1.038746
v -0.209756 -0.321055 1.117105
v -0.106328 -0.162747 1.164991
v -0.494389 0.267550 -1.038746
v -0.638011 0.345274 -0.932054
v -0.764231 0.413581 -0.799937
v -0.869604 0.470606 -0.646000
v -0.951256 0.514794 -0.474442
v -1.006961 0.544940 -0.289943
v -1.035199 0.560221 -0.097534
v -1.035199 0.560221 0.097534
v -1.006961 0.544940 0.289943
v -0.951256 0.514794 0.474442
v -0.869604 0.470606 0.646000
v -0.764231 0.413581 0.799937
v -0.638011 0.345274 0.932054
v -0.494389 0.267550 1.038746
v -0.337280 0.182527 1.117105
v -0.170972 0.092525 1.164991
v -0.153411 0.119405 1.164991
v -0.302637 0.235552 1.117105
v -0.443609 0.345274 1.038746
v -0.572479 0.445579 0.932054
v -0.685734 0.533728 0.799937
v -0.780284 0.607320 0.646000
v -0.853550 0.664345 0.474442
v -0.903533 0.703248 0.289943
v -0.928870 0.722969 0.097534
v -0.928870 0.722969 -0.097534
v -0.903533 0.703248 -0.289943
v -0.853550 0.664345 -0.474442
v -0.780284 0.607320 -0.646000
v -0.685734 0.533728 -0.799937
v -0.572479 0.445579 -0.932054
v -0.531683 0.182527 -1.038746
v -0.686140 0.235552 -0.932054
v -0.821881 0.282152 -0.799937
v -0.935203 0.321055 -0.646000
v -1.023015 0.351201 -0.474442
v -1.082922 0.371767 -0.289943
v -1.113289 0.382193 -0.097534
v -1.113289 0.382193 0.097534
v -1.082922 0.371767 0.289943
v -1.023015 0.351201 0.474442
v -0.935203 0.321055 0.646000
v -0.821881 0.282152 0.799937
v -0.686140 0.235552 0.932054
v -0.531683 0.182527 1.038746
v -0.362723 0.124523 1.117105
v -0.183869 0.063122 1.164991
v -0.191751 0.031998 -1.164991
v -0.378272 0.063122 -1.117105
v -0.554475 0.092525 -1.038746
v -0.715552 0.119405 -0.932054
v -0.857112 0.143027 -0.799937
v -0.975292 0.162747 -0.646000
v -1.066868 0.178029 -0.474442
v -1.129343 0.188454 -0.289943
v -1.161012 0.193739 -0.097534
v -1.161012 0.193739 0.097534
v -1.129343 0.188454 0.289943
v -1.066868 0.178029 0.474442
v -0.975292 0.162747 0.646000
v -0.857112 0.143027 0.799937
v -0.715552 0.119405 0.932054
v -0.554475 0.092525 1.038746
v -0.378272 0.063122 1.117105
v -0.191751 0.031998 1.164991
v -0.362723 0.124523 -1.117105
v -0.183869 0.063122 -1.164991
v -0.337280 0.182527 -1.117105
v -0.170972 0.092525 -1.164991
v -0.153411 0.119405 -1.164991
v -0.131665 0.143027 -1.164991
v -0.106328 0.162747 -1.164991
v -0.078091 0.178029 -1.164991
v -0.108559 0.367817 -1.117105
v -0.051386 0.187488 -1.164991
v -0.047723 0.188454 1.164991
v -0.094144 0.371767 1.117105
v -0.137998 0.544940 1.038746
v -0.178087 0.703248 0.932054
v -0.213318 0.842373 0.799937
v -0.242730 0.958521 0.646000
v -0.265522 1.048523 0.474442
v -0.281071 1.109923 0.289943
v -0.288953 1.141048 0.097534
v -0.288953 1.141048 -0.097534
v -0.281071 1.109923 -0.289943
v -0.265522 1.048523 -0.474442
v -0.242730 0.958521 -0.646000
v -0.213318 0.842373 -0.799937
v -0.178087 0.703248 -0.932054
v -0.137998 0.544940 -1.038746
v -0.094144 0.371767 -1.117105
v -0.047723 0.188454 -1.164991
v -0.225810 0.514794 -1.038746
v -0.291409 0.664345 -0.932054
v -0.349059 0.795774 -0.799937
v -0.397187 0.905496 -0.646000
v -0.434482 0.990519 -0.474442
v -0.459925 1.048523 -0.289943
v -0.472822 1.077926 -0.097534
v -0.472822 1.077926 0.097534
v -0.459925 1.048523 0.289943
v -0.434482 0.990519 0.474442
v -0.397187 0.905496 0.646000
v -0.349059 0.795774 0.799937
v -0.291409 0.664345 0.932054
v -0.225810 0.514794 1.038746
v -0.154051 0.351201 1.117105
v -0.078091 0.178029 1.164991
v -0.281723 0.486452 -1.038746
v -0.396782 0.607320 -0.932054
v -0.475278 0.727467 -0.799937
v -0.540810 0.827771 -0.646000
v -0.591590 0.905496 -0.474442
v -0.626233 0.958521 -0.289943
v -0.643794 0.985400 -0.097534
v -0.643794 0.985400 0.097534
v -0.626233 0.958521 0.289943
v -0.591590 0.905496 0.474442
v -0.540810 0.827771 0.646000
v -0.475278 0.727467 0.799937
v -0.396782 0.607320 0.932054
v -0.307462 0.470606 1.038746
v -0.209756 0.321055 1.117105
v -0.106328 0.162747 1.164991
v -0.491332 0.533728 -0.932054
v -0.588533 0.639317 -0.799937
v -0.669681 0.727467 -0.646000
v -0.732561 0.795774 -0.474442
v -0.775459 0.842373 -0.289943
v -0.797205 0.865996 -0.097534
v -0.797205 0.865996 0.097534
v -0.775459 0.842373 0.289943
v -0.732561 0.795774 0.474442
v -0.669681 0.727467 0.646000
v -0.588533 0.639317 0.799937
v -0.491332 0.533728 0.932054
v -0.380728 0.413581 1.038746
v -0.259739 0.282152 1.117105
v -0.131665 0.143027 1.164991
v -0.191751 -0.031998 -1.164991
v -0.378272 -0.063122 -1.117105
v -0.554475 -0.092525 -1.038746
v -0.715552 -0.119405 -0.932054
v -0.857112 -0.143027 -0.799937
v -0.975292 -0.162747 -0.646000
v -1.066868 -0.178029 -0.474442
v -1.129343 -0.188454 -0.289943
v -1.161012 -0.193739 -0.097534
v -1.161012 -0.193739 0.097534
v -1.129343 -0.188454 0.289943
v -1.066868 -0.178029 0.474442
v -0.975292 -0.162747 0.646000
v -0.857112 -0.143027 0.799937
v -0.715552 -0.119405 0.932054
v -0.554475 -0.092525 1.038746
v -0.378272 -0.063122 1.117105
v -0.191751 -0.031998 1.164991
v -0.016054 0.193739 1.164991
v -0.031669 0.382193 1.117105
v -0.046421 0.560221 1.038746
v -0.059907 0.722969 0.932054
v -0.071758 0.865996 0.799937
v -0.081653 0.985400 0.646000
v -0.089319 1.077926 0.474442
v -0.094550 1.141048 0.289943
v -0.097201 1.173046 0.097534
v -0.097201 1.173046 -0.097534
v -0.094550 1.141048 -0.289943
v -0.089319 1.077926 -0.474442
v -0.081653 0.985400 -0.646000
v -0.071758 0.865996 -0.799937
v -0.059907 0.722969 -0.932054
v -0.046421 0.560221 -1.038746
v -0.031669 0.382193 -1.117105
v -0.016054 0.193739 -1.164991
v 0.016054 0.193739 1.164991
v 0.031669 0.382193 1.117105
v 0.046421 0.560221 1.038746
v 0.059907 0.722969 0.932054
v 0.071758 0.865996 0.799937
v 0.081653 0.985400 0.646000
v 0.089319 1.077926 0.474442
v 0.094550 1.141048 0.289943
v 0.097201 1.173046 0.097534
v 0.097201 1.173046 -0.097534
v 0.094550 1.141048 -0.289943
v 0.089319 1.077926 -0.474442
v 0.081653 0.985400 -0.646000
v 0.071758 0.865996 -0.799937
v 0.059907 0.722969 -0.932054
v 0.046421 0.560221 -1.038746
v 0.031669 0.382193 -1.117105
v 0.016054 0.193739 -1.164991
v 0.194403 0.000000 1.164991
v 0.383503 0.000000 1.117105
v 0.562141 0.000000 1.038746
v 0.725447 0.000000 0.932054
v 0.868964 0.000000 0.799937
v 0.988777 0.000000 0.646000
v 1.081620 0.000000 0.474442
v 1.144959 0.000000 0.289943
v 1.177066 0.000000 0.097534
v 1.177066 0.000000 -0.097534
v 1.144959 0.000000 -0.289943
v 1.081620 0.000000 -0.474442
v 0.988777 0.000000 -0.646000
v 0.868964 0.000000 -0.799937
v 0.725447 0.000000 -0.932054
v 0.562141 0.000000 -1.038746
v 0.383503 0.000000 -1.117105
v 0.194403 0.000000 -1.164991
v 0.191751 -0.031998 1.164991
v 0.378272 -0.063122 1.117105
v 0.554475 -0.092525 1.038746
v 0.715552 -0.119405 0.932054
v 0.857112 -0.143027 0.799937
v 0.975292 -0.162747 0.646000
v 1.066868 -0.178029 0.474442
v 1.129343 -0.188454 0.289943
v 1.161012 -0.193739 0.097534
v 1.161012 -0.193739 -0.097534
v 1.129343 -0.188454 -0.289943
v 1.066868 -0.178029 -0.474442
v 0.975292 -0.162747 -0.646000
v 0.857112 -0.143027 -0.799937
v 0.715552 -0.119405 -0.932054
v 0.554475 -0.092525 -1.038746
v 0.378272 -0.063122 -1.117105
v 0.191751 -0.031998 -1.164991
v 0.047723 -0.188454 1.164991
v 0.094144 -0.371767 1.117105
v 0.137998 -0.544940 1.038746
v 0.178087 -0.703248 0.932054
v 0.213318 -0.842373 0.799937
v 0.242730 -0.958521 0.646000
v 0.265522 -1.048523 0.474442
v 0.281071 -1.109923 0.289943
v 0.288953 -1.141048 0.097534
v 0.288953 -1.141048 -0.097534
v 0.281071 -1.109923 -0.289943
v 0.265522 -1.048523 -0.474442
v 0.242730 -0.958521 -0.646000
v 0.213318 -0.842373 -0.799937
v 0.178087 -0.703248 -0.932054
v 0.094144 -0.371767 -1.117105
v 0.047723 -0.188454 -1.164991
v 0.016054 -0.193739 1.164991
v 0.031669 -0.382193 1.117105
v 0.046421 -0.560221 1.038746
v 0.059907 -0.722969 0.932054
v 0.071758 -0.865996 0.799937
v 0.081653 -0.985400 0.646000
v 0.089319 -1.077926 0.474442
v 0.094550 -1.141048 0.289943
v 0.097201 -1.173046 0.097534
v 0.097201 -1.173046 -0.097534
v 0.094550 -1.141048 -0.289943
v 0.089319 -1.077926 -0.474442
v 0.081653 -0.985400 -0.646000
v 0.071758 -0.865996 -0.799937
v 0.059907 -0.722969 -0.932054
v 0.046421 -0.560221 -1.038746
v 0.031669 -0.382193 -1.117105
v 0.016054 -0.193739 -1.164991
v -0.016054 -0.193739 1.164991
v -0.031669 -0.382193 1.117105
v -0.046421 -0.560221 1.038746
v -0.059907 -0.722969 0.932054
v -0.071758 -0.865996 0.799937
v -0.081653 -0.985400 0.646000
v -0.089319 -1.077926 0.474442
v -0.094550 -1.141048 0.289943
v -0.097201 -1.173046 0.097534
v -0.097201 -1.173046 -0.097534
v -0.094550 -1.141048 -0.289943
v -0.089319 -1.077926 -0.474442
v -0.081653 -0.985400 -0.646000
v -0.071758 -0.865996 -0.799937
v -0.059907 -0.722969 -0.932054
v -0.046421 -0.560221 -1.038746
v -0.031669 -0.382193 -1.117105
v -0.016054 -0.193739 -1.164991
vt -0.155850 0.078240 0.000000
vt -0.104017 0.073708 0.000000
vt -0.155850 0.254000 0.000000
vt -0.000000 0.254000 0.000000
vt -0.052029 0.071612 0.000000
vt -0.000000 0.071955 0.000000
vt -0.146727 0.049657 0.000000
vt -0.097417 0.057043 0.000000
vt -0.146727 0.254000 0.000000
vt -0.048477 0.066576 0.000000
vt -0.000000 0.254000 0.000000
vt -0.000000 0.078240 0.000000
vt -0.150899 0.103823 0.000000
vt -0.101438 0.083486 0.000000
vt -0.150899 0.254000 0.000000
vt -0.000000 0.254000 0.000000
vt -0.051104 0.065418 0.000000
vt -0.000000 0.049657 0.000000
vt -0.153876 0.164082 0.000000
vt -0.103587 0.141495 0.000000
vt -0.153876 0.254000 0.000000
vt -0.000000 0.254000 0.000000
vt -0.052254 0.121392 0.000000
vt -0.000000 0.103823 0.000000
vt -0.151087 0.167763 0.000000
vt -0.100806 0.164041 0.000000
vt -0.151087 0.254000 0.000000
vt -0.000000 0.254000 0.000000
vt -0.050403 0.162813 0.000000
vt -0.000000 0.164082 0.000000
vt -0.144903 0.126781 0.000000
vt -0.095394 0.150299 0.000000
vt -0.144903 0.254000 0.000000
vt -0.047056 0.176141 0.000000
vt -0.000000 0.204247 0.000000
vt -0.000000 0.254000 0.000000
vt -0.158091 0.204247 0.000000
vt -0.105803 0.194239 0.000000
vt -0.158091 0.254000 0.000000
vt -0.000000 0.254000 0.000000
vt -0.053056 0.187028 0.000000
vt -0.000000 0.182634 0.000000
vt -0.144108 0.182634 0.000000
vt -0.102139 0.204674 0.000000
vt -0.144108 0.254000 0.000000
vt -0.061145 0.228477 0.000000
vt -0.021198 0.254000 0.000000
vt -0.132608 0.254000 0.000000
vt -0.089729 0.223253 0.000000
vt -0.000000 0.254000 0.000000
vt -0.045496 0.194487 0.000000
vt -0.000000 0.167763 0.000000
vt -0.157451 0.071955 0.000000
vt -0.104103 0.087680 0.000000
vt -0.157451 0.254000 0.000000
vt -0.051578 0.105970 0.000000
vt -0.000000 0.254000 0.000000
vt -0.000000 0.126781 0.000000
vt -0.101827 -0.061118 0.000000
vt -0.127292 -0.181360 0.000000
vt 0.000000 -0.127112 0.000000
vt -0.123302 -0.185181 0.000000
vt -0.119282 -0.188972 0.000000
vt -0.115235 -0.192732 0.000000
vt 0.131684 -0.201184 0.000000
vt 0.101507 -0.050296 0.000000
vt 0.213987 0.050296 0.000000
vt 0.067671 0.061270 0.000000
vt 0.000914 0.202099 0.000000
vt -0.069500 0.061270 0.000000
vt -0.213987 0.050296 0.000000
vt -0.151538 0.126005 0.000000
vt -0.101706 0.109514 0.000000
vt -0.151538 0.254000 0.000000
vt -0.000000 0.254000 0.000000
vt -0.051156 0.095374 0.000000
vt -0.000000 0.083618 0.000000
vt -0.144108 0.139932 0.000000
vt -0.096301 0.133093 0.000000
vt -0.144108 0.254000 0.000000
vt 0.000000 0.254000 0.000000
vt -0.048232 0.128447 0.000000
vt -0.000000 0.126005 0.000000
vt -0.158091 0.238485 0.000000
vt -0.107161 0.202855 0.000000
vt -0.158091 0.254000 0.000000
vt -0.000000 0.254000 0.000000
vt -0.054415 0.169973 0.000000
vt -0.000000 0.139932 0.000000
vt -0.144903 0.165808 0.000000
vt -0.095428 0.187644 0.000000
vt -0.144903 0.254000 0.000000
vt -0.047088 0.211889 0.000000
vt -0.000000 0.254000 0.000000
vt -0.000000 0.238485 0.000000
vt -0.157451 0.203208 0.000000
vt -0.105647 0.187988 0.000000
vt -0.157451 0.254000 0.000000
vt -0.000000 0.254000 0.000000
vt -0.053115 0.175509 0.000000
vt -0.000000 0.165808 0.000000
vt -0.155850 0.115487 0.000000
vt -0.102438 0.142077 0.000000
vt -0.155850 0.254000 0.000000
vt -0.050443 0.171343 0.000000
vt -0.000000 0.203208 0.000000
vt -0.000000 0.254000 0.000000
vt -0.151087 0.083618 0.000000
vt -0.101469 0.065160 0.000000
vt -0.151087 0.254000 0.000000
vt -0.000000 0.254000 0.000000
vt -0.051072 0.048944 0.000000
vt -0.000000 0.035003 0.000000
vt -0.153876 0.035003 0.000000
vt -0.102060 0.044600 0.000000
vt -0.153876 0.254000 0.000000
vt -0.050733 0.056539 0.000000
vt -0.000000 0.254000 0.000000
vt -0.000000 0.070794 0.000000
vt -0.150899 0.070794 0.000000
vt -0.100491 0.071271 0.000000
vt -0.150899 0.254000 0.000000
vt -0.050157 0.074036 0.000000
vt -0.000000 0.254000 0.000000
vt -0.000000 0.079082 0.000000
vt -0.146727 0.079082 0.000000
vt -0.097287 0.089008 0.000000
vt -0.146727 0.254000 0.000000
vt -0.048345 0.101152 0.000000
vt -0.000000 0.254000 0.000000
vt -0.000000 0.115487 0.000000
vt 0.213987 0.050296 0.000000
vt 0.067671 0.061270 0.000000
vt 0.101507 -0.050296 0.000000
vt -0.101827 -0.061118 0.000000
vt 0.000000 -0.127112 0.000000
vt -0.131684 -0.202099 0.000000
vt 0.000914 0.202099 0.000000
vt -0.069500 0.061270 0.000000
vt -0.213987 0.050296 0.000000
vt 0.131684 -0.201184 0.000000
vt -0.153876 0.241512 0.000000
vt -0.104102 0.210166 0.000000
vt -0.153876 0.254000 0.000000
vt -0.000000 0.254000 0.000000
vt -0.052764 0.181454 0.000000
vt -0.000000 0.155455 0.000000
vt -0.151087 0.150246 0.000000
vt -0.099194 0.178085 0.000000
vt -0.151087 0.254000 0.000000
vt -0.048788 0.208533 0.000000
vt -0.000000 0.254000 0.000000
vt -0.000000 0.241512 0.000000
vt -0.151538 0.153543 0.000000
vt -0.101099 0.149969 0.000000
vt -0.151538 0.254000 0.000000
vt -0.000000 0.254000 0.000000
vt -0.050546 0.148869 0.000000
vt -0.000000 0.150246 0.000000
vt -0.144108 0.095937 0.000000
vt -0.095216 0.112951 0.000000
vt -0.144108 0.254000 0.000000
vt -0.047147 0.132166 0.000000
vt -0.000000 0.254000 0.000000
vt -0.000000 0.153543 0.000000
vt -0.158091 0.043373 0.000000
vt -0.104584 0.058393 0.000000
vt -0.158091 0.254000 0.000000
vt -0.051848 0.075927 0.000000
vt -0.000000 0.254000 0.000000
vt -0.000000 0.095937 0.000000
vt -0.144903 0.064744 0.000000
vt -0.096922 0.055555 0.000000
vt -0.144903 0.254000 0.000000
vt -0.000000 0.254000 0.000000
vt -0.048591 0.048427 0.000000
vt -0.000000 0.043373 0.000000
vt -0.150899 0.155455 0.000000
vt -0.100292 0.159586 0.000000
vt -0.150899 0.254000 0.000000
vt -0.049952 0.166213 0.000000
vt -0.000000 0.254000 0.000000
vt -0.000000 0.175320 0.000000
vt -0.146727 0.175320 0.000000
vt -0.098921 0.149924 0.000000
vt -0.146727 0.254000 0.000000
vt -0.000000 0.254000 0.000000
vt -0.049976 0.126798 0.000000
vt -0.000000 0.105994 0.000000
vt -0.155850 0.105994 0.000000
vt -0.104697 0.087054 0.000000
vt -0.155850 0.254000 0.000000
vt -0.000000 0.254000 0.000000
vt -0.052709 0.070546 0.000000
vt -0.000000 0.056507 0.000000
vt -0.157451 0.056507 0.000000
vt -0.104858 0.056797 0.000000
vt -0.157451 0.254000 0.000000
vt -0.052336 0.059544 0.000000
vt -0.000000 0.254000 0.000000
vt -0.000000 0.064744 0.000000
vt 0.000914 0.202099 0.000000
vt -0.069500 0.061270 0.000000
vt 0.067671 0.061270 0.000000
vt -0.101827 -0.061118 0.000000
vt 0.101507 -0.050296 0.000000
vt 0.000000 -0.127112 0.000000
vt 0.131684 -0.201184 0.000000
vt -0.213987 0.050296 0.000000
vt -0.131684 -0.202099 0.000000
vt 0.213987 0.050296 0.000000
vt -0.144903 0.101525 0.000000
vt -0.097042 0.089767 0.000000
vt -0.144903 0.254000 0.000000
vt -0.000000 0.254000 0.000000
vt -0.048710 0.080129 0.000000
vt -0.000000 0.072631 0.000000
vt -0.157451 0.185722 0.000000
vt -0.106408 0.155017 0.000000
vt -0.157451 0.254000 0.000000
vt -0.000000 0.254000 0.000000
vt -0.053879 0.126928 0.000000
vt -0.000000 0.101525 0.000000
vt -0.155850 0.144238 0.000000
vt -0.103217 0.155408 0.000000
vt -0.155850 0.254000 0.000000
vt -0.051222 0.169248 0.000000
vt -0.000000 0.254000 0.000000
vt -0.000000 0.185722 0.000000
vt -0.146727 0.208539 0.000000
vt -0.098879 0.184736 0.000000
vt -0.146727 0.254000 0.000000
vt -0.000000 0.254000 0.000000
vt -0.049932 0.163286 0.000000
vt -0.000000 0.144238 0.000000
vt -0.150899 0.120816 0.000000
vt -0.099175 0.147559 0.000000
vt -0.150899 0.254000 0.000000
vt -0.048834 0.176824 0.000000
vt -0.000000 0.254000 0.000000
vt -0.000000 0.208539 0.000000
vt -0.153876 0.103122 0.000000
vt -0.102321 0.106560 0.000000
vt -0.153876 0.254000 0.000000
vt -0.050990 0.112463 0.000000
vt -0.000000 0.254000 0.000000
vt -0.000000 0.120816 0.000000
vt -0.158091 0.072631 0.000000
vt -0.105667 0.064779 0.000000
vt -0.158091 0.254000 0.000000
vt -0.000000 0.254000 0.000000
vt -0.052931 0.059406 0.000000
vt -0.000000 0.056522 0.000000
vt -0.144108 0.056522 0.000000
vt -0.096527 0.044029 0.000000
vt -0.144108 0.254000 0.000000
vt -0.000000 0.254000 0.000000
vt -0.048463 0.033549 0.000000
vt -0.000000 0.025099 0.000000
vt -0.151538 0.025099 0.000000
vt -0.100415 0.036957 0.000000
vt -0.151538 0.254000 0.000000
vt -0.049869 0.051075 0.000000
vt -0.000000 0.254000 0.000000
vt -0.000000 0.067424 0.000000
vt -0.151087 0.067424 0.000000
vt -0.100196 0.077008 0.000000
vt -0.151087 0.254000 0.000000
vt -0.049799 0.088915 0.000000
vt -0.000000 0.254000 0.000000
vt -0.000000 0.103122 0.000000
vt 0.131684 -0.201184 0.000000
vt 0.101507 -0.050296 0.000000
vt 0.000000 -0.127112 0.000000
vt -0.101827 -0.061118 0.000000
vt -0.131684 -0.202099 0.000000
vt 0.213987 0.050296 0.000000
vt 0.067671 0.061270 0.000000
vt 0.000914 0.202099 0.000000
vt -0.069500 0.061270 0.000000
vt -0.213987 0.050296 0.000000
vt 1.225334 -1.151636 0.000000
vt 1.218053 -1.053987 0.000000
vt 1.074102 -1.171748 0.000000
vt 1.167801 -1.023693 0.000000
vt 1.117112 -0.997832 0.000000
vt 1.066072 -0.975588 0.000000
vt 0.878811 -1.171748 0.000000
vt 1.074102 -1.367039 0.000000
vt 0.878811 -1.367039 0.000000
vt 1.074102 -1.562331 0.000000
vt 0.878811 -1.562331 0.000000
vt 1.074102 -1.757622 0.000000
vt 0.878811 -1.757622 0.000000
vt 1.074102 -1.952913 0.000000
vt 0.878811 -1.952913 0.000000
vt 1.074102 -2.148205 0.000000
vt 0.878811 -2.148205 0.000000
vt 1.074102 -2.343496 0.000000
vt 0.878811 -2.343496 0.000000
vt 1.074102 -2.538787 0.000000
vt 0.878811 -2.538787 0.000000
vt 1.074102 -2.734078 0.000000
vt 0.878811 -2.734078 0.000000
vt 1.074102 -2.929370 0.000000
vt 0.878811 -2.929370 0.000000
vt 1.074102 -3.124076 0.000000
vt 0.878811 -3.124115 0.000000
vt 1.074102 -3.319952 0.000000
vt 0.878811 -3.319952 0.000000
vt 1.074102 -3.515244 0.000000
vt 0.878811 -3.515244 0.000000
vt 1.074102 -3.710535 0.000000
vt 0.878811 -3.710535 0.000000
vt 1.074102 3.710535 0.000000
vt 0.878811 3.710535 0.000000
vt 1.074102 3.515244 0.000000
vt 0.878811 3.515244 0.000000
vt 1.074102 3.319952 0.000000
vt 0.878811 3.319952 0.000000
vt 1.074102 3.124661 0.000000
vt 0.878811 3.124661 0.000000
vt 1.074102 2.929370 0.000000
vt 0.878811 2.929370 0.000000
vt 1.074102 2.734078 0.000000
vt 0.878811 2.734078 0.000000
vt 1.074102 2.538787 0.000000
vt 0.878811 2.538787 0.000000
vt 1.074102 2.343496 0.000000
vt 0.878811 2.343496 0.000000
vt 1.074102 2.148205 0.000000
vt 0.878811 2.148205 0.000000
vt 1.074102 1.952913 0.000000
vt 0.878811 1.952913 0.000000
vt 1.074102 1.757622 0.000000
vt 0.878811 1.757622 0.000000
vt 1.074102 1.562331 0.000000
vt 0.878811 1.562331 0.000000
vt 1.074102 1.367039 0.000000
vt 0.878811 1.367039 0.000000
vt 1.074102 1.171748 0.000000
vt 0.878811 1.171748 0.000000
vt 1.074102 0.976457 0.000000
vt 0.878811 0.976457 0.000000
vt 1.074102 0.781165 0.000000
vt 0.878811 0.781165 0.000000
vt 1.074102 0.585874 0.000000
vt 0.878811 0.585874 0.000000
vt 1.074102 0.390583 0.000000
vt 0.878811 0.390583 0.000000
vt 1.074102 0.195291 0.000000
vt 0.878811 0.195291 0.000000
vt 1.074102 0.000000 0.000000
vt 0.878811 0.000000 0.000000
vt 1.074102 -0.195291 0.000000
vt 0.878811 -0.195291 0.000000
vt 1.074102 -0.390583 0.000000
vt 0.878811 -0.390583 0.000000
vt 1.074102 -0.585874 0.000000
vt 0.878811 -0.585874 0.000000
vt 1.074102 -0.781165 0.000000
vt 0.878811 -0.781165 0.000000
vt 1.066072 -0.948837 0.000000
vt 0.878811 -0.975644 0.000000
vt 1.066072 -0.957754 0.000000
vt 1.066072 -0.966671 0.000000
vt 1.108229 -0.913010 0.000000
vt 1.149485 -0.872520 0.000000
vt 1.189670 -0.826643 0.000000
vt 1.181489 -0.728671 0.000000
vt 1.168251 -0.633979 0.000000
vt 1.150244 -0.543805 0.000000
vt 1.269394 -0.390583 0.000000
vt 1.269394 -0.195291 0.000000
vt 1.269394 0.000000 0.000000
vt 1.269394 0.195291 0.000000
vt 1.269394 0.390583 0.000000
vt 1.269394 0.585874 0.000000
vt 1.213763 0.646627 0.000000
vt 1.274501 0.619836 0.000000
vt 1.289158 0.521193 0.000000
vt 1.299315 0.417922 0.000000
vt 1.304724 0.311589 0.000000
vt 1.464685 0.195291 0.000000
vt 1.464685 0.000000 0.000000
vt 1.659976 0.000000 0.000000
vt 1.659976 -0.195291 0.000000
vt 1.855268 -0.195291 0.000000
vt 1.201927 -0.577416 0.000000
vt 1.269394 -0.585874 0.000000
vt 1.397302 -0.521690 0.000000
vt 1.351127 -0.600080 0.000000
vt 1.303000 -0.664638 0.000000
vt 1.252911 -0.617171 0.000000
vt 1.440869 -0.425751 0.000000
vt 1.464685 -0.390583 0.000000
vt 1.464685 -0.195291 0.000000
vt 1.464685 -0.585874 0.000000
vt 1.441868 -0.577384 0.000000
vt 1.435797 -0.727131 0.000000
vt 1.464685 -0.781165 0.000000
vt 1.422954 -0.870140 0.000000
vt 1.464685 -0.976519 0.000000
vt 1.456812 -0.976520 0.000000
vt 1.486695 -1.101783 0.000000
vt 1.511565 -1.247482 0.000000
vt 1.659976 -1.171748 0.000000
vt 1.659976 -0.976488 0.000000
vt 1.460326 -1.197519 0.000000
vt 1.464685 -1.255404 0.000000
vt 1.464685 -1.356558 0.000000
vt 1.659976 -1.361799 0.000000
vt 1.464685 -1.367039 0.000000
vt 1.659976 -1.367039 0.000000
vt 1.659976 -1.562331 0.000000
vt 1.855268 -1.562331 0.000000
vt 1.315078 -1.215176 0.000000
vt 1.408525 -1.159290 0.000000
vt 1.356338 -1.129220 0.000000
vt 1.271201 -1.288101 0.000000
vt 1.269394 -1.351318 0.000000
vt 1.225255 -1.350133 0.000000
vt 1.269394 -1.367039 0.000000
vt 1.269394 -1.562331 0.000000
vt 1.464685 -1.562331 0.000000
vt 1.464685 -1.757622 0.000000
vt 1.659976 -1.757622 0.000000
vt 1.659976 -1.952913 0.000000
vt 1.855268 -1.952913 0.000000
vt 1.227754 -1.250891 0.000000
vt 1.269394 -1.757622 0.000000
vt 1.464685 -1.952913 0.000000
vt 1.659976 -2.148205 0.000000
vt 1.855268 -2.148205 0.000000
vt 1.211117 1.117629 0.000000
vt 1.269394 1.171748 0.000000
vt 1.152095 1.133899 0.000000
vt 1.269974 1.097850 0.000000
vt 1.362895 1.161919 0.000000
vt 1.393802 1.263416 0.000000
vt 1.328610 1.073410 0.000000
vt 1.269394 1.367039 0.000000
vt 1.420607 1.378852 0.000000
vt 1.269394 1.562331 0.000000
vt 1.464685 1.562331 0.000000
vt 1.269394 1.757622 0.000000
vt 1.464685 1.757622 0.000000
vt 1.269394 1.952913 0.000000
vt 1.464685 1.952913 0.000000
vt 1.269394 2.148205 0.000000
vt 1.464685 2.148205 0.000000
vt 1.438906 2.197277 0.000000
vt 1.464685 2.194239 0.000000
vt 1.462277 2.339045 0.000000
vt 1.659976 2.343496 0.000000
vt 1.479075 2.496367 0.000000
vt 1.659976 2.538787 0.000000
vt 1.488395 2.665183 0.000000
vt 1.659976 2.734078 0.000000
vt 1.531757 2.746011 0.000000
vt 1.573085 2.851525 0.000000
vt 1.659976 2.929370 0.000000
vt 1.611342 2.992007 0.000000
vt 1.659976 3.124661 0.000000
vt 1.559026 3.010665 0.000000
vt 1.464685 3.124661 0.000000
vt 1.506658 3.023670 0.000000
vt 1.454258 3.033231 0.000000
vt 1.426409 3.160239 0.000000
vt 1.464685 3.319952 0.000000
vt 1.394046 3.270230 0.000000
vt 1.358051 3.364654 0.000000
vt 1.464685 3.515244 0.000000
vt 1.269394 3.515244 0.000000
vt 1.269394 3.710535 0.000000
vt 1.269394 -3.710535 0.000000
vt 1.464685 1.367039 0.000000
vt 1.434856 1.242211 0.000000
vt 1.464685 1.171748 0.000000
vt 1.442862 1.097978 0.000000
vt 1.464685 0.976457 0.000000
vt 1.444259 0.950351 0.000000
vt 1.488340 0.860881 0.000000
vt 1.529653 0.747417 0.000000
vt 1.659976 0.781165 0.000000
vt 1.659976 0.976457 0.000000
vt 1.567004 0.602373 0.000000
vt 1.659976 0.585874 0.000000
vt 1.855268 0.585874 0.000000
vt 1.514059 0.602800 0.000000
vt 1.464685 0.390583 0.000000
vt 1.659976 0.390583 0.000000
vt 1.855268 0.390583 0.000000
vt 1.461113 0.603110 0.000000
vt 1.464685 0.592058 0.000000
vt 1.464685 0.585874 0.000000
vt 1.377364 0.491880 0.000000
vt 1.342634 0.395119 0.000000
vt 1.408168 0.603346 0.000000
vt 1.464685 0.277799 0.000000
vt 1.152726 0.668508 0.000000
vt 1.091461 0.686629 0.000000
vt 1.136761 0.736975 0.000000
vt 1.180350 0.794563 0.000000
vt 1.221868 0.860497 0.000000
vt 1.203130 0.958342 0.000000
vt 1.179715 1.049674 0.000000
vt 1.515879 -2.463624 0.000000
vt 1.659976 -2.343496 0.000000
vt 1.534192 -2.299309 0.000000
vt 1.464685 -2.148205 0.000000
vt 1.269394 -1.952913 0.000000
vt 1.659976 -2.538787 0.000000
vt 1.491574 -2.608309 0.000000
vt 1.659976 -2.733490 0.000000
vt 1.464685 -2.732902 0.000000
vt 1.478634 -2.889348 0.000000
vt 1.462386 -2.732895 0.000000
vt 1.659976 -2.929370 0.000000
vt 1.487498 -3.056762 0.000000
vt 1.659976 -3.124661 0.000000
vt 1.488443 -3.228768 0.000000
vt 1.659976 -3.271407 0.000000
vt 1.464685 -3.319952 0.000000
vt 1.659976 -3.319952 0.000000
vt 1.659976 -3.515244 0.000000
vt 1.855268 -3.515244 0.000000
vt 1.444987 -3.126518 0.000000
vt 1.269394 -3.319952 0.000000
vt 1.464685 -3.515244 0.000000
vt 1.269394 -3.515244 0.000000
vt 1.464685 -3.710535 0.000000
vt 1.464685 3.710535 0.000000
vt 1.269394 -3.124723 0.000000
vt 1.398960 -3.044757 0.000000
vt 1.302962 -3.036115 0.000000
vt 1.351068 -2.978633 0.000000
vt 1.253681 -3.083912 0.000000
vt 1.203492 -3.124050 0.000000
vt 1.221075 -3.032043 0.000000
vt 1.234153 -2.935194 0.000000
vt 1.242434 -2.834757 0.000000
vt 1.191882 -2.776215 0.000000
vt 1.139782 -2.726613 0.000000
vt 1.086451 -2.684346 0.000000
vt 1.142655 -2.654338 0.000000
vt 1.198236 -2.618760 0.000000
vt 1.253019 -2.576178 0.000000
vt 1.255847 -2.472488 0.000000
vt 1.253588 -2.368694 0.000000
vt 1.246299 -2.266620 0.000000
vt 1.291170 -2.320861 0.000000
vt 1.269394 -2.148205 0.000000
vt 1.334521 -2.384762 0.000000
vt 1.464685 -2.343496 0.000000
vt 1.375936 -2.460451 0.000000
vt 1.429462 -2.420341 0.000000
vt 1.482323 -2.368469 0.000000
vt 1.258548 2.997061 0.000000
vt 1.316385 3.011766 0.000000
vt 1.269394 3.124661 0.000000
vt 1.335666 3.122473 0.000000
vt 1.349703 3.240792 0.000000
vt 1.269394 3.319952 0.000000
vt 1.417705 2.323172 0.000000
vt 1.269394 2.343496 0.000000
vt 1.183913 2.502751 0.000000
vt 1.215167 2.585886 0.000000
vt 1.242527 2.677522 0.000000
vt 1.265446 2.777454 0.000000
vt 1.391814 2.435918 0.000000
vt 1.269394 2.475272 0.000000
vt 1.243316 2.511456 0.000000
vt 1.302675 2.522148 0.000000
vt 1.361972 2.535539 0.000000
vt 1.226822 2.852403 0.000000
vt 1.185746 2.917914 0.000000
vt 1.142646 2.975166 0.000000
vt 1.200628 2.985080 0.000000
vt 0.618423 3.710535 0.000000
vt 0.488228 3.710535 0.000000
vt 0.488228 3.515244 0.000000
vt 0.292937 3.710535 0.000000
vt 0.292937 3.515244 0.000000
vt 0.097646 3.710535 0.000000
vt 0.097646 3.515244 0.000000
vt -0.097646 3.710535 0.000000
vt -0.097646 3.515244 0.000000
vt -0.292937 3.710535 0.000000
vt -0.292937 3.515244 0.000000
vt -0.488228 3.710535 0.000000
vt -0.488228 3.515244 0.000000
vt -0.618423 3.710535 0.000000
vt -0.683520 3.515244 0.000000
vt -0.683520 3.710535 0.000000
vt -0.878811 3.710535 0.000000
vt -0.878811 -3.710535 0.000000
vt -0.683520 -3.710535 0.000000
vt -0.878811 -3.515244 0.000000
vt -1.074102 -3.515244 0.000000
vt -1.074102 -3.319952 0.000000
vt -1.269394 -3.319952 0.000000
vt -1.269394 -3.124544 0.000000
vt -1.464685 -3.124583 0.000000
vt -1.464685 -2.929370 0.000000
vt -1.659976 -2.929370 0.000000
vt -1.659976 -2.734078 0.000000
vt -1.855268 -2.734078 0.000000
vt 0.618423 -3.710535 0.000000
vt 0.683520 -3.710535 0.000000
vt 0.683520 -3.515244 0.000000
vt -0.618423 -3.710535 0.000000
vt -0.488228 -3.710535 0.000000
vt -0.488228 -3.515244 0.000000
vt -0.292937 -3.710535 0.000000
vt -0.292937 -3.515244 0.000000
vt -0.097646 -3.710535 0.000000
vt -0.097646 -3.515244 0.000000
vt 0.097646 -3.710535 0.000000
vt 0.097646 -3.515244 0.000000
vt 0.292937 -3.710535 0.000000
vt 0.292937 -3.515244 0.000000
vt 0.488228 -3.710535 0.000000
vt 0.488228 -3.515244 0.000000
vt -1.659976 3.515244 0.000000
vt -1.855268 3.515244 0.000000
vt -1.659976 3.319952 0.000000
vt -1.855268 3.319952 0.000000
vt -1.659976 3.124661 0.000000
vt -1.855268 3.124661 0.000000
vt -1.659976 2.929370 0.000000
vt -1.855268 2.929370 0.000000
vt -1.659976 2.734078 0.000000
vt -1.855268 2.734078 0.000000
vt -1.659976 2.538787 0.000000
vt -1.855268 2.538787 0.000000
vt -1.659976 2.343496 0.000000
vt -1.855268 2.343496 0.000000
vt -1.659976 2.148205 0.000000
vt -1.855268 2.148205 0.000000
vt -1.659976 1.952913 0.000000
vt -1.855268 1.952913 0.000000
vt -1.659976 1.757622 0.000000
vt -1.855268 1.757622 0.000000
vt -1.659976 1.562331 0.000000
vt -1.855268 1.562331 0.000000
vt -1.659976 1.367039 0.000000
vt -1.855268 1.367039 0.000000
vt -1.659976 1.171748 0.000000
vt -1.659976 0.976457 0.000000
vt -1.855268 0.976457 0.000000
vt -1.659976 0.781165 0.000000
vt -1.855268 0.781165 0.000000
vt -1.659976 0.585874 0.000000
vt -1.855268 0.585874 0.000000
vt -1.659976 0.390583 0.000000
vt -1.855268 0.390583 0.000000
vt -1.659976 0.195291 0.000000
vt -1.855268 0.195291 0.000000
vt -1.659976 0.000000 0.000000
vt -1.855268 0.000000 0.000000
vt -1.659976 -0.195291 0.000000
vt -1.855268 -0.195291 0.000000
vt -1.659976 -0.390583 0.000000
vt -1.855268 -0.390583 0.000000
vt -1.659976 -0.585874 0.000000
vt -1.855268 -0.585874 0.000000
vt -1.659976 -0.781165 0.000000
vt -1.855268 -0.781165 0.000000
vt -1.659976 -0.976399 0.000000
vt -1.855268 -0.976457 0.000000
vt -1.659976 -1.171748 0.000000
vt -1.855268 -1.171748 0.000000
vt -1.659976 -1.367039 0.000000
vt -1.659976 -1.562331 0.000000
vt -1.855268 -1.562331 0.000000
vt -1.659976 -1.757622 0.000000
vt -1.855268 -1.757622 0.000000
vt -1.659976 -1.952913 0.000000
vt -1.855268 -1.952913 0.000000
vt -1.659976 -2.148205 0.000000
vt -1.855268 -2.148205 0.000000
vt -1.659976 -2.343496 0.000000
vt -1.855268 -2.343496 0.000000
vt -1.659976 -2.538787 0.000000
vt -1.855268 -2.538787 0.000000
vt -1.855268 -2.929370 0.000000
vt -1.659976 -3.124622 0.000000
vt -1.855268 -3.124661 0.000000
vt -1.659976 -3.319952 0.000000
vt -1.855268 -3.319952 0.000000
vt -1.659976 -3.515244 0.000000
vt -1.855268 -3.515244 0.000000
vt -1.659976 -3.710535 0.000000
vt 1.855268 -3.124661 0.000000
vt 1.855268 -2.538787 0.000000
vt 1.855268 -2.343496 0.000000
vt 1.855268 -1.757622 0.000000
vt 1.855268 -1.367039 0.000000
vt 1.855268 -1.171748 0.000000
vt 1.855268 -0.976457 0.000000
vt 1.659976 -0.781165 0.000000
vt 1.855268 -0.781165 0.000000
vt 1.659976 -0.585874 0.000000
vt 1.855268 -0.585874 0.000000
vt 1.659976 -0.390583 0.000000
vt 1.855268 -0.390583 0.000000
vt 1.855268 0.000000 0.000000
vt 1.659976 0.195291 0.000000
vt 1.855268 0.781165 0.000000
vt 1.855268 0.976457 0.000000
vt 1.659976 1.171748 0.000000
vt 1.659976 1.367039 0.000000
vt 1.855268 1.367039 0.000000
vt 1.659976 1.562331 0.000000
vt 1.855268 1.562331 0.000000
vt 1.659976 1.757622 0.000000
vt 1.855268 1.757622 0.000000
vt 1.659976 1.952913 0.000000
vt 1.855268 1.952913 0.000000
vt 1.659976 2.148205 0.000000
vt 1.855268 2.343496 0.000000
vt 1.855268 2.538787 0.000000
vt 1.855268 2.734078 0.000000
vt 1.855268 2.929370 0.000000
vt 1.855268 3.124661 0.000000
vt 1.659976 3.319952 0.000000
vt 1.855268 3.319952 0.000000
vt 1.659976 3.515244 0.000000
vt 1.855268 3.515244 0.000000
vt 1.659976 3.710535 0.000000
vt 1.855268 -3.710535 0.000000
vt 1.659976 -3.710535 0.000000
vt 0.683520 3.710535 0.000000
vt 0.683520 3.515244 0.000000
vt 0.683520 3.319952 0.000000
vt 0.683520 3.124661 0.000000
vt 0.683520 2.929370 0.000000
vt 0.683520 2.734078 0.000000
vt 0.683520 2.538787 0.000000
vt 0.683520 2.343496 0.000000
vt 0.683520 2.148205 0.000000
vt 0.683520 1.952913 0.000000
vt 0.683520 1.757622 0.000000
vt 0.683520 1.562331 0.000000
vt 0.683520 1.367039 0.000000
vt 0.683520 1.171748 0.000000
vt 0.683520 0.976457 0.000000
vt 0.683520 0.781165 0.000000
vt 0.683520 0.585874 0.000000
vt 0.683520 0.390583 0.000000
vt 0.683520 0.195291 0.000000
vt 0.683520 0.000000 0.000000
vt 0.683520 -0.195291 0.000000
vt 0.683520 -0.390583 0.000000
vt 0.683520 -0.585874 0.000000
vt 0.683520 -0.781165 0.000000
vt 0.683520 -0.975702 0.000000
vt 0.683520 -1.171748 0.000000
vt 0.683520 -1.367039 0.000000
vt 0.683520 -1.562331 0.000000
vt 0.683520 -1.757622 0.000000
vt 0.683520 -1.952913 0.000000
vt 0.683520 -2.148205 0.000000
vt 0.683520 -2.343496 0.000000
vt 0.683520 -2.538787 0.000000
vt 0.683520 -2.734078 0.000000
vt 0.683520 -2.929370 0.000000
vt 0.683520 -3.124154 0.000000
vt 0.683520 -3.319952 0.000000
vt 0.488228 3.319952 0.000000
vt 0.488228 3.124661 0.000000
vt 0.488228 2.929370 0.000000
vt 0.488228 2.734078 0.000000
vt 0.488228 2.538787 0.000000
vt 0.488228 2.343496 0.000000
vt 0.488228 2.148205 0.000000
vt 0.488228 1.952913 0.000000
vt 0.488228 1.757622 0.000000
vt 0.488228 1.562331 0.000000
vt 0.488228 1.367039 0.000000
vt 0.488228 1.171748 0.000000
vt 0.488228 0.976457 0.000000
vt 0.488228 0.781165 0.000000
vt 0.488228 0.585874 0.000000
vt 0.488228 0.390583 0.000000
vt 0.488228 0.195291 0.000000
vt 0.488228 0.000000 0.000000
vt 0.488228 -0.195291 0.000000
vt 0.488228 -0.390583 0.000000
vt 0.488228 -0.585874 0.000000
vt 0.488228 -0.781165 0.000000
vt 0.488228 -0.975760 0.000000
vt 0.488228 -1.171748 0.000000
vt 0.488228 -1.367039 0.000000
vt 0.488228 -1.562331 0.000000
vt 0.488228 -1.757622 0.000000
vt 0.488228 -1.952913 0.000000
vt 0.488228 -2.148205 0.000000
vt 0.488228 -2.343496 0.000000
vt 0.488228 -2.538787 0.000000
vt 0.488228 -2.734078 0.000000
vt 0.488228 -2.929370 0.000000
vt 0.488228 -3.124193 0.000000
vt 0.488228 -3.319952 0.000000
vt -0.683520 -3.515244 0.000000
vt -0.683520 -3.319952 0.000000
vt -0.488228 -3.319952 0.000000
vt -0.683520 -3.124427 0.000000
vt -0.488228 -3.124388 0.000000
vt -0.683520 -2.929370 0.000000
vt -0.488228 -2.929370 0.000000
vt -0.683520 -2.734078 0.000000
vt -0.488228 -2.734078 0.000000
vt -0.683520 -2.538787 0.000000
vt -0.488228 -2.538787 0.000000
vt -0.683520 -2.343496 0.000000
vt -0.488228 -2.343496 0.000000
vt -0.683520 -2.148205 0.000000
vt -0.488228 -2.148205 0.000000
vt -0.683520 -1.952913 0.000000
vt -0.488228 -1.952913 0.000000
vt -0.683520 -1.757622 0.000000
vt -0.488228 -1.757622 0.000000
vt -0.683520 -1.562331 0.000000
vt -0.488228 -1.562331 0.000000
vt -0.683520 -1.367039 0.000000
vt -0.488228 -1.367039 0.000000
vt -0.683520 -1.171748 0.000000
vt -0.488228 -1.171748 0.000000
vt -0.683520 -0.976108 0.000000
vt -0.488228 -0.976050 0.000000
vt -0.683520 -0.781165 0.000000
vt -0.488228 -0.781165 0.000000
vt -0.683520 -0.585874 0.000000
vt -0.488228 -0.585874 0.000000
vt -0.683520 -0.390583 0.000000
vt -0.488228 -0.390583 0.000000
vt -0.683520 -0.195291 0.000000
vt -0.488228 -0.195291 0.000000
vt -0.683520 0.000000 0.000000
vt -0.488228 0.000000 0.000000
vt -0.683520 0.195291 0.000000
vt -0.488228 0.195291 0.000000
vt -0.683520 0.390583 0.000000
vt -0.488228 0.390583 0.000000
vt -0.683520 0.585874 0.000000
vt -0.488228 0.585874 0.000000
vt -0.683520 0.781165 0.000000
vt -0.488228 0.781165 0.000000
vt -0.683520 0.976457 0.000000
vt -0.488228 0.976457 0.000000
vt -0.683520 1.171748 0.000000
vt -0.488228 1.171748 0.000000
vt -0.683520 1.367039 0.000000
vt -0.488228 1.367039 0.000000
vt -0.683520 1.562331 0.000000
vt -0.488228 1.562331 0.000000
vt -0.683520 1.757622 0.000000
vt -0.488228 1.757622 0.000000
vt -0.683520 1.952913 0.000000
vt -0.488228 1.952913 0.000000
vt -0.683520 2.148205 0.000000
vt -0.488228 2.148205 0.000000
vt -0.683520 2.343496 0.000000
vt -0.488228 2.343496 0.000000
vt -0.683520 2.538787 0.000000
vt -0.488228 2.538787 0.000000
vt -0.683520 2.734078 0.000000
vt -0.488228 2.734078 0.000000
vt -0.683520 2.929370 0.000000
vt -0.488228 2.929370 0.000000
vt -0.683520 3.124661 0.000000
vt -0.488228 3.124661 0.000000
vt -0.683520 3.319952 0.000000
vt -0.488228 3.319952 0.000000
vt -1.074102 3.710535 0.000000
vt -0.878811 3.515244 0.000000
vt -1.074102 3.515244 0.000000
vt -0.878811 3.319952 0.000000
vt -1.074102 3.319952 0.000000
vt -0.878811 3.124661 0.000000
vt -1.074102 3.124661 0.000000
vt -0.878811 2.929370 0.000000
vt -1.074102 2.929370 0.000000
vt -0.878811 2.734078 0.000000
vt -1.074102 2.734078 0.000000
vt -0.878811 2.538787 0.000000
vt -1.074102 2.538787 0.000000
vt -0.878811 2.343496 0.000000
vt -1.074102 2.343496 0.000000
vt -0.878811 2.148205 0.000000
vt -1.074102 2.148205 0.000000
vt -0.878811 1.952913 0.000000
vt -1.074102 1.952913 0.000000
vt -0.878811 1.757622 0.000000
vt -1.074102 1.757622 0.000000
vt -0.878811 1.562331 0.000000
vt -1.074102 1.562331 0.000000
vt -0.878811 1.367039 0.000000
vt -1.074102 1.367039 0.000000
vt -0.878811 1.171748 0.000000
vt -1.074102 1.171748 0.000000
vt -0.878811 0.976457 0.000000
vt -1.074102 0.976457 0.000000
vt -0.878811 0.781165 0.000000
vt -1.074102 0.781165 0.000000
vt -0.878811 0.585874 0.000000
vt -1.074102 0.585874 0.000000
vt -0.878811 0.390583 0.000000
vt -1.074102 0.390583 0.000000
vt -0.878811 0.195291 0.000000
vt -1.074102 0.195291 0.000000
vt -0.878811 0.000000 0.000000
vt -1.074102 0.000000 0.000000
vt -0.878811 -0.195291 0.000000
vt -1.074102 -0.195291 0.000000
vt -0.878811 -0.390583 0.000000
vt -1.074102 -0.390583 0.000000
vt -0.878811 -0.585874 0.000000
vt -1.074102 -0.585874 0.000000
vt -0.878811 -0.781165 0.000000
vt -1.074102 -0.781165 0.000000
vt -0.878811 -0.976166 0.000000
vt -1.074102 -0.976224 0.000000
vt -0.878811 -1.171748 0.000000
vt -1.074102 -1.171748 0.000000
vt -0.878811 -1.367039 0.000000
vt -1.074102 -1.367039 0.000000
vt -0.878811 -1.562331 0.000000
vt -1.074102 -1.562331 0.000000
vt -0.878811 -1.757622 0.000000
vt -1.074102 -1.757622 0.000000
vt -0.878811 -1.952913 0.000000
vt -1.074102 -1.952913 0.000000
vt -0.878811 -2.148205 0.000000
vt -1.074102 -2.148205 0.000000
vt -0.878811 -2.343496 0.000000
vt -1.074102 -2.343496 0.000000
vt -0.878811 -2.538787 0.000000
vt -1.074102 -2.538787 0.000000
vt -0.878811 -2.734078 0.000000
vt -1.074102 -2.734078 0.000000
vt -0.878811 -2.929370 0.000000
vt -1.074102 -2.929370 0.000000
vt -0.878811 -3.124466 0.000000
vt -1.074102 -3.124505 0.000000
vt -0.878811 -3.319952 0.000000
vt -1.269394 3.710535 0.000000
vt -1.269394 3.515244 0.000000
vt -1.269394 3.319952 0.000000
vt -1.269394 3.124661 0.000000
vt -1.269394 2.929370 0.000000
vt -1.269394 2.734078 0.000000
vt -1.269394 2.538787 0.000000
vt -1.269394 2.343496 0.000000
vt -1.269394 2.148205 0.000000
vt -1.269394 1.952913 0.000000
vt -1.269394 1.757622 0.000000
vt -1.269394 1.562331 0.000000
vt -1.269394 1.367039 0.000000
vt -1.269394 1.171748 0.000000
vt -1.269394 0.976457 0.000000
vt -1.269394 0.781165 0.000000
vt -1.269394 0.585874 0.000000
vt -1.269394 0.390583 0.000000
vt -1.269394 0.195291 0.000000
vt -1.269394 0.000000 0.000000
vt -1.269394 -0.195291 0.000000
vt -1.269394 -0.390583 0.000000
vt -1.269394 -0.585874 0.000000
vt -1.269394 -0.781165 0.000000
vt -1.269394 -0.976282 0.000000
vt -1.269394 -1.171748 0.000000
vt -1.269394 -1.367039 0.000000
vt -1.269394 -1.562331 0.000000
vt -1.269394 -1.757622 0.000000
vt -1.269394 -1.952913 0.000000
vt -1.269394 -2.148205 0.000000
vt -1.269394 -2.343496 0.000000
vt -1.269394 -2.538787 0.000000
vt -1.269394 -2.734078 0.000000
vt -1.269394 -2.929370 0.000000
vt -1.074102 -3.710535 0.000000
vt -1.269394 -3.515244 0.000000
vt -1.269394 -3.710535 0.000000
vt -1.464685 -3.515244 0.000000
vt -1.464685 -3.710535 0.000000
vt -1.464685 3.710535 0.000000
vt -1.464685 3.515244 0.000000
vt -1.464685 3.319952 0.000000
vt -1.464685 3.124661 0.000000
vt -1.464685 2.929370 0.000000
vt -1.464685 2.734078 0.000000
vt -1.464685 2.538787 0.000000
vt -1.464685 2.343496 0.000000
vt -1.464685 2.148205 0.000000
vt -1.464685 1.952913 0.000000
vt -1.464685 1.757622 0.000000
vt -1.464685 1.562331 0.000000
vt -1.464685 1.367039 0.000000
vt -1.464685 1.171748 0.000000
vt -1.464685 0.976457 0.000000
vt -1.464685 0.781165 0.000000
vt -1.464685 0.585874 0.000000
vt -1.464685 0.390583 0.000000
vt -1.464685 0.195291 0.000000
vt -1.464685 0.000000 0.000000
vt -1.464685 -0.195291 0.000000
vt -1.464685 -0.390583 0.000000
vt -1.464685 -0.585874 0.000000
vt -1.464685 -0.781165 0.000000
vt -1.464685 -0.976341 0.000000
vt -1.464685 -1.171748 0.000000
vt -1.464685 -1.367039 0.000000
vt -1.464685 -1.562331 0.000000
vt -1.464685 -1.757622 0.000000
vt -1.464685 -1.952913 0.000000
vt -1.464685 -2.148205 0.000000
vt -1.464685 -2.343496 0.000000
vt -1.464685 -2.538787 0.000000
vt -1.464685 -2.734078 0.000000
vt -1.659976 3.710535 0.000000
vt -1.855268 3.710535 0.000000
vt 1.855268 -3.319952 0.000000
vt 1.855268 0.195291 0.000000
vt 1.659976 0.236545 0.000000
vt 1.855268 2.148205 0.000000
vt 1.659976 2.171222 0.000000
vt 1.855268 -2.734078 0.000000
vt 1.855268 -1.236845 0.000000
vt 1.855268 1.236845 0.000000
vt -0.292937 -1.171748 0.000000
vt -0.292937 -0.975992 0.000000
vt -0.292937 -0.781165 0.000000
vt -0.292937 -0.585874 0.000000
vt -0.292937 -0.390583 0.000000
vt -0.292937 -0.195291 0.000000
vt -0.292937 0.000000 0.000000
vt -0.292937 0.195291 0.000000
vt -0.292937 0.390583 0.000000
vt -0.292937 0.585874 0.000000
vt -0.292937 0.781165 0.000000
vt -0.292937 0.976457 0.000000
vt -0.292937 1.171748 0.000000
vt -0.292937 1.367039 0.000000
vt -0.292937 1.562331 0.000000
vt -0.292937 1.757622 0.000000
vt -0.292937 1.952913 0.000000
vt -0.292937 2.148205 0.000000
vt -0.292937 2.343496 0.000000
vt -0.292937 2.538787 0.000000
vt -0.292937 2.734078 0.000000
vt -0.292937 2.929370 0.000000
vt -0.292937 3.124661 0.000000
vt -0.292937 3.319952 0.000000
vt -0.097646 -1.171748 0.000000
vt -0.097646 -0.975934 0.000000
vt -0.097646 -0.781165 0.000000
vt -0.097646 -0.585874 0.000000
vt -0.097646 -0.390583 0.000000
vt -0.097646 -0.195291 0.000000
vt -0.097646 0.000000 0.000000
vt -0.097646 0.195291 0.000000
vt -0.097646 0.390583 0.000000
vt -0.097646 0.585874 0.000000
vt -0.097646 0.781165 0.000000
vt -0.097646 0.976457 0.000000
vt -0.097646 1.171748 0.000000
vt -0.097646 1.367039 0.000000
vt -0.097646 1.562331 0.000000
vt -0.097646 1.757622 0.000000
vt -0.097646 1.952913 0.000000
vt -0.097646 2.148205 0.000000
vt -0.097646 2.343496 0.000000
vt -0.097646 2.538787 0.000000
vt -0.097646 2.734078 0.000000
vt -0.097646 2.929370 0.000000
vt -0.097646 3.124661 0.000000
vt -0.097646 3.319952 0.000000
vt -0.292937 -1.367039 0.000000
vt -0.292937 -1.562331 0.000000
vt -0.292937 -1.757622 0.000000
vt -0.292937 -1.952913 0.000000
vt -0.292937 -2.148205 0.000000
vt -0.292937 -2.343496 0.000000
vt -0.292937 -2.538787 0.000000
vt -0.292937 -2.734078 0.000000
vt -0.292937 -2.929370 0.000000
vt -0.292937 -3.124349 0.000000
vt -0.292937 -3.319952 0.000000
vt 0.097646 -1.171748 0.000000
vt 0.097646 -0.975876 0.000000
vt 0.097646 -0.781165 0.000000
vt 0.097646 -0.585874 0.000000
vt 0.097646 -0.390583 0.000000
vt 0.097646 -0.195291 0.000000
vt 0.097646 0.000000 0.000000
vt 0.097646 0.195291 0.000000
vt 0.097646 0.390583 0.000000
vt 0.097646 0.585874 0.000000
vt 0.097646 0.781165 0.000000
vt 0.097646 0.976457 0.000000
vt 0.097646 1.171748 0.000000
vt 0.097646 1.367039 0.000000
vt 0.097646 1.562331 0.000000
vt 0.097646 1.757622 0.000000
vt 0.097646 1.952913 0.000000
vt 0.097646 2.148205 0.000000
vt 0.097646 2.343496 0.000000
vt 0.097646 2.538787 0.000000
vt 0.097646 2.734078 0.000000
vt 0.097646 2.929370 0.000000
vt 0.097646 3.124661 0.000000
vt 0.097646 3.319952 0.000000
vt -0.097646 -1.367039 0.000000
vt -0.097646 -1.562331 0.000000
vt -0.097646 -1.757622 0.000000
vt -0.097646 -1.952913 0.000000
vt -0.097646 -2.148205 0.000000
vt -0.097646 -2.343496 0.000000
vt -0.097646 -2.538787 0.000000
vt -0.097646 -2.734078 0.000000
vt -0.097646 -2.929370 0.000000
vt -0.097646 -3.124310 0.000000
vt -0.097646 -3.319952 0.000000
vt 0.292937 -1.171748 0.000000
vt 0.292937 -0.975818 0.000000
vt 0.292937 -0.781165 0.000000
vt 0.292937 -0.585874 0.000000
vt 0.292937 -0.390583 0.000000
vt 0.292937 -0.195291 0.000000
vt 0.292937 0.000000 0.000000
vt 0.292937 0.195291 0.000000
vt 0.292937 0.390583 0.000000
vt 0.292937 0.585874 0.000000
vt 0.292937 0.781165 0.000000
vt 0.292937 0.976457 0.000000
vt 0.292937 1.171748 0.000000
vt 0.292937 1.367039 0.000000
vt 0.292937 1.562331 0.000000
vt 0.292937 1.757622 0.000000
vt 0.292937 1.952913 0.000000
vt 0.292937 2.148205 0.000000
vt 0.292937 2.343496 0.000000
vt 0.292937 2.538787 0.000000
vt 0.292937 2.734078 0.000000
vt 0.292937 2.929370 0.000000
vt 0.292937 3.124661 0.000000
vt 0.292937 3.319952 0.000000
vt 0.097646 -1.367039 0.000000
vt 0.097646 -1.562331 0.000000
vt 0.097646 -1.757622 0.000000
vt 0.097646 -1.952913 0.000000
vt 0.097646 -2.148205 0.000000
vt 0.097646 -2.343496 0.000000
vt 0.097646 -2.538787 0.000000
vt 0.097646 -2.734078 0.000000
vt 0.097646 -2.929370 0.000000
vt 0.097646 -3.124271 0.000000
vt 0.097646 -3.319952 0.000000
vt 0.292937 -1.367039 0.000000
vt 0.292937 -1.562331 0.000000
vt 0.292937 -1.757622 0.000000
vt 0.292937 -1.952913 0.000000
vt 0.292937 -2.148205 0.000000
vt 0.292937 -2.343496 0.000000
vt 0.292937 -2.538787 0.000000
vt 0.292937 -2.734078 0.000000
vt 0.292937 -2.929370 0.000000
vt 0.292937 -3.124232 0.000000
vt 0.292937 -3.319952 0.000000
vt -1.855268 -1.367039 0.000000
vt -1.855268 1.171748 0.000000
vt -1.464685 -3.319952 0.000000
vn 0.903618 -0.428339 -0.000000
vn 0.903618 -0.428339 -0.000000
vn 0.903618 -0.428339 -0.000000
vn 0.903618 -0.428339 -0.000000
vn 0.903618 -0.428339 -0.000000
vn 0.903618 -0.428339 -0.000000
vn 0.074790 -0.997199 -0.000000
vn 0.074790 -0.997199 -0.000000
vn 0.074790 -0.997199 -0.000000
vn 0.074790 -0.997199 -0.000000
vn 0.074790 -0.997199 -0.000000
vn 0.074790 -0.997199 -0.000000
vn 0.666618 0.745400 -0.000000
vn 0.666618 0.745400 -0.000000
vn 0.666618 0.745400 -0.000000
vn 0.666618 0.745400 -0.000000
vn 0.666618 0.745400 -0.000000
vn 0.666618 0.745400 -0.000000
vn 0.980581 -0.196116 -0.000000
vn 0.980581 -0.196116 -0.000000
vn 0.980581 -0.196116 -0.000000
vn 0.980581 -0.196116 -0.000000
vn 0.980581 -0.196116 -0.000000
vn 0.980581 -0.196116 -0.000000
vn -0.490261 0.871576 -0.000000
vn -0.490261 0.871576 -0.000000
vn -0.490261 0.871576 -0.000000
vn -0.490261 0.871576 -0.000000
vn -0.490261 0.871576 -0.000000
vn -0.490261 0.871576 -0.000000
vn -0.075731 -0.997128 0.000000
vn -0.075731 -0.997128 0.000000
vn -0.075731 -0.997128 0.000000
vn -0.075731 -0.997128 0.000000
vn -0.075731 -0.997128 0.000000
vn -0.075731 -0.997128 0.000000
vn -0.704743 0.709463 -0.000000
vn -0.704743 0.709463 -0.000000
vn -0.704743 0.709463 -0.000000
vn -0.704743 0.709463 -0.000000
vn -0.704743 0.709463 -0.000000
vn -0.704743 0.709463 -0.000000
vn -0.978301 -0.207187 0.000000
vn -0.978301 -0.207187 0.000000
vn -0.978301 -0.207187 0.000000
vn -0.978301 -0.207187 0.000000
vn -0.978301 -0.207187 0.000000
vn 0.494839 0.868985 -0.000000
vn 0.494839 0.868985 -0.000000
vn 0.494839 0.868985 -0.000000
vn 0.494839 0.868985 -0.000000
vn 0.494839 0.868985 -0.000000
vn -0.894427 -0.447214 0.000000
vn -0.894427 -0.447214 0.000000
vn -0.894427 -0.447214 0.000000
vn -0.894427 -0.447214 0.000000
vn -0.894427 -0.447214 0.000000
vn -0.894427 -0.447214 0.000000
vn -0.000000 -0.000000 -1.000000
vn -0.000000 -0.000000 -1.000000
vn -0.000000 -0.000000 -1.000000
vn -0.000000 -0.000000 -1.000000
vn -0.000000 -0.000000 -1.000000
vn -0.000000 -0.000000 -1.000000
vn -0.000000 -0.000000 -1.000000
vn -0.000000 -0.000000 -1.000000
vn -0.000000 -0.000000 -1.000000
vn -0.000000 -0.000000 -1.000000
vn -0.000000 -0.000000 -1.000000
vn -0.000000 -0.000000 -1.000000
vn -0.000000 -0.000000 -1.000000
vn 0.494839 0.868985 -0.000000
vn 0.494839 0.868985 -0.000000
vn 0.494839 0.868985 -0.000000
vn 0.494839 0.868985 -0.000000
vn 0.494839 0.868985 -0.000000
vn 0.494839 0.868985 -0.000000
vn -0.978301 -0.207187 0.000000
vn -0.978301 -0.207187 0.000000
vn -0.978301 -0.207187 0.000000
vn -0.978301 -0.207187 0.000000
vn -0.978301 -0.207187 0.000000
vn -0.978301 -0.207187 0.000000
vn -0.704743 0.709463 -0.000000
vn -0.704743 0.709463 -0.000000
vn -0.704743 0.709463 -0.000000
vn -0.704743 0.709463 -0.000000
vn -0.704743 0.709463 -0.000000
vn -0.704743 0.709463 -0.000000
vn -0.075731 -0.997128 0.000000
vn -0.075731 -0.997128 0.000000
vn -0.075731 -0.997128 0.000000
vn -0.075731 -0.997128 0.000000
vn -0.075731 -0.997128 0.000000
vn -0.075731 -0.997128 0.000000
vn -0.894427 -0.447214 0.000000
vn -0.894427 -0.447214 0.000000
vn -0.894427 -0.447214 0.000000
vn -0.894427 -0.447214 0.000000
vn -0.894427 -0.447214 0.000000
vn -0.894427 -0.447214 0.000000
vn 0.903618 -0.428339 -0.000000
vn 0.903618 -0.428339 -0.000000
vn 0.903618 -0.428339 -0.000000
vn 0.903618 -0.428339 -0.000000
vn 0.903618 -0.428339 -0.000000
vn 0.903618 -0.428339 -0.000000
vn -0.490261 0.871576 -0.000000
vn -0.490261 0.871576 -0.000000
vn -0.490261 0.871576 -0.000000
vn -0.490261 0.871576 -0.000000
vn -0.490261 0.871576 -0.000000
vn -0.490261 0.871576 -0.000000
vn 0.980581 -0.196116 -0.000000
vn 0.980581 -0.196116 -0.000000
vn 0.980581 -0.196116 -0.000000
vn 0.980581 -0.196116 -0.000000
vn 0.980581 -0.196116 -0.000000
vn 0.980581 -0.196116 -0.000000
vn 0.666618 0.745400 -0.000000
vn 0.666618 0.745400 -0.000000
vn 0.666618 0.745400 -0.000000
vn 0.666618 0.745400 -0.000000
vn 0.666618 0.745400 -0.000000
vn 0.666618 0.745400 -0.000000
vn 0.074790 -0.997199 -0.000000
vn 0.074790 -0.997199 -0.000000
vn 0.074790 -0.997199 -0.000000
vn 0.074790 -0.997199 -0.000000
vn 0.074790 -0.997199 -0.000000
vn 0.074790 -0.997199 -0.000000
vn -0.000000 -0.000000 -1.000000
vn -0.000000 -0.000000 -1.000000
vn -0.000000 -0.000000 -1.000000
vn -0.000000 -0.000000 -1.000000
vn -0.000000 -0.000000 -1.000000
vn -0.000000 -0.000000 -1.000000
vn -0.000000 -0.000000 -1.000000
vn -0.000000 -0.000000 -1.000000
vn -0.000000 -0.000000 -1.000000
vn -0.000000 -0.000000 -1.000000
vn 0.980581 -0.196116 -0.000000
vn 0.980581 -0.196116 -0.000000
vn 0.980581 -0.196116 -0.000000
vn 0.980581 -0.196116 -0.000000
vn 0.980581 -0.196116 -0.000000
vn 0.980581 -0.196116 -0.000000
vn -0.490261 0.871576 -0.000000
vn -0.490261 0.871576 -0.000000
vn -0.490261 0.871576 -0.000000
vn -0.490261 0.871576 -0.000000
vn -0.490261 0.871576 -0.000000
vn -0.490261 0.871576 -0.000000
vn 0.494839 0.868985 -0.000000
vn 0.494839 0.868985 -0.000000
vn 0.494839 0.868985 -0.000000
vn 0.494839 0.868985 -0.000000
vn 0.494839 0.868985 -0.000000
vn 0.494839 0.868985 -0.000000
vn -0.978301 -0.207187 0.000000
vn -0.978301 -0.207187 0.000000
vn -0.978301 -0.207187 0.000000
vn -0.978301 -0.207187 0.000000
vn -0.978301 -0.207187 0.000000
vn -0.978301 -0.207187 0.000000
vn -0.704743 0.709463 -0.000000
vn -0.704743 0.709463 -0.000000
vn -0.704743 0.709463 -0.000000
vn -0.704743 0.709463 -0.000000
vn -0.704743 0.709463 -0.000000
vn -0.704743 0.709463 -0.000000
vn -0.075731 -0.997128 0.000000
vn -0.075731 -0.997128 0.000000
vn -0.075731 -0.997128 0.000000
vn -0.075731 -0.997128 0.000000
vn -0.075731 -0.997128 0.000000
vn -0.075731 -0.997128 0.000000
vn 0.666618 0.745400 -0.000000
vn 0.666618 0.745400 -0.000000
vn 0.666618 0.745400 -0.000000
vn 0.666618 0.745400 -0.000000
vn 0.666618 0.745400 -0.000000
vn 0.666618 0.745400 -0.000000
vn 0.074790 -0.997199 -0.000000
vn 0.074790 -0.997199 -0.000000
vn 0.074790 -0.997199 -0.000000
vn 0.074790 -0.997199 -0.000000
vn 0.074790 -0.997199 -0.000000
vn 0.074790 -0.997199 -0.000000
vn 0.903618 -0.428339 -0.000000
vn 0.903618 -0.428339 -0.000000
vn 0.903618 -0.428339 -0.000000
vn 0.903618 -0.428339 -0.000000
vn 0.903618 -0.428339 -0.000000
vn 0.903618 -0.428339 -0.000000
vn -0.894427 -0.447214 0.000000
vn -0.894427 -0.447214 0.000000
vn -0.894427 -0.447214 0.000000
vn -0.894427 -0.447214 0.000000
vn -0.894427 -0.447214 0.000000
vn -0.894427 -0.447214 0.000000
vn -0.000000 -0.000000 -1.000000
vn -0.000000 -0.000000 -1.000000
vn -0.000000 -0.000000 -1.000000
vn -0.000000 -0.000000 -1.000000
vn -0.000000 -0.000000 -1.000000
vn -0.000000 -0.000000 -1.000000
vn -0.000000 -0.000000 -1.000000
vn -0.000000 -0.000000 -1.000000
vn -0.000000 -0.000000 -1.000000
vn -0.000000 -0.000000 -1.000000
vn -0.075731 -0.997128 0.000000
vn -0.075731 -0.997128 0.000000
vn -0.075731 -0.997128 0.000000
vn -0.075731 -0.997128 0.000000
vn -0.075731 -0.997128 0.000000
vn -0.075731 -0.997128 0.000000
vn -0.894427 -0.447214 0.000000
vn -0.894427 -0.447214 0.000000
vn -0.894427 -0.447214 0.000000
vn -0.894427 -0.447214 0.000000
vn -0.894427 -0.447214 0.000000
vn -0.894427 -0.447214 0.000000
vn 0.903618 -0.428339 -0.000000
vn 0.903618 -0.428339 -0.000000
vn 0.903618 -0.428339 -0.000000
vn 0.903618 -0.428339 -0.000000
vn 0.903618 -0.428339 -0.000000
vn 0.903618 -0.428339 -0.000000
vn 0.074790 -0.997199 -0.000000
vn 0.074790 -0.997199 -0.000000
vn 0.074790 -0.997199 -0.000000
vn 0.074790 -0.997199 -0.000000
vn 0.074790 -0.997199 -0.000000
vn 0.074790 -0.997199 -0.000000
vn 0.666618 0.745400 -0.000000
vn 0.666618 0.745400 -0.000000
vn 0.666618 0.745400 -0.000000
vn 0.666618 0.745400 -0.000000
vn 0.666618 0.745400 -0.000000
vn 0.666618 0.745400 -0.000000
vn 0.980581 -0.196116 -0.000000
vn 0.980581 -0.196116 -0.000000
vn 0.980581 -0.196116 -0.000000
vn 0.980581 -0.196116 -0.000000
vn 0.980581 -0.196116 -0.000000
vn 0.980581 -0.196116 -0.000000
vn -0.704743 0.709463 -0.000000
vn -0.704743 0.709463 -0.000000
vn -0.704743 0.709463 -0.000000
vn -0.704743 0.709463 -0.000000
vn -0.704743 0.709463 -0.000000
vn -0.704743 0.709463 -0.000000
vn -0.978301 -0.207187 0.000000
vn -0.978301 -0.207187 0.000000
vn -0.978301 -0.207187 0.000000
vn -0.978301 -0.207187 0.000000
vn -0.978301 -0.207187 0.000000
vn -0.978301 -0.207187 0.000000
vn 0.494839 0.868985 -0.000000
vn 0.494839 0.868985 -0.000000
vn 0.494839 0.868985 -0.000000
vn 0.494839 0.868985 -0.000000
vn 0.494839 0.868985 -0.000000
vn 0.494839 0.868985 -0.000000
vn -0.490261 0.871576 -0.000000
vn -0.490261 0.871576 -0.000000
vn -0.490261 0.871576 -0.000000
vn -0.490261 0.871576 -0.000000
vn -0.490261 0.871576 -0.000000
vn -0.490261 0.871576 -0.000000
vn -0.000000 -0.000000 -1.000000
vn -0.000000 -0.000000 -1.000000
vn -0.000000 -0.000000 -1.000000
vn -0.000000 -0.000000 -1.000000
vn -0.000000 -0.000000 -1.000000
vn -0.000000 -0.000000 -1.000000
vn -0.000000 -0.000000 -1.000000
vn -0.000000 -0.000000 -1.000000
vn -0.000000 -0.000000 -1.000000
vn -0.000000 -0.000000 -1.000000
vn 0.285284 -0.420832 -0.861112
vn 0.322389 -0.399961 -0.857961
vn 0.335943 -0.514198 -0.789141
vn 0.355862 -0.419022 -0.835334
vn 0.388406 -0.437554 -0.810979
vn 0.419954 -0.455519 -0.784946
vn 0.402403 -0.615923 -0.677282
vn 0.246726 -0.562480 -0.789141
vn 0.295537 -0.673756 -0.677282
vn 0.150780 -0.595418 -0.789141
vn 0.180610 -0.713211 -0.677282
vn 0.050721 -0.612115 -0.789141
vn 0.060756 -0.733211 -0.677282
vn -0.050721 -0.612115 -0.789141
vn -0.060756 -0.733211 -0.677282
vn -0.150780 -0.595418 -0.789141
vn -0.180610 -0.713211 -0.677282
vn -0.246726 -0.562480 -0.789141
vn -0.295537 -0.673756 -0.677282
vn -0.335943 -0.514198 -0.789141
vn -0.402403 -0.615923 -0.677282
vn -0.415995 -0.451891 -0.789141
vn -0.498292 -0.541290 -0.677282
vn -0.484700 -0.377257 -0.789141
vn -0.580590 -0.451891 -0.677282
vn -0.540039 -0.292601 -0.789141
vn -0.646888 -0.350465 -0.677282
vn -0.580933 -0.199435 -0.789141
vn -0.695860 -0.238889 -0.677282
vn -0.605836 -0.101096 -0.789141
vn -0.725690 -0.121096 -0.677282
vn -0.614213 -0.000000 -0.789141
vn -0.735724 -0.000000 -0.677282
vn -0.605836 0.101096 -0.789141
vn -0.725690 0.121096 -0.677282
vn -0.580933 0.199435 -0.789141
vn -0.695860 0.238889 -0.677282
vn -0.540184 0.292333 -0.789141
vn -0.647050 0.350166 -0.677282
vn -0.484700 0.377257 -0.789141
vn -0.580590 0.451891 -0.677282
vn -0.415995 0.451891 -0.789141
vn -0.498292 0.541290 -0.677282
vn -0.335943 0.514198 -0.789141
vn -0.402403 0.615923 -0.677282
vn -0.246726 0.562480 -0.789141
vn -0.295537 0.673756 -0.677282
vn -0.150780 0.595418 -0.789141
vn -0.180610 0.713211 -0.677282
vn -0.050721 0.612115 -0.789141
vn -0.060756 0.733211 -0.677282
vn 0.050721 0.612115 -0.789141
vn 0.060756 0.733211 -0.677282
vn 0.150780 0.595418 -0.789141
vn 0.180610 0.713211 -0.677282
vn 0.246726 0.562480 -0.789141
vn 0.295537 0.673756 -0.677282
vn 0.335943 0.514198 -0.789141
vn 0.402403 0.615923 -0.677282
vn 0.415995 0.451891 -0.789141
vn 0.498292 0.541290 -0.677282
vn 0.484700 0.377257 -0.789141
vn 0.580590 0.451891 -0.677282
vn 0.540184 0.292333 -0.789141
vn 0.647050 0.350166 -0.677282
vn 0.580933 0.199435 -0.789141
vn 0.695860 0.238889 -0.677282
vn 0.605836 0.101096 -0.789141
vn 0.725690 0.121096 -0.677282
vn 0.614213 0.000000 -0.789141
vn 0.735724 0.000000 -0.677282
vn 0.605836 -0.101096 -0.789141
vn 0.725690 -0.121096 -0.677282
vn 0.580933 -0.199435 -0.789141
vn 0.695860 -0.238889 -0.677282
vn 0.540184 -0.292333 -0.789141
vn 0.647050 -0.350166 -0.677282
vn 0.484700 -0.377257 -0.789141
vn 0.580590 -0.451891 -0.677282
vn 0.430163 -0.445892 -0.784946
vn 0.498665 -0.540947 -0.677282
vn 0.426784 -0.449127 -0.784946
vn 0.423381 -0.452336 -0.784946
vn 0.423155 -0.412804 -0.806556
vn 0.415964 -0.378849 -0.826709
vn 0.408602 -0.344086 -0.845369
vn 0.440472 -0.312428 -0.841649
vn 0.472156 -0.280955 -0.835544
vn 0.503564 -0.249756 -0.827070
vn 0.450159 -0.154540 -0.879474
vn 0.469456 -0.078338 -0.879474
vn 0.475947 0.000000 -0.879474
vn 0.469456 0.078338 -0.879474
vn 0.450159 0.154540 -0.879474
vn 0.418583 0.226526 -0.879474
vn 0.441288 0.269028 -0.856089
vn 0.408602 0.236559 -0.881524
vn 0.416988 0.196961 -0.887315
vn 0.425421 0.157145 -0.891248
vn 0.433881 0.117195 -0.893315
vn 0.320271 0.053444 -0.945817
vn 0.324699 0.000000 -0.945817
vn 0.164595 0.000000 -0.986361
vn 0.162350 -0.027091 -0.986361
vn 0.000000 -0.000000 -1.000000
vn 0.463838 -0.246738 -0.850867
vn 0.418583 -0.226526 -0.879474
vn 0.341814 -0.161629 -0.925764
vn 0.361702 -0.201406 -0.910279
vn 0.381232 -0.240465 -0.892658
vn 0.423030 -0.243639 -0.872746
vn 0.321614 -0.121229 -0.939078
vn 0.307106 -0.105430 -0.945817
vn 0.320271 -0.053444 -0.945817
vn 0.285565 -0.154540 -0.945817
vn 0.302745 -0.161035 -0.939368
vn 0.283891 -0.200809 -0.937593
vn 0.256234 -0.199435 -0.945817
vn 0.265094 -0.240465 -0.933757
vn 0.219900 -0.238901 -0.945817
vn 0.224165 -0.243534 -0.943632
vn 0.182845 -0.246633 -0.951704
vn 0.141213 -0.249756 -0.957957
vn 0.090025 -0.137793 -0.986361
vn 0.111474 -0.121099 -0.986361
vn 0.173465 -0.278599 -0.944612
vn 0.157911 -0.283714 -0.945817
vn 0.133064 -0.296182 -0.945817
vn 0.066785 -0.150436 -0.986361
vn 0.130430 -0.297351 -0.945817
vn 0.066117 -0.150731 -0.986361
vn 0.040406 -0.159558 -0.986361
vn 0.227770 -0.378306 -0.897221
vn 0.205231 -0.307008 -0.929315
vn 0.236446 -0.334924 -0.912096
vn 0.219246 -0.420924 -0.880201
vn 0.196970 -0.433277 -0.879474
vn 0.210896 -0.462676 -0.861077
vn 0.191186 -0.435860 -0.879474
vn 0.116838 -0.461384 -0.879474
vn 0.079709 -0.314764 -0.945817
vn 0.026813 -0.323590 -0.945817
vn 0.013592 -0.164032 -0.986361
vn -0.013592 -0.164032 -0.986361
vn 0.248090 -0.441754 -0.862151
vn 0.039303 -0.474322 -0.879474
vn -0.026813 -0.323590 -0.945817
vn -0.040406 -0.159558 -0.986361
vn 0.303321 0.420824 -0.854929
vn 0.260319 0.398447 -0.879474
vn 0.321614 0.459416 -0.827950
vn 0.284464 0.381044 -0.879708
vn 0.224276 0.337119 -0.914358
vn 0.182954 0.334020 -0.924640
vn 0.265094 0.340181 -0.902221
vn 0.191186 0.435860 -0.879474
vn 0.141213 0.330890 -0.933044
vn 0.116838 0.461384 -0.879474
vn 0.079709 0.314764 -0.945817
vn 0.039303 0.474322 -0.879474
vn 0.026813 0.323590 -0.945817
vn -0.039303 0.474322 -0.879474
vn -0.026813 0.323590 -0.945817
vn -0.116838 0.461384 -0.879474
vn -0.079709 0.314764 -0.945817
vn -0.098586 0.330890 -0.938506
vn -0.091913 0.311419 -0.945817
vn -0.130077 0.299609 -0.945153
vn -0.066117 0.150731 -0.986361
vn -0.161754 0.268142 -0.949703
vn -0.090025 0.137793 -0.986361
vn -0.193548 0.236559 -0.952144
vn -0.111477 0.121096 -0.986361
vn -0.185202 0.197148 -0.962722
vn -0.176770 0.157336 -0.971595
vn -0.129888 0.101096 -0.986361
vn -0.168269 0.117195 -0.978750
vn -0.144757 0.078338 -0.986361
vn -0.205883 0.138614 -0.968710
vn -0.285565 0.154540 -0.945817
vn -0.243071 0.159791 -0.956757
vn -0.279762 0.180684 -0.942914
vn -0.317316 0.159560 -0.934800
vn -0.307106 0.105430 -0.945817
vn -0.354507 0.138640 -0.924718
vn -0.391255 0.117969 -0.912690
vn -0.320271 0.053444 -0.945817
vn -0.469456 0.078338 -0.879474
vn -0.475947 0.000000 -0.879474
vn 0.130430 0.297351 -0.945817
vn 0.172867 0.302581 -0.937316
vn 0.177594 0.271828 -0.945817
vn 0.204633 0.274172 -0.939657
vn 0.219913 0.238889 -0.945817
vn 0.236446 0.245721 -0.940061
vn 0.228022 0.203602 -0.952130
vn 0.219500 0.160988 -0.962238
vn 0.129888 0.101096 -0.986361
vn 0.111477 0.121096 -0.986361
vn 0.210896 0.117969 -0.970364
vn 0.144757 0.078338 -0.986361
vn 0.248584 0.139169 -0.958560
vn 0.307106 0.105430 -0.945817
vn 0.155676 0.053444 -0.986361
vn 0.285773 0.160088 -0.944831
vn 0.284752 0.156033 -0.945817
vn 0.285565 0.154540 -0.945817
vn 0.360026 0.159251 -0.919250
vn 0.397218 0.138073 -0.907278
vn 0.322389 0.180684 -0.929203
vn 0.315759 0.075668 -0.945817
vn 0.472972 0.300501 -0.828249
vn 0.503564 0.330890 -0.798082
vn 0.463811 0.333909 -0.820600
vn 0.423001 0.337008 -0.841128
vn 0.381232 0.340181 -0.859616
vn 0.361120 0.380404 -0.851402
vn 0.341229 0.420186 -0.840837
vn -0.139609 -0.246640 -0.958999
vn -0.066117 -0.150731 -0.986361
vn -0.098586 -0.249756 -0.963277
vn -0.079709 -0.314764 -0.945817
vn -0.039303 -0.474322 -0.879474
vn -0.090025 -0.137793 -0.986361
vn -0.180411 -0.243541 -0.952964
vn -0.111417 -0.121152 -0.986361
vn -0.219675 -0.239108 -0.945817
vn -0.240735 -0.200831 -0.949586
vn -0.220919 -0.240465 -0.945183
vn -0.129888 -0.101096 -0.986361
vn -0.260622 -0.161057 -0.951912
vn -0.144757 -0.078338 -0.986361
vn -0.280536 -0.121229 -0.952157
vn -0.153349 -0.059795 -0.986361
vn -0.307106 -0.105430 -0.945817
vn -0.155676 -0.053444 -0.986361
vn -0.162350 -0.027091 -0.986361
vn -0.299652 -0.161555 -0.940271
vn -0.450159 -0.154540 -0.879474
vn -0.320271 -0.053444 -0.945817
vn -0.469456 -0.078338 -0.879474
vn -0.324699 -0.000000 -0.945817
vn -0.418595 -0.226504 -0.879474
vn -0.318506 -0.201329 -0.926294
vn -0.379251 -0.243629 -0.892644
vn -0.337057 -0.240465 -0.910258
vn -0.420575 -0.246728 -0.873064
vn -0.460938 -0.249756 -0.851562
vn -0.429413 -0.277949 -0.859272
vn -0.397643 -0.306361 -0.864883
vn -0.365704 -0.334924 -0.868381
vn -0.374466 -0.378730 -0.846368
vn -0.382990 -0.421352 -0.822059
vn -0.391255 -0.462676 -0.795519
vn -0.355253 -0.442425 -0.823442
vn -0.318056 -0.421502 -0.849221
vn -0.279762 -0.399961 -0.872791
vn -0.242573 -0.421138 -0.873957
vn -0.205379 -0.442318 -0.873026
vn -0.168269 -0.463450 -0.870000
vn -0.176540 -0.424398 -0.888099
vn -0.116838 -0.461384 -0.879474
vn -0.184972 -0.384583 -0.904368
vn -0.130430 -0.297351 -0.945817
vn -0.193548 -0.344086 -0.918773
vn -0.162405 -0.313149 -0.935715
vn -0.130727 -0.281682 -0.950561
vn -0.398348 0.274915 -0.875066
vn -0.365704 0.245721 -0.897709
vn -0.418583 0.226526 -0.879474
vn -0.374171 0.203388 -0.904781
vn -0.382694 0.160772 -0.909779
vn -0.450159 0.154540 -0.879474
vn -0.139709 0.334013 -0.932157
vn -0.191186 0.435860 -0.879474
vn -0.280536 0.459416 -0.842755
vn -0.299112 0.420228 -0.856703
vn -0.317969 0.380449 -0.868421
vn -0.337057 0.340181 -0.877878
vn -0.180513 0.337112 -0.923997
vn -0.238526 0.411863 -0.879474
vn -0.261209 0.420761 -0.868752
vn -0.241319 0.380982 -0.892534
vn -0.220919 0.340181 -0.914042
vn -0.379214 0.337019 -0.861751
vn -0.420540 0.333919 -0.843590
vn -0.460938 0.330890 -0.823437
vn -0.430118 0.303327 -0.850289
vn -0.866025 0.000000 -0.500000
vn -0.915773 0.000000 -0.401695
vn -0.903283 0.150731 -0.401695
vn -0.969400 0.000000 -0.245485
vn -0.956179 0.159558 -0.245485
vn -0.996584 0.000000 -0.082579
vn -0.982992 0.164032 -0.082579
vn -0.996584 0.000000 0.082579
vn -0.982992 0.164032 0.082579
vn -0.969400 0.000000 0.245485
vn -0.956179 0.159558 0.245485
vn -0.915773 0.000000 0.401695
vn -0.903283 0.150731 0.401695
vn -0.866025 0.000000 0.500000
vn -0.825749 0.137793 0.546948
vn -0.837166 0.000000 0.546948
vn -0.735724 0.000000 0.677282
vn -0.725690 -0.121096 0.677282
vn -0.605836 -0.101096 0.789141
vn -0.580933 -0.199435 0.789141
vn -0.450159 -0.154540 0.879474
vn -0.418561 -0.226567 0.879474
vn -0.285554 -0.154559 0.945817
vn -0.256234 -0.199435 0.945817
vn -0.129888 -0.101096 0.986361
vn -0.111477 -0.121096 0.986361
vn -0.000000 -0.000000 1.000000
vn -0.837166 -0.000000 -0.546948
vn -0.825749 -0.137793 -0.546948
vn -0.903283 -0.150731 0.401695
vn -0.956179 -0.159558 0.245485
vn -0.982992 -0.164032 0.082579
vn -0.982992 -0.164032 -0.082579
vn -0.956179 -0.159558 -0.245485
vn -0.903283 -0.150731 -0.401695
vn -0.162350 0.027091 0.986361
vn -0.155676 0.053444 0.986361
vn -0.144757 0.078338 0.986361
vn -0.129888 0.101096 0.986361
vn -0.111477 0.121096 0.986361
vn -0.090025 0.137793 0.986361
vn -0.066117 0.150731 0.986361
vn -0.040406 0.159558 0.986361
vn -0.013592 0.164032 0.986361
vn 0.013592 0.164032 0.986361
vn 0.040406 0.159558 0.986361
vn 0.066117 0.150731 0.986361
vn 0.090025 0.137793 0.986361
vn 0.111477 0.121096 0.986361
vn 0.129888 0.101096 0.986361
vn 0.144757 0.078338 0.986361
vn 0.155676 0.053444 0.986361
vn 0.162350 0.027091 0.986361
vn 0.164595 0.000000 0.986361
vn 0.162350 -0.027091 0.986361
vn 0.155676 -0.053444 0.986361
vn 0.144757 -0.078338 0.986361
vn 0.129888 -0.101096 0.986361
vn 0.111483 -0.121091 0.986361
vn 0.090025 -0.137793 0.986361
vn 0.066117 -0.150731 0.986361
vn 0.040406 -0.159558 0.986361
vn 0.013592 -0.164032 0.986361
vn -0.013592 -0.164032 0.986361
vn -0.040406 -0.159558 0.986361
vn -0.066117 -0.150731 0.986361
vn -0.090025 -0.137793 0.986361
vn -0.144754 -0.078343 0.986361
vn -0.155676 -0.053444 0.986361
vn -0.162350 -0.027091 0.986361
vn -0.164595 -0.000000 0.986361
vn 0.129888 -0.101096 -0.986361
vn 0.144757 -0.078338 -0.986361
vn 0.155676 -0.053444 -0.986361
vn 0.162350 0.027091 -0.986361
vn 0.090025 0.137793 -0.986361
vn 0.066117 0.150731 -0.986361
vn 0.040406 0.159558 -0.986361
vn 0.013592 0.164032 -0.986361
vn -0.013592 0.164032 -0.986361
vn -0.040406 0.159558 -0.986361
vn -0.155676 0.053444 -0.986361
vn -0.162350 0.027091 -0.986361
vn -0.164595 0.000000 -0.986361
vn -0.825749 0.137793 -0.546948
vn -0.791806 0.271828 -0.546948
vn -0.736266 0.398447 -0.546948
vn -0.660642 0.514198 -0.546948
vn -0.566997 0.615923 -0.546948
vn -0.457887 0.700848 -0.546948
vn -0.336286 0.766655 -0.546948
vn -0.205512 0.811549 -0.546948
vn -0.069133 0.834307 -0.546948
vn 0.069133 0.834307 -0.546948
vn 0.205512 0.811549 -0.546948
vn 0.336286 0.766655 -0.546948
vn 0.457887 0.700848 -0.546948
vn 0.566997 0.615923 -0.546948
vn 0.660642 0.514198 -0.546948
vn 0.736266 0.398447 -0.546948
vn 0.791806 0.271828 -0.546948
vn 0.825749 0.137793 -0.546948
vn 0.837166 0.000000 -0.546948
vn 0.825749 -0.137793 -0.546948
vn 0.791806 -0.271828 -0.546948
vn 0.736266 -0.398447 -0.546948
vn 0.660642 -0.514198 -0.546948
vn 0.567391 -0.615561 -0.546948
vn 0.457887 -0.700848 -0.546948
vn 0.336286 -0.766655 -0.546948
vn 0.205512 -0.811549 -0.546948
vn 0.069133 -0.834307 -0.546948
vn -0.069133 -0.834307 -0.546948
vn -0.205512 -0.811549 -0.546948
vn -0.336286 -0.766655 -0.546948
vn -0.457887 -0.700848 -0.546948
vn -0.566997 -0.615923 -0.546948
vn -0.660642 -0.514198 -0.546948
vn -0.736095 -0.398763 -0.546948
vn -0.791806 -0.271828 -0.546948
vn -0.866154 0.297351 -0.401695
vn -0.805399 0.435860 -0.401695
vn -0.722674 0.562480 -0.401695
vn -0.620236 0.673756 -0.401695
vn -0.500881 0.766655 -0.401695
vn -0.367862 0.838641 -0.401695
vn -0.224809 0.887751 -0.401695
vn -0.075624 0.912645 -0.401695
vn 0.075624 0.912645 -0.401695
vn 0.224809 0.887751 -0.401695
vn 0.367862 0.838641 -0.401695
vn 0.500881 0.766655 -0.401695
vn 0.620236 0.673756 -0.401695
vn 0.722674 0.562480 -0.401695
vn 0.805399 0.435860 -0.401695
vn 0.866154 0.297351 -0.401695
vn 0.903283 0.150731 -0.401695
vn 0.915773 0.000000 -0.401695
vn 0.903283 -0.150731 -0.401695
vn 0.866154 -0.297351 -0.401695
vn 0.805399 -0.435860 -0.401695
vn 0.722674 -0.562480 -0.401695
vn 0.620634 -0.673390 -0.401695
vn 0.500881 -0.766655 -0.401695
vn 0.367862 -0.838641 -0.401695
vn 0.224809 -0.887751 -0.401695
vn 0.075624 -0.912645 -0.401695
vn -0.075624 -0.912645 -0.401695
vn -0.224809 -0.887751 -0.401695
vn -0.367862 -0.838641 -0.401695
vn -0.500881 -0.766655 -0.401695
vn -0.620236 -0.673756 -0.401695
vn -0.722674 -0.562480 -0.401695
vn -0.805226 -0.436179 -0.401695
vn -0.866154 -0.297351 -0.401695
vn -0.825749 -0.137793 0.546948
vn -0.791806 -0.271828 0.546948
vn -0.866154 -0.297351 0.401695
vn -0.736187 -0.398593 0.546948
vn -0.805298 -0.436046 0.401695
vn -0.660642 -0.514198 0.546948
vn -0.722674 -0.562480 0.401695
vn -0.566997 -0.615923 0.546948
vn -0.620236 -0.673756 0.401695
vn -0.457887 -0.700848 0.546948
vn -0.500881 -0.766655 0.401695
vn -0.336286 -0.766655 0.546948
vn -0.367862 -0.838641 0.401695
vn -0.205512 -0.811549 0.546948
vn -0.224809 -0.887751 0.401695
vn -0.069133 -0.834307 0.546948
vn -0.075624 -0.912645 0.401695
vn 0.069133 -0.834307 0.546948
vn 0.075624 -0.912645 0.401695
vn 0.205512 -0.811549 0.546948
vn 0.224809 -0.887751 0.401695
vn 0.336286 -0.766655 0.546948
vn 0.367862 -0.838641 0.401695
vn 0.457887 -0.700848 0.546948
vn 0.500881 -0.766655 0.401695
vn 0.567179 -0.615756 0.546948
vn 0.620468 -0.673543 0.401695
vn 0.660642 -0.514198 0.546948
vn 0.722674 -0.562480 0.401695
vn 0.736266 -0.398447 0.546948
vn 0.805399 -0.435860 0.401695
vn 0.791806 -0.271828 0.546948
vn 0.866154 -0.297351 0.401695
vn 0.825749 -0.137793 0.546948
vn 0.903283 -0.150731 0.401695
vn 0.837166 0.000000 0.546948
vn 0.915773 0.000000 0.401695
vn 0.825749 0.137793 0.546948
vn 0.903283 0.150731 0.401695
vn 0.791806 0.271828 0.546948
vn 0.866154 0.297351 0.401695
vn 0.736266 0.398447 0.546948
vn 0.805399 0.435860 0.401695
vn 0.660642 0.514198 0.546948
vn 0.722674 0.562480 0.401695
vn 0.566997 0.615923 0.546948
vn 0.620236 0.673756 0.401695
vn 0.457887 0.700848 0.546948
vn 0.500881 0.766655 0.401695
vn 0.336286 0.766655 0.546948
vn 0.367862 0.838641 0.401695
vn 0.205512 0.811549 0.546948
vn 0.224809 0.887751 0.401695
vn 0.069133 0.834307 0.546948
vn 0.075624 0.912645 0.401695
vn -0.069133 0.834307 0.546948
vn -0.075624 0.912645 0.401695
vn -0.205512 0.811549 0.546948
vn -0.224809 0.887751 0.401695
vn -0.336286 0.766655 0.546948
vn -0.367862 0.838641 0.401695
vn -0.457887 0.700848 0.546948
vn -0.500881 0.766655 0.401695
vn -0.566997 0.615923 0.546948
vn -0.620236 0.673756 0.401695
vn -0.660642 0.514198 0.546948
vn -0.722674 0.562480 0.401695
vn -0.736266 0.398447 0.546948
vn -0.805399 0.435860 0.401695
vn -0.791806 0.271828 0.546948
vn -0.866154 0.297351 0.401695
vn -0.614213 0.000000 0.789141
vn -0.725690 0.121096 0.677282
vn -0.605836 0.101096 0.789141
vn -0.695860 0.238889 0.677282
vn -0.580933 0.199435 0.789141
vn -0.647050 0.350166 0.677282
vn -0.540184 0.292333 0.789141
vn -0.580590 0.451891 0.677282
vn -0.484700 0.377257 0.789141
vn -0.498292 0.541290 0.677282
vn -0.415995 0.451891 0.789141
vn -0.402403 0.615923 0.677282
vn -0.335943 0.514198 0.789141
vn -0.295537 0.673756 0.677282
vn -0.246726 0.562480 0.789141
vn -0.180610 0.713211 0.677282
vn -0.150780 0.595418 0.789141
vn -0.060756 0.733211 0.677282
vn -0.050721 0.612115 0.789141
vn 0.060756 0.733211 0.677282
vn 0.050721 0.612115 0.789141
vn 0.180610 0.713211 0.677282
vn 0.150780 0.595418 0.789141
vn 0.295537 0.673756 0.677282
vn 0.246726 0.562480 0.789141
vn 0.402403 0.615923 0.677282
vn 0.335943 0.514198 0.789141
vn 0.498292 0.541290 0.677282
vn 0.415995 0.451891 0.789141
vn 0.580590 0.451891 0.677282
vn 0.484700 0.377257 0.789141
vn 0.647050 0.350166 0.677282
vn 0.540184 0.292333 0.789141
vn 0.695860 0.238889 0.677282
vn 0.580933 0.199435 0.789141
vn 0.725690 0.121096 0.677282
vn 0.605836 0.101096 0.789141
vn 0.735724 0.000000 0.677282
vn 0.614213 0.000000 0.789141
vn 0.725690 -0.121096 0.677282
vn 0.605836 -0.101096 0.789141
vn 0.695860 -0.238889 0.677282
vn 0.580933 -0.199435 0.789141
vn 0.647050 -0.350166 0.677282
vn 0.540184 -0.292333 0.789141
vn 0.580590 -0.451891 0.677282
vn 0.484700 -0.377257 0.789141
vn 0.498425 -0.541167 0.677282
vn 0.416084 -0.451809 0.789141
vn 0.402403 -0.615923 0.677282
vn 0.335943 -0.514198 0.789141
vn 0.295537 -0.673756 0.677282
vn 0.246726 -0.562480 0.789141
vn 0.180610 -0.713211 0.677282
vn 0.150780 -0.595418 0.789141
vn 0.060756 -0.733211 0.677282
vn 0.050721 -0.612115 0.789141
vn -0.060756 -0.733211 0.677282
vn -0.050721 -0.612115 0.789141
vn -0.180610 -0.713211 0.677282
vn -0.150780 -0.595418 0.789141
vn -0.295537 -0.673756 0.677282
vn -0.246726 -0.562480 0.789141
vn -0.402403 -0.615923 0.677282
vn -0.335943 -0.514198 0.789141
vn -0.498292 -0.541290 0.677282
vn -0.415995 -0.451891 0.789141
vn -0.580590 -0.451891 0.677282
vn -0.484700 -0.377257 0.789141
vn -0.646992 -0.350273 0.677282
vn -0.540145 -0.292404 0.789141
vn -0.695860 -0.238889 0.677282
vn -0.475947 0.000000 0.879474
vn -0.469456 0.078338 0.879474
vn -0.450159 0.154540 0.879474
vn -0.418583 0.226526 0.879474
vn -0.375589 0.292333 0.879474
vn -0.322350 0.350166 0.879474
vn -0.260319 0.398447 0.879474
vn -0.191186 0.435860 0.879474
vn -0.116838 0.461384 0.879474
vn -0.039303 0.474322 0.879474
vn 0.039303 0.474322 0.879474
vn 0.116838 0.461384 0.879474
vn 0.191186 0.435860 0.879474
vn 0.260319 0.398447 0.879474
vn 0.322350 0.350166 0.879474
vn 0.375589 0.292333 0.879474
vn 0.418583 0.226526 0.879474
vn 0.450159 0.154540 0.879474
vn 0.469456 0.078338 0.879474
vn 0.475947 0.000000 0.879474
vn 0.469456 -0.078338 0.879474
vn 0.450159 -0.154540 0.879474
vn 0.418583 -0.226526 0.879474
vn 0.375589 -0.292333 0.879474
vn 0.322402 -0.350118 0.879474
vn 0.260319 -0.398447 0.879474
vn 0.191186 -0.435860 0.879474
vn 0.116838 -0.461384 0.879474
vn 0.039303 -0.474322 0.879474
vn -0.039303 -0.474322 0.879474
vn -0.116838 -0.461384 0.879474
vn -0.191186 -0.435860 0.879474
vn -0.260319 -0.398447 0.879474
vn -0.322350 -0.350166 0.879474
vn -0.375589 -0.292333 0.879474
vn -0.469456 -0.078338 0.879474
vn -0.320271 -0.053444 0.945817
vn -0.324699 -0.000000 0.945817
vn -0.320271 0.053444 0.945817
vn -0.307106 0.105430 0.945817
vn -0.285565 0.154540 0.945817
vn -0.256234 0.199435 0.945817
vn -0.219913 0.238889 0.945817
vn -0.177594 0.271828 0.945817
vn -0.130430 0.297351 0.945817
vn -0.079709 0.314764 0.945817
vn -0.026813 0.323590 0.945817
vn 0.026813 0.323590 0.945817
vn 0.079709 0.314764 0.945817
vn 0.130430 0.297351 0.945817
vn 0.177594 0.271828 0.945817
vn 0.219913 0.238889 0.945817
vn 0.256234 0.199435 0.945817
vn 0.285565 0.154540 0.945817
vn 0.307106 0.105430 0.945817
vn 0.320271 0.053444 0.945817
vn 0.324699 0.000000 0.945817
vn 0.320271 -0.053444 0.945817
vn 0.307106 -0.105430 0.945817
vn 0.285565 -0.154540 0.945817
vn 0.256234 -0.199435 0.945817
vn 0.219936 -0.238868 0.945817
vn 0.177594 -0.271828 0.945817
vn 0.130430 -0.297351 0.945817
vn 0.079709 -0.314764 0.945817
vn 0.026813 -0.323590 0.945817
vn -0.026813 -0.323590 0.945817
vn -0.079709 -0.314764 0.945817
vn -0.130430 -0.297351 0.945817
vn -0.177594 -0.271828 0.945817
vn -0.219913 -0.238889 0.945817
vn 0.161305 0.032744 -0.986361
vn -0.043507 0.158740 -0.986361
vn 0.530212 -0.811549 0.245485
vn 0.656837 -0.712953 0.245485
vn 0.764993 -0.595418 0.245485
vn 0.852562 -0.461384 0.245485
vn 0.916875 -0.314764 0.245485
vn 0.956179 -0.159558 0.245485
vn 0.969400 0.000000 0.245485
vn 0.956179 0.159558 0.245485
vn 0.916875 0.314764 0.245485
vn 0.852562 0.461384 0.245485
vn 0.764993 0.595418 0.245485
vn 0.656557 0.713211 0.245485
vn 0.530212 0.811549 0.245485
vn 0.389404 0.887751 0.245485
vn 0.237974 0.939737 0.245485
vn 0.080052 0.966089 0.245485
vn -0.080052 0.966089 0.245485
vn -0.237974 0.939737 0.245485
vn -0.389404 0.887751 0.245485
vn -0.530212 0.811549 0.245485
vn -0.656557 0.713211 0.245485
vn -0.764993 0.595418 0.245485
vn -0.852562 0.461384 0.245485
vn -0.916875 0.314764 0.245485
vn 0.545080 -0.834307 0.082579
vn 0.675293 -0.732912 0.082579
vn 0.786445 -0.612115 0.082579
vn 0.876470 -0.474322 0.082579
vn 0.942587 -0.323590 0.082579
vn 0.982992 -0.164032 0.082579
vn 0.996584 0.000000 0.082579
vn 0.982992 0.164032 0.082579
vn 0.942587 0.323590 0.082579
vn 0.876470 0.474322 0.082579
vn 0.786445 0.612115 0.082579
vn 0.674968 0.733211 0.082579
vn 0.545080 0.834307 0.082579
vn 0.400323 0.912645 0.082579
vn 0.244647 0.966089 0.082579
vn 0.082297 0.993181 0.082579
vn -0.082297 0.993181 0.082579
vn -0.244647 0.966089 0.082579
vn -0.400323 0.912645 0.082579
vn -0.545080 0.834307 0.082579
vn -0.674968 0.733211 0.082579
vn -0.786445 0.612115 0.082579
vn -0.876470 0.474322 0.082579
vn -0.942587 0.323590 0.082579
vn 0.389404 -0.887751 0.245485
vn 0.237974 -0.939737 0.245485
vn 0.080052 -0.966089 0.245485
vn -0.080052 -0.966089 0.245485
vn -0.237974 -0.939737 0.245485
vn -0.389404 -0.887751 0.245485
vn -0.530212 -0.811549 0.245485
vn -0.656557 -0.713211 0.245485
vn -0.764993 -0.595418 0.245485
vn -0.852440 -0.461609 0.245485
vn -0.916875 -0.314764 0.245485
vn 0.545080 -0.834307 -0.082579
vn 0.675329 -0.732879 -0.082579
vn 0.786445 -0.612115 -0.082579
vn 0.876470 -0.474322 -0.082579
vn 0.942587 -0.323590 -0.082579
vn 0.982992 -0.164032 -0.082579
vn 0.996584 0.000000 -0.082579
vn 0.982992 0.164032 -0.082579
vn 0.942587 0.323590 -0.082579
vn 0.876470 0.474322 -0.082579
vn 0.786445 0.612115 -0.082579
vn 0.674968 0.733211 -0.082579
vn 0.545080 0.834307 -0.082579
vn 0.400323 0.912645 -0.082579
vn 0.244647 0.966089 -0.082579
vn 0.082297 0.993181 -0.082579
vn -0.082297 0.993181 -0.082579
vn -0.244647 0.966089 -0.082579
vn -0.400323 0.912645 -0.082579
vn -0.545080 0.834307 -0.082579
vn -0.674968 0.733211 -0.082579
vn -0.786445 0.612115 -0.082579
vn -0.876470 0.474322 -0.082579
vn -0.942587 0.323590 -0.082579
vn 0.400323 -0.912645 0.082579
vn 0.244647 -0.966089 0.082579
vn 0.082297 -0.993181 0.082579
vn -0.082297 -0.993181 0.082579
vn -0.244647 -0.966089 0.082579
vn -0.400323 -0.912645 0.082579
vn -0.545080 -0.834307 0.082579
vn -0.674968 -0.733211 0.082579
vn -0.786445 -0.612115 0.082579
vn -0.876329 -0.474582 0.082579
vn -0.942587 -0.323590 0.082579
vn 0.530212 -0.811549 -0.245485
vn 0.656942 -0.712856 -0.245485
vn 0.764993 -0.595418 -0.245485
vn 0.852562 -0.461384 -0.245485
vn 0.916875 -0.314764 -0.245485
vn 0.956179 -0.159558 -0.245485
vn 0.969400 0.000000 -0.245485
vn 0.956179 0.159558 -0.245485
vn 0.916875 0.314764 -0.245485
vn 0.852562 0.461384 -0.245485
vn 0.764993 0.595418 -0.245485
vn 0.656557 0.713211 -0.245485
vn 0.530212 0.811549 -0.245485
vn 0.389404 0.887751 -0.245485
vn 0.237974 0.939737 -0.245485
vn 0.080052 0.966089 -0.245485
vn -0.080052 0.966089 -0.245485
vn -0.237974 0.939737 -0.245485
vn -0.389404 0.887751 -0.245485
vn -0.530212 0.811549 -0.245485
vn -0.656557 0.713211 -0.245485
vn -0.764993 0.595418 -0.245485
vn -0.852562 0.461384 -0.245485
vn -0.916875 0.314764 -0.245485
vn 0.400323 -0.912645 -0.082579
vn 0.244647 -0.966089 -0.082579
vn 0.082297 -0.993181 -0.082579
vn -0.082297 -0.993181 -0.082579
vn -0.244647 -0.966089 -0.082579
vn -0.400323 -0.912645 -0.082579
vn -0.545080 -0.834307 -0.082579
vn -0.674968 -0.733211 -0.082579
vn -0.786445 -0.612115 -0.082579
vn -0.876313 -0.474611 -0.082579
vn -0.942587 -0.323590 -0.082579
vn 0.389404 -0.887751 -0.245485
vn 0.237974 -0.939737 -0.245485
vn 0.080052 -0.966089 -0.245485
vn -0.080052 -0.966089 -0.245485
vn -0.237974 -0.939737 -0.245485
vn -0.389404 -0.887751 -0.245485
vn -0.530212 -0.811549 -0.245485
vn -0.656557 -0.713211 -0.245485
vn -0.764993 -0.595418 -0.245485
vn -0.852394 -0.461693 -0.245485
vn -0.916875 -0.314764 -0.245485
vn -0.307106 -0.105430 0.945817
f 81/241/241 82/242/242 86/243/243
f 86/243/243 82/242/242 85/244/244
f 85/244/244 82/242/242 83/245/245
f 85/244/244 83/245/245 84/246/246
f 87/247/247 88/248/248 90/249/249
f 90/249/249 88/248/248 89/250/250
f 90/249/249 89/250/250 86/251/251
f 86/251/251 89/250/250 81/252/252
f 91/253/253 92/254/254 94/255/255
f 94/255/255 92/254/254 90/256/256
f 90/256/256 92/254/254 93/257/257
f 90/256/256 93/257/257 87/258/258
f 95/259/259 96/260/260 98/261/261
f 98/261/261 96/260/260 94/262/262
f 94/262/262 96/260/260 97/263/263
f 94/262/262 97/263/263 91/264/264
f 99/265/265 100/266/266 102/267/267
f 102/267/267 100/266/266 98/268/268
f 98/268/268 100/266/266 101/269/269
f 98/268/268 101/269/269 95/270/270
f 103/271/271 104/272/272 108/273/273
f 108/273/273 104/272/272 105/274/274
f 108/273/273 105/274/274 106/275/275
f 106/275/275 107/276/276 108/273/273
f 106/277/277 109/278/278 107/279/279
f 107/279/279 109/278/278 112/280/280
f 112/280/280 109/278/278 110/281/281
f 112/280/280 110/281/281 111/282/282
f 111/283/283 113/284/284 112/285/285
f 112/285/285 113/284/284 114/286/286
f 112/285/285 114/286/286 115/287/287
f 116/288/288 117/289/289 102/290/290
f 102/290/290 117/289/289 118/291/291
f 102/290/290 118/291/291 99/292/292
f 84/293/293 119/294/294 85/295/295
f 85/295/295 119/294/294 120/296/296
f 85/295/295 120/296/296 108/297/297
f 108/297/297 120/296/296 103/298/298
f 112/299/299 115/300/300 102/301/301
f 102/301/301 115/300/300 121/302/302
f 102/301/301 121/302/302 122/303/303
f 122/303/303 116/304/304 102/301/301
f 98/305/305 94/306/306 102/301/301
f 102/301/301 94/306/306 112/299/299
f 90/307/307 86/308/308 94/306/306
f 94/306/306 86/308/308 112/299/299
f 85/309/309 108/310/310 86/308/308
f 86/308/308 108/310/310 112/299/299
f 108/310/310 107/311/311 112/299/299
f 123/312/312 124/313/313 128/314/314
f 128/314/314 124/313/313 127/315/315
f 127/315/315 124/313/313 125/316/316
f 127/315/315 125/316/316 126/317/317
f 129/318/318 130/319/319 132/320/320
f 132/320/320 130/319/319 128/321/321
f 128/321/321 130/319/319 131/322/322
f 128/321/321 131/322/322 123/323/323
f 133/324/324 134/325/325 136/326/326
f 136/326/326 134/325/325 132/327/327
f 132/327/327 134/325/325 135/328/328
f 132/327/327 135/328/328 129/329/329
f 137/330/330 138/331/331 140/332/332
f 140/332/332 138/331/331 139/333/333
f 140/332/332 139/333/333 136/334/334
f 136/334/334 139/333/333 133/335/335
f 141/336/336 142/337/337 144/338/338
f 144/338/338 142/337/337 140/339/339
f 140/339/339 142/337/337 143/340/340
f 140/339/339 143/340/340 137/341/341
f 145/342/342 146/343/343 148/344/344
f 148/344/344 146/343/343 147/345/345
f 148/344/344 147/345/345 141/346/346
f 141/346/346 144/347/347 148/344/344
f 126/348/348 149/349/349 127/350/350
f 127/350/350 149/349/349 152/351/351
f 152/351/351 149/349/349 150/352/352
f 152/351/351 150/352/352 151/353/353
f 151/354/354 153/355/355 152/356/356
f 152/356/356 153/355/355 154/357/357
f 152/356/356 154/357/357 156/358/358
f 156/358/358 154/357/357 155/359/359
f 155/360/360 157/361/361 156/362/362
f 156/362/362 157/361/361 158/363/363
f 156/362/362 158/363/363 160/364/364
f 160/364/364 158/363/363 159/365/365
f 159/366/366 161/367/367 160/368/368
f 160/368/368 161/367/367 162/369/369
f 160/368/368 162/369/369 148/370/370
f 148/370/370 162/369/369 145/371/371
f 160/372/372 148/373/373 156/374/374
f 156/374/374 148/373/373 132/375/375
f 156/374/374 132/375/375 127/376/376
f 127/376/376 132/375/375 128/377/377
f 144/378/378 140/379/379 148/373/373
f 148/373/373 140/379/379 132/375/375
f 140/379/379 136/380/380 132/375/375
f 127/376/376 152/381/381 156/374/374
f 163/382/382 164/383/383 168/384/384
f 168/384/384 164/383/383 167/385/385
f 167/385/385 164/383/383 165/386/386
f 167/385/385 165/386/386 166/387/387
f 169/388/388 170/389/389 172/390/390
f 172/390/390 170/389/389 171/391/391
f 172/390/390 171/391/391 168/392/392
f 168/392/392 171/391/391 163/393/393
f 173/394/394 174/395/395 176/396/396
f 176/396/396 174/395/395 172/397/397
f 172/397/397 174/395/395 175/398/398
f 172/397/397 175/398/398 169/399/399
f 177/400/400 178/401/401 180/402/402
f 180/402/402 178/401/401 179/403/403
f 180/402/402 179/403/403 176/404/404
f 176/404/404 179/403/403 173/405/405
f 181/406/406 182/407/407 184/408/408
f 184/408/408 182/407/407 183/409/409
f 184/408/408 183/409/409 180/410/410
f 180/410/410 183/409/409 177/411/411
f 185/412/412 186/413/413 188/414/414
f 188/414/414 186/413/413 184/415/415
f 184/415/415 186/413/413 187/416/416
f 184/415/415 187/416/416 181/417/417
f 166/418/418 189/419/419 167/420/420
f 167/420/420 189/419/419 190/421/421
f 167/420/420 190/421/421 192/422/422
f 192/422/422 190/421/421 191/423/423
f 191/424/424 193/425/425 192/426/426
f 192/426/426 193/425/425 196/427/427
f 196/427/427 193/425/425 194/428/428
f 196/427/427 194/428/428 195/429/429
f 195/430/430 197/431/431 196/432/432
f 196/432/432 197/431/431 200/433/433
f 200/433/433 197/431/431 198/434/434
f 200/433/433 198/434/434 199/435/435
f 199/436/436 201/437/437 200/438/438
f 200/438/438 201/437/437 202/439/439
f 200/438/438 202/439/439 188/440/440
f 188/440/440 202/439/439 185/441/441
f 200/442/442 188/443/443 196/444/444
f 196/444/444 188/443/443 180/445/445
f 196/444/444 180/445/445 167/446/446
f 167/446/446 180/445/445 172/447/447
f 167/446/446 172/447/447 168/448/448
f 188/443/443 184/449/449 180/445/445
f 180/445/445 176/450/450 172/447/447
f 167/446/446 192/451/451 196/444/444
f 203/452/452 204/453/453 208/454/454
f 208/454/454 204/453/453 207/455/455
f 207/455/455 204/453/453 205/456/456
f 207/455/455 205/456/456 206/457/457
f 209/458/458 210/459/459 212/460/460
f 212/460/460 210/459/459 208/461/461
f 208/461/461 210/459/459 211/462/462
f 208/461/461 211/462/462 203/463/463
f 213/464/464 214/465/465 216/466/466
f 216/466/466 214/465/465 215/467/467
f 216/466/466 215/467/467 212/468/468
f 212/468/468 215/467/467 209/469/469
f 217/470/470 218/471/471 220/472/472
f 220/472/472 218/471/471 216/473/473
f 216/473/473 218/471/471 219/474/474
f 216/473/473 219/474/474 213/475/475
f 221/476/476 222/477/477 224/478/478
f 224/478/478 222/477/477 223/479/479
f 224/478/478 223/479/479 220/480/480
f 220/480/480 223/479/479 217/481/481
f 225/482/482 226/483/483 228/484/484
f 228/484/484 226/483/483 227/485/485
f 228/484/484 227/485/485 224/486/486
f 224/486/486 227/485/485 221/487/487
f 206/488/488 229/489/489 207/490/490
f 207/490/490 229/489/489 232/491/491
f 232/491/491 229/489/489 230/492/492
f 232/491/491 230/492/492 231/493/493
f 231/494/494 233/495/495 232/496/496
f 232/496/496 233/495/495 236/497/497
f 236/497/497 233/495/495 234/498/498
f 236/497/497 234/498/498 235/499/499
f 235/500/500 237/501/501 236/502/502
f 236/502/502 237/501/501 238/503/503
f 236/502/502 238/503/503 240/504/504
f 240/504/504 238/503/503 239/505/505
f 239/506/506 241/507/507 240/508/508
f 240/508/508 241/507/507 242/509/509
f 240/508/508 242/509/509 228/510/510
f 228/510/510 242/509/509 225/511/511
f 228/512/512 224/513/513 240/514/514
f 240/514/514 224/513/513 232/515/515
f 240/514/514 232/515/515 236/516/516
f 220/517/517 216/518/518 224/513/513
f 224/513/513 216/518/518 232/515/515
f 212/519/519 208/520/520 216/518/518
f 216/518/518 208/520/520 232/515/515
f 208/520/520 207/521/521 232/515/515
usemtl Paint_-_Metallic_(Yellow)
f 100/522/522 99/523/523 281/524/524
f 281/524/524 99/523/523 118/525/525
f 281/524/524 118/525/525 117/526/526
f 117/526/526 116/527/527 281/524/524
f 281/524/524 116/527/527 280/528/528
f 281/524/524 280/528/528 370/529/529
f 370/529/529 280/528/528 369/530/530
f 370/529/529 369/530/530 881/531/531
f 881/531/531 369/530/530 880/532/532
f 881/531/531 880/532/532 898/533/533
f 898/533/533 880/532/532 897/534/534
f 898/533/533 897/534/534 916/535/535
f 916/535/535 897/534/534 915/536/536
f 916/535/535 915/536/536 521/537/537
f 521/537/537 915/536/536 522/538/538
f 521/537/537 522/538/538 550/539/539
f 550/539/539 522/538/538 549/540/540
f 550/539/539 549/540/540 622/541/541
f 622/541/541 549/540/540 623/542/542
f 622/541/541 623/542/542 607/543/543
f 607/543/543 623/542/542 608/544/544
f 607/543/543 608/544/544 592/545/545
f 592/545/545 608/544/544 593/546/546
f 592/545/545 593/546/546 577/547/547
f 577/547/547 593/546/546 578/548/548
f 577/547/547 578/548/548 571/549/549
f 571/549/549 578/548/548 570/550/550
f 571/549/549 570/550/550 780/551/551
f 780/551/551 570/550/550 781/552/552
f 780/551/551 781/552/552 250/553/553
f 250/553/553 781/552/552 251/554/554
f 250/555/553 251/556/554 687/557/555
f 687/557/555 251/556/554 688/558/556
f 687/557/555 688/558/556 669/559/557
f 669/559/557 688/558/556 670/560/558
f 669/559/557 670/560/558 638/561/559
f 638/561/559 670/560/558 639/562/560
f 638/561/559 639/562/560 667/563/561
f 667/563/561 639/562/560 666/564/562
f 667/563/561 666/564/562 762/565/563
f 762/565/563 666/564/562 763/566/564
f 762/565/563 763/566/564 747/567/565
f 747/567/565 763/566/564 748/568/566
f 747/567/565 748/568/566 731/569/567
f 731/569/567 748/568/566 732/570/568
f 731/569/567 732/570/568 726/571/569
f 726/571/569 732/570/568 725/572/570
f 726/571/569 725/572/570 809/573/571
f 809/573/571 725/572/570 808/574/572
f 809/573/571 808/574/572 827/575/573
f 827/575/573 808/574/572 826/576/574
f 827/575/573 826/576/574 425/577/575
f 425/577/575 826/576/574 426/578/576
f 425/577/575 426/578/576 376/579/577
f 376/579/577 426/578/576 408/580/578
f 376/579/577 408/580/578 375/581/579
f 375/581/579 408/580/578 377/582/580
f 375/581/579 377/582/580 405/583/581
f 405/583/581 377/582/580 404/584/582
f 405/583/581 404/584/582 502/585/583
f 502/585/583 404/584/582 503/586/584
f 502/585/583 503/586/584 487/587/585
f 487/587/585 503/586/584 488/588/586
f 487/587/585 488/588/586 471/589/587
f 471/589/587 488/588/586 472/590/588
f 471/589/587 472/590/588 464/591/589
f 464/591/589 472/590/588 463/592/590
f 464/591/589 463/592/590 845/593/591
f 845/593/591 463/592/590 844/594/592
f 845/593/591 844/594/592 863/595/593
f 863/595/593 844/594/592 862/596/594
f 863/595/593 862/596/594 331/597/595
f 331/597/595 862/596/594 332/598/596
f 331/597/595 332/598/596 311/599/597
f 311/599/597 332/598/596 312/600/598
f 311/599/597 312/600/598 296/601/599
f 296/601/599 312/600/598 297/602/600
f 296/601/599 297/602/600 115/603/601
f 115/603/601 297/602/600 282/604/602
f 115/603/601 282/604/602 121/605/603
f 121/605/603 282/604/602 122/606/604
f 122/606/604 282/604/602 116/527/527
f 116/527/527 282/604/602 280/528/528
f 115/603/601 114/607/605 296/601/599
f 296/601/599 114/607/605 113/608/606
f 296/601/599 113/608/606 111/609/607
f 111/609/607 110/610/608 296/601/599
f 296/601/599 110/610/608 109/611/609
f 296/601/599 109/611/609 311/599/597
f 311/599/597 109/611/609 106/612/610
f 311/599/597 106/612/610 331/597/595
f 331/597/595 106/612/610 330/613/611
f 331/597/595 330/613/611 863/595/593
f 863/595/593 330/613/611 864/614/612
f 863/595/593 864/614/612 845/593/591
f 845/593/591 864/614/612 846/615/613
f 845/593/591 846/615/613 464/591/589
f 464/591/589 846/615/613 465/616/614
f 464/591/589 465/616/614 471/589/587
f 471/589/587 465/616/614 470/617/615
f 471/589/587 470/617/615 487/587/585
f 487/587/585 470/617/615 486/618/616
f 487/587/585 486/618/616 135/619/617
f 135/619/617 486/618/616 129/620/618
f 129/620/618 486/618/616 130/621/619
f 130/621/619 486/618/616 470/617/615
f 130/621/619 470/617/615 131/622/620
f 131/622/620 470/617/615 123/623/621
f 123/623/621 470/617/615 465/616/614
f 123/623/621 465/616/614 466/624/622
f 466/624/622 465/616/614 847/625/623
f 466/624/622 847/625/623 848/626/624
f 848/626/624 847/625/623 866/627/625
f 848/626/624 866/627/625 243/628/626
f 106/612/610 105/629/627 330/613/611
f 330/613/611 105/629/627 346/630/628
f 330/613/611 346/630/628 119/631/629
f 119/631/629 346/630/628 120/632/630
f 120/632/630 346/630/628 103/633/631
f 103/633/631 346/630/628 104/634/632
f 104/634/632 346/630/628 105/629/627
f 119/631/629 84/635/633 330/613/611
f 330/613/611 84/635/633 329/636/634
f 330/613/611 329/636/634 864/614/612
f 864/614/612 329/636/634 865/637/635
f 864/614/612 865/637/635 846/615/613
f 846/615/613 865/637/635 847/625/623
f 846/615/613 847/625/623 465/616/614
f 329/636/634 84/635/633 326/638/636
f 326/638/636 84/635/633 83/639/637
f 326/638/636 83/639/637 82/640/638
f 326/638/636 82/640/638 347/641/639
f 347/641/639 82/640/638 81/642/640
f 347/641/639 81/642/640 349/643/641
f 349/643/641 81/642/640 89/644/642
f 349/643/641 89/644/642 88/645/643
f 87/646/644 351/647/645 88/645/643
f 88/645/643 351/647/645 350/648/646
f 88/645/643 350/648/646 349/643/641
f 349/643/641 350/648/646 347/641/639
f 93/649/647 352/650/648 87/646/644
f 87/646/644 352/650/648 353/651/649
f 87/646/644 353/651/649 355/652/650
f 355/652/650 353/651/649 373/653/651
f 355/652/650 373/653/651 374/654/652
f 374/654/652 373/653/651 883/655/653
f 374/654/652 883/655/653 243/656/626
f 352/650/648 93/649/647 97/657/654
f 97/657/654 93/649/647 92/658/655
f 97/657/654 92/658/655 91/659/656
f 352/650/648 97/657/654 353/651/649
f 353/651/649 97/657/654 96/660/657
f 353/651/649 96/660/657 354/661/658
f 354/661/658 96/660/657 95/662/659
f 354/661/658 95/662/659 371/663/660
f 371/663/660 95/662/659 372/664/661
f 371/663/660 372/664/661 882/665/662
f 882/665/662 372/664/661 900/666/663
f 882/665/662 900/666/663 901/667/664
f 901/667/664 900/666/663 919/668/665
f 901/667/664 919/668/665 243/669/626
f 101/670/666 370/529/529 95/662/659
f 95/662/659 370/529/529 881/531/531
f 95/662/659 881/531/531 372/664/661
f 372/664/661 881/531/531 899/671/667
f 372/664/661 899/671/667 900/666/663
f 900/666/663 899/671/667 918/672/668
f 900/666/663 918/672/668 919/668/665
f 919/668/665 918/672/668 518/673/669
f 919/668/665 518/673/669 243/674/626
f 370/529/529 101/670/666 281/524/524
f 281/524/524 101/670/666 100/522/522
f 147/675/670 406/676/671 141/677/672
f 141/677/672 406/676/671 376/579/577
f 141/677/672 376/579/577 375/581/579
f 147/675/670 146/678/673 406/676/671
f 406/676/671 146/678/673 162/679/674
f 406/676/671 162/679/674 161/680/675
f 146/678/673 145/681/676 162/679/674
f 406/676/671 161/680/675 407/682/677
f 407/682/677 161/680/675 159/683/678
f 407/682/677 159/683/678 424/684/679
f 424/684/679 159/683/678 423/685/680
f 424/684/679 423/685/680 828/686/681
f 828/686/681 423/685/680 829/687/682
f 828/686/681 829/687/682 810/688/683
f 810/688/683 829/687/682 811/689/684
f 810/688/683 811/689/684 727/690/685
f 727/690/685 811/689/684 728/691/686
f 727/690/685 728/691/686 206/692/687
f 206/692/687 728/691/686 710/693/688
f 206/692/687 710/693/688 229/694/689
f 229/694/689 710/693/688 709/695/690
f 229/694/689 709/695/690 230/696/691
f 230/696/691 709/695/690 708/697/692
f 230/696/691 708/697/692 231/698/693
f 231/698/693 708/697/692 707/699/694
f 231/698/693 707/699/694 233/700/695
f 233/700/695 707/699/694 234/701/696
f 234/701/696 707/699/694 706/702/697
f 234/701/696 706/702/697 235/703/698
f 235/703/698 706/702/697 705/704/699
f 235/703/698 705/704/699 237/705/700
f 237/705/700 705/704/699 704/706/701
f 237/705/700 704/706/701 238/707/702
f 238/707/702 704/706/701 239/708/703
f 239/708/703 704/706/701 241/709/704
f 241/709/704 704/706/701 702/710/705
f 241/709/704 702/710/705 242/711/706
f 242/711/706 702/710/705 225/712/707
f 225/712/707 702/710/705 685/713/708
f 225/712/707 685/713/708 686/714/709
f 686/714/709 685/713/708 249/715/710
f 686/714/709 249/715/710 250/555/553
f 250/553/553 249/716/710 780/551/551
f 423/685/680 159/683/678 440/717/711
f 440/717/711 159/683/678 158/718/712
f 440/717/711 158/718/712 442/719/713
f 442/719/713 158/718/712 157/720/714
f 442/719/713 157/720/714 444/721/715
f 444/721/715 157/720/714 155/722/716
f 444/721/715 155/722/716 154/723/717
f 153/724/718 446/725/719 154/723/717
f 154/723/717 446/725/719 445/726/720
f 154/723/717 445/726/720 444/721/715
f 444/721/715 445/726/720 442/719/713
f 153/724/718 151/727/721 446/725/719
f 446/725/719 151/727/721 447/728/722
f 446/725/719 447/728/722 243/729/626
f 150/730/723 449/731/724 151/727/721
f 151/727/721 449/731/724 448/732/725
f 151/727/721 448/732/725 447/728/722
f 447/728/722 448/732/725 243/733/626
f 149/734/726 266/735/727 150/730/723
f 150/730/723 266/735/727 265/736/728
f 150/730/723 265/736/728 449/731/724
f 449/731/724 265/736/728 125/737/729
f 449/731/724 125/737/729 124/738/730
f 149/734/726 126/739/731 266/735/727
f 266/735/727 126/739/731 265/736/728
f 126/739/731 125/737/729 265/736/728
f 449/731/724 124/738/730 469/740/732
f 469/740/732 124/738/730 123/623/621
f 469/740/732 123/623/621 466/624/622
f 135/619/617 134/741/733 487/587/585
f 487/587/585 134/741/733 133/742/734
f 487/587/585 133/742/734 502/585/583
f 502/585/583 133/742/734 139/743/735
f 502/585/583 139/743/735 138/744/736
f 502/585/583 138/744/736 405/583/581
f 405/583/581 138/744/736 137/745/737
f 405/583/581 137/745/737 143/746/738
f 143/746/738 142/747/739 405/583/581
f 405/583/581 142/747/739 141/677/672
f 405/583/581 141/677/672 375/581/579
f 187/748/740 517/749/741 181/750/742
f 181/750/742 517/749/741 518/673/669
f 181/750/742 518/673/669 519/751/743
f 519/751/743 518/673/669 918/672/668
f 519/751/743 918/672/668 917/752/744
f 917/752/744 918/672/668 899/671/667
f 917/752/744 899/671/667 898/533/533
f 898/533/533 899/671/667 881/531/531
f 517/749/741 187/748/740 552/753/745
f 552/753/745 187/748/740 186/754/746
f 552/753/745 186/754/746 554/755/747
f 554/755/747 186/754/746 553/756/748
f 554/755/747 553/756/748 202/757/749
f 202/757/749 553/756/748 185/758/750
f 185/758/750 553/756/748 186/754/746
f 554/755/747 202/757/749 555/759/751
f 555/759/751 202/757/749 201/760/752
f 555/759/751 201/760/752 556/761/753
f 556/761/753 201/760/752 199/762/754
f 556/761/753 199/762/754 575/763/755
f 575/763/755 199/762/754 573/764/756
f 575/763/755 573/764/756 574/765/757
f 574/765/757 573/764/756 777/766/758
f 574/765/757 777/766/758 243/767/626
f 199/762/754 198/768/759 573/764/756
f 573/764/756 198/768/759 572/769/760
f 573/764/756 572/769/760 778/770/761
f 778/770/761 572/769/760 779/771/762
f 778/770/761 779/771/762 248/772/763
f 248/772/763 779/771/762 249/716/710
f 248/773/763 249/715/710 685/713/708
f 572/769/760 198/768/759 576/774/764
f 576/774/764 198/768/759 197/775/765
f 576/774/764 197/775/765 194/776/766
f 194/776/766 197/775/765 195/777/767
f 194/776/766 193/778/768 576/774/764
f 576/774/764 193/778/768 191/779/769
f 576/774/764 191/779/769 572/769/760
f 572/769/760 191/779/769 571/549/549
f 572/769/760 571/549/549 779/771/762
f 779/771/762 571/549/549 780/551/551
f 779/771/762 780/551/551 249/716/710
f 571/549/549 191/779/769 577/547/547
f 577/547/547 191/779/769 190/780/770
f 577/547/547 190/780/770 592/545/545
f 592/545/545 190/780/770 189/781/771
f 592/545/545 189/781/771 166/782/772
f 166/782/772 165/783/773 592/545/545
f 592/545/545 165/783/773 607/543/543
f 165/783/773 164/784/774 607/543/543
f 607/543/543 164/784/774 163/785/775
f 607/543/543 163/785/775 622/541/541
f 622/541/541 163/785/775 171/786/776
f 622/541/541 171/786/776 170/787/777
f 170/787/777 169/788/778 622/541/541
f 622/541/541 169/788/778 175/789/779
f 622/541/541 175/789/779 550/539/539
f 550/539/539 175/789/779 174/790/780
f 550/539/539 174/790/780 173/791/781
f 179/792/782 520/793/783 173/791/781
f 173/791/781 520/793/783 521/537/537
f 173/791/781 521/537/537 550/539/539
f 178/794/784 551/795/785 179/792/782
f 179/792/782 551/795/785 519/751/743
f 179/792/782 519/751/743 520/793/783
f 520/793/783 519/751/743 917/752/744
f 520/793/783 917/752/744 916/535/535
f 916/535/535 917/752/744 898/533/533
f 177/796/786 183/797/787 178/794/784
f 178/794/784 183/797/787 551/795/785
f 183/797/787 182/798/788 551/795/785
f 551/795/785 182/798/788 181/750/742
f 551/795/785 181/750/742 519/751/743
f 222/799/789 221/800/790 637/801/791
f 637/801/791 221/800/790 227/802/792
f 637/801/791 227/802/792 226/803/793
f 637/801/791 226/803/793 668/804/794
f 668/804/794 226/803/793 225/712/707
f 668/804/794 225/712/707 686/714/709
f 206/692/687 205/805/795 727/690/685
f 727/690/685 205/805/795 730/806/796
f 727/690/685 730/806/796 731/569/567
f 731/569/567 730/806/796 209/807/797
f 731/569/567 209/807/797 747/567/565
f 747/567/565 209/807/797 215/808/798
f 747/567/565 215/808/798 762/565/563
f 762/565/563 215/808/798 214/809/799
f 762/565/563 214/809/799 213/810/800
f 205/805/795 204/811/801 730/806/796
f 730/806/796 204/811/801 746/812/802
f 730/806/796 746/812/802 209/807/797
f 209/807/797 746/812/802 210/813/803
f 210/813/803 746/812/802 211/814/804
f 211/814/804 746/812/802 204/811/801
f 211/814/804 204/811/801 203/815/805
f 213/810/800 219/816/806 762/565/563
f 762/565/563 219/816/806 218/817/807
f 762/565/563 218/817/807 667/563/561
f 667/563/561 218/817/807 217/818/808
f 667/563/561 217/818/808 638/561/559
f 638/561/559 217/818/808 223/819/809
f 638/561/559 223/819/809 637/801/791
f 637/801/791 223/819/809 222/799/789
f 245/820/810 253/821/811 690/822/812
f 690/822/812 253/821/811 254/823/813
f 690/822/812 254/823/813 691/824/814
f 691/824/814 254/823/813 255/825/815
f 691/824/814 255/825/815 692/826/816
f 692/826/816 255/825/815 256/827/817
f 692/826/816 256/827/817 693/828/818
f 693/828/818 256/827/817 257/829/819
f 693/828/818 257/829/819 694/830/820
f 694/830/820 257/829/819 258/831/821
f 694/830/820 258/831/821 695/832/822
f 695/832/822 258/831/821 246/833/823
f 695/832/822 246/833/823 696/834/824
f 696/834/824 246/833/823 259/835/825
f 696/834/824 259/835/825 260/836/826
f 260/837/826 259/838/825 790/839/827
f 260/837/826 790/839/827 791/840/828
f 791/840/828 790/839/827 560/841/829
f 791/840/828 560/841/829 559/842/830
f 559/842/830 560/841/829 589/843/831
f 559/842/830 589/843/831 590/844/832
f 590/844/832 589/843/831 605/845/833
f 590/844/832 605/845/833 606/846/834
f 606/846/834 605/845/833 621/847/835
f 606/846/834 621/847/835 244/848/836
f 245/849/810 252/850/837 782/851/838
f 782/851/838 252/850/837 251/554/554
f 782/851/838 251/554/554 781/552/552
f 246/852/823 258/853/821 788/854/839
f 788/854/839 258/853/821 257/855/819
f 788/854/839 257/855/819 787/856/840
f 787/856/840 257/855/819 256/857/817
f 787/856/840 256/857/817 786/858/841
f 786/858/841 256/857/817 255/859/815
f 786/858/841 255/859/815 785/860/842
f 785/860/842 255/859/815 254/861/813
f 785/860/842 254/861/813 784/862/843
f 784/862/843 254/861/813 253/863/811
f 784/862/843 253/863/811 783/864/844
f 783/864/844 253/863/811 245/849/810
f 783/864/844 245/849/810 782/851/838
f 701/865/845 244/866/836 683/867/846
f 683/867/846 244/868/836 652/869/847
f 652/869/847 244/870/836 653/871/848
f 653/871/848 244/872/836 776/873/849
f 776/873/849 244/874/836 761/875/850
f 761/875/850 244/876/836 745/877/851
f 745/877/851 244/878/836 712/879/852
f 712/879/852 244/880/836 795/881/853
f 795/881/853 244/882/836 813/883/854
f 813/883/854 244/884/836 439/885/855
f 439/885/855 244/886/836 421/887/856
f 421/887/856 244/888/836 390/889/857
f 391/890/858 244/891/836 516/892/859
f 516/892/859 244/893/836 501/894/860
f 501/894/860 244/895/836 485/896/861
f 485/896/861 244/897/836 450/898/862
f 450/898/862 244/899/836 831/900/863
f 831/900/863 244/901/836 849/902/864
f 849/902/864 244/903/836 345/904/865
f 345/904/865 244/905/836 325/906/866
f 325/906/866 244/907/836 310/908/867
f 310/908/867 244/909/836 295/910/868
f 295/910/868 244/911/836 267/912/869
f 267/912/869 244/913/836 356/914/870
f 867/915/871 244/916/836 884/917/872
f 884/917/872 244/918/836 902/919/873
f 902/919/873 244/920/836 535/921/874
f 535/921/874 244/922/836 536/923/875
f 536/923/875 244/924/836 636/925/876
f 636/925/876 244/926/836 621/847/835
f 606/846/834 244/927/836 591/928/877
f 591/928/877 244/929/836 557/930/878
f 557/930/878 244/931/836 794/932/879
f 794/932/879 244/933/836 264/934/880
f 556/761/753 243/935/626 555/759/751
f 552/753/745 243/936/626 517/749/741
f 517/749/741 243/937/626 518/673/669
f 901/667/664 243/938/626 883/655/653
f 374/654/652 243/939/626 355/652/650
f 351/647/645 243/940/626 350/648/646
f 350/648/646 243/941/626 348/942/881
f 348/942/881 243/943/626 327/944/882
f 327/944/882 243/945/626 328/946/883
f 328/946/883 243/947/626 866/627/625
f 848/626/624 243/948/626 467/949/884
f 446/725/719 243/950/626 445/726/720
f 445/726/720 243/951/626 443/952/885
f 441/953/886 243/954/626 422/955/887
f 422/955/887 243/956/626 830/957/888
f 830/957/888 243/958/626 812/959/889
f 812/959/889 243/960/626 729/961/890
f 709/695/690 243/962/626 708/697/692
f 708/697/692 243/963/626 707/699/694
f 707/699/694 243/964/626 706/702/697
f 706/702/697 243/965/626 705/704/699
f 705/704/699 243/966/626 703/967/891
f 703/967/891 243/968/626 684/969/892
f 684/969/892 243/970/626 247/971/893
f 247/971/893 248/773/763 684/969/892
f 684/969/892 248/773/763 685/713/708
f 684/969/892 685/713/708 703/967/891
f 703/967/891 685/713/708 702/710/705
f 703/967/891 702/710/705 705/704/699
f 705/704/699 702/710/705 704/706/701
f 243/972/626 777/766/758 247/973/893
f 247/973/893 777/766/758 778/770/761
f 247/973/893 778/770/761 248/772/763
f 686/714/709 250/555/553 687/557/555
f 251/556/554 252/974/837 688/558/556
f 688/558/556 252/974/837 689/975/894
f 688/558/556 689/975/894 670/560/558
f 670/560/558 689/975/894 671/976/895
f 670/560/558 671/976/895 639/562/560
f 639/562/560 671/976/895 640/977/896
f 639/562/560 640/977/896 666/564/562
f 666/564/562 640/977/896 665/978/897
f 666/564/562 665/978/897 763/566/564
f 763/566/564 665/978/897 764/979/898
f 763/566/564 764/979/898 748/568/566
f 748/568/566 764/979/898 749/980/899
f 748/568/566 749/980/899 732/570/568
f 732/570/568 749/980/899 733/981/900
f 732/570/568 733/981/900 725/572/570
f 725/572/570 733/981/900 724/982/901
f 725/572/570 724/982/901 808/574/572
f 808/574/572 724/982/901 807/983/902
f 808/574/572 807/983/902 826/576/574
f 826/576/574 807/983/902 825/984/903
f 826/576/574 825/984/903 426/578/576
f 426/578/576 825/984/903 427/985/904
f 426/578/576 427/985/904 408/580/578
f 408/580/578 427/985/904 409/986/905
f 408/580/578 409/986/905 377/582/580
f 377/582/580 409/986/905 378/987/906
f 377/582/580 378/987/906 404/584/582
f 404/584/582 378/987/906 403/988/907
f 404/584/582 403/988/907 503/586/584
f 503/586/584 403/988/907 504/989/908
f 503/586/584 504/989/908 488/588/586
f 488/588/586 504/989/908 489/990/909
f 488/588/586 489/990/909 472/590/588
f 472/590/588 489/990/909 473/991/910
f 472/590/588 473/991/910 463/592/590
f 463/592/590 473/991/910 462/992/911
f 463/592/590 462/992/911 844/594/592
f 844/594/592 462/992/911 843/993/912
f 844/594/592 843/993/912 862/596/594
f 862/596/594 843/993/912 861/994/913
f 862/596/594 861/994/913 332/598/596
f 332/598/596 861/994/913 333/995/914
f 332/598/596 333/995/914 312/600/598
f 312/600/598 333/995/914 313/996/915
f 312/600/598 313/996/915 297/602/600
f 297/602/600 313/996/915 298/997/916
f 297/602/600 298/997/916 282/604/602
f 282/604/602 298/997/916 283/998/917
f 282/604/602 283/998/917 280/528/528
f 280/528/528 283/998/917 279/999/918
f 280/528/528 279/999/918 369/530/530
f 369/530/530 279/999/918 368/1000/919
f 369/530/530 368/1000/919 880/532/532
f 880/532/532 368/1000/919 879/1001/920
f 880/532/532 879/1001/920 897/534/534
f 897/534/534 879/1001/920 896/1002/921
f 897/534/534 896/1002/921 915/536/536
f 915/536/536 896/1002/921 914/1003/922
f 915/536/536 914/1003/922 522/538/538
f 522/538/538 914/1003/922 523/1004/923
f 522/538/538 523/1004/923 549/540/540
f 549/540/540 523/1004/923 548/1005/924
f 549/540/540 548/1005/924 623/542/542
f 623/542/542 548/1005/924 624/1006/925
f 623/542/542 624/1006/925 608/544/544
f 608/544/544 624/1006/925 609/1007/926
f 608/544/544 609/1007/926 593/546/546
f 593/546/546 609/1007/926 594/1008/927
f 593/546/546 594/1008/927 578/548/548
f 578/548/548 594/1008/927 579/1009/928
f 578/548/548 579/1009/928 570/550/550
f 570/550/550 579/1009/928 569/1010/929
f 570/550/550 569/1010/929 781/552/552
f 781/552/552 569/1010/929 782/851/838
f 252/974/837 245/820/810 689/975/894
f 689/975/894 245/820/810 690/822/812
f 689/975/894 690/822/812 671/976/895
f 671/976/895 690/822/812 672/1011/930
f 671/976/895 672/1011/930 640/977/896
f 640/977/896 672/1011/930 641/1012/931
f 640/977/896 641/1012/931 665/978/897
f 665/978/897 641/1012/931 664/1013/932
f 665/978/897 664/1013/932 764/979/898
f 764/979/898 664/1013/932 765/1014/933
f 764/979/898 765/1014/933 749/980/899
f 749/980/899 765/1014/933 750/1015/934
f 749/980/899 750/1015/934 733/981/900
f 733/981/900 750/1015/934 734/1016/935
f 733/981/900 734/1016/935 724/982/901
f 724/982/901 734/1016/935 723/1017/936
f 724/982/901 723/1017/936 807/983/902
f 807/983/902 723/1017/936 806/1018/937
f 807/983/902 806/1018/937 825/984/903
f 825/984/903 806/1018/937 824/1019/938
f 825/984/903 824/1019/938 427/985/904
f 427/985/904 824/1019/938 428/1020/939
f 427/985/904 428/1020/939 409/986/905
f 409/986/905 428/1020/939 410/1021/940
f 409/986/905 410/1021/940 378/987/906
f 378/987/906 410/1021/940 379/1022/941
f 378/987/906 379/1022/941 403/988/907
f 403/988/907 379/1022/941 402/1023/942
f 403/988/907 402/1023/942 504/989/908
f 504/989/908 402/1023/942 505/1024/943
f 504/989/908 505/1024/943 489/990/909
f 489/990/909 505/1024/943 490/1025/944
f 489/990/909 490/1025/944 473/991/910
f 473/991/910 490/1025/944 474/1026/945
f 473/991/910 474/1026/945 462/992/911
f 462/992/911 474/1026/945 461/1027/946
f 462/992/911 461/1027/946 843/993/912
f 843/993/912 461/1027/946 842/1028/947
f 843/993/912 842/1028/947 861/994/913
f 861/994/913 842/1028/947 860/1029/948
f 861/994/913 860/1029/948 333/995/914
f 333/995/914 860/1029/948 334/1030/949
f 333/995/914 334/1030/949 313/996/915
f 313/996/915 334/1030/949 314/1031/950
f 313/996/915 314/1031/950 298/997/916
f 298/997/916 314/1031/950 299/1032/951
f 298/997/916 299/1032/951 283/998/917
f 283/998/917 299/1032/951 284/1033/952
f 283/998/917 284/1033/952 279/999/918
f 279/999/918 284/1033/952 278/1034/953
f 279/999/918 278/1034/953 368/1000/919
f 368/1000/919 278/1034/953 367/1035/954
f 368/1000/919 367/1035/954 879/1001/920
f 879/1001/920 367/1035/954 878/1036/955
f 879/1001/920 878/1036/955 896/1002/921
f 896/1002/921 878/1036/955 895/1037/956
f 896/1002/921 895/1037/956 914/1003/922
f 914/1003/922 895/1037/956 913/1038/957
f 914/1003/922 913/1038/957 523/1004/923
f 523/1004/923 913/1038/957 524/1039/958
f 523/1004/923 524/1039/958 548/1005/924
f 548/1005/924 524/1039/958 547/1040/959
f 548/1005/924 547/1040/959 624/1006/925
f 624/1006/925 547/1040/959 625/1041/960
f 624/1006/925 625/1041/960 609/1007/926
f 609/1007/926 625/1041/960 610/1042/961
f 609/1007/926 610/1042/961 594/1008/927
f 594/1008/927 610/1042/961 595/1043/962
f 594/1008/927 595/1043/962 579/1009/928
f 579/1009/928 595/1043/962 580/1044/963
f 579/1009/928 580/1044/963 569/1010/929
f 569/1010/929 580/1044/963 568/1045/964
f 569/1010/929 568/1045/964 782/851/838
f 782/851/838 568/1045/964 783/864/844
f 259/838/825 246/852/823 789/1046/965
f 789/1046/965 246/852/823 788/854/839
f 789/1046/965 788/854/839 562/1047/966
f 562/1047/966 788/854/839 563/1048/967
f 562/1047/966 563/1048/967 586/1049/968
f 586/1049/968 563/1048/967 585/1050/969
f 586/1049/968 585/1050/969 601/1051/970
f 601/1051/970 585/1050/969 600/1052/971
f 601/1051/970 600/1052/971 616/1053/972
f 616/1053/972 600/1052/971 615/1054/973
f 616/1053/972 615/1054/973 631/1055/974
f 631/1055/974 615/1054/973 630/1056/975
f 631/1055/974 630/1056/975 541/1057/976
f 541/1057/976 630/1056/975 542/1058/977
f 541/1057/976 542/1058/977 530/1059/978
f 530/1059/978 542/1058/977 529/1060/979
f 530/1059/978 529/1060/979 907/1061/980
f 907/1061/980 529/1060/979 908/1062/981
f 907/1061/980 908/1062/981 889/1063/982
f 889/1063/982 908/1062/981 890/1064/983
f 889/1063/982 890/1064/983 872/1065/984
f 872/1065/984 890/1064/983 873/1066/985
f 872/1065/984 873/1066/985 361/1067/986
f 361/1067/986 873/1066/985 362/1068/987
f 361/1067/986 362/1068/987 272/1069/988
f 272/1069/988 362/1068/987 273/1070/989
f 272/1069/988 273/1070/989 290/1071/990
f 290/1071/990 273/1070/989 289/1072/991
f 290/1071/990 289/1072/991 305/1073/992
f 305/1073/992 289/1072/991 304/1074/993
f 305/1073/992 304/1074/993 320/1075/994
f 320/1075/994 304/1074/993 319/1076/995
f 320/1075/994 319/1076/995 340/1077/996
f 340/1077/996 319/1076/995 339/1078/997
f 340/1077/996 339/1078/997 854/1079/998
f 854/1079/998 339/1078/997 855/1080/999
f 854/1079/998 855/1080/999 836/1081/1000
f 836/1081/1000 855/1080/999 837/1082/1001
f 836/1081/1000 837/1082/1001 455/1083/1002
f 455/1083/1002 837/1082/1001 456/1084/1003
f 455/1083/1002 456/1084/1003 480/1085/1004
f 480/1085/1004 456/1084/1003 479/1086/1005
f 480/1085/1004 479/1086/1005 496/1087/1006
f 496/1087/1006 479/1086/1005 495/1088/1007
f 496/1087/1006 495/1088/1007 511/1089/1008
f 511/1089/1008 495/1088/1007 510/1090/1009
f 511/1089/1008 510/1090/1009 396/1091/1010
f 396/1091/1010 510/1090/1009 397/1092/1011
f 396/1091/1010 397/1092/1011 385/1093/1012
f 385/1093/1012 397/1092/1011 384/1094/1013
f 385/1093/1012 384/1094/1013 416/1095/1014
f 416/1095/1014 384/1094/1013 415/1096/1015
f 416/1095/1014 415/1096/1015 434/1097/1016
f 434/1097/1016 415/1096/1015 433/1098/1017
f 434/1097/1016 433/1098/1017 818/1099/1018
f 818/1099/1018 433/1098/1017 819/1100/1019
f 818/1099/1018 819/1100/1019 800/1101/1020
f 800/1101/1020 819/1100/1019 801/1102/1021
f 800/1101/1020 801/1102/1021 717/1103/1022
f 717/1103/1022 801/1102/1021 718/1104/1023
f 717/1103/1022 718/1104/1023 740/1105/1024
f 740/1105/1024 718/1104/1023 739/1106/1025
f 740/1105/1024 739/1106/1025 756/1107/1026
f 756/1107/1026 739/1106/1025 755/1108/1027
f 756/1107/1026 755/1108/1027 771/1109/1028
f 771/1109/1028 755/1108/1027 770/1110/1029
f 771/1109/1028 770/1110/1029 658/1111/1030
f 658/1111/1030 770/1110/1029 659/1112/1031
f 658/1111/1030 659/1112/1031 647/1113/1032
f 647/1113/1032 659/1112/1031 646/1114/1033
f 647/1113/1032 646/1114/1033 678/1115/1034
f 678/1115/1034 646/1114/1033 677/1116/1035
f 678/1115/1034 677/1116/1035 696/834/824
f 696/834/824 677/1116/1035 695/832/822
f 260/836/826 261/1117/1036 697/1118/1037
f 697/1118/1037 261/1117/1036 698/1119/1038
f 697/1118/1037 698/1119/1038 679/1120/1039
f 679/1120/1039 698/1119/1038 680/1121/1040
f 679/1120/1039 680/1121/1040 648/1122/1041
f 648/1122/1041 680/1121/1040 649/1123/1042
f 648/1122/1041 649/1123/1042 657/1124/1043
f 657/1124/1043 649/1123/1042 656/1125/1044
f 657/1124/1043 656/1125/1044 772/1126/1045
f 772/1126/1045 656/1125/1044 773/1127/1046
f 772/1126/1045 773/1127/1046 757/1128/1047
f 757/1128/1047 773/1127/1046 758/1129/1048
f 757/1128/1047 758/1129/1048 741/1130/1049
f 741/1130/1049 758/1129/1048 742/1131/1050
f 741/1130/1049 742/1131/1050 716/1132/1051
f 716/1132/1051 742/1131/1050 715/1133/1052
f 716/1132/1051 715/1133/1052 799/1134/1053
f 799/1134/1053 715/1133/1052 798/1135/1054
f 799/1134/1053 798/1135/1054 817/1136/1055
f 817/1136/1055 798/1135/1054 816/1137/1056
f 817/1136/1055 816/1137/1056 435/1138/1057
f 435/1138/1057 816/1137/1056 436/1139/1058
f 435/1138/1057 436/1139/1058 417/1140/1059
f 417/1140/1059 436/1139/1058 418/1141/1060
f 417/1140/1059 418/1141/1060 386/1142/1061
f 386/1142/1061 418/1141/1060 387/1143/1062
f 386/1142/1061 387/1143/1062 395/1144/1063
f 395/1144/1063 387/1143/1062 394/1145/1064
f 395/1144/1063 394/1145/1064 512/1146/1065
f 512/1146/1065 394/1145/1064 513/1147/1066
f 512/1146/1065 513/1147/1066 497/1148/1067
f 497/1148/1067 513/1147/1066 498/1149/1068
f 497/1148/1067 498/1149/1068 481/1150/1069
f 481/1150/1069 498/1149/1068 482/1151/1070
f 481/1150/1069 482/1151/1070 454/1152/1071
f 454/1152/1071 482/1151/1070 453/1153/1072
f 454/1152/1071 453/1153/1072 835/1154/1073
f 835/1154/1073 453/1153/1072 834/1155/1074
f 835/1154/1073 834/1155/1074 853/1156/1075
f 853/1156/1075 834/1155/1074 852/1157/1076
f 853/1156/1075 852/1157/1076 341/1158/1077
f 341/1158/1077 852/1157/1076 342/1159/1078
f 341/1158/1077 342/1159/1078 321/1160/1079
f 321/1160/1079 342/1159/1078 322/1161/1080
f 321/1160/1079 322/1161/1080 306/1162/1081
f 306/1162/1081 322/1161/1080 307/1163/1082
f 306/1162/1081 307/1163/1082 291/1164/1083
f 291/1164/1083 307/1163/1082 292/1165/1084
f 291/1164/1083 292/1165/1084 271/1166/1085
f 271/1166/1085 292/1165/1084 270/1167/1086
f 271/1166/1085 270/1167/1086 360/1168/1087
f 360/1168/1087 270/1167/1086 359/1169/1088
f 360/1168/1087 359/1169/1088 871/1170/1089
f 871/1170/1089 359/1169/1088 870/1171/1090
f 871/1170/1089 870/1171/1090 888/1172/1091
f 888/1172/1091 870/1171/1090 887/1173/1092
f 888/1172/1091 887/1173/1092 906/1174/1093
f 906/1174/1093 887/1173/1092 905/1175/1094
f 906/1174/1093 905/1175/1094 531/1176/1095
f 531/1176/1095 905/1175/1094 532/1177/1096
f 531/1176/1095 532/1177/1096 540/1178/1097
f 540/1178/1097 532/1177/1096 539/1179/1098
f 540/1178/1097 539/1179/1098 632/1180/1099
f 632/1180/1099 539/1179/1098 633/1181/1100
f 632/1180/1099 633/1181/1100 617/1182/1101
f 617/1182/1101 633/1181/1100 618/1183/1102
f 617/1182/1101 618/1183/1102 602/1184/1103
f 602/1184/1103 618/1183/1102 603/1185/1104
f 602/1184/1103 603/1185/1104 587/1186/1105
f 587/1186/1105 603/1185/1104 588/1187/1106
f 587/1186/1105 588/1187/1106 561/1188/1107
f 561/1188/1107 588/1187/1106 560/841/829
f 561/1188/1107 560/841/829 790/839/827
f 261/1117/1036 262/1189/1108 698/1119/1038
f 698/1119/1038 262/1189/1108 699/1190/1109
f 698/1119/1038 699/1190/1109 680/1121/1040
f 680/1121/1040 699/1190/1109 681/1191/1110
f 680/1121/1040 681/1191/1110 649/1123/1042
f 649/1123/1042 681/1191/1110 650/1192/1111
f 649/1123/1042 650/1192/1111 656/1125/1044
f 656/1125/1044 650/1192/1111 655/1193/1112
f 656/1125/1044 655/1193/1112 773/1127/1046
f 773/1127/1046 655/1193/1112 774/1194/1113
f 773/1127/1046 774/1194/1113 758/1129/1048
f 758/1129/1048 774/1194/1113 759/1195/1114
f 758/1129/1048 759/1195/1114 742/1131/1050
f 742/1131/1050 759/1195/1114 743/1196/1115
f 742/1131/1050 743/1196/1115 715/1133/1052
f 715/1133/1052 743/1196/1115 714/1197/1116
f 715/1133/1052 714/1197/1116 798/1135/1054
f 798/1135/1054 714/1197/1116 797/1198/1117
f 798/1135/1054 797/1198/1117 816/1137/1056
f 816/1137/1056 797/1198/1117 815/1199/1118
f 816/1137/1056 815/1199/1118 436/1139/1058
f 436/1139/1058 815/1199/1118 437/1200/1119
f 436/1139/1058 437/1200/1119 418/1141/1060
f 418/1141/1060 437/1200/1119 419/1201/1120
f 418/1141/1060 419/1201/1120 387/1143/1062
f 387/1143/1062 419/1201/1120 388/1202/1121
f 387/1143/1062 388/1202/1121 394/1145/1064
f 394/1145/1064 388/1202/1121 393/1203/1122
f 394/1145/1064 393/1203/1122 513/1147/1066
f 513/1147/1066 393/1203/1122 514/1204/1123
f 513/1147/1066 514/1204/1123 498/1149/1068
f 498/1149/1068 514/1204/1123 499/1205/1124
f 498/1149/1068 499/1205/1124 482/1151/1070
f 482/1151/1070 499/1205/1124 483/1206/1125
f 482/1151/1070 483/1206/1125 453/1153/1072
f 453/1153/1072 483/1206/1125 452/1207/1126
f 453/1153/1072 452/1207/1126 834/1155/1074
f 834/1155/1074 452/1207/1126 833/1208/1127
f 834/1155/1074 833/1208/1127 852/1157/1076
f 852/1157/1076 833/1208/1127 851/1209/1128
f 852/1157/1076 851/1209/1128 342/1159/1078
f 342/1159/1078 851/1209/1128 343/1210/1129
f 342/1159/1078 343/1210/1129 322/1161/1080
f 322/1161/1080 343/1210/1129 323/1211/1130
f 322/1161/1080 323/1211/1130 307/1163/1082
f 307/1163/1082 323/1211/1130 308/1212/1131
f 307/1163/1082 308/1212/1131 292/1165/1084
f 292/1165/1084 308/1212/1131 293/1213/1132
f 292/1165/1084 293/1213/1132 270/1167/1086
f 270/1167/1086 293/1213/1132 269/1214/1133
f 270/1167/1086 269/1214/1133 359/1169/1088
f 359/1169/1088 269/1214/1133 358/1215/1134
f 359/1169/1088 358/1215/1134 870/1171/1090
f 870/1171/1090 358/1215/1134 869/1216/1135
f 870/1171/1090 869/1216/1135 887/1173/1092
f 887/1173/1092 869/1216/1135 886/1217/1136
f 887/1173/1092 886/1217/1136 905/1175/1094
f 905/1175/1094 886/1217/1136 904/1218/1137
f 905/1175/1094 904/1218/1137 532/1177/1096
f 532/1177/1096 904/1218/1137 533/1219/1138
f 532/1177/1096 533/1219/1138 539/1179/1098
f 539/1179/1098 533/1219/1138 538/1220/1139
f 539/1179/1098 538/1220/1139 633/1181/1100
f 633/1181/1100 538/1220/1139 634/1221/1140
f 633/1181/1100 634/1221/1140 618/1183/1102
f 618/1183/1102 634/1221/1140 619/1222/1141
f 618/1183/1102 619/1222/1141 603/1185/1104
f 603/1185/1104 619/1222/1141 604/1223/1142
f 603/1185/1104 604/1223/1142 588/1187/1106
f 588/1187/1106 604/1223/1142 589/843/831
f 588/1187/1106 589/843/831 560/841/829
f 260/837/826 791/840/828 261/1224/1036
f 261/1224/1036 791/840/828 792/1225/1143
f 261/1224/1036 792/1225/1143 262/1226/1108
f 262/1226/1108 792/1225/1143 793/1227/1144
f 262/1226/1108 793/1227/1144 263/1228/1145
f 263/1228/1145 793/1227/1144 794/932/879
f 263/1228/1145 794/932/879 264/934/880
f 262/1189/1108 263/1229/1145 699/1190/1109
f 699/1190/1109 263/1229/1145 700/1230/1146
f 699/1190/1109 700/1230/1146 681/1191/1110
f 681/1191/1110 700/1230/1146 682/1231/1147
f 681/1191/1110 682/1231/1147 650/1192/1111
f 650/1192/1111 682/1231/1147 651/1232/1148
f 650/1192/1111 651/1232/1148 655/1193/1112
f 655/1193/1112 651/1232/1148 654/1233/1149
f 655/1193/1112 654/1233/1149 774/1194/1113
f 774/1194/1113 654/1233/1149 775/1234/1150
f 774/1194/1113 775/1234/1150 759/1195/1114
f 759/1195/1114 775/1234/1150 760/1235/1151
f 759/1195/1114 760/1235/1151 743/1196/1115
f 743/1196/1115 760/1235/1151 744/1236/1152
f 743/1196/1115 744/1236/1152 714/1197/1116
f 714/1197/1116 744/1236/1152 713/1237/1153
f 714/1197/1116 713/1237/1153 797/1198/1117
f 797/1198/1117 713/1237/1153 796/1238/1154
f 797/1198/1117 796/1238/1154 815/1199/1118
f 815/1199/1118 796/1238/1154 814/1239/1155
f 815/1199/1118 814/1239/1155 437/1200/1119
f 437/1200/1119 814/1239/1155 438/1240/1156
f 437/1200/1119 438/1240/1156 419/1201/1120
f 419/1201/1120 438/1240/1156 420/1241/1157
f 419/1201/1120 420/1241/1157 388/1202/1121
f 388/1202/1121 420/1241/1157 389/1242/1158
f 388/1202/1121 389/1242/1158 393/1203/1122
f 393/1203/1122 389/1242/1158 392/1243/1159
f 393/1203/1122 392/1243/1159 514/1204/1123
f 514/1204/1123 392/1243/1159 515/1244/1160
f 514/1204/1123 515/1244/1160 499/1205/1124
f 499/1205/1124 515/1244/1160 500/1245/1161
f 499/1205/1124 500/1245/1161 483/1206/1125
f 483/1206/1125 500/1245/1161 484/1246/1162
f 483/1206/1125 484/1246/1162 452/1207/1126
f 452/1207/1126 484/1246/1162 451/1247/1163
f 452/1207/1126 451/1247/1163 833/1208/1127
f 833/1208/1127 451/1247/1163 832/1248/1164
f 833/1208/1127 832/1248/1164 851/1209/1128
f 851/1209/1128 832/1248/1164 850/1249/1165
f 851/1209/1128 850/1249/1165 343/1210/1129
f 343/1210/1129 850/1249/1165 344/1250/1166
f 343/1210/1129 344/1250/1166 323/1211/1130
f 323/1211/1130 344/1250/1166 324/1251/1167
f 323/1211/1130 324/1251/1167 308/1212/1131
f 308/1212/1131 324/1251/1167 309/1252/1168
f 308/1212/1131 309/1252/1168 293/1213/1132
f 293/1213/1132 309/1252/1168 294/1253/1169
f 293/1213/1132 294/1253/1169 269/1214/1133
f 269/1214/1133 294/1253/1169 268/1254/1170
f 269/1214/1133 268/1254/1170 358/1215/1134
f 358/1215/1134 268/1254/1170 357/1255/1171
f 358/1215/1134 357/1255/1171 869/1216/1135
f 869/1216/1135 357/1255/1171 868/1256/1172
f 869/1216/1135 868/1256/1172 886/1217/1136
f 886/1217/1136 868/1256/1172 885/1257/1173
f 886/1217/1136 885/1257/1173 904/1218/1137
f 904/1218/1137 885/1257/1173 903/1258/1174
f 904/1218/1137 903/1258/1174 533/1219/1138
f 533/1219/1138 903/1258/1174 534/1259/1175
f 533/1219/1138 534/1259/1175 538/1220/1139
f 538/1220/1139 534/1259/1175 537/1260/1176
f 538/1220/1139 537/1260/1176 634/1221/1140
f 634/1221/1140 537/1260/1176 635/1261/1177
f 634/1221/1140 635/1261/1177 619/1222/1141
f 619/1222/1141 635/1261/1177 620/1262/1178
f 619/1222/1141 620/1262/1178 604/1223/1142
f 604/1223/1142 620/1262/1178 605/845/833
f 604/1223/1142 605/845/833 589/843/831
f 263/1229/1145 264/1263/880 700/1230/1146
f 700/1230/1146 264/1263/880 701/865/845
f 700/1230/1146 701/865/845 682/1231/1147
f 682/1231/1147 701/865/845 683/867/846
f 682/1231/1147 683/867/846 651/1232/1148
f 651/1232/1148 683/867/846 652/869/847
f 651/1232/1148 652/869/847 654/1233/1149
f 654/1233/1149 652/869/847 653/871/848
f 654/1233/1149 653/871/848 775/1234/1150
f 775/1234/1150 653/871/848 776/873/849
f 775/1234/1150 776/873/849 760/1235/1151
f 760/1235/1151 776/873/849 761/875/850
f 760/1235/1151 761/875/850 744/1236/1152
f 744/1236/1152 761/875/850 745/877/851
f 744/1236/1152 745/877/851 713/1237/1153
f 713/1237/1153 745/877/851 712/879/852
f 713/1237/1153 712/879/852 796/1238/1154
f 796/1238/1154 712/879/852 795/881/853
f 796/1238/1154 795/881/853 814/1239/1155
f 814/1239/1155 795/881/853 813/883/854
f 814/1239/1155 813/883/854 438/1240/1156
f 438/1240/1156 813/883/854 439/885/855
f 438/1240/1156 439/885/855 420/1241/1157
f 420/1241/1157 439/885/855 421/887/856
f 420/1241/1157 421/887/856 389/1242/1158
f 389/1242/1158 421/887/856 390/889/857
f 389/1242/1158 390/889/857 392/1243/1159
f 392/1243/1159 390/889/857 391/890/858
f 392/1243/1159 391/890/858 515/1244/1160
f 515/1244/1160 391/890/858 516/892/859
f 515/1244/1160 516/892/859 500/1245/1161
f 500/1245/1161 516/892/859 501/894/860
f 500/1245/1161 501/894/860 484/1246/1162
f 484/1246/1162 501/894/860 485/896/861
f 484/1246/1162 485/896/861 451/1247/1163
f 451/1247/1163 485/896/861 450/898/862
f 451/1247/1163 450/898/862 832/1248/1164
f 832/1248/1164 450/898/862 831/900/863
f 832/1248/1164 831/900/863 850/1249/1165
f 850/1249/1165 831/900/863 849/902/864
f 850/1249/1165 849/902/864 344/1250/1166
f 344/1250/1166 849/902/864 345/904/865
f 344/1250/1166 345/904/865 324/1251/1167
f 324/1251/1167 345/904/865 325/906/866
f 324/1251/1167 325/906/866 309/1252/1168
f 309/1252/1168 325/906/866 310/908/867
f 309/1252/1168 310/908/867 294/1253/1169
f 294/1253/1169 310/908/867 295/910/868
f 294/1253/1169 295/910/868 268/1254/1170
f 268/1254/1170 295/910/868 267/912/869
f 268/1254/1170 267/912/869 357/1255/1171
f 357/1255/1171 267/912/869 356/914/870
f 357/1255/1171 356/914/870 868/1256/1172
f 868/1256/1172 356/914/870 867/915/871
f 868/1256/1172 867/915/871 885/1257/1173
f 885/1257/1173 867/915/871 884/917/872
f 885/1257/1173 884/917/872 903/1258/1174
f 903/1258/1174 884/917/872 902/919/873
f 903/1258/1174 902/919/873 534/1259/1175
f 534/1259/1175 902/919/873 535/921/874
f 534/1259/1175 535/921/874 537/1260/1176
f 537/1260/1176 535/921/874 536/923/875
f 537/1260/1176 536/923/875 635/1261/1177
f 635/1261/1177 536/923/875 636/925/876
f 635/1261/1177 636/925/876 620/1262/1178
f 620/1262/1178 636/925/876 621/847/835
f 620/1262/1178 621/847/835 605/845/833
f 264/1263/880 244/1264/836 701/865/845
f 243/1265/626 556/761/753 575/763/755
f 243/1265/626 575/763/755 574/765/757
f 243/1266/626 468/1267/1179 467/949/884
f 467/949/884 468/1267/1179 466/624/622
f 467/949/884 466/624/622 848/626/624
f 243/1268/626 711/1269/1180 729/961/890
f 729/961/890 711/1269/1180 728/691/686
f 729/961/890 728/691/686 812/959/889
f 812/959/889 728/691/686 811/689/684
f 812/959/889 811/689/684 830/957/888
f 830/957/888 811/689/684 829/687/682
f 830/957/888 829/687/682 422/955/887
f 422/955/887 829/687/682 423/685/680
f 422/955/887 423/685/680 441/953/886
f 441/953/886 423/685/680 440/717/711
f 441/953/886 440/717/711 443/952/885
f 443/952/885 440/717/711 442/719/713
f 443/952/885 442/719/713 445/726/720
f 552/753/745 554/755/747 243/1270/626
f 243/1270/626 554/755/747 555/759/751
f 355/652/650 243/1271/626 351/647/645
f 468/1267/1179 243/1266/626 448/732/725
f 443/952/885 243/1272/626 441/953/886
f 711/1269/1180 243/1268/626 709/695/690
f 271/1166/1085 272/1069/988 291/1164/1083
f 291/1164/1083 272/1069/988 290/1071/990
f 291/1164/1083 290/1071/990 306/1162/1081
f 306/1162/1081 290/1071/990 305/1073/992
f 306/1162/1081 305/1073/992 321/1160/1079
f 321/1160/1079 305/1073/992 320/1075/994
f 321/1160/1079 320/1075/994 341/1158/1077
f 341/1158/1077 320/1075/994 340/1077/996
f 341/1158/1077 340/1077/996 853/1156/1075
f 853/1156/1075 340/1077/996 854/1079/998
f 853/1156/1075 854/1079/998 835/1154/1073
f 835/1154/1073 854/1079/998 836/1081/1000
f 835/1154/1073 836/1081/1000 454/1152/1071
f 454/1152/1071 836/1081/1000 455/1083/1002
f 454/1152/1071 455/1083/1002 481/1150/1069
f 481/1150/1069 455/1083/1002 480/1085/1004
f 481/1150/1069 480/1085/1004 497/1148/1067
f 497/1148/1067 480/1085/1004 496/1087/1006
f 497/1148/1067 496/1087/1006 512/1146/1065
f 512/1146/1065 496/1087/1006 511/1089/1008
f 512/1146/1065 511/1089/1008 395/1144/1063
f 395/1144/1063 511/1089/1008 396/1091/1010
f 395/1144/1063 396/1091/1010 386/1142/1061
f 386/1142/1061 396/1091/1010 385/1093/1012
f 386/1142/1061 385/1093/1012 417/1140/1059
f 417/1140/1059 385/1093/1012 416/1095/1014
f 417/1140/1059 416/1095/1014 435/1138/1057
f 435/1138/1057 416/1095/1014 434/1097/1016
f 435/1138/1057 434/1097/1016 817/1136/1055
f 817/1136/1055 434/1097/1016 818/1099/1018
f 817/1136/1055 818/1099/1018 799/1134/1053
f 799/1134/1053 818/1099/1018 800/1101/1020
f 799/1134/1053 800/1101/1020 716/1132/1051
f 716/1132/1051 800/1101/1020 717/1103/1022
f 716/1132/1051 717/1103/1022 741/1130/1049
f 741/1130/1049 717/1103/1022 740/1105/1024
f 741/1130/1049 740/1105/1024 757/1128/1047
f 757/1128/1047 740/1105/1024 756/1107/1026
f 757/1128/1047 756/1107/1026 772/1126/1045
f 772/1126/1045 756/1107/1026 771/1109/1028
f 772/1126/1045 771/1109/1028 657/1124/1043
f 657/1124/1043 771/1109/1028 658/1111/1030
f 657/1124/1043 658/1111/1030 648/1122/1041
f 648/1122/1041 658/1111/1030 647/1113/1032
f 648/1122/1041 647/1113/1032 679/1120/1039
f 679/1120/1039 647/1113/1032 678/1115/1034
f 679/1120/1039 678/1115/1034 697/1118/1037
f 697/1118/1037 678/1115/1034 696/834/824
f 697/1118/1037 696/834/824 260/836/826
f 272/1069/988 271/1166/1085 361/1067/986
f 361/1067/986 271/1166/1085 360/1168/1087
f 361/1067/986 360/1168/1087 872/1065/984
f 872/1065/984 360/1168/1087 871/1170/1089
f 872/1065/984 871/1170/1089 889/1063/982
f 889/1063/982 871/1170/1089 888/1172/1091
f 889/1063/982 888/1172/1091 907/1061/980
f 907/1061/980 888/1172/1091 906/1174/1093
f 907/1061/980 906/1174/1093 530/1059/978
f 530/1059/978 906/1174/1093 531/1176/1095
f 530/1059/978 531/1176/1095 541/1057/976
f 541/1057/976 531/1176/1095 540/1178/1097
f 541/1057/976 540/1178/1097 631/1055/974
f 631/1055/974 540/1178/1097 632/1180/1099
f 631/1055/974 632/1180/1099 616/1053/972
f 616/1053/972 632/1180/1099 617/1182/1101
f 616/1053/972 617/1182/1101 601/1051/970
f 601/1051/970 617/1182/1101 602/1184/1103
f 601/1051/970 602/1184/1103 586/1049/968
f 586/1049/968 602/1184/1103 587/1186/1105
f 586/1049/968 587/1186/1105 562/1047/966
f 562/1047/966 587/1186/1105 561/1188/1107
f 562/1047/966 561/1188/1107 789/1046/965
f 789/1046/965 561/1188/1107 790/839/827
f 789/1046/965 790/839/827 259/838/825
f 273/1070/989 274/1273/1181 289/1072/991
f 289/1072/991 274/1273/1181 288/1274/1182
f 289/1072/991 288/1274/1182 304/1074/993
f 304/1074/993 288/1274/1182 303/1275/1183
f 304/1074/993 303/1275/1183 319/1076/995
f 319/1076/995 303/1275/1183 318/1276/1184
f 319/1076/995 318/1276/1184 339/1078/997
f 339/1078/997 318/1276/1184 338/1277/1185
f 339/1078/997 338/1277/1185 855/1080/999
f 855/1080/999 338/1277/1185 856/1278/1186
f 855/1080/999 856/1278/1186 837/1082/1001
f 837/1082/1001 856/1278/1186 838/1279/1187
f 837/1082/1001 838/1279/1187 456/1084/1003
f 456/1084/1003 838/1279/1187 457/1280/1188
f 456/1084/1003 457/1280/1188 479/1086/1005
f 479/1086/1005 457/1280/1188 478/1281/1189
f 479/1086/1005 478/1281/1189 495/1088/1007
f 495/1088/1007 478/1281/1189 494/1282/1190
f 495/1088/1007 494/1282/1190 510/1090/1009
f 510/1090/1009 494/1282/1190 509/1283/1191
f 510/1090/1009 509/1283/1191 397/1092/1011
f 397/1092/1011 509/1283/1191 398/1284/1192
f 397/1092/1011 398/1284/1192 384/1094/1013
f 384/1094/1013 398/1284/1192 383/1285/1193
f 384/1094/1013 383/1285/1193 415/1096/1015
f 415/1096/1015 383/1285/1193 414/1286/1194
f 415/1096/1015 414/1286/1194 433/1098/1017
f 433/1098/1017 414/1286/1194 432/1287/1195
f 433/1098/1017 432/1287/1195 819/1100/1019
f 819/1100/1019 432/1287/1195 820/1288/1196
f 819/1100/1019 820/1288/1196 801/1102/1021
f 801/1102/1021 820/1288/1196 802/1289/1197
f 801/1102/1021 802/1289/1197 718/1104/1023
f 718/1104/1023 802/1289/1197 719/1290/1198
f 718/1104/1023 719/1290/1198 739/1106/1025
f 739/1106/1025 719/1290/1198 738/1291/1199
f 739/1106/1025 738/1291/1199 755/1108/1027
f 755/1108/1027 738/1291/1199 754/1292/1200
f 755/1108/1027 754/1292/1200 770/1110/1029
f 770/1110/1029 754/1292/1200 769/1293/1201
f 770/1110/1029 769/1293/1201 659/1112/1031
f 659/1112/1031 769/1293/1201 660/1294/1202
f 659/1112/1031 660/1294/1202 646/1114/1033
f 646/1114/1033 660/1294/1202 645/1295/1203
f 646/1114/1033 645/1295/1203 677/1116/1035
f 677/1116/1035 645/1295/1203 676/1296/1204
f 677/1116/1035 676/1296/1204 695/832/822
f 695/832/822 676/1296/1204 694/830/820
f 274/1273/1181 275/1297/1205 288/1274/1182
f 288/1274/1182 275/1297/1205 287/1298/1206
f 288/1274/1182 287/1298/1206 303/1275/1183
f 303/1275/1183 287/1298/1206 302/1299/1207
f 303/1275/1183 302/1299/1207 318/1276/1184
f 318/1276/1184 302/1299/1207 317/1300/1208
f 318/1276/1184 317/1300/1208 338/1277/1185
f 338/1277/1185 317/1300/1208 337/1301/1209
f 338/1277/1185 337/1301/1209 856/1278/1186
f 856/1278/1186 337/1301/1209 857/1302/1210
f 856/1278/1186 857/1302/1210 838/1279/1187
f 838/1279/1187 857/1302/1210 839/1303/1211
f 838/1279/1187 839/1303/1211 457/1280/1188
f 457/1280/1188 839/1303/1211 458/1304/1212
f 457/1280/1188 458/1304/1212 478/1281/1189
f 478/1281/1189 458/1304/1212 477/1305/1213
f 478/1281/1189 477/1305/1213 494/1282/1190
f 494/1282/1190 477/1305/1213 493/1306/1214
f 494/1282/1190 493/1306/1214 509/1283/1191
f 509/1283/1191 493/1306/1214 508/1307/1215
f 509/1283/1191 508/1307/1215 398/1284/1192
f 398/1284/1192 508/1307/1215 399/1308/1216
f 398/1284/1192 399/1308/1216 383/1285/1193
f 383/1285/1193 399/1308/1216 382/1309/1217
f 383/1285/1193 382/1309/1217 414/1286/1194
f 414/1286/1194 382/1309/1217 413/1310/1218
f 414/1286/1194 413/1310/1218 432/1287/1195
f 432/1287/1195 413/1310/1218 431/1311/1219
f 432/1287/1195 431/1311/1219 820/1288/1196
f 820/1288/1196 431/1311/1219 821/1312/1220
f 820/1288/1196 821/1312/1220 802/1289/1197
f 802/1289/1197 821/1312/1220 803/1313/1221
f 802/1289/1197 803/1313/1221 719/1290/1198
f 719/1290/1198 803/1313/1221 720/1314/1222
f 719/1290/1198 720/1314/1222 738/1291/1199
f 738/1291/1199 720/1314/1222 737/1315/1223
f 738/1291/1199 737/1315/1223 754/1292/1200
f 754/1292/1200 737/1315/1223 753/1316/1224
f 754/1292/1200 753/1316/1224 769/1293/1201
f 769/1293/1201 753/1316/1224 768/1317/1225
f 769/1293/1201 768/1317/1225 660/1294/1202
f 660/1294/1202 768/1317/1225 661/1318/1226
f 660/1294/1202 661/1318/1226 645/1295/1203
f 645/1295/1203 661/1318/1226 644/1319/1227
f 645/1295/1203 644/1319/1227 676/1296/1204
f 676/1296/1204 644/1319/1227 675/1320/1228
f 676/1296/1204 675/1320/1228 694/830/820
f 694/830/820 675/1320/1228 693/828/818
f 274/1273/1181 273/1070/989 363/1321/1229
f 363/1321/1229 273/1070/989 362/1068/987
f 363/1321/1229 362/1068/987 874/1322/1230
f 874/1322/1230 362/1068/987 873/1066/985
f 874/1322/1230 873/1066/985 891/1323/1231
f 891/1323/1231 873/1066/985 890/1064/983
f 891/1323/1231 890/1064/983 909/1324/1232
f 909/1324/1232 890/1064/983 908/1062/981
f 909/1324/1232 908/1062/981 528/1325/1233
f 528/1325/1233 908/1062/981 529/1060/979
f 528/1325/1233 529/1060/979 543/1326/1234
f 543/1326/1234 529/1060/979 542/1058/977
f 543/1326/1234 542/1058/977 629/1327/1235
f 629/1327/1235 542/1058/977 630/1056/975
f 629/1327/1235 630/1056/975 614/1328/1236
f 614/1328/1236 630/1056/975 615/1054/973
f 614/1328/1236 615/1054/973 599/1329/1237
f 599/1329/1237 615/1054/973 600/1052/971
f 599/1329/1237 600/1052/971 584/1330/1238
f 584/1330/1238 600/1052/971 585/1050/969
f 584/1330/1238 585/1050/969 564/1331/1239
f 564/1331/1239 585/1050/969 563/1048/967
f 564/1331/1239 563/1048/967 787/856/840
f 787/856/840 563/1048/967 788/854/839
f 275/1297/1205 276/1332/1240 287/1298/1206
f 287/1298/1206 276/1332/1240 286/1333/1241
f 287/1298/1206 286/1333/1241 302/1299/1207
f 302/1299/1207 286/1333/1241 301/1334/1242
f 302/1299/1207 301/1334/1242 317/1300/1208
f 317/1300/1208 301/1334/1242 316/1335/1243
f 317/1300/1208 316/1335/1243 337/1301/1209
f 337/1301/1209 316/1335/1243 336/1336/1244
f 337/1301/1209 336/1336/1244 857/1302/1210
f 857/1302/1210 336/1336/1244 858/1337/1245
f 857/1302/1210 858/1337/1245 839/1303/1211
f 839/1303/1211 858/1337/1245 840/1338/1246
f 839/1303/1211 840/1338/1246 458/1304/1212
f 458/1304/1212 840/1338/1246 459/1339/1247
f 458/1304/1212 459/1339/1247 477/1305/1213
f 477/1305/1213 459/1339/1247 476/1340/1248
f 477/1305/1213 476/1340/1248 493/1306/1214
f 493/1306/1214 476/1340/1248 492/1341/1249
f 493/1306/1214 492/1341/1249 508/1307/1215
f 508/1307/1215 492/1341/1249 507/1342/1250
f 508/1307/1215 507/1342/1250 399/1308/1216
f 399/1308/1216 507/1342/1250 400/1343/1251
f 399/1308/1216 400/1343/1251 382/1309/1217
f 382/1309/1217 400/1343/1251 381/1344/1252
f 382/1309/1217 381/1344/1252 413/1310/1218
f 413/1310/1218 381/1344/1252 412/1345/1253
f 413/1310/1218 412/1345/1253 431/1311/1219
f 431/1311/1219 412/1345/1253 430/1346/1254
f 431/1311/1219 430/1346/1254 821/1312/1220
f 821/1312/1220 430/1346/1254 822/1347/1255
f 821/1312/1220 822/1347/1255 803/1313/1221
f 803/1313/1221 822/1347/1255 804/1348/1256
f 803/1313/1221 804/1348/1256 720/1314/1222
f 720/1314/1222 804/1348/1256 721/1349/1257
f 720/1314/1222 721/1349/1257 737/1315/1223
f 737/1315/1223 721/1349/1257 736/1350/1258
f 737/1315/1223 736/1350/1258 753/1316/1224
f 753/1316/1224 736/1350/1258 752/1351/1259
f 753/1316/1224 752/1351/1259 768/1317/1225
f 768/1317/1225 752/1351/1259 767/1352/1260
f 768/1317/1225 767/1352/1260 661/1318/1226
f 661/1318/1226 767/1352/1260 662/1353/1261
f 661/1318/1226 662/1353/1261 644/1319/1227
f 644/1319/1227 662/1353/1261 643/1354/1262
f 644/1319/1227 643/1354/1262 675/1320/1228
f 675/1320/1228 643/1354/1262 674/1355/1263
f 675/1320/1228 674/1355/1263 693/828/818
f 693/828/818 674/1355/1263 692/826/816
f 275/1297/1205 274/1273/1181 364/1356/1264
f 364/1356/1264 274/1273/1181 363/1321/1229
f 364/1356/1264 363/1321/1229 875/1357/1265
f 875/1357/1265 363/1321/1229 874/1322/1230
f 875/1357/1265 874/1322/1230 892/1358/1266
f 892/1358/1266 874/1322/1230 891/1323/1231
f 892/1358/1266 891/1323/1231 910/1359/1267
f 910/1359/1267 891/1323/1231 909/1324/1232
f 910/1359/1267 909/1324/1232 527/1360/1268
f 527/1360/1268 909/1324/1232 528/1325/1233
f 527/1360/1268 528/1325/1233 544/1361/1269
f 544/1361/1269 528/1325/1233 543/1326/1234
f 544/1361/1269 543/1326/1234 628/1362/1270
f 628/1362/1270 543/1326/1234 629/1327/1235
f 628/1362/1270 629/1327/1235 613/1363/1271
f 613/1363/1271 629/1327/1235 614/1328/1236
f 613/1363/1271 614/1328/1236 598/1364/1272
f 598/1364/1272 614/1328/1236 599/1329/1237
f 598/1364/1272 599/1329/1237 583/1365/1273
f 583/1365/1273 599/1329/1237 584/1330/1238
f 583/1365/1273 584/1330/1238 565/1366/1274
f 565/1366/1274 584/1330/1238 564/1331/1239
f 565/1366/1274 564/1331/1239 786/858/841
f 786/858/841 564/1331/1239 787/856/840
f 276/1332/1240 277/1367/1275 286/1333/1241
f 286/1333/1241 277/1367/1275 285/1368/1276
f 286/1333/1241 285/1368/1276 301/1334/1242
f 301/1334/1242 285/1368/1276 300/1369/1277
f 301/1334/1242 300/1369/1277 316/1335/1243
f 316/1335/1243 300/1369/1277 315/1370/1278
f 316/1335/1243 315/1370/1278 336/1336/1244
f 336/1336/1244 315/1370/1278 335/1371/1279
f 336/1336/1244 335/1371/1279 858/1337/1245
f 858/1337/1245 335/1371/1279 859/1372/1280
f 858/1337/1245 859/1372/1280 840/1338/1246
f 840/1338/1246 859/1372/1280 841/1373/1281
f 840/1338/1246 841/1373/1281 459/1339/1247
f 459/1339/1247 841/1373/1281 460/1374/1282
f 459/1339/1247 460/1374/1282 476/1340/1248
f 476/1340/1248 460/1374/1282 475/1375/1283
f 476/1340/1248 475/1375/1283 492/1341/1249
f 492/1341/1249 475/1375/1283 491/1376/1284
f 492/1341/1249 491/1376/1284 507/1342/1250
f 507/1342/1250 491/1376/1284 506/1377/1285
f 507/1342/1250 506/1377/1285 400/1343/1251
f 400/1343/1251 506/1377/1285 401/1378/1286
f 400/1343/1251 401/1378/1286 381/1344/1252
f 381/1344/1252 401/1378/1286 380/1379/1287
f 381/1344/1252 380/1379/1287 412/1345/1253
f 412/1345/1253 380/1379/1287 411/1380/1288
f 412/1345/1253 411/1380/1288 430/1346/1254
f 430/1346/1254 411/1380/1288 429/1381/1289
f 430/1346/1254 429/1381/1289 822/1347/1255
f 822/1347/1255 429/1381/1289 823/1382/1290
f 822/1347/1255 823/1382/1290 804/1348/1256
f 804/1348/1256 823/1382/1290 805/1383/1291
f 804/1348/1256 805/1383/1291 721/1349/1257
f 721/1349/1257 805/1383/1291 722/1384/1292
f 721/1349/1257 722/1384/1292 736/1350/1258
f 736/1350/1258 722/1384/1292 735/1385/1293
f 736/1350/1258 735/1385/1293 752/1351/1259
f 752/1351/1259 735/1385/1293 751/1386/1294
f 752/1351/1259 751/1386/1294 767/1352/1260
f 767/1352/1260 751/1386/1294 766/1387/1295
f 767/1352/1260 766/1387/1295 662/1353/1261
f 662/1353/1261 766/1387/1295 663/1388/1296
f 662/1353/1261 663/1388/1296 643/1354/1262
f 643/1354/1262 663/1388/1296 642/1389/1297
f 643/1354/1262 642/1389/1297 674/1355/1263
f 674/1355/1263 642/1389/1297 673/1390/1298
f 674/1355/1263 673/1390/1298 692/826/816
f 692/826/816 673/1390/1298 691/824/814
f 276/1332/1240 275/1297/1205 365/1391/1299
f 365/1391/1299 275/1297/1205 364/1356/1264
f 365/1391/1299 364/1356/1264 876/1392/1300
f 876/1392/1300 364/1356/1264 875/1357/1265
f 876/1392/1300 875/1357/1265 893/1393/1301
f 893/1393/1301 875/1357/1265 892/1358/1266
f 893/1393/1301 892/1358/1266 911/1394/1302
f 911/1394/1302 892/1358/1266 910/1359/1267
f 911/1394/1302 910/1359/1267 526/1395/1303
f 526/1395/1303 910/1359/1267 527/1360/1268
f 526/1395/1303 527/1360/1268 545/1396/1304
f 545/1396/1304 527/1360/1268 544/1361/1269
f 545/1396/1304 544/1361/1269 627/1397/1305
f 627/1397/1305 544/1361/1269 628/1362/1270
f 627/1397/1305 628/1362/1270 612/1398/1306
f 612/1398/1306 628/1362/1270 613/1363/1271
f 612/1398/1306 613/1363/1271 597/1399/1307
f 597/1399/1307 613/1363/1271 598/1364/1272
f 597/1399/1307 598/1364/1272 582/1400/1308
f 582/1400/1308 598/1364/1272 583/1365/1273
f 582/1400/1308 583/1365/1273 566/1401/1309
f 566/1401/1309 583/1365/1273 565/1366/1274
f 566/1401/1309 565/1366/1274 785/860/842
f 785/860/842 565/1366/1274 786/858/841
f 277/1367/1275 278/1034/953 285/1368/1276
f 285/1368/1276 278/1034/953 284/1033/952
f 285/1368/1276 284/1033/952 300/1369/1277
f 300/1369/1277 284/1033/952 299/1032/951
f 300/1369/1277 299/1032/951 315/1370/1278
f 315/1370/1278 299/1032/951 314/1031/950
f 315/1370/1278 314/1031/950 335/1371/1279
f 335/1371/1279 314/1031/950 334/1030/949
f 335/1371/1279 334/1030/949 859/1372/1280
f 859/1372/1280 334/1030/949 860/1029/948
f 859/1372/1280 860/1029/948 841/1373/1281
f 841/1373/1281 860/1029/948 842/1028/947
f 841/1373/1281 842/1028/947 460/1374/1282
f 460/1374/1282 842/1028/947 461/1027/946
f 460/1374/1282 461/1027/946 475/1375/1283
f 475/1375/1283 461/1027/946 474/1026/945
f 475/1375/1283 474/1026/945 491/1376/1284
f 491/1376/1284 474/1026/945 490/1025/944
f 491/1376/1284 490/1025/944 506/1377/1285
f 506/1377/1285 490/1025/944 505/1024/943
f 506/1377/1285 505/1024/943 401/1378/1286
f 401/1378/1286 505/1024/943 402/1023/942
f 401/1378/1286 402/1023/942 380/1379/1287
f 380/1379/1287 402/1023/942 379/1022/941
f 380/1379/1287 379/1022/941 411/1380/1288
f 411/1380/1288 379/1022/941 410/1021/940
f 411/1380/1288 410/1021/940 429/1381/1289
f 429/1381/1289 410/1021/940 428/1020/939
f 429/1381/1289 428/1020/939 823/1382/1290
f 823/1382/1290 428/1020/939 824/1019/938
f 823/1382/1290 824/1019/938 805/1383/1291
f 805/1383/1291 824/1019/938 806/1018/937
f 805/1383/1291 806/1018/937 722/1384/1292
f 722/1384/1292 806/1018/937 723/1017/936
f 722/1384/1292 723/1017/936 735/1385/1293
f 735/1385/1293 723/1017/936 734/1016/935
f 735/1385/1293 734/1016/935 751/1386/1294
f 751/1386/1294 734/1016/935 750/1015/934
f 751/1386/1294 750/1015/934 766/1387/1295
f 766/1387/1295 750/1015/934 765/1014/933
f 766/1387/1295 765/1014/933 663/1388/1296
f 663/1388/1296 765/1014/933 664/1013/932
f 663/1388/1296 664/1013/932 642/1389/1297
f 642/1389/1297 664/1013/932 641/1012/931
f 642/1389/1297 641/1012/931 673/1390/1298
f 673/1390/1298 641/1012/931 672/1011/930
f 673/1390/1298 672/1011/930 691/824/814
f 691/824/814 672/1011/930 690/822/812
f 277/1367/1275 276/1332/1240 366/1402/1310
f 366/1402/1310 276/1332/1240 365/1391/1299
f 366/1402/1310 365/1391/1299 877/1403/1311
f 877/1403/1311 365/1391/1299 876/1392/1300
f 877/1403/1311 876/1392/1300 894/1404/1312
f 894/1404/1312 876/1392/1300 893/1393/1301
f 894/1404/1312 893/1393/1301 912/1405/1313
f 912/1405/1313 893/1393/1301 911/1394/1302
f 912/1405/1313 911/1394/1302 525/1406/1314
f 525/1406/1314 911/1394/1302 526/1395/1303
f 525/1406/1314 526/1395/1303 546/1407/1315
f 546/1407/1315 526/1395/1303 545/1396/1304
f 546/1407/1315 545/1396/1304 626/1408/1316
f 626/1408/1316 545/1396/1304 627/1397/1305
f 626/1408/1316 627/1397/1305 611/1409/1317
f 611/1409/1317 627/1397/1305 612/1398/1306
f 611/1409/1317 612/1398/1306 596/1410/1318
f 596/1410/1318 612/1398/1306 597/1399/1307
f 596/1410/1318 597/1399/1307 581/1411/1319
f 581/1411/1319 597/1399/1307 582/1400/1308
f 581/1411/1319 582/1400/1308 567/1412/1320
f 567/1412/1320 582/1400/1308 566/1401/1309
f 567/1412/1320 566/1401/1309 784/862/843
f 784/862/843 566/1401/1309 785/860/842
f 278/1034/953 277/1367/1275 367/1035/954
f 367/1035/954 277/1367/1275 366/1402/1310
f 367/1035/954 366/1402/1310 878/1036/955
f 878/1036/955 366/1402/1310 877/1403/1311
f 878/1036/955 877/1403/1311 895/1037/956
f 895/1037/956 877/1403/1311 894/1404/1312
f 895/1037/956 894/1404/1312 913/1038/957
f 913/1038/957 894/1404/1312 912/1405/1313
f 913/1038/957 912/1405/1313 524/1039/958
f 524/1039/958 912/1405/1313 525/1406/1314
f 524/1039/958 525/1406/1314 547/1040/959
f 547/1040/959 525/1406/1314 546/1407/1315
f 547/1040/959 546/1407/1315 625/1041/960
f 625/1041/960 546/1407/1315 626/1408/1316
f 625/1041/960 626/1408/1316 610/1042/961
f 610/1042/961 626/1408/1316 611/1409/1317
f 610/1042/961 611/1409/1317 595/1043/962
f 595/1043/962 611/1409/1317 596/1410/1318
f 595/1043/962 596/1410/1318 580/1044/963
f 580/1044/963 596/1410/1318 581/1411/1319
f 580/1044/963 581/1411/1319 568/1045/964
f 568/1045/964 581/1411/1319 567/1412/1320
f 568/1045/964 567/1412/1320 783/864/844
f 783/864/844 567/1412/1320 784/862/843
f 326/638/636 327/944/882 329/636/634
f 329/636/634 327/944/882 328/946/883
f 329/636/634 328/946/883 865/637/635
f 865/637/635 328/946/883 866/627/625
f 865/637/635 866/627/625 847/625/623
f 327/944/882 326/638/636 348/942/881
f 348/942/881 326/638/636 347/641/639
f 348/942/881 347/641/639 350/648/646
f 353/651/649 354/661/658 371/663/660
f 351/647/645 87/646/644 355/652/650
f 373/653/651 353/651/649 371/663/660
f 356/914/870 244/1413/836 867/915/871
f 883/655/653 373/653/651 882/665/662
f 882/665/662 373/653/651 371/663/660
f 390/889/857 244/1414/836 391/890/858
f 425/577/575 376/579/577 407/682/677
f 407/682/677 376/579/577 406/676/671
f 827/575/573 425/577/575 424/684/679
f 424/684/679 425/577/575 407/682/677
f 827/575/573 424/684/679 828/686/681
f 468/1267/1179 448/732/725 469/740/732
f 469/740/732 448/732/725 449/731/724
f 469/740/732 466/624/622 468/1267/1179
f 916/535/535 521/537/537 520/793/783
f 557/930/878 558/1415/1321 591/928/877
f 591/928/877 558/1415/1321 590/844/832
f 591/928/877 590/844/832 606/846/834
f 590/844/832 558/1415/1321 559/842/830
f 559/842/830 558/1415/1321 792/1225/1143
f 559/842/830 792/1225/1143 791/840/828
f 794/932/879 793/1227/1144 557/930/878
f 557/930/878 793/1227/1144 558/1415/1321
f 793/1227/1144 792/1225/1143 558/1415/1321
f 777/766/758 573/764/756 778/770/761
f 669/559/557 638/561/559 637/801/791
f 687/557/555 669/559/557 668/804/794
f 668/804/794 669/559/557 637/801/791
f 686/714/709 687/557/555 668/804/794
f 728/691/686 711/1269/1180 710/693/688
f 710/693/688 711/1269/1180 709/695/690
f 810/688/683 727/690/685 726/571/569
f 726/571/569 727/690/685 731/569/567
f 810/688/683 726/571/569 809/573/571
f 828/686/681 810/688/683 809/573/571
f 828/686/681 809/573/571 827/575/573
f 901/667/664 883/655/653 882/665/662
# 919 vertices
# 1415 texture params
# 1321 normals
# 1818 facets

# 5 groups
