# WaveFront *.obj file (generated by Autodesk ATF)

mtllib pinterest logo.mtl

g Body1

v 0.046927 0.759951 0.127000
v 0.052246 0.668322 0.127000
v 0.052246 0.668322 0.000000
v 0.046927 0.759951 0.000000
v 0.060929 0.757348 0.127000
v 0.060929 0.757348 0.000000
v 0.077888 0.710532 0.127000
v 0.064074 0.745234 0.000000
v 0.067761 0.733323 0.000000
v 0.072460 0.721791 0.000000
v 0.077888 0.710532 0.000000
v 0.102984 0.687450 0.127000
v 0.088764 0.697173 0.127000
v 0.083013 0.703512 0.000000
v 0.088764 0.697173 0.000000
v 0.095561 0.691971 0.000000
v 0.102984 0.687450 0.000000
v 0.162901 0.671347 0.127000
v 0.117598 0.682134 0.000000
v 0.132449 0.677653 0.000000
v 0.147598 0.674226 0.000000
v 0.162901 0.671347 0.000000
v 0.244914 0.656104 0.127000
v 0.244914 0.656104 0.000000
v 0.272857 0.658360 0.127000
v 0.266003 0.655941 0.127000
v 0.259412 0.654729 0.127000
v 0.252082 0.654995 0.000000
v 0.259160 0.654713 0.000000
v 0.266069 0.655978 0.000000
v 0.272857 0.658360 0.000000
v 0.285268 0.681714 0.127000
v 0.283710 0.674880 0.127000
v 0.281332 0.668513 0.127000
v 0.277729 0.663290 0.127000
v 0.277656 0.663233 0.000000
v 0.281424 0.668693 0.000000
v 0.283738 0.674981 0.000000
v 0.285268 0.681714 0.000000
v 0.316497 0.849741 0.127000
v 0.316497 0.849741 0.000000
v 0.200079 0.871378 0.127000
v 0.200079 0.871378 0.000000
v 0.151459 0.872551 0.127000
v 0.174757 0.875064 0.127000
v 0.187908 0.873673 0.000000
v 0.175745 0.875025 0.000000
v 0.163596 0.874545 0.000000
v 0.151459 0.872551 0.000000
v 0.126067 0.838366 0.127000
v 0.136566 0.858108 0.127000
v 0.143253 0.865631 0.127000
v 0.143186 0.865541 0.000000
v 0.136159 0.857537 0.000000
v 0.130704 0.848278 0.000000
v 0.126067 0.838366 0.000000
v 0.112065 0.840968 0.127000
v 0.112065 0.840968 0.000000
v 0.133256 0.954986 0.127000
v 0.133256 0.954986 0.000000
v 0.147258 0.952383 0.127000
v 0.147258 0.952383 0.000000
v 0.154694 0.913338 0.127000
v 0.148198 0.931791 0.127000
v 0.147228 0.942211 0.000000
v 0.148120 0.932239 0.000000
v 0.150756 0.922647 0.000000
v 0.154694 0.913338 0.000000
v 0.189515 0.896933 0.127000
v 0.170083 0.902182 0.127000
v 0.162241 0.906912 0.127000
v 0.162228 0.906950 0.000000
v 0.170496 0.901997 0.000000
v 0.179747 0.898959 0.000000
v 0.189515 0.896933 0.000000
v 0.320736 0.872544 0.127000
v 0.320736 0.872544 0.000000
v 0.358063 1.073376 0.127000
v 0.358063 1.073376 0.000000
v 0.222841 1.098508 0.127000
v 0.222841 1.098508 0.000000
v 0.162587 1.098325 0.127000
v 0.191397 1.102817 0.127000
v 0.207667 1.101333 0.000000
v 0.192545 1.102800 0.000000
v 0.177525 1.101634 0.000000
v 0.162587 1.098325 0.000000
v 0.133693 1.057547 0.127000
v 0.145339 1.080769 0.127000
v 0.153085 1.089844 0.000000
v 0.145011 1.080289 0.000000
v 0.138847 1.069298 0.000000
v 0.133693 1.057547 0.000000
v 0.124892 1.059183 0.127000
v 0.124892 1.059183 0.000000
v 0.139466 1.137596 0.127000
v 0.139466 1.137596 0.000000
v 0.477519 1.074765 0.127000
v 0.477519 1.074765 0.000000
v 0.474991 1.061162 0.127000
v 0.474991 1.061162 0.000000
v 0.430007 1.052952 0.127000
v 0.443378 1.060309 0.127000
v 0.448994 1.062128 0.127000
v 0.454036 1.062887 0.127000
v 0.462948 1.062786 0.000000
v 0.451304 1.062570 0.000000
v 0.445755 1.061206 0.000000
v 0.440397 1.058954 0.000000
v 0.430007 1.052952 0.000000
v 0.407865 0.996171 0.127000
v 0.415390 1.026987 0.127000
v 0.421651 1.039948 0.000000
v 0.415092 1.026185 0.000000
v 0.410867 1.011436 0.000000
v 0.407865 0.996171 0.000000
v 0.353313 0.702663 0.127000
v 0.353313 0.702663 0.000000
v 0.353435 0.643193 0.127000
v 0.349405 0.672045 0.127000
v 0.350731 0.687723 0.000000
v 0.349415 0.672818 0.000000
v 0.350509 0.657980 0.000000
v 0.353435 0.643193 0.000000
v 0.392827 0.619093 0.127000
v 0.380748 0.621920 0.127000
v 0.369758 0.626393 0.127000
v 0.365103 0.629651 0.127000
v 0.361077 0.633532 0.127000
v 0.360977 0.633686 0.000000
v 0.365189 0.629599 0.000000
v 0.369923 0.626298 0.000000
v 0.380843 0.621893 0.000000
v 0.392827 0.619093 0.000000
v 0.390299 0.605491 0.127000
v 0.390299 0.605491 0.000000
v -0.061549 -0.648999 0.127000
v -0.050535 -0.641589 0.127000
v -0.039430 -0.636638 0.127000
v -0.026656 -0.634384 0.127000
v -0.013298 -0.633824 0.127000
v -0.013298 -0.633824 0.000000
v -0.026479 -0.634369 0.000000
v -0.039100 -0.636541 0.000000
v -0.050687 -0.641716 0.000000
v -0.061549 -0.648999 0.000000
v -0.076099 -0.699684 0.127000
v -0.073401 -0.672465 0.127000
v -0.068663 -0.660747 0.127000
v -0.068553 -0.660606 0.000000
v -0.073507 -0.672861 0.000000
v -0.075579 -0.686027 0.000000
v -0.076099 -0.699684 0.000000
v -0.076793 -1.034910 0.127000
v -0.076793 -1.034910 0.000000
v 0.262243 -0.620559 0.127000
v 0.262243 -0.620559 0.000000
v 0.276860 -0.620590 0.127000
v 0.276860 -0.620590 0.000000
v 0.276056 -1.008785 0.127000
v 0.276056 -1.008785 0.000000
v 0.289362 -1.067815 0.127000
v 0.282576 -1.053922 0.127000
v 0.278174 -1.040232 0.127000
v 0.276287 -1.024338 0.000000
v 0.278023 -1.039504 0.000000
v 0.282616 -1.053936 0.000000
v 0.289362 -1.067815 0.000000
v 0.337344 -1.084191 0.127000
v 0.323832 -1.083579 0.127000
v 0.311009 -1.081143 0.127000
v 0.305298 -1.078822 0.127000
v 0.300067 -1.075812 0.127000
v 0.299936 -1.075685 0.000000
v 0.305495 -1.078898 0.000000
v 0.311375 -1.081259 0.000000
v 0.324031 -1.083597 0.000000
v 0.337344 -1.084191 0.000000
v 0.337316 -1.098026 0.127000
v 0.337316 -1.098026 0.000000
v 0.193268 -1.097728 0.127000
v 0.193268 -1.097728 0.000000
v 0.193297 -1.083893 0.127000
v 0.193297 -1.083893 0.000000
v 0.239111 -1.066694 0.127000
v 0.229146 -1.075081 0.127000
v 0.224216 -1.078249 0.127000
v 0.218784 -1.080690 0.127000
v 0.206436 -1.083249 0.127000
v 0.206265 -1.083266 0.000000
v 0.218474 -1.080799 0.000000
v 0.224061 -1.078310 0.000000
v 0.229283 -1.074936 0.000000
v 0.239111 -1.066694 0.000000
v 0.251648 -1.005479 0.127000
v 0.249575 -1.037864 0.127000
v 0.245414 -1.052128 0.000000
v 0.249719 -1.037097 0.000000
v 0.251380 -1.021450 0.000000
v 0.251648 -1.005479 0.000000
v 0.252226 -0.726336 0.127000
v 0.252226 -0.726336 0.000000
v -0.048419 -1.097227 0.127000
v -0.048419 -1.097227 0.000000
v -0.170919 -1.096974 0.127000
v -0.170919 -1.096974 0.000000
v -0.170890 -1.083138 0.127000
v -0.170890 -1.083138 0.000000
v -0.116519 -1.059831 0.127000
v -0.128597 -1.069629 0.127000
v -0.141026 -1.076700 0.127000
v -0.155534 -1.080851 0.127000
v -0.155677 -1.080878 0.000000
v -0.141287 -1.076807 0.000000
v -0.128394 -1.069440 0.000000
v -0.116519 -1.059831 0.000000
v -0.099904 -0.994902 0.127000
v -0.102926 -1.029462 0.127000
v -0.108344 -1.044548 0.127000
v -0.108458 -1.044705 0.000000
v -0.102792 -1.028901 0.000000
v -0.100456 -1.012154 0.000000
v -0.099904 -0.994902 0.000000
v -0.099326 -0.715512 0.127000
v -0.099326 -0.715512 0.000000
v -0.111401 -0.651744 0.127000
v -0.101221 -0.681894 0.127000
v -0.099517 -0.698959 0.000000
v -0.101081 -0.682703 0.000000
v -0.105253 -0.667010 0.000000
v -0.111401 -0.651744 0.000000
v -0.158159 -0.633524 0.127000
v -0.144703 -0.634223 0.127000
v -0.132098 -0.636902 0.127000
v -0.126502 -0.639497 0.127000
v -0.121448 -0.642879 0.127000
v -0.121304 -0.643029 0.000000
v -0.126596 -0.639463 0.000000
v -0.132289 -0.636833 0.000000
v -0.144809 -0.634212 0.000000
v -0.158159 -0.633524 0.000000
v -0.158130 -0.619689 0.127000
v -0.158130 -0.619689 0.000000
v -0.013269 -0.619989 0.127000
v -0.013269 -0.619989 0.000000
v -0.208002 -0.566151 0.127000
v -0.200074 -0.554812 0.127000
v -0.200074 -0.554812 0.000000
v -0.208002 -0.566151 0.000000
v -0.252136 -0.555420 0.127000
v -0.240075 -0.554162 0.127000
v -0.234611 -0.554295 0.127000
v -0.229159 -0.555252 0.127000
v -0.218378 -0.559747 0.127000
v -0.218260 -0.559813 0.000000
v -0.228909 -0.555319 0.000000
v -0.234500 -0.554327 0.000000
v -0.240275 -0.554203 0.000000
v -0.252136 -0.555420 0.000000
v -0.295765 -0.597223 0.127000
v -0.276258 -0.572605 0.127000
v -0.265141 -0.563558 0.000000
v -0.276818 -0.573160 0.000000
v -0.286750 -0.584686 0.000000
v -0.295765 -0.597223 0.000000
v -0.466368 -0.841216 0.127000
v -0.466368 -0.841216 0.000000
v -0.490772 -0.896710 0.127000
v -0.482831 -0.868062 0.127000
v -0.475068 -0.854029 0.000000
v -0.482507 -0.867356 0.000000
v -0.487549 -0.881662 0.000000
v -0.490772 -0.896710 0.000000
v -0.465659 -0.934646 0.127000
v -0.475245 -0.927067 0.127000
v -0.483155 -0.918449 0.127000
v -0.485907 -0.913634 0.127000
v -0.487882 -0.908523 0.127000
v -0.487913 -0.908317 0.000000
v -0.485843 -0.913723 0.000000
v -0.483012 -0.918656 0.000000
v -0.475146 -0.927154 0.000000
v -0.465659 -0.934646 0.000000
v -0.473587 -0.945984 0.127000
v -0.473587 -0.945984 0.000000
v -0.614315 -0.847585 0.127000
v -0.614315 -0.847585 0.000000
v -0.606388 -0.836247 0.127000
v -0.606388 -0.836247 0.000000
v -0.561986 -0.847661 0.127000
v -0.577051 -0.848747 0.127000
v -0.582928 -0.848066 0.127000
v -0.587878 -0.846648 0.127000
v -0.596095 -0.842765 0.000000
v -0.585400 -0.847457 0.000000
v -0.579777 -0.848555 0.000000
v -0.573958 -0.848761 0.000000
v -0.561986 -0.847661 0.000000
v -0.518391 -0.804841 0.127000
v -0.538007 -0.829917 0.127000
v -0.549021 -0.839181 0.000000
v -0.537377 -0.829278 0.000000
v -0.527439 -0.817539 0.000000
v -0.518391 -0.804841 0.000000
v -0.347788 -0.560848 0.127000
v -0.347788 -0.560848 0.000000
v -0.323051 -0.505587 0.127000
v -0.331225 -0.534055 0.127000
v -0.339071 -0.548084 0.000000
v -0.331578 -0.534812 0.000000
v -0.326419 -0.520571 0.000000
v -0.323051 -0.505587 0.000000
v -0.348730 -0.467751 0.127000
v -0.339031 -0.475286 0.127000
v -0.330977 -0.483860 0.127000
v -0.328133 -0.488675 0.127000
v -0.326082 -0.493782 0.127000
v -0.326054 -0.493969 0.000000
v -0.328204 -0.488570 0.000000
v -0.331122 -0.483657 0.000000
v -0.339130 -0.475201 0.000000
v -0.348730 -0.467751 0.000000
v -0.340802 -0.456413 0.127000
v -0.340802 -0.456413 0.000000
v 1.055050 0.541889 0.127000
v 1.069730 0.538537 0.127000
v 1.075161 0.536167 0.127000
v 1.079514 0.533337 0.127000
v 1.094268 0.517780 0.127000
v 1.094268 0.517780 0.000000
v 1.086327 0.527102 0.000000
v 1.077461 0.534786 0.000000
v 1.072394 0.537510 0.000000
v 1.066871 0.539426 0.000000
v 1.055050 0.541889 0.000000
v 1.002212 0.514597 0.127000
v 1.027611 0.532237 0.127000
v 1.040563 0.537710 0.000000
v 1.026889 0.531850 0.000000
v 1.014273 0.523798 0.000000
v 1.002212 0.514597 0.000000
v 0.766207 0.330447 0.127000
v 0.766207 0.330447 0.000000
v 0.726530 0.285295 0.127000
v 0.742754 0.309878 0.127000
v 0.754245 0.320863 0.000000
v 0.743275 0.310452 0.000000
v 0.734187 0.298470 0.000000
v 0.726530 0.285295 0.000000
v 0.739773 0.241177 0.127000
v 0.732665 0.251297 0.127000
v 0.727474 0.261921 0.127000
v 0.726189 0.267440 0.127000
v 0.725782 0.273015 0.127000
v 0.725810 0.273204 0.000000
v 0.726216 0.267360 0.000000
v 0.727528 0.261755 0.000000
v 0.732713 0.251219 0.000000
v 0.739773 0.241177 0.000000
v 0.728866 0.232666 0.127000
v 0.728866 0.232666 0.000000
v 0.623231 0.368048 0.127000
v 0.623231 0.368048 0.000000
v 0.634138 0.376559 0.127000
v 0.634138 0.376559 0.000000
v 0.673475 0.353317 0.127000
v 0.661491 0.355642 0.127000
v 0.656262 0.357371 0.127000
v 0.651291 0.359886 0.127000
v 0.642239 0.367363 0.127000
v 0.642150 0.367454 0.000000
v 0.651084 0.360015 0.000000
v 0.656177 0.357428 0.000000
v 0.661701 0.355621 0.000000
v 0.673475 0.353317 0.000000
v 0.727467 0.380220 0.127000
v 0.701621 0.362518 0.127000
v 0.688299 0.357191 0.000000
v 0.702288 0.362863 0.000000
v 0.715169 0.370915 0.000000
v 0.727467 0.380220 0.000000
v 0.830973 0.460983 0.127000
v 0.830973 0.460983 0.000000
v 0.807193 0.491460 0.127000
v 0.807193 0.491460 0.000000
v 0.755950 0.523992 0.127000
v 0.784407 0.512160 0.127000
v 0.796336 0.502654 0.000000
v 0.784402 0.512162 0.000000
v 0.770700 0.518898 0.000000
v 0.755950 0.523992 0.000000
v 0.637764 0.522355 0.127000
v 0.698982 0.527495 0.127000
v 0.726413 0.526754 0.000000
v 0.696870 0.527447 0.000000
v 0.667319 0.525567 0.000000
v 0.637764 0.522355 0.000000
v 0.509085 0.514337 0.127000
v 0.605679 0.518885 0.000000
v 0.573551 0.516146 0.000000
v 0.541346 0.514763 0.000000
v 0.509085 0.514337 0.000000
v 0.449008 0.591332 0.127000
v 0.449008 0.591332 0.000000
v 0.459916 0.599843 0.127000
v 0.459916 0.599843 0.000000
v 0.503462 0.578280 0.127000
v 0.479711 0.585360 0.127000
v 0.469637 0.591684 0.127000
v 0.469471 0.591834 0.000000
v 0.479787 0.585323 0.000000
v 0.491288 0.581141 0.000000
v 0.503462 0.578280 0.000000
v 0.603971 0.582439 0.127000
v 0.528651 0.577099 0.000000
v 0.553800 0.577356 0.000000
v 0.578899 0.579427 0.000000
v 0.603971 0.582439 0.000000
v 0.700623 0.589354 0.127000
v 0.628055 0.585384 0.000000
v 0.652178 0.587735 0.000000
v 0.676373 0.588962 0.000000
v 0.700623 0.589354 0.000000
v 0.756592 0.579461 0.127000
v 0.714869 0.588282 0.000000
v 0.728982 0.586474 0.000000
v 0.742861 0.583378 0.000000
v 0.756592 0.579461 0.000000
v 0.788408 0.729189 0.127000
v 0.762504 0.698093 0.127000
v 0.752438 0.681871 0.127000
v 0.745845 0.664834 0.127000
v 0.743480 0.645509 0.127000
v 0.745348 0.624077 0.127000
v 0.745840 0.621255 0.000000
v 0.743536 0.641435 0.000000
v 0.744921 0.660756 0.000000
v 0.751011 0.678979 0.000000
v 0.761198 0.696247 0.000000
v 0.788408 0.729189 0.000000
v 0.885806 0.750219 0.127000
v 0.859725 0.752912 0.127000
v 0.834583 0.751290 0.127000
v 0.822650 0.747696 0.127000
v 0.811094 0.742473 0.127000
v 0.811021 0.742427 0.000000
v 0.822625 0.747679 0.000000
v 0.834586 0.751290 0.000000
v 0.859726 0.752912 0.000000
v 0.885806 0.750219 0.000000
v 0.984772 0.680601 0.127000
v 0.941045 0.724278 0.127000
v 0.915287 0.738742 0.127000
v 0.914739 0.738932 0.000000
v 0.941260 0.724124 0.000000
v 0.964064 0.703892 0.000000
v 0.984772 0.680601 0.000000
v 1.105176 0.526291 0.127000
v 1.105176 0.526291 0.000000
v -0.086011 0.645255 0.127000
v -0.077739 0.645859 0.127000
v -0.074384 0.645336 0.127000
v -0.071601 0.644236 0.127000
v -0.066545 0.640669 0.127000
v -0.061808 0.636097 0.127000
v -0.061808 0.636097 0.000000
v -0.067005 0.641067 0.000000
v -0.069735 0.643139 0.000000
v -0.072623 0.644716 0.000000
v -0.075720 0.645637 0.000000
v -0.079029 0.645890 0.000000
v -0.086011 0.645255 0.000000
v -0.107058 0.627709 0.127000
v -0.091658 0.641347 0.000000
v -0.097040 0.637110 0.000000
v -0.102124 0.632503 0.000000
v -0.107058 0.627709 0.000000
v -0.175218 0.577266 0.127000
v -0.122742 0.613226 0.000000
v -0.139108 0.599684 0.000000
v -0.156727 0.587873 0.000000
v -0.175218 0.577266 0.000000
v -0.279015 0.574128 0.127000
v -0.252840 0.567518 0.127000
v -0.226788 0.564937 0.127000
v -0.200960 0.569075 0.127000
v -0.200941 0.569081 0.000000
v -0.226788 0.564937 0.000000
v -0.252840 0.567518 0.000000
v -0.279015 0.574128 0.000000
v -0.354841 0.645247 0.127000
v -0.340938 0.622063 0.127000
v -0.324286 0.601846 0.127000
v -0.303029 0.586518 0.127000
v -0.303029 0.586518 0.000000
v -0.324286 0.601845 0.000000
v -0.340944 0.622075 0.000000
v -0.354841 0.645247 0.000000
v -0.362941 0.726426 0.127000
v -0.365807 0.685154 0.127000
v -0.361613 0.665073 0.000000
v -0.365807 0.685153 0.000000
v -0.365678 0.705661 0.000000
v -0.362941 0.726426 0.000000
v -0.302739 0.840251 0.127000
v -0.338419 0.784498 0.127000
v -0.351434 0.756687 0.000000
v -0.337705 0.785817 0.000000
v -0.321007 0.813434 0.000000
v -0.302739 0.840251 0.000000
v -0.251913 0.933319 0.127000
v -0.272865 0.886301 0.127000
v -0.287626 0.862255 0.000000
v -0.273667 0.884865 0.000000
v -0.261922 0.908637 0.000000
v -0.251913 0.933319 0.000000
v -0.256732 0.991422 0.127000
v -0.249297 0.962804 0.127000
v -0.249674 0.948138 0.000000
v -0.249296 0.962799 0.000000
v -0.252059 0.977192 0.000000
v -0.256732 0.991422 0.000000
v -0.299685 1.029170 0.127000
v -0.285790 1.023190 0.127000
v -0.279495 1.019647 0.127000
v -0.273800 1.015367 0.127000
v -0.264452 1.004329 0.127000
v -0.264449 1.004325 0.000000
v -0.273794 1.015361 0.000000
v -0.279530 1.019659 0.000000
v -0.285897 1.023232 0.000000
v -0.299685 1.029170 0.000000
v -0.364463 1.021335 0.127000
v -0.332590 1.031031 0.127000
v -0.316621 1.031297 0.127000
v -0.316322 1.031248 0.000000
v -0.332705 1.031016 0.000000
v -0.348696 1.027194 0.000000
v -0.364463 1.021335 0.000000
v -0.419561 0.967863 0.127000
v -0.409259 0.985102 0.127000
v -0.397217 0.999843 0.127000
v -0.381784 1.011549 0.127000
v -0.381767 1.011560 0.000000
v -0.397190 0.999869 0.000000
v -0.409379 0.984888 0.000000
v -0.419561 0.967863 0.000000
v -0.420331 0.888035 0.127000
v -0.425270 0.908138 0.127000
v -0.427493 0.928190 0.127000
v -0.425121 0.947684 0.127000
v -0.425020 0.948008 0.000000
v -0.427493 0.928095 0.000000
v -0.425260 0.908091 0.000000
v -0.420331 0.888035 0.000000
v -0.433310 0.882171 0.127000
v -0.433310 0.882171 0.000000
v -0.479384 0.984147 0.127000
v -0.479384 0.984147 0.000000
v -0.467147 0.989676 0.127000
v -0.467147 0.989676 0.000000
v -0.458544 0.981506 0.127000
v -0.465216 0.987391 0.000000
v -0.463182 0.985222 0.000000
v -0.460946 0.983273 0.000000
v -0.458544 0.981506 0.000000
v -0.450493 0.982465 0.127000
v -0.452497 0.981635 0.127000
v -0.454526 0.981106 0.127000
v -0.456463 0.981109 0.127000
v -0.456479 0.981117 0.000000
v -0.455457 0.981045 0.000000
v -0.454446 0.981117 0.000000
v -0.452458 0.981649 0.000000
v -0.450493 0.982465 0.000000
v -0.456479 0.981117 0.063500
v -0.452458 0.981649 0.063500
v -0.456479 0.981117 0.095250
v -0.455457 0.981045 0.095250
v -0.454446 0.981117 0.095250
v -0.452458 0.981649 0.095250
v -0.452458 0.981649 0.031750
v -0.454446 0.981117 0.031750
v -0.455457 0.981045 0.031750
v -0.456479 0.981117 0.031750
v -0.455457 0.981045 0.063500
v -0.454446 0.981117 0.063500
v -0.430590 0.997709 0.127000
v -0.445158 0.985792 0.000000
v -0.440057 0.989435 0.000000
v -0.435248 0.993470 0.000000
v -0.430590 0.997709 0.000000
v -0.372744 1.037687 0.127000
v -0.417220 1.009299 0.000000
v -0.403277 1.020051 0.000000
v -0.388331 1.029337 0.000000
v -0.372744 1.037687 0.000000
v -0.273188 1.045139 0.127000
v -0.298907 1.050241 0.127000
v -0.323542 1.051304 0.127000
v -0.348262 1.046284 0.127000
v -0.348302 1.046272 0.000000
v -0.323623 1.051298 0.000000
v -0.298534 1.050154 0.000000
v -0.273188 1.045139 0.000000
v -0.203660 0.978716 0.127000
v -0.216231 1.000448 0.127000
v -0.231385 1.019442 0.127000
v -0.250651 1.033601 0.127000
v -0.250908 1.033723 0.000000
v -0.231358 1.019416 0.000000
v -0.216220 1.000432 0.000000
v -0.203660 0.978716 0.000000
v -0.190264 0.927356 0.127000
v -0.194632 0.953616 0.127000
v -0.198725 0.966286 0.000000
v -0.194637 0.953636 0.000000
v -0.192001 0.940612 0.000000
v -0.190264 0.927356 0.000000
v -0.197428 0.876094 0.127000
v -0.191290 0.901381 0.127000
v -0.190289 0.914297 0.000000
v -0.191291 0.901373 0.000000
v -0.193889 0.888669 0.000000
v -0.197428 0.876094 0.000000
v -0.242921 0.795828 0.127000
v -0.207119 0.855100 0.000000
v -0.217889 0.834702 0.000000
v -0.230044 0.815066 0.000000
v -0.242921 0.795828 0.000000
v -0.296814 0.696592 0.127000
v -0.274353 0.746666 0.127000
v -0.258812 0.772284 0.000000
v -0.273540 0.748132 0.000000
v -0.286042 0.722815 0.000000
v -0.296814 0.696592 0.000000
v -0.293630 0.637258 0.127000
v -0.298146 0.652090 0.127000
v -0.300453 0.666547 0.127000
v -0.299574 0.681539 0.000000
v -0.300455 0.666602 0.000000
v -0.298071 0.651867 0.000000
v -0.293630 0.637258 0.000000
v -0.244271 0.591633 0.127000
v -0.260317 0.599258 0.127000
v -0.274015 0.608857 0.127000
v -0.284752 0.622039 0.127000
v -0.284759 0.622050 0.000000
v -0.274034 0.608874 0.000000
v -0.260134 0.599178 0.000000
v -0.244271 0.591633 0.000000
v -0.171239 0.599157 0.127000
v -0.207241 0.588528 0.127000
v -0.225244 0.588655 0.127000
v -0.225573 0.588719 0.000000
v -0.207126 0.588540 0.000000
v -0.189071 0.592634 0.000000
v -0.171239 0.599157 0.000000
v -0.111380 0.661478 0.127000
v -0.122126 0.641833 0.127000
v -0.135162 0.624395 0.127000
v -0.151976 0.610694 0.127000
v -0.152039 0.610659 0.000000
v -0.135161 0.624396 0.000000
v -0.122125 0.641834 0.000000
v -0.111380 0.661478 0.000000
v -0.114919 0.753648 0.127000
v -0.107319 0.730785 0.127000
v -0.103300 0.707812 0.127000
v -0.105337 0.685037 0.127000
v -0.105426 0.684731 0.000000
v -0.103302 0.707866 0.000000
v -0.107327 0.730812 0.000000
v -0.114919 0.753648 0.000000
v -0.101941 0.759512 0.127000
v -0.101941 0.759512 0.000000
v -0.048829 0.641961 0.127000
v -0.048829 0.641961 0.000000
v 0.855823 -0.763677 0.127000
v 0.807878 -0.813542 0.127000
v 0.807878 -0.813542 0.000000
v 0.855823 -0.763677 0.000000
v 0.593055 -0.511028 0.127000
v 0.593055 -0.511028 0.000000
v 0.543087 -0.478671 0.127000
v 0.569593 -0.491084 0.127000
v 0.581941 -0.500695 0.000000
v 0.570154 -0.491459 0.000000
v 0.557094 -0.484293 0.000000
v 0.543087 -0.478671 0.000000
v 0.500936 -0.497534 0.127000
v 0.509712 -0.489349 0.127000
v 0.519463 -0.482729 0.127000
v 0.524893 -0.480639 0.127000
v 0.530533 -0.479474 0.127000
v 0.530936 -0.479446 0.000000
v 0.525165 -0.480576 0.000000
v 0.519754 -0.482588 0.000000
v 0.509966 -0.489135 0.000000
v 0.500936 -0.497534 0.000000
v 0.490963 -0.487945 0.127000
v 0.490963 -0.487945 0.000000
v 0.608005 -0.366216 0.127000
v 0.608005 -0.366216 0.000000
v 0.617978 -0.375805 0.127000
v 0.617978 -0.375805 0.000000
v 0.600355 -0.415874 0.127000
v 0.601676 -0.401652 0.127000
v 0.603215 -0.396232 0.127000
v 0.605314 -0.391760 0.127000
v 0.610284 -0.384514 0.000000
v 0.604223 -0.393873 0.000000
v 0.602309 -0.398997 0.000000
v 0.601201 -0.404441 0.000000
v 0.600355 -0.415874 0.000000
v 0.635009 -0.463871 0.127000
v 0.613835 -0.441346 0.127000
v 0.606596 -0.429518 0.000000
v 0.614398 -0.442101 0.000000
v 0.624187 -0.453336 0.000000
v 0.635009 -0.463871 0.000000
v 0.899537 -0.718211 0.127000
v 0.899537 -0.718211 0.000000
v 0.949738 -0.666000 0.127000
v 0.949738 -0.666000 0.000000
v 0.987129 -0.606269 0.127000
v 0.972795 -0.638156 0.127000
v 0.961808 -0.652701 0.000000
v 0.972518 -0.638587 0.000000
v 0.980712 -0.622961 0.000000
v 0.987129 -0.606269 0.000000
v 0.970403 -0.545875 0.127000
v 0.978719 -0.560087 0.127000
v 0.984915 -0.574836 0.127000
v 0.987281 -0.589789 0.127000
v 0.987258 -0.590079 0.000000
v 0.984827 -0.574537 0.000000
v 0.978644 -0.559945 0.000000
v 0.970403 -0.545875 0.000000
v 0.976890 -0.539128 0.127000
v 0.976890 -0.539128 0.000000
v 1.055794 -0.614994 0.127000
v 1.055794 -0.614994 0.000000
v 1.045359 -0.625847 0.127000
v 1.045359 -0.625847 0.000000
v 0.979995 -0.667996 0.127000
v 1.010106 -0.641018 0.127000
v 1.026519 -0.632442 0.127000
v 1.026631 -0.632441 0.000000
v 1.009394 -0.641496 0.000000
v 0.994163 -0.653867 0.000000
v 0.979995 -0.667996 0.000000
v 0.806548 -0.848390 0.127000
v 0.806548 -0.848390 0.000000
v 0.769817 -0.912425 0.127000
v 0.774782 -0.894147 0.127000
v 0.781974 -0.878142 0.127000
v 0.793573 -0.862386 0.000000
v 0.782443 -0.877361 0.000000
v 0.774810 -0.894193 0.000000
v 0.769817 -0.912425 0.000000
v 0.759946 -0.922691 0.127000
v 0.759946 -0.922691 0.000000
v 0.681042 -0.846825 0.127000
v 0.681042 -0.846825 0.000000
v 0.690913 -0.836559 0.127000
v 0.690913 -0.836559 0.000000
v 0.746379 -0.854608 0.127000
v 0.730838 -0.854647 0.127000
v 0.723770 -0.853844 0.127000
v 0.716845 -0.852074 0.127000
v 0.703532 -0.845455 0.127000
v 0.703459 -0.845408 0.000000
v 0.716686 -0.852019 0.000000
v 0.723758 -0.853818 0.000000
v 0.731131 -0.854630 0.000000
v 0.746379 -0.854608 0.000000
v 0.779485 -0.839004 0.127000
v 0.763844 -0.847630 0.000000
v 0.780025 -0.838632 0.000000
v 0.794428 -0.826836 0.000000
v -0.581552 -0.255439 0.127000
v -0.552539 -0.243021 0.127000
v -0.523094 -0.239283 0.127000
v -0.523094 -0.239283 0.000000
v -0.538451 -0.240312 0.000000
v -0.553336 -0.243255 0.000000
v -0.567605 -0.248693 0.000000
v -0.581552 -0.255439 0.000000
v -0.701252 -0.315050 0.127000
v -0.701252 -0.315050 0.000000
v -0.664230 -0.378438 0.127000
v -0.691386 -0.330543 0.000000
v -0.681837 -0.346219 0.000000
v -0.672850 -0.362222 0.000000
v -0.664230 -0.378438 0.000000
v -0.637135 -0.504501 0.127000
v -0.640586 -0.440118 0.127000
v -0.650785 -0.408639 0.000000
v -0.640725 -0.439508 0.000000
v -0.636830 -0.471591 0.000000
v -0.637135 -0.504501 0.000000
v -0.699499 -0.584198 0.127000
v -0.676982 -0.569590 0.127000
v -0.666880 -0.561394 0.127000
v -0.658168 -0.552127 0.127000
v -0.651237 -0.541644 0.127000
v -0.645796 -0.530124 0.127000
v -0.645709 -0.529836 0.000000
v -0.651217 -0.541561 0.000000
v -0.658191 -0.552157 0.000000
v -0.666902 -0.561414 0.000000
v -0.676998 -0.569602 0.000000
v -0.699499 -0.584198 0.000000
v -0.809138 -0.583113 0.127000
v -0.781785 -0.592701 0.127000
v -0.768098 -0.595921 0.127000
v -0.754399 -0.597254 0.127000
v -0.740750 -0.596272 0.127000
v -0.727134 -0.593370 0.127000
v -0.726970 -0.593310 0.000000
v -0.740696 -0.596251 0.000000
v -0.754408 -0.597253 0.000000
v -0.768105 -0.595920 0.000000
v -0.781790 -0.592700 0.000000
v -0.809138 -0.583113 0.000000
v -0.903327 -0.478871 0.127000
v -0.864420 -0.539169 0.127000
v -0.838653 -0.562595 0.000000
v -0.864698 -0.538855 0.000000
v -0.885482 -0.510228 0.000000
v -0.903327 -0.478871 0.000000
v -0.980964 -0.322974 0.127000
v -0.980964 -0.322974 0.000000
v -0.968580 -0.316806 0.127000
v -0.968580 -0.316806 0.000000
v -0.934676 -0.347426 0.127000
v -0.948875 -0.341237 0.127000
v -0.953725 -0.337883 0.127000
v -0.957350 -0.334367 0.127000
v -0.962569 -0.327366 0.000000
v -0.955318 -0.336464 0.000000
v -0.950847 -0.340017 0.000000
v -0.945787 -0.342876 0.000000
v -0.934676 -0.347426 0.000000
v -0.876278 -0.331299 0.127000
v -0.905222 -0.343642 0.127000
v -0.919341 -0.346363 0.000000
v -0.904471 -0.343422 0.000000
v -0.890213 -0.338010 0.000000
v -0.876278 -0.331299 0.000000
v -0.608318 -0.197855 0.127000
v -0.608318 -0.197855 0.000000
v -0.562445 -0.162054 0.127000
v -0.582325 -0.182711 0.127000
v -0.595151 -0.190977 0.000000
v -0.582817 -0.183084 0.000000
v -0.572052 -0.173276 0.000000
v -0.562445 -0.162054 0.000000
v -0.566088 -0.116365 0.127000
v -0.561264 -0.127669 0.127000
v -0.558439 -0.139072 0.127000
v -0.558359 -0.144707 0.127000
v -0.559142 -0.150236 0.127000
v -0.559211 -0.150427 0.000000
v -0.558371 -0.144652 0.000000
v -0.558455 -0.138923 0.000000
v -0.561291 -0.127595 0.000000
v -0.566088 -0.116365 0.000000
v -0.553704 -0.110197 0.127000
v -0.553704 -0.110197 0.000000
v -0.477155 -0.263909 0.127000
v -0.477155 -0.263909 0.000000
v -0.489540 -0.270077 0.127000
v -0.489540 -0.270077 0.000000
v -0.511911 -0.244008 0.127000
v -0.507194 -0.246764 0.127000
v -0.502877 -0.250244 0.127000
v -0.495573 -0.259423 0.127000
v -0.495492 -0.259551 0.000000
v -0.502668 -0.250445 0.000000
v -0.507090 -0.246860 0.000000
v -0.512096 -0.243953 0.000000
v 0.827407 0.151585 0.127000
v 0.737105 0.135161 0.127000
v 0.737105 0.135161 0.000000
v 0.827407 0.151585 0.000000
v 0.826527 0.137370 0.127000
v 0.826527 0.137370 0.000000
v 0.782120 0.114843 0.127000
v 0.814885 0.132776 0.000000
v 0.803511 0.127667 0.000000
v 0.792636 0.121600 0.000000
v 0.782120 0.114843 0.000000
v 0.762262 0.087126 0.127000
v 0.770184 0.102423 0.127000
v 0.775775 0.108903 0.000000
v 0.770184 0.102423 0.000000
v 0.765847 0.095044 0.000000
v 0.762262 0.087126 0.000000
v 0.753566 0.025695 0.127000
v 0.758763 0.071974 0.000000
v 0.756122 0.056688 0.000000
v 0.754562 0.041236 0.000000
v 0.753566 0.025695 0.000000
v 0.748411 -0.057563 0.127000
v 0.748411 -0.057563 0.000000
v 0.754049 -0.085023 0.127000
v 0.750814 -0.078514 0.127000
v 0.748810 -0.072120 0.127000
v 0.748182 -0.064812 0.000000
v 0.748763 -0.071872 0.000000
v 0.750859 -0.078576 0.000000
v 0.754049 -0.085023 0.000000
v 0.778739 -0.094502 0.127000
v 0.771766 -0.093787 0.127000
v 0.765157 -0.092201 0.127000
v 0.759535 -0.089260 0.127000
v 0.759469 -0.089194 0.000000
v 0.765347 -0.092270 0.000000
v 0.771869 -0.093802 0.000000
v 0.778739 -0.094502 0.000000
v 0.949316 -0.105064 0.127000
v 0.949316 -0.105064 0.000000
v 0.956634 0.013122 0.127000
v 0.956634 0.013122 0.000000
v 0.951885 0.061524 0.127000
v 0.957213 0.038705 0.127000
v 0.957431 0.025482 0.000000
v 0.957294 0.037719 0.000000
v 0.955340 0.049719 0.000000
v 0.951885 0.061524 0.000000
v 0.914865 0.082570 0.127000
v 0.935737 0.074550 0.127000
v 0.944018 0.068827 0.127000
v 0.943921 0.068883 0.000000
v 0.935122 0.074885 0.000000
v 0.925267 0.079173 0.000000
v 0.914865 0.082570 0.000000
v 0.915745 0.096785 0.127000
v 0.915745 0.096785 0.000000
v 1.031494 0.089618 0.127000
v 1.031494 0.089618 0.000000
v 1.030614 0.075403 0.127000
v 1.030614 0.075403 0.000000
v 0.992762 0.063274 0.127000
v 1.010289 0.071966 0.127000
v 1.020512 0.074196 0.000000
v 1.010723 0.072098 0.000000
v 1.001523 0.068314 0.000000
v 0.992762 0.063274 0.000000
v 0.980714 0.026716 0.127000
v 0.983561 0.046642 0.127000
v 0.987302 0.055001 0.127000
v 0.987338 0.055019 0.000000
v 0.983428 0.046209 0.000000
v 0.981537 0.036658 0.000000
v 0.980714 0.026716 0.000000
v 0.972466 -0.106497 0.127000
v 0.972466 -0.106497 0.000000
v 1.176347 -0.119121 0.127000
v 1.176347 -0.119121 0.000000
v 1.184846 0.018153 0.127000
v 1.184846 0.018153 0.000000
v 1.177336 0.077938 0.127000
v 1.185299 0.049888 0.127000
v 1.185805 0.033559 0.000000
v 1.185421 0.048746 0.000000
v 1.182438 0.063514 0.000000
v 1.177336 0.077938 0.000000
v 1.133347 0.101658 0.127000
v 1.157813 0.092923 0.127000
v 1.167763 0.086338 0.000000
v 1.157297 0.093190 0.000000
v 1.145637 0.097971 0.000000
v 1.133347 0.101658 0.000000
v 1.133900 0.110593 0.127000
v 1.133900 0.110593 0.000000
v 1.213503 0.105664 0.127000
v 1.213503 0.105664 0.000000
v 1.192254 -0.237521 0.127000
v 1.192254 -0.237521 0.000000
v 1.178445 -0.236666 0.127000
v 1.178445 -0.236666 0.000000
v 1.164824 -0.193015 0.127000
v 1.173753 -0.205392 0.127000
v 1.176242 -0.210745 0.127000
v 1.177609 -0.215657 0.127000
v 1.178592 -0.224516 0.000000
v 1.176961 -0.212984 0.000000
v 1.174932 -0.207642 0.000000
v 1.172046 -0.202598 0.000000
v 1.164824 -0.193015 0.000000
v 1.105773 -0.177943 0.127000
v 1.137275 -0.181665 0.127000
v 1.150900 -0.186303 0.000000
v 1.136442 -0.181466 0.000000
v 1.121289 -0.179067 0.000000
v 1.105773 -0.177943 0.000000
v 0.807808 -0.159494 0.127000
v 0.807808 -0.159494 0.000000
v 0.748795 -0.166848 0.127000
v 0.776942 -0.159339 0.127000
v 0.792665 -0.158748 0.000000
v 0.777711 -0.159255 0.000000
v 0.763116 -0.162145 0.000000
v 0.748795 -0.166848 0.000000
v 0.729665 -0.208879 0.127000
v 0.731002 -0.196545 0.127000
v 0.734105 -0.185093 0.127000
v 0.736772 -0.180077 0.127000
v 0.740134 -0.175608 0.127000
v 0.740275 -0.175490 0.000000
v 0.736731 -0.180169 0.000000
v 0.734031 -0.185268 0.000000
v 0.730986 -0.196644 0.000000
v 0.729665 -0.208879 0.000000
v 0.715856 -0.208024 0.127000
v 0.715856 -0.208024 0.000000
v -0.844781 0.568863 0.127000
v -0.811412 0.629457 0.127000
v -0.811412 0.629457 0.000000
v -0.844781 0.568863 0.000000
v -0.525473 0.393020 0.127000
v -0.525473 0.393020 0.000000
v -0.468822 0.374731 0.127000
v -0.497641 0.379844 0.127000
v -0.512059 0.385924 0.000000
v -0.498280 0.380061 0.000000
v -0.483808 0.376528 0.000000
v -0.468822 0.374731 0.000000
v -0.433007 0.403882 0.127000
v -0.439360 0.393700 0.127000
v -0.447059 0.384779 0.127000
v -0.451761 0.381351 0.127000
v -0.456906 0.378763 0.127000
v -0.457288 0.378631 0.000000
v -0.452008 0.381220 0.000000
v -0.447304 0.384566 0.000000
v -0.439549 0.393428 0.000000
v -0.433007 0.403882 0.000000
v -0.420888 0.397208 0.127000
v -0.420888 0.397208 0.000000
v -0.502349 0.249286 0.127000
v -0.502349 0.249286 0.000000
v -0.514468 0.255960 0.127000
v -0.514468 0.255960 0.000000
v -0.507842 0.299229 0.127000
v -0.505428 0.285151 0.127000
v -0.505508 0.279517 0.127000
v -0.506376 0.274654 0.127000
v -0.509296 0.266367 0.000000
v -0.505870 0.276978 0.000000
v -0.505351 0.282423 0.000000
v -0.505693 0.287968 0.000000
v -0.507842 0.299229 0.000000
v -0.553759 0.336594 0.127000
v -0.527467 0.320333 0.127000
v -0.517408 0.310787 0.000000
v -0.528207 0.320915 0.000000
v -0.540575 0.329228 0.000000
v -0.553759 0.336594 0.000000
v -0.875206 0.513615 0.127000
v -0.875206 0.513615 0.000000
v -0.910146 0.450168 0.127000
v -0.910146 0.450168 0.000000
v -0.930764 0.382784 0.127000
v -0.925191 0.417297 0.127000
v -0.918353 0.434195 0.000000
v -0.925035 0.417785 0.000000
v -0.928896 0.400569 0.000000
v -0.930764 0.382784 0.000000
v -0.898944 0.328795 0.127000
v -0.910663 0.340364 0.127000
v -0.920472 0.353001 0.127000
v -0.926636 0.366828 0.127000
v -0.926689 0.367114 0.000000
v -0.920309 0.352735 0.000000
v -0.910553 0.340246 0.000000
v -0.898944 0.328795 0.000000
v -0.903459 0.320597 0.127000
v -0.903459 0.320597 0.000000
v -0.999341 0.373399 0.127000
v -0.999341 0.373399 0.000000
v -0.992079 0.386587 0.127000
v -0.992079 0.386587 0.000000
v -0.939885 0.444248 0.127000
v -0.961968 0.410384 0.127000
v -0.975595 0.397843 0.127000
v -0.975702 0.397813 0.000000
v -0.961403 0.411029 0.000000
v -0.949903 0.426928 0.000000
v -0.939885 0.444248 0.000000
v -0.819166 0.663458 0.127000
v -0.819166 0.663458 0.000000
v -0.800302 0.734828 0.127000
v -0.800356 0.715888 0.127000
v -0.803151 0.698566 0.127000
v -0.810266 0.680341 0.000000
v -0.803401 0.697690 0.000000
v -0.800395 0.715925 0.000000
v -0.800302 0.734828 0.000000
v -0.793432 0.747304 0.127000
v -0.793432 0.747304 0.000000
v -0.697550 0.694501 0.127000
v -0.697550 0.694501 0.000000
v -0.704420 0.682026 0.127000
v -0.704420 0.682026 0.000000
v -0.762669 0.685070 0.127000
v -0.747670 0.689139 0.127000
v -0.740636 0.690196 0.127000
v -0.733489 0.690283 0.127000
v -0.718915 0.687344 0.127000
v -0.718832 0.687318 0.000000
v -0.733321 0.690272 0.000000
v -0.740618 0.690174 0.000000
v -0.747949 0.689047 0.000000
v -0.762669 0.685070 0.000000
v -0.790595 0.661413 0.127000
v -0.777727 0.673801 0.000000
v -0.791020 0.660913 0.000000
v -0.801870 0.645785 0.000000
v -1.172000 0.014792 0.127000
v -1.157866 -0.173812 0.127000
v -1.115780 -0.358202 0.127000
v -1.046682 -0.534261 0.127000
v -0.952116 -0.698054 0.127000
v -0.834194 -0.845924 0.127000
v -0.695550 -0.974566 0.127000
v -0.539282 -1.081108 0.127000
v -0.368880 -1.163170 0.127000
v -0.188150 -1.218917 0.127000
v -0.001130 -1.247106 0.127000
v 0.188002 -1.247106 0.127000
v 0.375022 -1.218917 0.127000
v 0.555752 -1.163170 0.127000
v 0.726154 -1.081108 0.127000
v 0.882423 -0.974566 0.127000
v 1.021067 -0.845924 0.127000
v 1.138989 -0.698054 0.127000
v 1.233555 -0.534261 0.127000
v 1.302653 -0.358202 0.127000
v 1.344739 -0.173812 0.127000
v 1.358872 0.014792 0.127000
v 1.344739 0.203395 0.127000
v 1.302653 0.387786 0.127000
v 1.233555 0.563844 0.127000
v 1.138989 0.727637 0.127000
v 1.021067 0.875507 0.127000
v 0.882423 1.004150 0.127000
v 0.726154 1.110692 0.127000
v 0.555752 1.192753 0.127000
v 0.375022 1.248501 0.127000
v 0.188002 1.276689 0.127000
v -0.001130 1.276689 0.127000
v -0.188150 1.248501 0.127000
v -0.368880 1.192753 0.127000
v -0.539282 1.110692 0.127000
v -0.695550 1.004150 0.127000
v -0.834194 0.875507 0.127000
v -0.952116 0.727637 0.127000
v -1.046682 0.563844 0.127000
v -1.115780 0.387786 0.127000
v -1.157866 0.203395 0.127000
v -1.172000 0.014792 0.000000
v -1.157866 0.203395 0.000000
v -1.115780 0.387786 0.000000
v -1.046682 0.563844 0.000000
v -0.952116 0.727637 0.000000
v -0.834194 0.875507 0.000000
v -0.695550 1.004150 0.000000
v -0.539282 1.110692 0.000000
v -0.368880 1.192753 0.000000
v -0.188150 1.248501 0.000000
v -0.001130 1.276689 0.000000
v 0.188002 1.276689 0.000000
v 0.375022 1.248501 0.000000
v 0.555752 1.192753 0.000000
v 0.726154 1.110692 0.000000
v 0.882423 1.004150 0.000000
v 1.021067 0.875507 0.000000
v 1.138989 0.727637 0.000000
v 1.233555 0.563844 0.000000
v 1.302653 0.387786 0.000000
v 1.344739 0.203395 0.000000
v 1.358872 0.014792 0.000000
v 1.344739 -0.173812 0.000000
v 1.302653 -0.358202 0.000000
v 1.233555 -0.534261 0.000000
v 1.138989 -0.698054 0.000000
v 1.021067 -0.845924 0.000000
v 0.882423 -0.974566 0.000000
v 0.726154 -1.081108 0.000000
v 0.555752 -1.163170 0.000000
v 0.375022 -1.218917 0.000000
v 0.188002 -1.247106 0.000000
v -0.001130 -1.247106 0.000000
v -0.188150 -1.218917 0.000000
v -0.368880 -1.163170 0.000000
v -0.539282 -1.081108 0.000000
v -0.695550 -0.974566 0.000000
v -0.834194 -0.845924 0.000000
v -0.952116 -0.698054 0.000000
v -1.046682 -0.534261 0.000000
v -1.115780 -0.358202 0.000000
v -1.157866 -0.173812 0.000000
vt -0.000000 0.127000 0.000000
vt -0.091783 0.127000 0.000000
vt -0.000000 0.000000 0.000000
vt -0.091783 0.000000 0.000000
vt -0.000000 0.127000 0.000000
vt -0.014242 0.127000 0.000000
vt -0.000000 0.000000 0.000000
vt -0.014242 0.000000 0.000000
vt -0.049801 0.127000 0.000000
vt -0.024900 0.000000 0.000000
vt -0.000000 0.127000 0.000000
vt -0.012450 0.000000 0.000000
vt -0.000000 0.000000 0.000000
vt -0.049801 0.000000 0.000000
vt -0.037350 0.000000 0.000000
vt -0.000000 0.000000 0.000000
vt -0.000000 0.127000 0.000000
vt -0.008524 0.000000 0.000000
vt -0.017048 0.127000 0.000000
vt -0.017048 0.000000 0.000000
vt -0.025572 0.000000 0.000000
vt -0.034096 0.127000 0.000000
vt -0.034096 0.000000 0.000000
vt -0.062054 0.127000 0.000000
vt -0.031027 0.000000 0.000000
vt -0.000000 0.127000 0.000000
vt -0.015513 0.000000 0.000000
vt -0.000000 0.000000 0.000000
vt -0.062054 0.000000 0.000000
vt -0.046540 0.000000 0.000000
vt -0.000000 0.127000 0.000000
vt -0.083417 0.127000 0.000000
vt -0.000000 0.000000 0.000000
vt -0.083417 0.000000 0.000000
vt -0.000000 0.000000 0.000000
vt -0.000000 0.127000 0.000000
vt -0.007015 0.000000 0.000000
vt -0.007088 0.127000 0.000000
vt -0.013778 0.127000 0.000000
vt -0.028061 0.127000 0.000000
vt -0.021045 0.000000 0.000000
vt -0.014030 0.000000 0.000000
vt -0.028061 0.000000 0.000000
vt -0.000000 0.000000 0.000000
vt -0.000000 0.127000 0.000000
vt -0.006617 0.000000 0.000000
vt -0.006719 0.127000 0.000000
vt -0.013235 0.000000 0.000000
vt -0.013437 0.127000 0.000000
vt -0.019852 0.000000 0.000000
vt -0.019763 0.127000 0.000000
vt -0.026470 0.127000 0.000000
vt -0.026470 0.000000 0.000000
vt 0.000000 0.127000 0.000000
vt -0.170904 0.127000 0.000000
vt 0.000000 0.000000 0.000000
vt -0.170904 0.000000 0.000000
vt -0.000000 0.127000 0.000000
vt -0.118412 0.127000 0.000000
vt -0.000000 0.000000 0.000000
vt -0.118412 0.000000 0.000000
vt -0.000000 0.000000 0.000000
vt -0.000000 0.127000 0.000000
vt -0.012171 0.000000 0.000000
vt -0.023352 0.127000 0.000000
vt -0.024342 0.000000 0.000000
vt -0.036512 0.000000 0.000000
vt -0.048683 0.127000 0.000000
vt -0.048683 0.000000 0.000000
vt -0.000000 0.000000 0.000000
vt -0.000000 0.127000 0.000000
vt -0.010658 0.000000 0.000000
vt -0.022018 0.127000 0.000000
vt -0.021317 0.000000 0.000000
vt -0.031975 0.000000 0.000000
vt -0.032084 0.127000 0.000000
vt -0.042634 0.127000 0.000000
vt -0.042634 0.000000 0.000000
vt 0.000000 0.127000 0.000000
vt -0.014242 0.127000 0.000000
vt 0.000000 0.000000 0.000000
vt -0.014242 0.000000 0.000000
vt -0.000000 0.127000 0.000000
vt -0.115970 0.127000 0.000000
vt -0.000000 0.000000 0.000000
vt -0.115970 0.000000 0.000000
vt -0.000000 0.127000 0.000000
vt -0.014242 0.127000 0.000000
vt -0.000000 0.000000 0.000000
vt -0.014242 0.000000 0.000000
vt -0.000000 0.000000 0.000000
vt -0.000000 0.127000 0.000000
vt -0.009945 0.000000 0.000000
vt -0.019435 0.127000 0.000000
vt -0.019889 0.000000 0.000000
vt -0.029834 0.000000 0.000000
vt -0.039778 0.127000 0.000000
vt -0.039778 0.000000 0.000000
vt -0.000000 0.000000 0.000000
vt -0.000000 0.127000 0.000000
vt -0.009634 0.000000 0.000000
vt -0.019720 0.127000 0.000000
vt -0.019267 0.000000 0.000000
vt -0.028901 0.000000 0.000000
vt -0.028868 0.127000 0.000000
vt -0.038535 0.127000 0.000000
vt -0.038535 0.000000 0.000000
vt -0.000000 0.127000 0.000000
vt -0.133468 0.127000 0.000000
vt -0.000000 0.000000 0.000000
vt -0.133468 0.000000 0.000000
vt -0.000000 0.127000 0.000000
vt -0.204271 0.127000 0.000000
vt -0.000000 0.000000 0.000000
vt -0.204271 0.000000 0.000000
vt -0.000000 0.127000 0.000000
vt -0.137537 0.127000 0.000000
vt -0.000000 0.000000 0.000000
vt -0.137537 0.000000 0.000000
vt -0.000000 0.000000 0.000000
vt -0.000000 0.127000 0.000000
vt -0.015082 0.000000 0.000000
vt -0.029016 0.127000 0.000000
vt -0.030165 0.000000 0.000000
vt -0.045247 0.000000 0.000000
vt -0.060330 0.127000 0.000000
vt -0.060330 0.000000 0.000000
vt -0.000000 0.000000 0.000000
vt -0.000000 0.127000 0.000000
vt -0.012504 0.000000 0.000000
vt -0.025590 0.127000 0.000000
vt -0.025009 0.000000 0.000000
vt -0.037513 0.000000 0.000000
vt -0.050018 0.127000 0.000000
vt -0.050018 0.000000 0.000000
vt 0.000000 0.127000 0.000000
vt -0.008952 0.127000 0.000000
vt 0.000000 0.000000 0.000000
vt -0.008952 0.000000 0.000000
vt 0.000000 0.127000 0.000000
vt -0.079755 0.127000 0.000000
vt 0.000000 0.000000 0.000000
vt -0.079755 0.000000 0.000000
vt -0.000000 0.127000 0.000000
vt -0.343842 0.127000 0.000000
vt -0.000000 0.000000 0.000000
vt -0.343842 0.000000 0.000000
vt -0.000000 0.127000 0.000000
vt -0.013835 0.127000 0.000000
vt -0.000000 0.000000 0.000000
vt -0.013835 0.000000 0.000000
vt -0.000000 0.000000 0.000000
vt -0.000000 0.127000 0.000000
vt -0.011447 0.000000 0.000000
vt -0.014654 0.127000 0.000000
vt -0.017171 0.000000 0.000000
vt -0.020538 0.127000 0.000000
vt -0.022894 0.000000 0.000000
vt -0.025636 0.127000 0.000000
vt -0.034341 0.000000 0.000000
vt -0.045788 0.127000 0.000000
vt -0.045788 0.000000 0.000000
vt -0.000000 0.000000 0.000000
vt -0.000000 0.127000 0.000000
vt -0.015248 0.000000 0.000000
vt -0.031352 0.127000 0.000000
vt -0.030496 0.000000 0.000000
vt -0.045744 0.000000 0.000000
vt -0.060991 0.127000 0.000000
vt -0.060991 0.000000 0.000000
vt -0.000000 0.127000 0.000000
vt -0.298535 0.127000 0.000000
vt -0.000000 0.000000 0.000000
vt -0.298535 0.000000 0.000000
vt -0.000000 0.000000 0.000000
vt -0.000000 0.127000 0.000000
vt -0.014878 0.000000 0.000000
vt -0.028983 0.127000 0.000000
vt -0.029756 0.000000 0.000000
vt -0.044634 0.000000 0.000000
vt -0.059513 0.127000 0.000000
vt -0.059513 0.000000 0.000000
vt -0.000000 0.000000 0.000000
vt -0.000000 0.127000 0.000000
vt -0.011561 0.000000 0.000000
vt -0.011656 0.127000 0.000000
vt -0.023122 0.000000 0.000000
vt -0.023312 0.127000 0.000000
vt -0.028902 0.000000 0.000000
vt -0.029001 0.127000 0.000000
vt -0.034507 0.127000 0.000000
vt -0.034683 0.000000 0.000000
vt -0.046244 0.127000 0.000000
vt -0.046244 0.000000 0.000000
vt 0.000000 0.127000 0.000000
vt -0.013835 0.127000 0.000000
vt 0.000000 0.000000 0.000000
vt -0.013835 0.000000 0.000000
vt 0.000000 0.127000 0.000000
vt -0.343842 0.127000 0.000000
vt 0.000000 0.000000 0.000000
vt -0.343842 0.000000 0.000000
vt -0.000000 0.000000 0.000000
vt -0.000000 0.127000 0.000000
vt -0.012657 0.000000 0.000000
vt -0.012849 0.127000 0.000000
vt -0.024969 0.127000 0.000000
vt -0.025313 0.000000 0.000000
vt -0.037797 0.127000 0.000000
vt -0.037970 0.000000 0.000000
vt -0.050626 0.127000 0.000000
vt -0.050626 0.000000 0.000000
vt -0.000000 0.000000 0.000000
vt -0.000000 0.127000 0.000000
vt -0.013193 0.000000 0.000000
vt -0.026797 0.127000 0.000000
vt -0.026386 0.000000 0.000000
vt -0.039579 0.000000 0.000000
vt -0.039406 0.127000 0.000000
vt -0.052772 0.127000 0.000000
vt -0.052772 0.000000 0.000000
vt -0.000000 0.127000 0.000000
vt -0.335227 0.127000 0.000000
vt -0.000000 0.000000 0.000000
vt -0.335227 0.000000 0.000000
vt 0.000000 0.127000 0.000000
vt -0.535381 0.127000 0.000000
vt 0.000000 0.000000 0.000000
vt -0.535381 0.000000 0.000000
vt 0.000000 0.127000 0.000000
vt -0.014617 0.127000 0.000000
vt 0.000000 0.000000 0.000000
vt -0.014617 0.000000 0.000000
vt -0.000000 0.127000 0.000000
vt -0.388196 0.127000 0.000000
vt -0.000000 0.000000 0.000000
vt -0.388196 0.000000 0.000000
vt -0.000000 0.000000 0.000000
vt -0.000000 0.127000 0.000000
vt -0.015143 0.000000 0.000000
vt -0.015171 0.127000 0.000000
vt -0.029541 0.127000 0.000000
vt -0.060571 0.127000 0.000000
vt -0.045428 0.000000 0.000000
vt -0.030285 0.000000 0.000000
vt -0.060571 0.000000 0.000000
vt -0.000000 0.000000 0.000000
vt -0.000000 0.127000 0.000000
vt -0.012688 0.000000 0.000000
vt -0.012881 0.127000 0.000000
vt -0.025376 0.000000 0.000000
vt -0.025760 0.127000 0.000000
vt -0.031720 0.000000 0.000000
vt -0.031930 0.127000 0.000000
vt -0.037890 0.127000 0.000000
vt -0.038065 0.000000 0.000000
vt -0.050753 0.127000 0.000000
vt -0.050753 0.000000 0.000000
vt -0.000000 0.127000 0.000000
vt -0.013835 0.127000 0.000000
vt -0.000000 0.000000 0.000000
vt -0.013835 0.000000 0.000000
vt -0.000000 0.127000 0.000000
vt -0.144048 0.127000 0.000000
vt -0.000000 0.000000 0.000000
vt -0.144048 0.000000 0.000000
vt -0.000000 0.127000 0.000000
vt -0.013835 0.127000 0.000000
vt -0.000000 0.000000 0.000000
vt -0.013835 0.000000 0.000000
vt -0.000000 0.000000 0.000000
vt -0.000000 0.127000 0.000000
vt -0.012249 0.000000 0.000000
vt -0.012440 0.127000 0.000000
vt -0.018374 0.000000 0.000000
vt -0.018209 0.127000 0.000000
vt -0.024170 0.127000 0.000000
vt -0.024499 0.000000 0.000000
vt -0.036583 0.127000 0.000000
vt -0.036748 0.000000 0.000000
vt -0.048998 0.127000 0.000000
vt -0.048998 0.000000 0.000000
vt -0.000000 0.000000 0.000000
vt -0.000000 0.127000 0.000000
vt -0.015633 0.000000 0.000000
vt -0.032046 0.127000 0.000000
vt -0.031266 0.000000 0.000000
vt -0.046899 0.000000 0.000000
vt -0.062531 0.127000 0.000000
vt -0.062531 0.000000 0.000000
vt 0.000000 0.127000 0.000000
vt -0.279143 0.127000 0.000000
vt 0.000000 0.000000 0.000000
vt -0.279143 0.000000 0.000000
vt 0.000000 0.127000 0.000000
vt -0.477438 0.127000 0.000000
vt 0.000000 0.000000 0.000000
vt -0.477438 0.000000 0.000000
vt -0.000000 0.127000 0.000000
vt -0.122500 0.127000 0.000000
vt -0.000000 0.000000 0.000000
vt -0.122500 0.000000 0.000000
vt -0.000000 0.127000 0.000000
vt -0.013835 0.127000 0.000000
vt -0.000000 0.000000 0.000000
vt -0.013835 0.000000 0.000000
vt -0.000000 0.000000 0.000000
vt -0.000000 0.127000 0.000000
vt -0.014798 0.000000 0.000000
vt -0.015068 0.127000 0.000000
vt -0.029313 0.127000 0.000000
vt -0.029596 0.000000 0.000000
vt -0.044252 0.127000 0.000000
vt -0.044394 0.000000 0.000000
vt -0.059192 0.127000 0.000000
vt -0.059192 0.000000 0.000000
vt -0.000000 0.000000 0.000000
vt -0.000000 0.127000 0.000000
vt -0.016767 0.000000 0.000000
vt -0.034110 0.127000 0.000000
vt -0.033534 0.000000 0.000000
vt -0.050301 0.000000 0.000000
vt -0.050112 0.127000 0.000000
vt -0.067068 0.127000 0.000000
vt -0.067068 0.000000 0.000000
vt -0.000000 0.127000 0.000000
vt -0.279391 0.127000 0.000000
vt -0.000000 0.000000 0.000000
vt -0.279391 0.000000 0.000000
vt -0.000000 0.000000 0.000000
vt -0.000000 0.127000 0.000000
vt -0.016237 0.000000 0.000000
vt -0.031652 0.127000 0.000000
vt -0.032474 0.000000 0.000000
vt -0.048711 0.000000 0.000000
vt -0.064947 0.127000 0.000000
vt -0.064947 0.000000 0.000000
vt -0.000000 0.000000 0.000000
vt -0.000000 0.127000 0.000000
vt -0.012561 0.000000 0.000000
vt -0.012663 0.127000 0.000000
vt -0.025123 0.000000 0.000000
vt -0.025326 0.127000 0.000000
vt -0.031404 0.000000 0.000000
vt -0.031501 0.127000 0.000000
vt -0.037485 0.127000 0.000000
vt -0.037684 0.000000 0.000000
vt -0.050246 0.127000 0.000000
vt -0.050246 0.000000 0.000000
vt -0.000000 0.127000 0.000000
vt -0.013835 0.127000 0.000000
vt -0.000000 0.000000 0.000000
vt -0.013835 0.000000 0.000000
vt 0.000000 0.127000 0.000000
vt -0.144861 0.127000 0.000000
vt 0.000000 0.000000 0.000000
vt -0.144861 0.000000 0.000000
vt -0.000000 0.127000 0.000000
vt -0.013835 0.127000 0.000000
vt -0.000000 0.000000 0.000000
vt -0.013835 0.000000 0.000000
vt -0.000000 0.127000 0.000000
vt -0.013835 0.127000 0.000000
vt -0.000000 0.000000 0.000000
vt -0.013835 0.000000 0.000000
vt -0.000000 0.000000 0.000000
vt -0.000000 0.127000 0.000000
vt -0.011368 0.000000 0.000000
vt -0.011564 0.127000 0.000000
vt -0.017052 0.000000 0.000000
vt -0.016939 0.127000 0.000000
vt -0.022477 0.127000 0.000000
vt -0.022735 0.000000 0.000000
vt -0.033973 0.127000 0.000000
vt -0.034103 0.000000 0.000000
vt -0.045471 0.127000 0.000000
vt -0.045471 0.000000 0.000000
vt -0.000000 0.000000 0.000000
vt -0.000000 0.127000 0.000000
vt -0.015117 0.000000 0.000000
vt -0.031023 0.127000 0.000000
vt -0.030235 0.000000 0.000000
vt -0.045352 0.000000 0.000000
vt -0.060469 0.127000 0.000000
vt -0.060469 0.000000 0.000000
vt -0.000000 0.127000 0.000000
vt -0.297721 0.127000 0.000000
vt -0.000000 0.000000 0.000000
vt -0.297721 0.000000 0.000000
vt -0.000000 0.000000 0.000000
vt -0.000000 0.127000 0.000000
vt -0.015168 0.000000 0.000000
vt -0.029559 0.127000 0.000000
vt -0.030335 0.000000 0.000000
vt -0.045503 0.000000 0.000000
vt -0.060671 0.127000 0.000000
vt -0.060671 0.000000 0.000000
vt -0.000000 0.000000 0.000000
vt -0.000000 0.127000 0.000000
vt -0.011384 0.000000 0.000000
vt -0.011510 0.127000 0.000000
vt -0.022769 0.000000 0.000000
vt -0.023020 0.127000 0.000000
vt -0.028461 0.000000 0.000000
vt -0.028567 0.127000 0.000000
vt -0.033954 0.127000 0.000000
vt -0.034153 0.000000 0.000000
vt -0.045538 0.127000 0.000000
vt -0.045538 0.000000 0.000000
vt -0.000000 0.127000 0.000000
vt -0.013835 0.127000 0.000000
vt -0.000000 0.000000 0.000000
vt -0.013835 0.000000 0.000000
vt 0.000000 0.127000 0.000000
vt -0.171718 0.127000 0.000000
vt 0.000000 0.000000 0.000000
vt -0.171718 0.000000 0.000000
vt -0.000000 0.127000 0.000000
vt -0.013835 0.127000 0.000000
vt -0.000000 0.000000 0.000000
vt -0.013835 0.000000 0.000000
vt -0.000000 0.000000 0.000000
vt -0.000000 0.127000 0.000000
vt -0.011478 0.000000 0.000000
vt -0.014508 0.127000 0.000000
vt -0.017217 0.000000 0.000000
vt -0.020406 0.127000 0.000000
vt -0.022956 0.000000 0.000000
vt -0.025556 0.127000 0.000000
vt -0.034434 0.000000 0.000000
vt -0.045913 0.127000 0.000000
vt -0.045913 0.000000 0.000000
vt -0.000000 0.000000 0.000000
vt -0.000000 0.127000 0.000000
vt -0.015289 0.000000 0.000000
vt -0.031474 0.127000 0.000000
vt -0.030577 0.000000 0.000000
vt -0.045866 0.000000 0.000000
vt -0.061155 0.127000 0.000000
vt -0.061155 0.000000 0.000000
vt -0.000000 0.127000 0.000000
vt -0.297721 0.127000 0.000000
vt -0.000000 0.000000 0.000000
vt -0.297721 0.000000 0.000000
vt -0.000000 0.000000 0.000000
vt -0.000000 0.127000 0.000000
vt -0.015149 0.000000 0.000000
vt -0.029462 0.127000 0.000000
vt -0.030297 0.000000 0.000000
vt -0.045446 0.000000 0.000000
vt -0.060594 0.127000 0.000000
vt -0.060594 0.000000 0.000000
vt -0.000000 0.000000 0.000000
vt -0.000000 0.127000 0.000000
vt -0.011445 0.000000 0.000000
vt -0.011570 0.127000 0.000000
vt -0.022890 0.000000 0.000000
vt -0.023140 0.127000 0.000000
vt -0.028613 0.000000 0.000000
vt -0.028737 0.127000 0.000000
vt -0.034154 0.127000 0.000000
vt -0.034335 0.000000 0.000000
vt -0.045781 0.127000 0.000000
vt -0.045781 0.000000 0.000000
vt -0.000000 0.127000 0.000000
vt -0.013835 0.127000 0.000000
vt -0.000000 0.000000 0.000000
vt -0.013835 0.000000 0.000000
vt 0.000000 0.127000 0.000000
vt -0.171718 0.127000 0.000000
vt 0.000000 0.000000 0.000000
vt -0.171718 0.000000 0.000000
vt -0.000000 0.000000 0.000000
vt -0.000000 0.127000 0.000000
vt -0.011527 0.000000 0.000000
vt -0.014460 0.127000 0.000000
vt -0.017291 0.000000 0.000000
vt -0.020367 0.127000 0.000000
vt -0.023054 0.000000 0.000000
vt -0.025561 0.127000 0.000000
vt -0.034582 0.000000 0.000000
vt -0.046109 0.127000 0.000000
vt -0.046109 0.000000 0.000000
vt -0.000000 0.000000 0.000000
vt -0.000000 0.127000 0.000000
vt -0.014878 0.000000 0.000000
vt -0.030576 0.127000 0.000000
vt -0.029756 0.000000 0.000000
vt -0.044635 0.000000 0.000000
vt -0.059513 0.127000 0.000000
vt -0.059513 0.000000 0.000000
vt -0.000000 0.127000 0.000000
vt -0.299349 0.127000 0.000000
vt -0.000000 0.000000 0.000000
vt -0.299349 0.000000 0.000000
vt -0.000000 0.000000 0.000000
vt -0.000000 0.127000 0.000000
vt -0.015038 0.000000 0.000000
vt -0.029300 0.127000 0.000000
vt -0.030075 0.000000 0.000000
vt -0.045113 0.000000 0.000000
vt -0.060151 0.127000 0.000000
vt -0.060151 0.000000 0.000000
vt -0.000000 0.000000 0.000000
vt -0.000000 0.127000 0.000000
vt -0.011530 0.000000 0.000000
vt -0.011618 0.127000 0.000000
vt -0.023060 0.000000 0.000000
vt -0.023236 0.127000 0.000000
vt -0.028826 0.000000 0.000000
vt -0.028908 0.127000 0.000000
vt -0.034407 0.127000 0.000000
vt -0.034591 0.000000 0.000000
vt -0.046121 0.127000 0.000000
vt -0.046121 0.000000 0.000000
vt -0.000000 0.127000 0.000000
vt -0.013835 0.127000 0.000000
vt -0.000000 0.000000 0.000000
vt -0.013835 0.000000 0.000000
vt -0.000000 0.127000 0.000000
vt -0.171718 0.127000 0.000000
vt -0.000000 0.000000 0.000000
vt -0.171718 0.000000 0.000000
vt -0.000000 0.127000 0.000000
vt -0.013835 0.127000 0.000000
vt -0.000000 0.000000 0.000000
vt -0.013835 0.000000 0.000000
vt -0.000000 0.000000 0.000000
vt -0.000000 0.127000 0.000000
vt -0.011434 0.000000 0.000000
vt -0.011638 0.127000 0.000000
vt -0.017152 0.000000 0.000000
vt -0.017052 0.127000 0.000000
vt -0.022625 0.127000 0.000000
vt -0.022869 0.000000 0.000000
vt -0.034181 0.127000 0.000000
vt -0.034303 0.000000 0.000000
vt -0.045738 0.127000 0.000000
vt -0.045738 0.000000 0.000000
vt -0.000000 0.000000 0.000000
vt -0.000000 0.127000 0.000000
vt -0.015092 0.000000 0.000000
vt -0.030934 0.127000 0.000000
vt -0.030184 0.000000 0.000000
vt -0.045276 0.000000 0.000000
vt -0.060368 0.127000 0.000000
vt -0.060368 0.000000 0.000000
vt -0.000000 0.127000 0.000000
vt -0.131287 0.127000 0.000000
vt -0.000000 0.000000 0.000000
vt -0.131287 0.000000 0.000000
vt -0.000000 0.127000 0.000000
vt -0.038657 0.127000 0.000000
vt -0.000000 0.000000 0.000000
vt -0.038657 0.000000 0.000000
vt -0.000000 0.000000 0.000000
vt -0.000000 0.127000 0.000000
vt -0.015174 0.000000 0.000000
vt -0.030354 0.127000 0.000000
vt -0.030349 0.000000 0.000000
vt -0.045523 0.000000 0.000000
vt -0.060698 0.127000 0.000000
vt -0.060698 0.000000 0.000000
vt -0.000000 0.000000 0.000000
vt -0.000000 0.127000 0.000000
vt -0.029558 0.000000 0.000000
vt -0.061227 0.127000 0.000000
vt -0.059115 0.000000 0.000000
vt -0.088673 0.000000 0.000000
vt -0.118230 0.127000 0.000000
vt -0.118230 0.000000 0.000000
vt -0.128932 0.127000 0.000000
vt -0.064466 0.000000 0.000000
vt -0.000000 0.127000 0.000000
vt -0.032233 0.000000 0.000000
vt -0.000000 0.000000 0.000000
vt -0.128932 0.000000 0.000000
vt -0.096699 0.000000 0.000000
vt -0.000000 0.127000 0.000000
vt -0.097659 0.127000 0.000000
vt -0.000000 0.000000 0.000000
vt -0.097659 0.000000 0.000000
vt -0.000000 0.127000 0.000000
vt -0.013835 0.127000 0.000000
vt -0.000000 0.000000 0.000000
vt -0.013835 0.000000 0.000000
vt -0.000000 0.000000 0.000000
vt -0.000000 0.127000 0.000000
vt -0.012150 0.000000 0.000000
vt -0.024384 0.127000 0.000000
vt -0.024299 0.000000 0.000000
vt -0.036229 0.127000 0.000000
vt -0.036449 0.000000 0.000000
vt -0.048599 0.127000 0.000000
vt -0.048599 0.000000 0.000000
vt -0.100613 0.127000 0.000000
vt -0.050306 0.000000 0.000000
vt -0.000000 0.127000 0.000000
vt -0.025153 0.000000 0.000000
vt -0.000000 0.000000 0.000000
vt -0.100613 0.000000 0.000000
vt -0.075460 0.000000 0.000000
vt -0.096904 0.127000 0.000000
vt -0.048452 0.000000 0.000000
vt -0.000000 0.127000 0.000000
vt -0.024226 0.000000 0.000000
vt -0.000000 0.000000 0.000000
vt -0.096904 0.000000 0.000000
vt -0.072678 0.000000 0.000000
vt -0.056838 0.127000 0.000000
vt -0.028419 0.000000 0.000000
vt -0.000000 0.127000 0.000000
vt -0.014210 0.000000 0.000000
vt -0.000000 0.000000 0.000000
vt -0.056838 0.000000 0.000000
vt -0.042629 0.000000 0.000000
vt -0.000000 0.127000 0.000000
vt -0.036193 0.127000 0.000000
vt -0.000000 0.000000 0.000000
vt -0.038289 0.000000 0.000000
vt -0.054290 0.127000 0.000000
vt -0.057433 0.000000 0.000000
vt -0.072392 0.127000 0.000000
vt -0.076577 0.000000 0.000000
vt -0.091764 0.127000 0.000000
vt -0.095722 0.000000 0.000000
vt -0.112228 0.127000 0.000000
vt -0.114866 0.000000 0.000000
vt -0.153155 0.127000 0.000000
vt -0.153155 0.000000 0.000000
vt -0.000000 0.000000 0.000000
vt -0.000000 0.127000 0.000000
vt -0.024911 0.000000 0.000000
vt -0.024912 0.127000 0.000000
vt -0.049821 0.000000 0.000000
vt -0.049823 0.127000 0.000000
vt -0.062247 0.127000 0.000000
vt -0.062276 0.000000 0.000000
vt -0.074649 0.127000 0.000000
vt -0.074732 0.000000 0.000000
vt -0.099642 0.127000 0.000000
vt -0.099642 0.000000 0.000000
vt -0.000000 0.000000 0.000000
vt -0.000000 0.127000 0.000000
vt -0.030256 0.000000 0.000000
vt -0.060775 0.127000 0.000000
vt -0.060511 0.000000 0.000000
vt -0.090198 0.127000 0.000000
vt -0.090767 0.000000 0.000000
vt -0.121023 0.127000 0.000000
vt -0.121023 0.000000 0.000000
vt -0.000000 0.127000 0.000000
vt -0.195726 0.127000 0.000000
vt -0.000000 0.000000 0.000000
vt -0.195726 0.000000 0.000000
vt -0.000000 0.127000 0.000000
vt -0.013835 0.127000 0.000000
vt -0.000000 0.000000 0.000000
vt -0.013835 0.000000 0.000000
vt -0.000000 0.000000 0.000000
vt -0.000000 0.127000 0.000000
vt -0.006492 0.000000 0.000000
vt -0.007737 0.127000 0.000000
vt -0.009738 0.000000 0.000000
vt -0.011108 0.127000 0.000000
vt -0.012983 0.000000 0.000000
vt -0.014108 0.127000 0.000000
vt -0.016229 0.000000 0.000000
vt -0.020038 0.127000 0.000000
vt -0.019475 0.000000 0.000000
vt -0.025967 0.000000 0.000000
vt -0.025967 0.127000 0.000000
vt -0.027409 0.127000 0.000000
vt -0.013705 0.000000 0.000000
vt -0.000000 0.127000 0.000000
vt -0.006852 0.000000 0.000000
vt -0.000000 0.000000 0.000000
vt -0.027409 0.000000 0.000000
vt -0.020557 0.000000 0.000000
vt -0.084806 0.127000 0.000000
vt -0.042403 0.000000 0.000000
vt -0.000000 0.127000 0.000000
vt -0.021201 0.000000 0.000000
vt -0.000000 0.000000 0.000000
vt -0.084806 0.000000 0.000000
vt -0.063604 0.000000 0.000000
vt -0.000000 0.000000 0.000000
vt -0.000000 0.127000 0.000000
vt -0.025961 0.000000 0.000000
vt -0.025961 0.127000 0.000000
vt -0.051922 0.000000 0.000000
vt -0.051922 0.127000 0.000000
vt -0.077864 0.127000 0.000000
vt -0.077883 0.000000 0.000000
vt -0.103844 0.127000 0.000000
vt -0.103844 0.000000 0.000000
vt -0.000000 0.000000 0.000000
vt -0.000000 0.127000 0.000000
vt -0.025990 0.000000 0.000000
vt -0.026003 0.127000 0.000000
vt -0.051980 0.000000 0.000000
vt -0.051980 0.127000 0.000000
vt -0.077969 0.127000 0.000000
vt -0.077969 0.000000 0.000000
vt -0.103959 0.127000 0.000000
vt -0.103959 0.000000 0.000000
vt -0.000000 0.000000 0.000000
vt -0.000000 0.127000 0.000000
vt -0.020396 0.000000 0.000000
vt -0.040790 0.127000 0.000000
vt -0.040791 0.000000 0.000000
vt -0.061187 0.000000 0.000000
vt -0.081582 0.127000 0.000000
vt -0.081582 0.000000 0.000000
vt -0.000000 0.000000 0.000000
vt -0.000000 0.127000 0.000000
vt -0.032199 0.000000 0.000000
vt -0.065898 0.127000 0.000000
vt -0.064398 0.000000 0.000000
vt -0.096598 0.000000 0.000000
vt -0.128797 0.127000 0.000000
vt -0.128797 0.000000 0.000000
vt -0.000000 0.000000 0.000000
vt -0.000000 0.127000 0.000000
vt -0.026518 0.000000 0.000000
vt -0.051392 0.127000 0.000000
vt -0.053036 0.000000 0.000000
vt -0.079555 0.000000 0.000000
vt -0.106073 0.127000 0.000000
vt -0.106073 0.000000 0.000000
vt -0.000000 0.000000 0.000000
vt -0.000000 0.127000 0.000000
vt -0.014576 0.000000 0.000000
vt -0.029147 0.127000 0.000000
vt -0.029152 0.000000 0.000000
vt -0.043727 0.000000 0.000000
vt -0.058303 0.127000 0.000000
vt -0.058303 0.000000 0.000000
vt -0.000000 0.000000 0.000000
vt -0.000000 0.127000 0.000000
vt -0.014296 0.000000 0.000000
vt -0.014407 0.127000 0.000000
vt -0.021444 0.000000 0.000000
vt -0.021480 0.127000 0.000000
vt -0.028592 0.000000 0.000000
vt -0.028584 0.127000 0.000000
vt -0.042884 0.127000 0.000000
vt -0.042888 0.000000 0.000000
vt -0.057185 0.127000 0.000000
vt -0.057185 0.000000 0.000000
vt -0.000000 0.000000 0.000000
vt -0.000000 0.127000 0.000000
vt -0.016315 0.000000 0.000000
vt -0.032746 0.127000 0.000000
vt -0.032630 0.000000 0.000000
vt -0.048648 0.127000 0.000000
vt -0.048945 0.000000 0.000000
vt -0.065260 0.127000 0.000000
vt -0.065260 0.000000 0.000000
vt -0.000000 0.000000 0.000000
vt -0.000000 0.127000 0.000000
vt -0.019196 0.000000 0.000000
vt -0.019436 0.127000 0.000000
vt -0.038392 0.000000 0.000000
vt -0.038354 0.127000 0.000000
vt -0.057569 0.127000 0.000000
vt -0.057588 0.000000 0.000000
vt -0.076784 0.127000 0.000000
vt -0.076784 0.000000 0.000000
vt -0.000000 0.000000 0.000000
vt -0.000000 0.127000 0.000000
vt -0.019960 0.000000 0.000000
vt -0.020008 0.127000 0.000000
vt -0.039921 0.000000 0.000000
vt -0.040015 0.127000 0.000000
vt -0.059549 0.127000 0.000000
vt -0.059881 0.000000 0.000000
vt -0.079841 0.127000 0.000000
vt -0.079841 0.000000 0.000000
vt -0.000000 0.127000 0.000000
vt -0.014242 0.127000 0.000000
vt -0.000000 0.000000 0.000000
vt -0.014242 0.000000 0.000000
vt 0.000000 0.127000 0.000000
vt -0.111901 0.127000 0.000000
vt 0.000000 0.000000 0.000000
vt -0.111901 0.000000 0.000000
vt -0.000000 0.127000 0.000000
vt -0.013428 0.127000 0.000000
vt -0.000000 0.000000 0.000000
vt -0.013428 0.000000 0.000000
vt -0.011869 0.127000 0.000000
vt -0.005935 0.000000 0.000000
vt -0.000000 0.127000 0.000000
vt -0.002967 0.000000 0.000000
vt -0.000000 0.000000 0.000000
vt -0.011869 0.000000 0.000000
vt -0.008902 0.000000 0.000000
vt -0.002069 0.127000 0.000000
vt -0.002029 0.095250 0.000000
vt -0.000000 0.127000 0.000000
vt -0.002029 0.063500 0.000000
vt -0.000000 0.000000 0.000000
vt -0.002029 0.031750 0.000000
vt -0.002029 0.000000 0.000000
vt -0.004058 0.031750 0.000000
vt -0.004058 0.000000 0.000000
vt -0.005072 0.031750 0.000000
vt -0.005072 0.000000 0.000000
vt -0.006087 0.031750 0.000000
vt -0.006087 0.000000 0.000000
vt -0.008116 0.000000 0.000000
vt -0.006087 0.063500 0.000000
vt -0.008116 0.127000 0.000000
vt -0.006087 0.095250 0.000000
vt -0.006070 0.127000 0.000000
vt -0.005072 0.095250 0.000000
vt -0.004138 0.127000 0.000000
vt -0.004058 0.095250 0.000000
vt -0.005072 0.063500 0.000000
vt -0.004058 0.063500 0.000000
vt -0.025076 0.127000 0.000000
vt -0.012538 0.000000 0.000000
vt -0.000000 0.127000 0.000000
vt -0.006269 0.000000 0.000000
vt -0.000000 0.000000 0.000000
vt -0.025076 0.000000 0.000000
vt -0.018807 0.000000 0.000000
vt -0.070318 0.127000 0.000000
vt -0.035159 0.000000 0.000000
vt -0.000000 0.127000 0.000000
vt -0.017580 0.000000 0.000000
vt -0.000000 0.000000 0.000000
vt -0.070318 0.000000 0.000000
vt -0.052739 0.000000 0.000000
vt -0.000000 0.000000 0.000000
vt -0.000000 0.127000 0.000000
vt -0.024961 0.000000 0.000000
vt -0.025334 0.127000 0.000000
vt -0.049922 0.000000 0.000000
vt -0.049841 0.127000 0.000000
vt -0.074843 0.127000 0.000000
vt -0.074884 0.000000 0.000000
vt -0.099845 0.127000 0.000000
vt -0.099845 0.000000 0.000000
vt -0.000000 0.000000 0.000000
vt -0.000000 0.127000 0.000000
vt -0.024040 0.000000 0.000000
vt -0.024059 0.127000 0.000000
vt -0.048081 0.000000 0.000000
vt -0.048118 0.127000 0.000000
vt -0.071845 0.127000 0.000000
vt -0.072121 0.000000 0.000000
vt -0.096161 0.127000 0.000000
vt -0.096161 0.000000 0.000000
vt -0.000000 0.000000 0.000000
vt -0.000000 0.127000 0.000000
vt -0.013270 0.000000 0.000000
vt -0.026518 0.127000 0.000000
vt -0.026540 0.000000 0.000000
vt -0.039809 0.000000 0.000000
vt -0.053079 0.127000 0.000000
vt -0.053079 0.000000 0.000000
vt -0.000000 0.000000 0.000000
vt -0.000000 0.127000 0.000000
vt -0.012940 0.000000 0.000000
vt -0.025889 0.127000 0.000000
vt -0.025880 0.000000 0.000000
vt -0.038820 0.000000 0.000000
vt -0.051760 0.127000 0.000000
vt -0.051760 0.000000 0.000000
vt -0.092275 0.127000 0.000000
vt -0.046138 0.000000 0.000000
vt -0.000000 0.127000 0.000000
vt -0.023069 0.000000 0.000000
vt -0.000000 0.000000 0.000000
vt -0.092275 0.000000 0.000000
vt -0.069206 0.000000 0.000000
vt -0.000000 0.000000 0.000000
vt -0.000000 0.127000 0.000000
vt -0.028238 0.000000 0.000000
vt -0.054800 0.127000 0.000000
vt -0.056477 0.000000 0.000000
vt -0.084715 0.000000 0.000000
vt -0.112954 0.127000 0.000000
vt -0.112954 0.000000 0.000000
vt -0.000000 0.000000 0.000000
vt -0.000000 0.127000 0.000000
vt -0.014856 0.000000 0.000000
vt -0.015086 0.127000 0.000000
vt -0.029712 0.000000 0.000000
vt -0.029657 0.127000 0.000000
vt -0.044569 0.000000 0.000000
vt -0.059425 0.127000 0.000000
vt -0.059425 0.000000 0.000000
vt -0.000000 0.000000 0.000000
vt -0.000000 0.127000 0.000000
vt -0.016805 0.000000 0.000000
vt -0.016999 0.127000 0.000000
vt -0.033610 0.000000 0.000000
vt -0.033584 0.127000 0.000000
vt -0.050403 0.127000 0.000000
vt -0.050416 0.000000 0.000000
vt -0.067221 0.127000 0.000000
vt -0.067221 0.000000 0.000000
vt -0.000000 0.000000 0.000000
vt -0.000000 0.127000 0.000000
vt -0.018357 0.000000 0.000000
vt -0.036831 0.127000 0.000000
vt -0.036715 0.000000 0.000000
vt -0.054745 0.127000 0.000000
vt -0.055072 0.000000 0.000000
vt -0.073430 0.127000 0.000000
vt -0.073430 0.000000 0.000000
vt -0.000000 0.000000 0.000000
vt -0.000000 0.127000 0.000000
vt -0.021603 0.000000 0.000000
vt -0.021604 0.127000 0.000000
vt -0.043206 0.000000 0.000000
vt -0.043208 0.127000 0.000000
vt -0.064739 0.127000 0.000000
vt -0.064809 0.000000 0.000000
vt -0.086412 0.127000 0.000000
vt -0.086412 0.000000 0.000000
vt -0.000000 0.000000 0.000000
vt -0.000000 0.127000 0.000000
vt -0.023061 0.000000 0.000000
vt -0.023088 0.127000 0.000000
vt -0.046122 0.000000 0.000000
vt -0.046176 0.127000 0.000000
vt -0.068874 0.127000 0.000000
vt -0.069183 0.000000 0.000000
vt -0.092244 0.127000 0.000000
vt -0.092244 0.000000 0.000000
vt -0.000000 0.127000 0.000000
vt -0.014242 0.127000 0.000000
vt -0.000000 0.000000 0.000000
vt -0.014242 0.000000 0.000000
vt 0.000000 0.127000 0.000000
vt -0.128992 0.127000 0.000000
vt 0.000000 0.000000 0.000000
vt -0.128992 0.000000 0.000000
vt -0.000000 0.127000 0.000000
vt -0.014242 0.127000 0.000000
vt -0.000000 0.000000 0.000000
vt -0.014242 0.000000 0.000000
vt -0.000000 0.127000 0.000000
vt -0.069175 0.127000 0.000000
vt -0.000000 0.000000 0.000000
vt -0.069175 0.000000 0.000000
vt -0.000000 0.127000 0.000000
vt -0.364525 0.127000 0.000000
vt -0.000000 0.000000 0.000000
vt -0.364525 0.000000 0.000000
vt -0.000000 0.000000 0.000000
vt -0.000000 0.127000 0.000000
vt -0.014892 0.000000 0.000000
vt -0.029109 0.127000 0.000000
vt -0.029784 0.000000 0.000000
vt -0.044676 0.000000 0.000000
vt -0.059568 0.127000 0.000000
vt -0.059568 0.000000 0.000000
vt -0.000000 0.127000 0.000000
vt -0.011242 0.127000 0.000000
vt -0.000000 0.000000 0.000000
vt -0.011558 0.000000 0.000000
vt -0.022792 0.127000 0.000000
vt -0.023116 0.000000 0.000000
vt -0.028617 0.127000 0.000000
vt -0.028895 0.000000 0.000000
vt -0.034282 0.127000 0.000000
vt -0.034674 0.000000 0.000000
vt -0.046232 0.127000 0.000000
vt -0.046232 0.000000 0.000000
vt -0.000000 0.127000 0.000000
vt -0.013835 0.127000 0.000000
vt -0.000000 0.000000 0.000000
vt -0.013835 0.000000 0.000000
vt 0.000000 0.127000 0.000000
vt -0.168869 0.127000 0.000000
vt 0.000000 0.000000 0.000000
vt -0.168869 0.000000 0.000000
vt -0.000000 0.127000 0.000000
vt -0.013835 0.127000 0.000000
vt -0.000000 0.000000 0.000000
vt -0.013835 0.000000 0.000000
vt -0.000000 0.000000 0.000000
vt -0.000000 0.127000 0.000000
vt -0.010960 0.000000 0.000000
vt -0.013734 0.127000 0.000000
vt -0.016441 0.000000 0.000000
vt -0.019351 0.127000 0.000000
vt -0.021921 0.000000 0.000000
vt -0.024293 0.127000 0.000000
vt -0.032881 0.000000 0.000000
vt -0.043841 0.127000 0.000000
vt -0.043841 0.000000 0.000000
vt -0.000000 0.000000 0.000000
vt -0.000000 0.127000 0.000000
vt -0.014812 0.000000 0.000000
vt -0.030566 0.127000 0.000000
vt -0.029624 0.000000 0.000000
vt -0.044436 0.000000 0.000000
vt -0.059248 0.127000 0.000000
vt -0.059248 0.000000 0.000000
vt -0.000000 0.127000 0.000000
vt -0.366966 0.127000 0.000000
vt -0.000000 0.000000 0.000000
vt -0.366966 0.000000 0.000000
vt -0.000000 0.127000 0.000000
vt -0.072431 0.127000 0.000000
vt -0.000000 0.000000 0.000000
vt -0.072431 0.000000 0.000000
vt -0.000000 0.000000 0.000000
vt -0.000000 0.127000 0.000000
vt -0.017624 0.000000 0.000000
vt -0.034737 0.127000 0.000000
vt -0.035249 0.000000 0.000000
vt -0.052873 0.000000 0.000000
vt -0.070498 0.127000 0.000000
vt -0.070498 0.000000 0.000000
vt -0.000000 0.000000 0.000000
vt -0.000000 0.127000 0.000000
vt -0.015676 0.000000 0.000000
vt -0.015832 0.127000 0.000000
vt -0.031352 0.000000 0.000000
vt -0.031664 0.127000 0.000000
vt -0.046745 0.127000 0.000000
vt -0.047027 0.000000 0.000000
vt -0.062703 0.127000 0.000000
vt -0.062703 0.000000 0.000000
vt -0.000000 0.127000 0.000000
vt -0.009359 0.127000 0.000000
vt -0.000000 0.000000 0.000000
vt -0.009359 0.000000 0.000000
vt 0.000000 0.127000 0.000000
vt -0.109460 0.127000 0.000000
vt 0.000000 0.000000 0.000000
vt -0.109460 0.000000 0.000000
vt -0.000000 0.127000 0.000000
vt -0.015056 0.127000 0.000000
vt -0.000000 0.000000 0.000000
vt -0.015056 0.000000 0.000000
vt -0.000000 0.000000 0.000000
vt -0.000000 0.127000 0.000000
vt -0.019460 0.000000 0.000000
vt -0.039778 0.127000 0.000000
vt -0.038921 0.000000 0.000000
vt -0.058381 0.000000 0.000000
vt -0.058278 0.127000 0.000000
vt -0.077841 0.127000 0.000000
vt -0.077841 0.000000 0.000000
vt -0.000000 0.127000 0.000000
vt -0.250252 0.127000 0.000000
vt -0.000000 0.000000 0.000000
vt -0.250252 0.000000 0.000000
vt -0.000000 0.000000 0.000000
vt -0.000000 0.127000 0.000000
vt -0.018477 0.000000 0.000000
vt -0.018511 0.127000 0.000000
vt -0.036043 0.127000 0.000000
vt -0.073908 0.127000 0.000000
vt -0.055431 0.000000 0.000000
vt -0.036954 0.000000 0.000000
vt -0.073908 0.000000 0.000000
vt -0.000000 0.127000 0.000000
vt -0.014242 0.127000 0.000000
vt -0.000000 0.000000 0.000000
vt -0.014242 0.000000 0.000000
vt -0.000000 0.127000 0.000000
vt -0.109460 0.127000 0.000000
vt -0.000000 0.000000 0.000000
vt -0.109460 0.000000 0.000000
vt -0.000000 0.127000 0.000000
vt -0.014242 0.127000 0.000000
vt -0.000000 0.000000 0.000000
vt -0.014242 0.000000 0.000000
vt -0.000000 0.000000 0.000000
vt -0.000000 0.127000 0.000000
vt -0.014589 0.000000 0.000000
vt -0.014873 0.127000 0.000000
vt -0.021884 0.000000 0.000000
vt -0.021868 0.127000 0.000000
vt -0.029010 0.127000 0.000000
vt -0.029179 0.000000 0.000000
vt -0.043684 0.127000 0.000000
vt -0.043768 0.000000 0.000000
vt -0.058357 0.127000 0.000000
vt -0.058357 0.000000 0.000000
vt -0.000000 0.000000 0.000000
vt -0.000000 0.127000 0.000000
vt -0.018498 0.000000 0.000000
vt -0.037652 0.127000 0.000000
vt -0.036995 0.000000 0.000000
vt -0.055493 0.000000 0.000000
vt -0.073991 0.127000 0.000000
vt -0.073991 0.000000 0.000000
vt -0.000000 0.000000 0.000000
vt -0.000000 0.127000 0.000000
vt -0.015174 0.000000 0.000000
vt -0.031178 0.127000 0.000000
vt -0.030348 0.000000 0.000000
vt -0.045522 0.000000 0.000000
vt -0.060696 0.127000 0.000000
vt -0.060696 0.000000 0.000000
vt -0.000000 0.127000 0.000000
vt -0.133722 0.127000 0.000000
vt -0.000000 0.000000 0.000000
vt -0.133722 0.000000 0.000000
vt -0.073408 0.127000 0.000000
vt -0.036704 0.000000 0.000000
vt -0.000000 0.127000 0.000000
vt -0.018352 0.000000 0.000000
vt -0.000000 0.000000 0.000000
vt -0.073408 0.000000 0.000000
vt -0.055056 0.000000 0.000000
vt -0.000000 0.000000 0.000000
vt -0.000000 0.127000 0.000000
vt -0.032247 0.000000 0.000000
vt -0.063869 0.127000 0.000000
vt -0.064495 0.000000 0.000000
vt -0.096742 0.000000 0.000000
vt -0.128990 0.127000 0.000000
vt -0.128990 0.000000 0.000000
vt -0.000000 0.000000 0.000000
vt -0.000000 0.127000 0.000000
vt -0.025301 0.000000 0.000000
vt -0.025320 0.127000 0.000000
vt -0.037951 0.000000 0.000000
vt -0.037980 0.127000 0.000000
vt -0.050602 0.000000 0.000000
vt -0.050640 0.127000 0.000000
vt -0.063171 0.127000 0.000000
vt -0.063252 0.000000 0.000000
vt -0.075614 0.127000 0.000000
vt -0.075903 0.000000 0.000000
vt -0.101204 0.127000 0.000000
vt -0.101204 0.000000 0.000000
vt -0.000000 0.000000 0.000000
vt -0.000000 0.127000 0.000000
vt -0.027412 0.000000 0.000000
vt -0.027416 0.127000 0.000000
vt -0.041117 0.000000 0.000000
vt -0.041124 0.127000 0.000000
vt -0.054823 0.000000 0.000000
vt -0.054833 0.127000 0.000000
vt -0.068473 0.127000 0.000000
vt -0.068529 0.000000 0.000000
vt -0.082068 0.127000 0.000000
vt -0.082235 0.000000 0.000000
vt -0.109646 0.127000 0.000000
vt -0.109646 0.000000 0.000000
vt -0.000000 0.000000 0.000000
vt -0.000000 0.127000 0.000000
vt -0.035131 0.000000 0.000000
vt -0.070682 0.127000 0.000000
vt -0.070262 0.000000 0.000000
vt -0.105393 0.000000 0.000000
vt -0.140524 0.127000 0.000000
vt -0.140524 0.000000 0.000000
vt -0.000000 0.127000 0.000000
vt -0.174159 0.127000 0.000000
vt -0.000000 0.000000 0.000000
vt -0.174159 0.000000 0.000000
vt -0.000000 0.127000 0.000000
vt -0.013835 0.127000 0.000000
vt -0.000000 0.000000 0.000000
vt -0.013835 0.000000 0.000000
vt -0.000000 0.000000 0.000000
vt -0.000000 0.127000 0.000000
vt -0.011435 0.000000 0.000000
vt -0.014856 0.127000 0.000000
vt -0.017152 0.000000 0.000000
vt -0.020733 0.127000 0.000000
vt -0.022870 0.000000 0.000000
vt -0.025781 0.127000 0.000000
vt -0.034304 0.000000 0.000000
vt -0.045739 0.127000 0.000000
vt -0.045739 0.000000 0.000000
vt -0.000000 0.000000 0.000000
vt -0.000000 0.127000 0.000000
vt -0.015157 0.000000 0.000000
vt -0.031096 0.127000 0.000000
vt -0.030313 0.000000 0.000000
vt -0.045470 0.000000 0.000000
vt -0.060627 0.127000 0.000000
vt -0.060627 0.000000 0.000000
vt -0.000000 0.127000 0.000000
vt -0.299349 0.127000 0.000000
vt -0.000000 0.000000 0.000000
vt -0.299349 0.000000 0.000000
vt -0.000000 0.000000 0.000000
vt -0.000000 0.127000 0.000000
vt -0.014557 0.000000 0.000000
vt -0.028495 0.127000 0.000000
vt -0.029113 0.000000 0.000000
vt -0.043670 0.000000 0.000000
vt -0.058227 0.127000 0.000000
vt -0.058227 0.000000 0.000000
vt -0.000000 0.000000 0.000000
vt -0.000000 0.127000 0.000000
vt -0.011470 0.000000 0.000000
vt -0.011545 0.127000 0.000000
vt -0.022940 0.000000 0.000000
vt -0.023090 0.127000 0.000000
vt -0.028675 0.000000 0.000000
vt -0.028729 0.127000 0.000000
vt -0.034215 0.127000 0.000000
vt -0.034411 0.000000 0.000000
vt -0.045881 0.127000 0.000000
vt -0.045881 0.000000 0.000000
vt 0.000000 0.127000 0.000000
vt -0.013835 0.127000 0.000000
vt 0.000000 0.000000 0.000000
vt -0.013835 0.000000 0.000000
vt -0.000000 0.127000 0.000000
vt -0.171718 0.127000 0.000000
vt -0.000000 0.000000 0.000000
vt -0.171718 0.000000 0.000000
vt -0.000000 0.127000 0.000000
vt -0.013835 0.127000 0.000000
vt -0.000000 0.000000 0.000000
vt -0.013835 0.000000 0.000000
vt -0.000000 0.000000 0.000000
vt -0.000000 0.127000 0.000000
vt -0.011400 0.000000 0.000000
vt -0.011584 0.127000 0.000000
vt -0.017099 0.000000 0.000000
vt -0.016960 0.127000 0.000000
vt -0.022509 0.127000 0.000000
vt -0.022799 0.000000 0.000000
vt -0.034054 0.127000 0.000000
vt -0.034199 0.000000 0.000000
vt -0.045599 0.127000 0.000000
vt -0.045599 0.000000 0.000000
vt 0.000000 0.127000 0.000000
vt -0.091783 0.127000 0.000000
vt 0.000000 0.000000 0.000000
vt -0.091783 0.000000 0.000000
vt -0.000000 0.127000 0.000000
vt -0.014242 0.127000 0.000000
vt -0.000000 0.000000 0.000000
vt -0.014242 0.000000 0.000000
vt -0.049801 0.127000 0.000000
vt -0.024900 0.000000 0.000000
vt -0.000000 0.127000 0.000000
vt -0.012450 0.000000 0.000000
vt -0.000000 0.000000 0.000000
vt -0.049801 0.000000 0.000000
vt -0.037350 0.000000 0.000000
vt -0.000000 0.000000 0.000000
vt -0.000000 0.127000 0.000000
vt -0.008524 0.000000 0.000000
vt -0.017048 0.127000 0.000000
vt -0.017048 0.000000 0.000000
vt -0.025572 0.000000 0.000000
vt -0.034096 0.127000 0.000000
vt -0.034096 0.000000 0.000000
vt -0.062054 0.127000 0.000000
vt -0.031027 0.000000 0.000000
vt -0.000000 0.127000 0.000000
vt -0.015513 0.000000 0.000000
vt -0.000000 0.000000 0.000000
vt -0.062054 0.000000 0.000000
vt -0.046540 0.000000 0.000000
vt -0.000000 0.127000 0.000000
vt -0.083417 0.127000 0.000000
vt -0.000000 0.000000 0.000000
vt -0.083417 0.000000 0.000000
vt -0.000000 0.000000 0.000000
vt -0.000000 0.127000 0.000000
vt -0.007015 0.000000 0.000000
vt -0.007088 0.127000 0.000000
vt -0.013778 0.127000 0.000000
vt -0.028061 0.127000 0.000000
vt -0.021045 0.000000 0.000000
vt -0.014030 0.000000 0.000000
vt -0.028061 0.000000 0.000000
vt -0.000000 0.000000 0.000000
vt -0.000000 0.127000 0.000000
vt -0.006617 0.000000 0.000000
vt -0.006719 0.127000 0.000000
vt -0.013235 0.000000 0.000000
vt -0.013437 0.127000 0.000000
vt -0.019852 0.000000 0.000000
vt -0.019763 0.127000 0.000000
vt -0.026470 0.127000 0.000000
vt -0.026470 0.000000 0.000000
vt 0.000000 0.127000 0.000000
vt -0.170904 0.127000 0.000000
vt 0.000000 0.000000 0.000000
vt -0.170904 0.000000 0.000000
vt -0.000000 0.127000 0.000000
vt -0.118412 0.127000 0.000000
vt -0.000000 0.000000 0.000000
vt -0.118412 0.000000 0.000000
vt -0.000000 0.000000 0.000000
vt -0.000000 0.127000 0.000000
vt -0.012171 0.000000 0.000000
vt -0.023352 0.127000 0.000000
vt -0.024342 0.000000 0.000000
vt -0.036512 0.000000 0.000000
vt -0.048683 0.127000 0.000000
vt -0.048683 0.000000 0.000000
vt -0.000000 0.000000 0.000000
vt -0.000000 0.127000 0.000000
vt -0.010658 0.000000 0.000000
vt -0.022018 0.127000 0.000000
vt -0.021317 0.000000 0.000000
vt -0.031975 0.000000 0.000000
vt -0.032084 0.127000 0.000000
vt -0.042634 0.127000 0.000000
vt -0.042634 0.000000 0.000000
vt -0.000000 0.127000 0.000000
vt -0.014242 0.127000 0.000000
vt -0.000000 0.000000 0.000000
vt -0.014242 0.000000 0.000000
vt -0.000000 0.127000 0.000000
vt -0.115970 0.127000 0.000000
vt -0.000000 0.000000 0.000000
vt -0.115970 0.000000 0.000000
vt -0.000000 0.127000 0.000000
vt -0.014242 0.127000 0.000000
vt -0.000000 0.000000 0.000000
vt -0.014242 0.000000 0.000000
vt -0.000000 0.000000 0.000000
vt -0.000000 0.127000 0.000000
vt -0.009945 0.000000 0.000000
vt -0.019435 0.127000 0.000000
vt -0.019889 0.000000 0.000000
vt -0.029834 0.000000 0.000000
vt -0.039778 0.127000 0.000000
vt -0.039778 0.000000 0.000000
vt -0.000000 0.000000 0.000000
vt -0.000000 0.127000 0.000000
vt -0.009634 0.000000 0.000000
vt -0.019720 0.127000 0.000000
vt -0.019267 0.000000 0.000000
vt -0.028901 0.000000 0.000000
vt -0.028868 0.127000 0.000000
vt -0.038535 0.127000 0.000000
vt -0.038535 0.000000 0.000000
vt 0.000000 0.127000 0.000000
vt -0.133468 0.127000 0.000000
vt 0.000000 0.000000 0.000000
vt -0.133468 0.000000 0.000000
vt 0.000000 0.127000 0.000000
vt -0.204271 0.127000 0.000000
vt 0.000000 0.000000 0.000000
vt -0.204271 0.000000 0.000000
vt -0.000000 0.127000 0.000000
vt -0.137537 0.127000 0.000000
vt -0.000000 0.000000 0.000000
vt -0.137537 0.000000 0.000000
vt -0.000000 0.000000 0.000000
vt -0.000000 0.127000 0.000000
vt -0.015082 0.000000 0.000000
vt -0.029016 0.127000 0.000000
vt -0.030165 0.000000 0.000000
vt -0.045247 0.000000 0.000000
vt -0.060330 0.127000 0.000000
vt -0.060330 0.000000 0.000000
vt -0.000000 0.000000 0.000000
vt -0.000000 0.127000 0.000000
vt -0.012504 0.000000 0.000000
vt -0.025590 0.127000 0.000000
vt -0.025009 0.000000 0.000000
vt -0.037513 0.000000 0.000000
vt -0.050018 0.127000 0.000000
vt -0.050018 0.000000 0.000000
vt -0.000000 0.127000 0.000000
vt -0.008952 0.127000 0.000000
vt -0.000000 0.000000 0.000000
vt -0.008952 0.000000 0.000000
vt -0.000000 0.127000 0.000000
vt -0.079755 0.127000 0.000000
vt -0.000000 0.000000 0.000000
vt -0.079755 0.000000 0.000000
vt -0.000000 0.127000 0.000000
vt -0.343842 0.127000 0.000000
vt -0.000000 0.000000 0.000000
vt -0.343842 0.000000 0.000000
vt -0.000000 0.127000 0.000000
vt -0.013835 0.127000 0.000000
vt -0.000000 0.000000 0.000000
vt -0.013835 0.000000 0.000000
vt -0.000000 0.000000 0.000000
vt -0.000000 0.127000 0.000000
vt -0.011447 0.000000 0.000000
vt -0.014654 0.127000 0.000000
vt -0.017171 0.000000 0.000000
vt -0.020538 0.127000 0.000000
vt -0.022894 0.000000 0.000000
vt -0.025636 0.127000 0.000000
vt -0.034341 0.000000 0.000000
vt -0.045788 0.127000 0.000000
vt -0.045788 0.000000 0.000000
vt -0.000000 0.000000 0.000000
vt -0.000000 0.127000 0.000000
vt -0.015248 0.000000 0.000000
vt -0.031352 0.127000 0.000000
vt -0.030496 0.000000 0.000000
vt -0.045744 0.000000 0.000000
vt -0.060991 0.127000 0.000000
vt -0.060991 0.000000 0.000000
vt -0.000000 0.127000 0.000000
vt -0.298535 0.127000 0.000000
vt -0.000000 0.000000 0.000000
vt -0.298535 0.000000 0.000000
vt -0.000000 0.000000 0.000000
vt -0.000000 0.127000 0.000000
vt -0.014878 0.000000 0.000000
vt -0.028983 0.127000 0.000000
vt -0.029756 0.000000 0.000000
vt -0.044634 0.000000 0.000000
vt -0.059513 0.127000 0.000000
vt -0.059513 0.000000 0.000000
vt -0.000000 0.000000 0.000000
vt -0.000000 0.127000 0.000000
vt -0.011561 0.000000 0.000000
vt -0.011656 0.127000 0.000000
vt -0.023122 0.000000 0.000000
vt -0.023312 0.127000 0.000000
vt -0.028902 0.000000 0.000000
vt -0.029001 0.127000 0.000000
vt -0.034507 0.127000 0.000000
vt -0.034683 0.000000 0.000000
vt -0.046244 0.127000 0.000000
vt -0.046244 0.000000 0.000000
vt -0.000000 0.127000 0.000000
vt -0.013835 0.127000 0.000000
vt -0.000000 0.000000 0.000000
vt -0.013835 0.000000 0.000000
vt 0.000000 0.127000 0.000000
vt -0.343842 0.127000 0.000000
vt 0.000000 0.000000 0.000000
vt -0.343842 0.000000 0.000000
vt -0.000000 0.127000 0.000000
vt -0.069175 0.127000 0.000000
vt -0.000000 0.000000 0.000000
vt -0.069175 0.000000 0.000000
vt -0.000000 0.127000 0.000000
vt -0.364525 0.127000 0.000000
vt -0.000000 0.000000 0.000000
vt -0.364525 0.000000 0.000000
vt -0.000000 0.000000 0.000000
vt -0.000000 0.127000 0.000000
vt -0.014892 0.000000 0.000000
vt -0.029109 0.127000 0.000000
vt -0.029784 0.000000 0.000000
vt -0.044676 0.000000 0.000000
vt -0.059568 0.127000 0.000000
vt -0.059568 0.000000 0.000000
vt -0.000000 0.127000 0.000000
vt -0.011242 0.127000 0.000000
vt -0.000000 0.000000 0.000000
vt -0.011558 0.000000 0.000000
vt -0.022792 0.127000 0.000000
vt -0.023116 0.000000 0.000000
vt -0.028617 0.127000 0.000000
vt -0.028895 0.000000 0.000000
vt -0.034282 0.127000 0.000000
vt -0.034674 0.000000 0.000000
vt -0.046232 0.127000 0.000000
vt -0.046232 0.000000 0.000000
vt 0.000000 0.127000 0.000000
vt -0.013835 0.127000 0.000000
vt 0.000000 0.000000 0.000000
vt -0.013835 0.000000 0.000000
vt 0.000000 0.127000 0.000000
vt -0.168869 0.127000 0.000000
vt 0.000000 0.000000 0.000000
vt -0.168869 0.000000 0.000000
vt -0.000000 0.127000 0.000000
vt -0.013835 0.127000 0.000000
vt -0.000000 0.000000 0.000000
vt -0.013835 0.000000 0.000000
vt -0.000000 0.000000 0.000000
vt -0.000000 0.127000 0.000000
vt -0.010960 0.000000 0.000000
vt -0.013734 0.127000 0.000000
vt -0.016441 0.000000 0.000000
vt -0.019351 0.127000 0.000000
vt -0.021921 0.000000 0.000000
vt -0.024293 0.127000 0.000000
vt -0.032881 0.000000 0.000000
vt -0.043841 0.127000 0.000000
vt -0.043841 0.000000 0.000000
vt -0.000000 0.000000 0.000000
vt -0.000000 0.127000 0.000000
vt -0.014812 0.000000 0.000000
vt -0.030566 0.127000 0.000000
vt -0.029624 0.000000 0.000000
vt -0.044436 0.000000 0.000000
vt -0.059248 0.127000 0.000000
vt -0.059248 0.000000 0.000000
vt -0.000000 0.127000 0.000000
vt -0.366966 0.127000 0.000000
vt -0.000000 0.000000 0.000000
vt -0.366966 0.000000 0.000000
vt -0.000000 0.127000 0.000000
vt -0.072431 0.127000 0.000000
vt -0.000000 0.000000 0.000000
vt -0.072431 0.000000 0.000000
vt -0.000000 0.000000 0.000000
vt -0.000000 0.127000 0.000000
vt -0.017624 0.000000 0.000000
vt -0.034737 0.127000 0.000000
vt -0.035249 0.000000 0.000000
vt -0.052873 0.000000 0.000000
vt -0.070498 0.127000 0.000000
vt -0.070498 0.000000 0.000000
vt -0.000000 0.000000 0.000000
vt -0.000000 0.127000 0.000000
vt -0.015676 0.000000 0.000000
vt -0.015832 0.127000 0.000000
vt -0.031352 0.000000 0.000000
vt -0.031664 0.127000 0.000000
vt -0.046745 0.127000 0.000000
vt -0.047027 0.000000 0.000000
vt -0.062703 0.127000 0.000000
vt -0.062703 0.000000 0.000000
vt -0.000000 0.127000 0.000000
vt -0.009359 0.127000 0.000000
vt -0.000000 0.000000 0.000000
vt -0.009359 0.000000 0.000000
vt 0.000000 0.127000 0.000000
vt -0.109460 0.127000 0.000000
vt 0.000000 0.000000 0.000000
vt -0.109460 0.000000 0.000000
vt -0.000000 0.127000 0.000000
vt -0.015056 0.127000 0.000000
vt -0.000000 0.000000 0.000000
vt -0.015056 0.000000 0.000000
vt -0.000000 0.000000 0.000000
vt -0.000000 0.127000 0.000000
vt -0.019460 0.000000 0.000000
vt -0.039778 0.127000 0.000000
vt -0.038921 0.000000 0.000000
vt -0.058381 0.000000 0.000000
vt -0.058278 0.127000 0.000000
vt -0.077841 0.127000 0.000000
vt -0.077841 0.000000 0.000000
vt -0.000000 0.127000 0.000000
vt -0.250252 0.127000 0.000000
vt -0.000000 0.000000 0.000000
vt -0.250252 0.000000 0.000000
vt -0.000000 0.000000 0.000000
vt -0.000000 0.127000 0.000000
vt -0.018477 0.000000 0.000000
vt -0.018511 0.127000 0.000000
vt -0.036043 0.127000 0.000000
vt -0.073908 0.127000 0.000000
vt -0.055431 0.000000 0.000000
vt -0.036954 0.000000 0.000000
vt -0.073908 0.000000 0.000000
vt -0.000000 0.127000 0.000000
vt -0.014242 0.127000 0.000000
vt -0.000000 0.000000 0.000000
vt -0.014242 0.000000 0.000000
vt -0.000000 0.127000 0.000000
vt -0.109460 0.127000 0.000000
vt -0.000000 0.000000 0.000000
vt -0.109460 0.000000 0.000000
vt -0.000000 0.127000 0.000000
vt -0.014242 0.127000 0.000000
vt -0.000000 0.000000 0.000000
vt -0.014242 0.000000 0.000000
vt -0.000000 0.000000 0.000000
vt -0.000000 0.127000 0.000000
vt -0.014589 0.000000 0.000000
vt -0.014873 0.127000 0.000000
vt -0.021884 0.000000 0.000000
vt -0.021868 0.127000 0.000000
vt -0.029010 0.127000 0.000000
vt -0.029179 0.000000 0.000000
vt -0.043684 0.127000 0.000000
vt -0.043768 0.000000 0.000000
vt -0.058357 0.127000 0.000000
vt -0.058357 0.000000 0.000000
vt -0.000000 0.000000 0.000000
vt -0.000000 0.127000 0.000000
vt -0.018498 0.000000 0.000000
vt -0.037652 0.127000 0.000000
vt -0.036995 0.000000 0.000000
vt -0.055493 0.000000 0.000000
vt -0.073991 0.127000 0.000000
vt -0.073991 0.000000 0.000000
vt 0.061258 0.898546 0.000000
vt 0.068804 0.892120 0.000000
vt 0.054762 0.917000 0.000000
vt 0.076647 0.887390 0.000000
vt 0.096079 0.882141 0.000000
vt 0.227300 0.857753 0.000000
vt 0.264626 1.058584 0.000000
vt 0.129405 1.083716 0.000000
vt 0.053822 0.937592 0.000000
vt 0.040257 1.042756 0.000000
vt 0.039820 0.940194 0.000000
vt 0.031456 1.044392 0.000000
vt -0.288068 0.938824 0.000000
vt -0.297096 0.963925 0.000000
vt -0.309667 0.985656 0.000000
vt -0.094566 1.261898 0.000000
vt -0.281586 1.233709 0.000000
vt 0.097961 1.088026 0.000000
vt 0.051903 1.065978 0.000000
vt 0.069151 1.083533 0.000000
vt 0.046030 1.122804 0.000000
vt 0.094566 1.261898 0.000000
vt 0.281586 1.233709 0.000000
vt 0.384083 1.059973 0.000000
vt 0.462316 1.177961 0.000000
vt 0.632718 1.095900 0.000000
vt 0.381555 1.046371 0.000000
vt 0.694972 0.714398 0.000000
vt 0.314429 0.981380 0.000000
vt 0.669067 0.683301 0.000000
vt 0.259877 0.687871 0.000000
vt 0.659002 0.667079 0.000000
vt 0.366479 0.585051 0.000000
vt 0.510535 0.567647 0.000000
vt 0.410026 0.563489 0.000000
vt 0.376201 0.576892 0.000000
vt 0.386275 0.570568 0.000000
vt 0.321954 1.012195 0.000000
vt 0.360600 1.048096 0.000000
vt 0.355558 1.047336 0.000000
vt 0.349942 1.045517 0.000000
vt 0.336571 1.038160 0.000000
vt 0.299391 0.604302 0.000000
vt 0.255969 0.657253 0.000000
vt 0.287311 0.607129 0.000000
vt 0.276321 0.611602 0.000000
vt 0.271667 0.614859 0.000000
vt 0.267641 0.618740 0.000000
vt 0.259999 0.628402 0.000000
vt 0.355572 0.576540 0.000000
vt 0.296863 0.590699 0.000000
vt 0.415649 0.499546 0.000000
vt -0.041190 0.653530 0.000000
vt -0.155244 0.621306 0.000000
vt -0.142266 0.627170 0.000000
vt -0.046509 0.745159 0.000000
vt -0.195377 0.744720 0.000000
vt -0.284726 0.886590 0.000000
vt -0.290864 0.861302 0.000000
vt 0.018628 0.826176 0.000000
vt -0.032507 0.742557 0.000000
vt 0.032630 0.823574 0.000000
vt -0.015548 0.695740 0.000000
vt -0.004672 0.682382 0.000000
vt 0.009548 0.672658 0.000000
vt 0.069465 0.656555 0.000000
vt 0.106643 0.856587 0.000000
vt 0.191832 0.666923 0.000000
vt 0.223061 0.834949 0.000000
vt 0.151478 0.641312 0.000000
vt 0.190274 0.660088 0.000000
vt 0.165975 0.639937 0.000000
vt 0.172566 0.641150 0.000000
vt 0.179420 0.643569 0.000000
vt 0.184293 0.648499 0.000000
vt 0.187896 0.653721 0.000000
vt 0.081321 0.860273 0.000000
vt 0.043130 0.843316 0.000000
vt 0.049817 0.850840 0.000000
vt 0.058023 0.857759 0.000000
vt -0.283700 0.912564 0.000000
vt 0.145674 -1.081485 0.000000
vt 0.156138 -1.052656 0.000000
vt 0.135710 -1.089873 0.000000
vt 0.130780 -1.093041 0.000000
vt 0.125348 -1.095482 0.000000
vt 0.113000 -1.098041 0.000000
vt 0.099861 -1.098684 0.000000
vt 0.158212 -1.020270 0.000000
vt -0.141855 -1.112019 0.000000
vt 0.158790 -0.741128 0.000000
vt -0.264355 -1.111765 0.000000
vt -0.281586 -1.233709 0.000000
vt -0.094566 -1.261898 0.000000
vt 0.099832 -1.112519 0.000000
vt 0.094566 -1.261898 0.000000
vt 0.243879 -1.112817 0.000000
vt 0.281586 -1.233709 0.000000
vt 0.462316 -1.177961 0.000000
vt -0.462316 -1.177961 0.000000
vt -0.264326 -1.097930 0.000000
vt -0.559095 -0.949438 0.000000
vt -0.193341 -1.009694 0.000000
vt -0.559804 -0.856007 0.000000
vt -0.192762 -0.730304 0.000000
vt -0.251595 -0.648316 0.000000
vt -0.194658 -0.696685 0.000000
vt -0.238139 -0.649014 0.000000
vt -0.214884 -0.657670 0.000000
vt -0.219938 -0.654289 0.000000
vt -0.196362 -1.044253 0.000000
vt -0.248971 -1.095642 0.000000
vt -0.201780 -1.059339 0.000000
vt -0.234462 -1.091491 0.000000
vt -0.222033 -1.084421 0.000000
vt -0.209955 -1.074623 0.000000
vt -0.204837 -0.666536 0.000000
vt -0.225534 -0.651693 0.000000
vt -0.251566 -0.634480 0.000000
vt -0.301438 -0.580942 0.000000
vt -0.389201 -0.612015 0.000000
vt -0.293510 -0.569604 0.000000
vt -0.106705 -0.634780 0.000000
vt 0.397527 -0.502737 0.000000
vt 0.168807 -0.635351 0.000000
vt 0.183424 -0.635381 0.000000
vt -0.106734 -0.648615 0.000000
vt -0.169535 -0.714476 0.000000
vt -0.170229 -1.049702 0.000000
vt -0.120092 -0.649175 0.000000
vt -0.166837 -0.687257 0.000000
vt -0.162099 -0.675538 0.000000
vt -0.132866 -0.651429 0.000000
vt -0.143971 -0.656381 0.000000
vt -0.154985 -0.663791 0.000000
vt 0.182620 -1.023576 0.000000
vt 0.587606 -0.861617 0.000000
vt 0.407500 -0.512326 0.000000
vt 0.243908 -1.098982 0.000000
vt 0.184737 -1.055024 0.000000
vt 0.230396 -1.098371 0.000000
vt 0.189140 -1.068713 0.000000
vt 0.217573 -1.095934 0.000000
vt 0.211861 -1.093614 0.000000
vt 0.206630 -1.090603 0.000000
vt 0.195926 -1.082606 0.000000
vt -0.699824 -0.851038 0.000000
vt -0.927630 -0.860715 0.000000
vt -0.707752 -0.862376 0.000000
vt -0.788987 -0.989358 0.000000
vt -0.567023 -0.960776 0.000000
vt -0.632718 -1.095900 0.000000
vt -0.681314 -0.861440 0.000000
vt -0.631444 -0.844708 0.000000
vt -0.611827 -0.819632 0.000000
vt -0.770418 -0.584382 0.000000
vt -0.760317 -0.576186 0.000000
vt -0.751604 -0.566919 0.000000
vt -0.744673 -0.556436 0.000000
vt -0.441224 -0.575640 0.000000
vt -0.739232 -0.544916 0.000000
vt -0.730571 -0.519292 0.000000
vt -0.442166 -0.482543 0.000000
vt -0.734022 -0.454910 0.000000
vt -0.582976 -0.284868 0.000000
vt -0.757666 -0.393229 0.000000
vt -0.674988 -0.270231 0.000000
vt -0.794688 -0.329842 0.000000
vt -0.676364 -0.862858 0.000000
vt -0.670487 -0.863538 0.000000
vt -0.655422 -0.862453 0.000000
vt -0.424661 -0.548846 0.000000
vt -0.432468 -0.490078 0.000000
vt -0.419518 -0.508573 0.000000
vt -0.421570 -0.503466 0.000000
vt -0.416487 -0.520378 0.000000
vt -0.424413 -0.498651 0.000000
vt -0.434238 -0.471204 0.000000
vt -0.570592 -0.278701 0.000000
vt 0.514569 -0.381007 0.000000
vt -0.369694 -0.587397 0.000000
vt -0.311815 -0.574539 0.000000
vt -0.333511 -0.568954 0.000000
vt -0.328048 -0.569087 0.000000
vt -0.322595 -0.570044 0.000000
vt -0.345572 -0.570211 0.000000
vt -0.576267 -0.882853 0.000000
vt -0.568681 -0.941859 0.000000
vt -0.581319 -0.923315 0.000000
vt -0.579343 -0.928426 0.000000
vt -0.584208 -0.911502 0.000000
vt -0.576592 -0.933241 0.000000
vt 0.690971 0.497368 0.000000
vt 0.662514 0.509201 0.000000
vt 0.634031 0.365428 0.000000
vt 0.605545 0.512703 0.000000
vt 0.540702 0.361767 0.000000
vt 0.544328 0.507564 0.000000
vt 0.652409 0.650042 0.000000
vt 0.607187 0.574563 0.000000
vt 0.650043 0.630718 0.000000
vt 0.651912 0.609285 0.000000
vt 0.663156 0.564670 0.000000
vt 0.717657 0.727681 0.000000
vt 0.788987 0.989358 0.000000
vt 0.729214 0.732904 0.000000
vt 0.741147 0.736498 0.000000
vt 0.766289 0.738121 0.000000
vt 0.792370 0.735427 0.000000
vt 0.927630 0.860715 0.000000
vt 0.821851 0.723950 0.000000
vt 0.847609 0.709487 0.000000
vt 0.891336 0.665809 0.000000
vt 1.045552 0.712846 0.000000
vt 1.011740 0.511500 0.000000
vt 1.140119 0.549052 0.000000
vt 1.209216 0.372994 0.000000
vt 1.000832 0.502989 0.000000
vt 1.040464 0.095801 0.000000
vt 0.908776 0.499805 0.000000
vt 0.938057 0.074826 0.000000
vt 0.822309 0.081993 0.000000
vt 0.733971 0.136794 0.000000
vt 0.733091 0.122579 0.000000
vt 0.934175 0.517445 0.000000
vt 0.986078 0.518546 0.000000
vt 0.981725 0.521376 0.000000
vt 0.976294 0.523746 0.000000
vt 0.961614 0.527097 0.000000
vt 0.672770 0.315656 0.000000
vt 0.646337 0.226385 0.000000
vt 0.643669 0.120369 0.000000
vt 0.635430 0.217875 0.000000
vt 0.529795 0.353256 0.000000
vt 0.649318 0.295086 0.000000
vt 0.639228 0.236505 0.000000
vt 0.632346 0.258223 0.000000
vt 0.632752 0.252648 0.000000
vt 0.633094 0.270504 0.000000
vt 0.634038 0.247130 0.000000
vt -0.268654 0.562474 0.000000
vt -0.514325 0.382417 0.000000
vt -0.294396 0.554283 0.000000
vt -0.320224 0.550145 0.000000
vt 0.608185 0.347726 0.000000
vt 0.548803 0.352571 0.000000
vt 0.568054 0.340851 0.000000
vt 0.562826 0.342579 0.000000
vt 0.557855 0.345095 0.000000
vt 0.580039 0.338525 0.000000
vt 0.737537 0.446191 0.000000
vt 0.713757 0.476668 0.000000
vt -0.560583 0.974884 0.000000
vt -0.551980 0.966715 0.000000
vt -0.545934 0.966843 0.000000
vt -0.549899 0.966318 0.000000
vt -0.547962 0.966314 0.000000
vt -0.543930 0.967673 0.000000
vt -0.524026 0.982917 0.000000
vt -0.632718 1.095900 0.000000
vt -0.466180 1.022895 0.000000
vt -0.462316 1.177961 0.000000
vt -0.441698 1.031493 0.000000
vt -0.416978 1.036513 0.000000
vt -0.392343 1.035449 0.000000
vt -0.366624 1.030347 0.000000
vt -0.344087 1.018810 0.000000
vt -0.324821 1.004650 0.000000
vt -0.208356 0.738856 0.000000
vt -0.336357 0.781036 0.000000
vt -0.367789 0.731874 0.000000
vt -0.390250 0.681800 0.000000
vt -0.245413 0.595903 0.000000
vt -0.228598 0.609603 0.000000
vt -0.215562 0.627042 0.000000
vt -0.264675 0.584366 0.000000
vt -0.393889 0.651755 0.000000
vt -0.300677 0.573736 0.000000
vt -0.391582 0.637298 0.000000
vt -0.318681 0.573864 0.000000
vt -0.387066 0.622467 0.000000
vt -0.378188 0.607248 0.000000
vt -0.367451 0.594065 0.000000
vt -0.353754 0.584466 0.000000
vt -0.337707 0.576841 0.000000
vt -0.204816 0.646686 0.000000
vt -0.198773 0.670245 0.000000
vt -0.196736 0.693021 0.000000
vt -0.200755 0.715994 0.000000
vt -0.159981 0.625878 0.000000
vt -0.200495 0.612917 0.000000
vt -0.165037 0.629444 0.000000
vt -0.171175 0.631068 0.000000
vt -0.179448 0.630464 0.000000
vt -0.167820 0.630544 0.000000
vt -0.346276 0.552726 0.000000
vt -0.372451 0.559336 0.000000
vt -0.396465 0.571726 0.000000
vt -0.526444 0.389091 0.000000
vt -0.417722 0.587054 0.000000
vt -0.434374 0.607271 0.000000
vt -0.448277 0.630456 0.000000
vt -0.618909 0.378228 0.000000
vt -0.591077 0.365053 0.000000
vt -0.459243 0.670363 0.000000
vt -0.790986 0.679710 0.000000
vt -0.797856 0.667234 0.000000
vt -0.938217 0.554071 0.000000
vt -0.904848 0.614666 0.000000
vt -0.884031 0.646622 0.000000
vt -0.812351 0.672552 0.000000
vt -0.841106 0.674347 0.000000
vt -0.834072 0.675405 0.000000
vt -0.826925 0.675492 0.000000
vt -0.456378 0.711634 0.000000
vt -0.526746 0.867379 0.000000
vt -0.788987 0.989358 0.000000
vt -0.572820 0.969355 0.000000
vt -0.431855 0.769707 0.000000
vt -0.513767 0.873243 0.000000
vt -0.396176 0.825460 0.000000
vt -0.366301 0.871509 0.000000
vt -0.345349 0.918527 0.000000
vt -0.475220 0.996758 0.000000
vt -0.490653 0.985051 0.000000
vt -0.502695 0.970311 0.000000
vt -0.457899 1.006543 0.000000
vt -0.342733 0.948012 0.000000
vt -0.350168 0.976630 0.000000
vt -0.357888 0.989537 0.000000
vt -0.410057 1.016505 0.000000
vt -0.426027 1.016240 0.000000
vt -0.367237 1.000575 0.000000
vt -0.372931 1.004855 0.000000
vt -0.379226 1.008398 0.000000
vt -0.393121 1.014378 0.000000
vt -0.512997 0.953072 0.000000
vt -0.518557 0.932892 0.000000
vt -0.520929 0.913398 0.000000
vt -0.518706 0.893347 0.000000
vt 0.893693 -0.621061 0.000000
vt 0.893845 -0.604581 0.000000
vt 0.879359 -0.652948 0.000000
vt 0.891479 -0.589628 0.000000
vt 0.885283 -0.574879 0.000000
vt 0.876967 -0.560666 0.000000
vt 0.856302 -0.680791 0.000000
vt 0.541573 -0.478662 0.000000
vt 0.806101 -0.733003 0.000000
vt 0.883453 -0.553920 0.000000
vt 0.636229 -0.223671 0.000000
vt 0.524542 -0.390596 0.000000
vt 0.622420 -0.222816 0.000000
vt -0.595785 0.234495 0.000000
vt -0.647140 -0.124989 0.000000
vt -0.607904 0.241168 0.000000
vt -0.659525 -0.131157 0.000000
vt -0.996895 0.305805 0.000000
vt -1.265436 -0.000000 0.000000
vt -1.251302 0.188603 0.000000
vt -1.092777 0.358607 0.000000
vt -1.209216 0.372994 0.000000
vt -1.085515 0.371795 0.000000
vt -1.140119 0.549052 0.000000
vt -1.069031 0.383052 0.000000
vt -1.055404 0.395592 0.000000
vt 0.962358 -0.629785 0.000000
vt 1.140119 -0.549052 0.000000
vt 1.085009 -0.251458 0.000000
vt 1.012336 -0.192735 0.000000
vt 1.043839 -0.196456 0.000000
vt 1.084172 -0.230449 0.000000
vt 1.082805 -0.225537 0.000000
vt 1.045552 -0.712846 0.000000
vt 0.951923 -0.640638 0.000000
vt 0.933083 -0.647234 0.000000
vt 0.916670 -0.655810 0.000000
vt 0.886559 -0.682787 0.000000
vt 0.927630 -0.860715 0.000000
vt 0.713112 -0.863182 0.000000
vt 0.788987 -0.989358 0.000000
vt 0.688538 -0.892934 0.000000
vt 0.681346 -0.908938 0.000000
vt 0.676381 -0.927216 0.000000
vt 0.666510 -0.937482 0.000000
vt 0.632718 -1.095900 0.000000
vt 0.499619 -0.525820 0.000000
vt 0.597477 -0.851351 0.000000
vt 0.762387 -0.778468 0.000000
vt 0.714442 -0.828333 0.000000
vt 0.686049 -0.853796 0.000000
vt 0.610096 -0.860246 0.000000
vt 0.637402 -0.869439 0.000000
vt 0.630334 -0.868635 0.000000
vt 0.623409 -0.866865 0.000000
vt 0.652942 -0.869399 0.000000
vt 0.476157 -0.505876 0.000000
vt 0.416276 -0.504140 0.000000
vt 0.437096 -0.494266 0.000000
vt 0.431456 -0.495430 0.000000
vt 0.449650 -0.493462 0.000000
vt 0.426027 -0.497521 0.000000
vt 0.520399 -0.456138 0.000000
vt 0.511877 -0.406552 0.000000
vt 0.509779 -0.411024 0.000000
vt 0.508240 -0.416443 0.000000
vt 0.506919 -0.430666 0.000000
vt -1.050786 -0.349159 0.000000
vt -0.998658 -0.358434 0.000000
vt -1.062016 -0.331598 0.000000
vt -0.969714 -0.346091 0.000000
vt -0.701754 -0.212646 0.000000
vt -1.047161 -0.352674 0.000000
vt -1.042311 -0.356028 0.000000
vt -1.028112 -0.362217 0.000000
vt -0.675761 -0.197502 0.000000
vt -1.251302 -0.188603 0.000000
vt -0.655881 -0.176846 0.000000
vt -0.652579 -0.165027 0.000000
vt -0.654700 -0.142461 0.000000
vt -0.651795 -0.159499 0.000000
vt -0.651876 -0.153864 0.000000
vt -0.645976 -0.257812 0.000000
vt -0.589009 -0.274215 0.000000
vt -0.596313 -0.265036 0.000000
vt -0.600630 -0.261556 0.000000
vt -0.605347 -0.258800 0.000000
vt -0.616530 -0.254074 0.000000
vt -0.792935 -0.598990 0.000000
vt -0.820570 -0.608161 0.000000
vt -0.834186 -0.611064 0.000000
vt -0.847835 -0.612045 0.000000
vt -0.861535 -0.610713 0.000000
vt -0.875221 -0.607493 0.000000
vt -1.045552 -0.712846 0.000000
vt -0.902575 -0.597905 0.000000
vt -0.957856 -0.553961 0.000000
vt -1.140119 -0.549052 0.000000
vt -0.996763 -0.493663 0.000000
vt -1.074400 -0.337765 0.000000
vt -1.209216 -0.372994 0.000000
vt 0.899326 0.048482 0.000000
vt 0.893866 0.040210 0.000000
vt 0.916852 0.057174 0.000000
vt 0.890124 0.031850 0.000000
vt 0.887278 0.011924 0.000000
vt 0.879030 -0.121289 0.000000
vt 1.082910 -0.133912 0.000000
vt 1.091410 0.003362 0.000000
vt 0.937177 0.060612 0.000000
vt 1.039911 0.086866 0.000000
vt 1.091863 0.035096 0.000000
vt 1.064377 0.078131 0.000000
vt 1.083900 0.063146 0.000000
vt 1.120067 0.090872 0.000000
vt 1.251302 0.188603 0.000000
vt 1.265436 -0.000000 0.000000
vt 1.098818 -0.252313 0.000000
vt 1.251302 -0.188603 0.000000
vt 1.209216 -0.372994 0.000000
vt 1.080317 -0.220184 0.000000
vt 1.071388 -0.207807 0.000000
vt 0.714372 -0.174286 0.000000
vt 0.683506 -0.174131 0.000000
vt 0.637565 -0.211337 0.000000
vt 0.640669 -0.199885 0.000000
vt 0.643336 -0.194869 0.000000
vt 0.646698 -0.190400 0.000000
vt 0.655359 -0.181640 0.000000
vt 0.821429 0.067778 0.000000
vt 0.688684 0.100051 0.000000
vt 0.676748 0.087631 0.000000
vt 0.668826 0.072335 0.000000
vt 0.660130 0.010904 0.000000
vt 0.863198 -0.001670 0.000000
vt 0.685303 -0.109294 0.000000
vt 0.855880 -0.119855 0.000000
vt 0.654975 -0.072354 0.000000
vt 0.678330 -0.108579 0.000000
vt 0.655373 -0.086911 0.000000
vt 0.657378 -0.093306 0.000000
vt 0.660613 -0.099815 0.000000
vt 0.666099 -0.104052 0.000000
vt 0.671721 -0.106993 0.000000
vt 0.863777 0.023913 0.000000
vt 0.842301 0.059758 0.000000
vt 0.850582 0.054036 0.000000
vt 0.858449 0.046732 0.000000
vt -1.024200 0.367992 0.000000
vt -1.020072 0.352037 0.000000
vt -1.018627 0.402505 0.000000
vt -1.013908 0.338209 0.000000
vt -1.004099 0.325572 0.000000
vt -0.992381 0.314003 0.000000
vt -1.003582 0.435377 0.000000
vt -0.647196 0.321802 0.000000
vt -0.968643 0.498823 0.000000
vt -0.620904 0.305542 0.000000
vt -0.599812 0.259863 0.000000
vt -0.598945 0.264726 0.000000
vt -1.033321 0.429456 0.000000
vt -0.912602 0.648666 0.000000
vt -1.045552 0.712846 0.000000
vt -0.896587 0.683774 0.000000
vt -0.893792 0.701097 0.000000
vt -0.893739 0.720037 0.000000
vt -0.886868 0.732512 0.000000
vt -0.927630 0.860715 0.000000
vt -0.856105 0.670278 0.000000
vt -0.562258 0.359939 0.000000
vt -0.550342 0.363972 0.000000
vt -0.532796 0.378909 0.000000
vt -0.545197 0.366560 0.000000
vt -0.540496 0.369987 0.000000
vt -0.598864 0.270359 0.000000
vt -0.601278 0.284438 0.000000
vt -0.086310 0.884167 0.000000
vt -0.053791 0.927419 0.000000
vt -0.096079 0.882141 0.000000
vt -0.053822 0.937592 0.000000
vt -0.129405 1.083716 0.000000
vt -0.040257 1.042756 0.000000
vt -0.114231 1.086542 0.000000
vt -0.045411 1.054506 0.000000
vt -0.099109 1.088008 0.000000
vt -0.051575 1.065498 0.000000
vt -0.084089 1.086843 0.000000
vt -0.059649 1.075053 0.000000
vt -0.069151 1.083533 0.000000
vt -0.054684 0.917447 0.000000
vt -0.077060 0.887205 0.000000
vt -0.057320 0.907855 0.000000
vt -0.068791 0.892159 0.000000
vt -0.061258 0.898546 0.000000
vt -0.039820 0.940194 0.000000
vt -0.031456 1.044392 0.000000
vt 0.288073 0.938844 0.000000
vt 0.292161 0.951494 0.000000
vt -0.018628 0.826176 0.000000
vt 0.283700 0.912564 0.000000
vt 0.285438 0.925820 0.000000
vt -0.032630 0.823574 0.000000
vt 0.032507 0.742557 0.000000
vt 0.046509 0.745159 0.000000
vt 0.283726 0.899506 0.000000
vt 0.195377 0.744720 0.000000
vt 0.284727 0.886581 0.000000
vt 0.287325 0.873877 0.000000
vt 0.290864 0.861302 0.000000
vt 0.300555 0.840309 0.000000
vt 0.208356 0.738856 0.000000
vt 0.311326 0.819910 0.000000
vt 0.323480 0.800274 0.000000
vt 0.336357 0.781036 0.000000
vt 0.352248 0.757493 0.000000
vt 0.366976 0.733340 0.000000
vt 0.200763 0.716020 0.000000
vt 0.196738 0.693075 0.000000
vt -0.037268 0.833486 0.000000
vt -0.094472 0.858881 0.000000
vt -0.106643 0.856587 0.000000
vt -0.069465 0.656555 0.000000
vt -0.191832 0.666923 0.000000
vt -0.151478 0.641312 0.000000
vt -0.158646 0.640203 0.000000
vt -0.190301 0.660189 0.000000
vt -0.165724 0.639922 0.000000
vt -0.187987 0.653901 0.000000
vt -0.172633 0.641186 0.000000
vt -0.184220 0.648441 0.000000
vt -0.179420 0.643569 0.000000
vt -0.082309 0.860233 0.000000
vt -0.042722 0.842746 0.000000
vt -0.070160 0.859753 0.000000
vt -0.049750 0.850750 0.000000
vt -0.058023 0.857759 0.000000
vt -0.223061 0.834949 0.000000
vt -0.054161 0.659434 0.000000
vt -0.039013 0.662861 0.000000
vt -0.024162 0.667342 0.000000
vt -0.009548 0.672658 0.000000
vt 0.020976 0.706999 0.000000
vt 0.025675 0.718532 0.000000
vt 0.029362 0.730443 0.000000
vt -0.002125 0.677179 0.000000
vt 0.010424 0.688720 0.000000
vt 0.015548 0.695740 0.000000
vt 0.004672 0.682382 0.000000
vt 0.142266 0.627170 0.000000
vt 0.041190 0.653530 0.000000
vt 0.155244 0.621306 0.000000
vt -0.415649 0.499546 0.000000
vt 0.250163 0.573082 0.000000
vt -0.529795 0.353256 0.000000
vt 0.268654 0.562474 0.000000
vt 0.514325 0.382417 0.000000
vt 0.294378 0.554290 0.000000
vt 0.320224 0.550145 0.000000
vt 0.346276 0.552726 0.000000
vt 0.372451 0.559336 0.000000
vt 0.396465 0.571726 0.000000
vt 0.526444 0.389091 0.000000
vt 0.417722 0.587054 0.000000
vt 0.434381 0.607283 0.000000
vt 0.448277 0.630456 0.000000
vt 0.618909 0.378228 0.000000
vt 0.797856 0.667234 0.000000
vt 0.938217 0.554071 0.000000
vt 0.904848 0.614666 0.000000
vt -0.296863 0.590699 0.000000
vt -0.355572 0.576540 0.000000
vt -0.299391 0.604302 0.000000
vt -0.366479 0.585051 0.000000
vt -0.259877 0.687871 0.000000
vt -0.667762 0.681455 0.000000
vt -0.314429 0.981380 0.000000
vt -0.694972 0.714398 0.000000
vt -0.381555 1.046371 0.000000
vt -0.632718 1.095900 0.000000
vt -0.384083 1.059973 0.000000
vt -0.462316 1.177961 0.000000
vt -0.281586 1.233709 0.000000
vt -0.046030 1.122804 0.000000
vt -0.094566 1.261898 0.000000
vt 0.094566 1.261898 0.000000
vt 0.309657 0.985640 0.000000
vt 0.297096 0.963925 0.000000
vt -0.287407 0.607101 0.000000
vt -0.255979 0.658027 0.000000
vt -0.257295 0.672931 0.000000
vt -0.257073 0.643189 0.000000
vt -0.276487 0.611507 0.000000
vt -0.271753 0.614807 0.000000
vt -0.267541 0.618894 0.000000
vt -0.259999 0.628402 0.000000
vt -0.317431 0.996644 0.000000
vt -0.321656 1.011393 0.000000
vt -0.328215 1.025156 0.000000
vt -0.336571 1.038160 0.000000
vt -0.346961 1.044163 0.000000
vt -0.369512 1.047994 0.000000
vt -0.352318 1.046414 0.000000
vt -0.357868 1.047778 0.000000
vt -0.264626 1.058584 0.000000
vt -0.227300 0.857753 0.000000
vt -0.157944 -1.036242 0.000000
vt -0.099861 -1.098684 0.000000
vt -0.158212 -1.020270 0.000000
vt 0.141855 -1.112019 0.000000
vt -0.158790 -0.741128 0.000000
vt -0.156283 -1.051889 0.000000
vt -0.112829 -1.098058 0.000000
vt -0.151978 -1.066920 0.000000
vt -0.125038 -1.095591 0.000000
vt -0.130624 -1.093101 0.000000
vt -0.135846 -1.089728 0.000000
vt -0.145674 -1.081485 0.000000
vt -0.099832 -1.112519 0.000000
vt 0.094566 -1.261898 0.000000
vt 0.281586 -1.233709 0.000000
vt -0.094566 -1.261898 0.000000
vt -0.243879 -1.112817 0.000000
vt -0.281586 -1.233709 0.000000
vt -0.462316 -1.177961 0.000000
vt -0.243908 -1.098982 0.000000
vt -0.587606 -0.861617 0.000000
vt -0.182620 -1.023576 0.000000
vt -0.183424 -0.635381 0.000000
vt -0.230595 -1.098389 0.000000
vt -0.184587 -1.054296 0.000000
vt -0.182850 -1.039129 0.000000
vt -0.189179 -1.068728 0.000000
vt -0.217938 -1.096051 0.000000
vt -0.212059 -1.093689 0.000000
vt -0.206500 -1.090476 0.000000
vt -0.195926 -1.082606 0.000000
vt -0.168807 -0.635351 0.000000
vt -0.397527 -0.502737 0.000000
vt -0.407500 -0.512326 0.000000
vt -0.499619 -0.525820 0.000000
vt -0.597477 -0.851351 0.000000
vt -0.762387 -0.778468 0.000000
vt -0.714442 -0.828333 0.000000
vt 0.170229 -1.049702 0.000000
vt 0.169535 -0.714476 0.000000
vt 0.106734 -0.648615 0.000000
vt 0.106705 -0.634780 0.000000
vt 0.169015 -0.700819 0.000000
vt 0.119915 -0.649160 0.000000
vt 0.166943 -0.687653 0.000000
vt 0.161989 -0.675398 0.000000
vt 0.154985 -0.663791 0.000000
vt 0.144123 -0.656508 0.000000
vt 0.132537 -0.651332 0.000000
vt 0.251566 -0.634480 0.000000
vt 0.293510 -0.569604 0.000000
vt 0.301438 -0.580942 0.000000
vt 0.251595 -0.648316 0.000000
vt 0.389201 -0.612015 0.000000
vt 0.559804 -0.856007 0.000000
vt 0.192762 -0.730304 0.000000
vt 0.193341 -1.009694 0.000000
vt 0.238245 -0.649003 0.000000
vt 0.194517 -0.697494 0.000000
vt 0.192953 -0.713751 0.000000
vt 0.225725 -0.651625 0.000000
vt 0.220032 -0.654255 0.000000
vt 0.214740 -0.657821 0.000000
vt 0.198689 -0.681802 0.000000
vt 0.204837 -0.666536 0.000000
vt 0.193892 -1.026946 0.000000
vt 0.264326 -1.097930 0.000000
vt 0.559095 -0.949438 0.000000
vt 0.568504 -0.868820 0.000000
vt 0.575943 -0.882148 0.000000
vt 0.580985 -0.896454 0.000000
vt 0.568582 -0.941946 0.000000
vt 0.576449 -0.933448 0.000000
vt 0.249113 -1.095670 0.000000
vt 0.196228 -1.043693 0.000000
vt 0.201894 -1.059497 0.000000
vt 0.209955 -1.074623 0.000000
vt 0.221830 -1.084232 0.000000
vt 0.234723 -1.091598 0.000000
vt 0.462316 -1.177961 0.000000
vt 0.264355 -1.111765 0.000000
vt 0.707752 -0.862376 0.000000
vt 0.927630 -0.860715 0.000000
vt 0.699824 -0.851038 0.000000
vt 0.834132 -0.611042 0.000000
vt 0.820407 -0.608102 0.000000
vt 0.788987 -0.989358 0.000000
vt 0.567023 -0.960776 0.000000
vt 0.632718 -1.095900 0.000000
vt 0.579279 -0.928514 0.000000
vt 0.581349 -0.923108 0.000000
vt 0.584208 -0.911502 0.000000
vt 0.380187 -0.599477 0.000000
vt 0.370255 -0.587951 0.000000
vt 0.358578 -0.578349 0.000000
vt 0.345572 -0.570211 0.000000
vt 0.333711 -0.568995 0.000000
vt 0.311696 -0.574604 0.000000
vt 0.327936 -0.569118 0.000000
vt 0.322345 -0.570110 0.000000
vt 0.434238 -0.471204 0.000000
vt 0.570592 -0.278701 0.000000
vt -0.514569 -0.381007 0.000000
vt -0.622420 -0.222816 0.000000
vt -0.643669 0.120369 0.000000
vt -0.635430 0.217875 0.000000
vt -0.646337 0.226385 0.000000
vt 0.582976 -0.284868 0.000000
vt 0.442166 -0.482543 0.000000
vt 0.734161 -0.454300 0.000000
vt 0.730267 -0.486382 0.000000
vt 0.730571 -0.519292 0.000000
vt 0.441224 -0.575640 0.000000
vt 0.739145 -0.544627 0.000000
vt 0.744654 -0.556353 0.000000
vt 0.611827 -0.819632 0.000000
vt 0.751628 -0.566949 0.000000
vt 0.760338 -0.576205 0.000000
vt 0.770434 -0.584394 0.000000
vt 0.792935 -0.598990 0.000000
vt 0.432566 -0.489993 0.000000
vt 0.425015 -0.549603 0.000000
vt 0.432508 -0.562875 0.000000
vt 0.424558 -0.498448 0.000000
vt 0.421640 -0.503362 0.000000
vt 0.419490 -0.508761 0.000000
vt 0.419855 -0.535363 0.000000
vt 0.416487 -0.520378 0.000000
vt 0.620875 -0.832331 0.000000
vt 0.630814 -0.844070 0.000000
vt 0.689531 -0.857556 0.000000
vt 0.642457 -0.853973 0.000000
vt 0.678836 -0.862248 0.000000
vt 0.673213 -0.863346 0.000000
vt 0.667394 -0.863553 0.000000
vt 0.655422 -0.862453 0.000000
vt -0.512242 0.504093 0.000000
vt -0.544328 0.507564 0.000000
vt -0.540702 0.361767 0.000000
vt -0.573883 0.510775 0.000000
vt -0.634031 0.365428 0.000000
vt -0.603434 0.512655 0.000000
vt -0.632977 0.511962 0.000000
vt -0.662514 0.509201 0.000000
vt -0.677264 0.504107 0.000000
vt -0.690966 0.497371 0.000000
vt -0.702899 0.487863 0.000000
vt -0.713757 0.476668 0.000000
vt -0.737537 0.446191 0.000000
vt -0.621733 0.356123 0.000000
vt -0.608852 0.348072 0.000000
vt -0.594863 0.342400 0.000000
vt -0.580039 0.338525 0.000000
vt -0.568265 0.340829 0.000000
vt -0.562741 0.342637 0.000000
vt -0.557647 0.345223 0.000000
vt -0.548714 0.352662 0.000000
vt -0.480115 0.501355 0.000000
vt -0.447909 0.499972 0.000000
vt -0.639277 0.236427 0.000000
vt -0.640751 0.283679 0.000000
vt -0.649838 0.295660 0.000000
vt -0.660809 0.306071 0.000000
vt -0.634092 0.246963 0.000000
vt -0.632780 0.252568 0.000000
vt -0.632373 0.258412 0.000000
vt -0.633094 0.270504 0.000000
vt -0.672770 0.315656 0.000000
vt -0.733971 0.136794 0.000000
vt -0.908776 0.499805 0.000000
vt -0.822309 0.081993 0.000000
vt -0.733091 0.122579 0.000000
vt -0.821429 0.067778 0.000000
vt -0.721449 0.117984 0.000000
vt -0.710075 0.112876 0.000000
vt -0.665327 0.057182 0.000000
vt -0.699200 0.106808 0.000000
vt -0.688684 0.100051 0.000000
vt -0.668826 0.072335 0.000000
vt -0.672411 0.080253 0.000000
vt -0.920837 0.509006 0.000000
vt -1.000832 0.502989 0.000000
vt -1.040464 0.095801 0.000000
vt -0.938057 0.074826 0.000000
vt -1.039911 0.086866 0.000000
vt -0.937177 0.060612 0.000000
vt -1.091410 0.003362 0.000000
vt -0.887278 0.011924 0.000000
vt -1.082910 -0.133912 0.000000
vt -0.879030 -0.121289 0.000000
vt -0.933453 0.517058 0.000000
vt -0.992891 0.512310 0.000000
vt -0.947127 0.522919 0.000000
vt -0.984025 0.519995 0.000000
vt -0.978958 0.522718 0.000000
vt -0.973435 0.524635 0.000000
vt -0.961614 0.527097 0.000000
vt -1.209216 0.372994 0.000000
vt -1.011740 0.511500 0.000000
vt -1.140119 0.549052 0.000000
vt -1.045552 0.712846 0.000000
vt -0.891336 0.665809 0.000000
vt -0.870628 0.689101 0.000000
vt -0.927630 0.860715 0.000000
vt -0.847823 0.709333 0.000000
vt -0.821303 0.724140 0.000000
vt -0.792370 0.735427 0.000000
vt -0.788987 0.989358 0.000000
vt -0.766290 0.738121 0.000000
vt -0.741149 0.736499 0.000000
vt -0.729189 0.732888 0.000000
vt -0.717585 0.727636 0.000000
vt -0.485463 0.564635 0.000000
vt -0.657575 0.664187 0.000000
vt -0.510535 0.567647 0.000000
vt -0.534619 0.570593 0.000000
vt -0.558742 0.572943 0.000000
vt -0.651485 0.645964 0.000000
vt -0.582937 0.574170 0.000000
vt -0.650100 0.626643 0.000000
vt -0.607187 0.574563 0.000000
vt -0.652403 0.606463 0.000000
vt -0.621433 0.573491 0.000000
vt -0.635545 0.571682 0.000000
vt -0.649425 0.568586 0.000000
vt -0.663156 0.564670 0.000000
vt -0.460364 0.562565 0.000000
vt -0.435215 0.562307 0.000000
vt -0.410026 0.563489 0.000000
vt -0.397852 0.566349 0.000000
vt -0.376034 0.577042 0.000000
vt -0.386351 0.570531 0.000000
vt 0.545894 0.966858 0.000000
vt 0.554382 0.968481 0.000000
vt 0.543930 0.967673 0.000000
vt 0.556618 0.970430 0.000000
vt 0.538594 0.971000 0.000000
vt 0.558653 0.972600 0.000000
vt 0.560583 0.974884 0.000000
vt 0.547883 0.966325 0.000000
vt 0.548893 0.966254 0.000000
vt 0.549915 0.966325 0.000000
vt 0.551980 0.966715 0.000000
vt 0.572820 0.969355 0.000000
vt 0.632718 1.095900 0.000000
vt 0.510656 0.994507 0.000000
vt 0.524026 0.982917 0.000000
vt 0.788987 0.989358 0.000000
vt 0.526746 0.867379 0.000000
vt 0.790986 0.679710 0.000000
vt 0.456378 0.711634 0.000000
vt 0.459114 0.690869 0.000000
vt 0.513767 0.873243 0.000000
vt 0.431142 0.771025 0.000000
vt 0.444870 0.741896 0.000000
vt 0.518696 0.893299 0.000000
vt 0.367103 0.870074 0.000000
vt 0.381062 0.847464 0.000000
vt 0.396176 0.825460 0.000000
vt 0.520930 0.913303 0.000000
vt 0.518456 0.933216 0.000000
vt 0.355359 0.893846 0.000000
vt 0.512997 0.953072 0.000000
vt 0.502815 0.970096 0.000000
vt 0.490626 0.985077 0.000000
vt 0.475204 0.996768 0.000000
vt 0.457899 1.006543 0.000000
vt 0.442132 1.012402 0.000000
vt 0.345349 0.918527 0.000000
vt 0.343111 0.933347 0.000000
vt 0.342733 0.948007 0.000000
vt 0.345496 0.962400 0.000000
vt 0.426141 1.016225 0.000000
vt 0.409758 1.016456 0.000000
vt 0.393121 1.014378 0.000000
vt 0.379333 1.008441 0.000000
vt 0.357886 0.989533 0.000000
vt 0.350168 0.976630 0.000000
vt 0.372966 1.004868 0.000000
vt 0.367230 1.000569 0.000000
vt 0.414444 0.798642 0.000000
vt 0.459243 0.670362 0.000000
vt 0.455049 0.650281 0.000000
vt 0.232544 0.584892 0.000000
vt 0.216178 0.598434 0.000000
vt 0.200495 0.612917 0.000000
vt 0.195561 0.617712 0.000000
vt 0.190476 0.622319 0.000000
vt 0.185094 0.626556 0.000000
vt 0.179448 0.630464 0.000000
vt 0.172465 0.631098 0.000000
vt 0.169156 0.630845 0.000000
vt 0.166059 0.629924 0.000000
vt 0.163172 0.628347 0.000000
vt 0.160442 0.626275 0.000000
vt 0.198862 0.669939 0.000000
vt 0.204816 0.646686 0.000000
vt 0.215561 0.627042 0.000000
vt 0.379478 0.708023 0.000000
vt 0.228597 0.609604 0.000000
vt 0.245475 0.595867 0.000000
vt 0.264675 0.584366 0.000000
vt 0.282507 0.577842 0.000000
vt 0.390250 0.681800 0.000000
vt 0.393011 0.666748 0.000000
vt 0.393891 0.651811 0.000000
vt 0.391507 0.637075 0.000000
vt 0.387066 0.622467 0.000000
vt 0.378195 0.607259 0.000000
vt 0.367471 0.594083 0.000000
vt 0.353570 0.584386 0.000000
vt 0.300562 0.573749 0.000000
vt 0.319009 0.573927 0.000000
vt 0.337707 0.576841 0.000000
vt 0.281586 1.233709 0.000000
vt 0.324794 1.004624 0.000000
vt 0.344345 1.018932 0.000000
vt 0.366624 1.030347 0.000000
vt 0.462316 1.177961 0.000000
vt 0.391970 1.035363 0.000000
vt 0.417059 1.036506 0.000000
vt 0.441738 1.031481 0.000000
vt 0.466180 1.022895 0.000000
vt 0.481767 1.014545 0.000000
vt 0.496714 1.005259 0.000000
vt 0.528684 0.978679 0.000000
vt 0.533494 0.974643 0.000000
vt -0.885208 -0.574737 0.000000
vt -0.879082 -0.653378 0.000000
vt -0.876967 -0.560666 0.000000
vt -0.868371 -0.667493 0.000000
vt -0.856302 -0.680791 0.000000
vt -0.887276 -0.637753 0.000000
vt -0.891391 -0.589329 0.000000
vt -0.893822 -0.604871 0.000000
vt -0.893693 -0.621061 0.000000
vt -0.806101 -0.733003 0.000000
vt -0.541573 -0.478662 0.000000
vt -0.530751 -0.468128 0.000000
vt -0.524542 -0.390596 0.000000
vt -0.636229 -0.223671 0.000000
vt -0.883453 -0.553920 0.000000
vt -0.714372 -0.174286 0.000000
vt -1.012336 -0.192735 0.000000
vt -0.520962 -0.456892 0.000000
vt -0.516848 -0.399306 0.000000
vt -0.513160 -0.444309 0.000000
vt -0.507765 -0.419233 0.000000
vt -0.506919 -0.430666 0.000000
vt -0.508873 -0.413789 0.000000
vt -0.510787 -0.408665 0.000000
vt -0.416530 -0.503926 0.000000
vt -0.463658 -0.499085 0.000000
vt -0.476718 -0.506250 0.000000
vt -0.488505 -0.515487 0.000000
vt -0.426318 -0.497379 0.000000
vt -0.431729 -0.495368 0.000000
vt -0.437500 -0.494237 0.000000
vt -0.449650 -0.493462 0.000000
vt -0.700992 -0.841627 0.000000
vt -0.686589 -0.853423 0.000000
vt -0.670408 -0.862421 0.000000
vt -0.652942 -0.869399 0.000000
vt -0.637695 -0.869422 0.000000
vt -0.610022 -0.860200 0.000000
vt -0.630322 -0.868609 0.000000
vt -0.623250 -0.866811 0.000000
vt -0.632718 -1.095900 0.000000
vt -0.666510 -0.937482 0.000000
vt -0.788987 -0.989358 0.000000
vt -0.676381 -0.927216 0.000000
vt -0.681374 -0.908984 0.000000
vt -0.689006 -0.892153 0.000000
vt -0.700137 -0.877178 0.000000
vt -0.713112 -0.863182 0.000000
vt -0.927630 -0.860715 0.000000
vt -0.886559 -0.682787 0.000000
vt -1.045552 -0.712846 0.000000
vt -0.900726 -0.668659 0.000000
vt -0.915957 -0.656287 0.000000
vt -0.933195 -0.647232 0.000000
vt -0.951923 -0.640638 0.000000
vt -0.962358 -0.629785 0.000000
vt -1.140119 -0.549052 0.000000
vt -1.085009 -0.251458 0.000000
vt -1.027853 -0.193858 0.000000
vt 1.028112 -0.362217 0.000000
vt 1.039223 -0.357668 0.000000
vt 1.012777 -0.361154 0.000000
vt 1.056006 -0.342158 0.000000
vt 1.062016 -0.331598 0.000000
vt 1.044283 -0.354808 0.000000
vt 1.048754 -0.351256 0.000000
vt 1.074400 -0.337765 0.000000
vt 1.251302 -0.188603 0.000000
vt 0.701754 -0.212646 0.000000
vt 0.969714 -0.346091 0.000000
vt 0.996763 -0.493663 0.000000
vt 1.140119 -0.549052 0.000000
vt 1.209216 -0.372994 0.000000
vt 0.978918 -0.525020 0.000000
vt 0.958134 -0.553647 0.000000
vt 1.045552 -0.712846 0.000000
vt 0.932089 -0.577387 0.000000
vt 0.902575 -0.597905 0.000000
vt 0.875226 -0.607491 0.000000
vt 0.861542 -0.610712 0.000000
vt 0.847845 -0.612045 0.000000
vt 0.744221 -0.423431 0.000000
vt 0.674988 -0.270231 0.000000
vt 0.661041 -0.263484 0.000000
vt 0.757666 -0.393229 0.000000
vt 0.766286 -0.377013 0.000000
vt 0.775273 -0.361010 0.000000
vt 0.784822 -0.345334 0.000000
vt 0.794688 -0.329842 0.000000
vt 0.646772 -0.258046 0.000000
vt 0.588928 -0.274343 0.000000
vt 0.631887 -0.255104 0.000000
vt 0.596104 -0.265237 0.000000
vt 0.600526 -0.261652 0.000000
vt 0.605532 -0.258745 0.000000
vt 0.616530 -0.254074 0.000000
vt 0.595785 0.234495 0.000000
vt 0.647140 -0.124989 0.000000
vt 0.607904 0.241168 0.000000
vt 0.659525 -0.131157 0.000000
vt 0.996895 0.305805 0.000000
vt 1.265436 -0.000000 0.000000
vt 1.251302 0.188603 0.000000
vt 0.654727 -0.142387 0.000000
vt 0.665488 -0.188067 0.000000
vt 0.676254 -0.197875 0.000000
vt 0.688588 -0.205769 0.000000
vt 0.651891 -0.153714 0.000000
vt 0.651808 -0.159444 0.000000
vt 0.652647 -0.165219 0.000000
vt 0.655881 -0.176846 0.000000
vt 0.983649 -0.352802 0.000000
vt 0.997907 -0.358214 0.000000
vt -0.927076 0.059405 0.000000
vt -0.888101 0.021867 0.000000
vt -0.917287 0.057306 0.000000
vt -0.889991 0.031418 0.000000
vt -0.908087 0.053523 0.000000
vt -0.893902 0.040227 0.000000
vt -0.899326 0.048482 0.000000
vt -0.831831 0.064381 0.000000
vt -0.863995 0.010690 0.000000
vt -0.863198 -0.001670 0.000000
vt -0.660130 0.010904 0.000000
vt -0.685303 -0.109294 0.000000
vt -0.654975 -0.072354 0.000000
vt -0.654746 -0.079604 0.000000
vt -0.678433 -0.108594 0.000000
vt -0.655327 -0.086663 0.000000
vt -0.657423 -0.093368 0.000000
vt -0.671911 -0.107062 0.000000
vt -0.666033 -0.103986 0.000000
vt -0.863858 0.022927 0.000000
vt -0.841685 0.060093 0.000000
vt -0.861903 0.034928 0.000000
vt -0.850485 0.054091 0.000000
vt -0.858449 0.046732 0.000000
vt -0.855880 -0.119855 0.000000
vt -0.660613 -0.099815 0.000000
vt -0.661126 0.026444 0.000000
vt -0.662685 0.041897 0.000000
vt -0.676748 0.087631 0.000000
vt -0.682339 0.094111 0.000000
vt -0.637550 -0.211435 0.000000
vt -0.684275 -0.174047 0.000000
vt -0.699229 -0.173540 0.000000
vt -0.669680 -0.176937 0.000000
vt -0.640594 -0.200060 0.000000
vt -0.643295 -0.194960 0.000000
vt -0.646839 -0.190282 0.000000
vt -0.655359 -0.181640 0.000000
vt -1.043006 -0.196258 0.000000
vt -1.085156 -0.239307 0.000000
vt -1.057464 -0.201094 0.000000
vt -1.083525 -0.227776 0.000000
vt -1.081496 -0.222433 0.000000
vt -1.078610 -0.217389 0.000000
vt -1.071388 -0.207807 0.000000
vt -1.209216 -0.372994 0.000000
vt -1.098818 -0.252313 0.000000
vt -1.251302 -0.188603 0.000000
vt -1.265436 -0.000000 0.000000
vt -1.120067 0.090872 0.000000
vt -1.251302 0.188603 0.000000
vt -1.092369 0.018767 0.000000
vt -1.052201 0.083180 0.000000
vt -1.091985 0.033955 0.000000
vt -1.063860 0.078399 0.000000
vt -1.089002 0.048722 0.000000
vt -1.074326 0.071547 0.000000
vt -1.083900 0.063146 0.000000
vt 1.003989 0.325454 0.000000
vt 1.018471 0.402993 0.000000
vt 0.992381 0.314003 0.000000
vt 1.011789 0.419403 0.000000
vt 1.003582 0.435377 0.000000
vt 1.022332 0.385777 0.000000
vt 1.013745 0.337943 0.000000
vt 1.020125 0.352322 0.000000
vt 1.024200 0.367992 0.000000
vt 0.968643 0.498823 0.000000
vt 0.647196 0.321802 0.000000
vt 0.634011 0.314436 0.000000
vt 0.621643 0.306124 0.000000
vt 0.602733 0.251576 0.000000
vt 0.610844 0.295995 0.000000
vt 0.599306 0.262187 0.000000
vt 0.598787 0.267631 0.000000
vt 0.599130 0.273177 0.000000
vt 0.601278 0.284438 0.000000
vt 0.532986 0.378637 0.000000
vt 0.577245 0.361736 0.000000
vt 0.591716 0.365269 0.000000
vt 0.605496 0.371132 0.000000
vt 0.540740 0.369774 0.000000
vt 0.545444 0.366428 0.000000
vt 0.550724 0.363840 0.000000
vt 0.562258 0.359939 0.000000
vt 0.895306 0.630994 0.000000
vt 0.884456 0.646122 0.000000
vt 0.871163 0.659009 0.000000
vt 0.856105 0.670278 0.000000
vt 0.841385 0.674255 0.000000
vt 0.812268 0.672526 0.000000
vt 0.834054 0.675383 0.000000
vt 0.826757 0.675480 0.000000
vt 0.886868 0.732512 0.000000
vt 0.927630 0.860715 0.000000
vt 1.045552 0.712846 0.000000
vt 0.893739 0.720037 0.000000
vt 0.893832 0.701133 0.000000
vt 0.896837 0.682899 0.000000
vt 0.903702 0.665549 0.000000
vt 0.912602 0.648666 0.000000
vt 1.140119 0.549052 0.000000
vt 1.033321 0.429456 0.000000
vt 1.043339 0.412136 0.000000
vt 1.054840 0.396238 0.000000
vt 1.069139 0.383021 0.000000
vt 1.085515 0.371795 0.000000
vt 1.209216 0.372994 0.000000
vt 1.092777 0.358607 0.000000
vt -0.127000 3.786176 0.000000
vt -0.000000 3.786176 0.000000
vt -0.127000 3.975485 0.000000
vt -0.000000 3.975485 0.000000
vt -0.127000 -3.975485 0.000000
vt -0.000000 -3.975485 0.000000
vt -0.127000 -3.786176 0.000000
vt -0.000000 -3.786176 0.000000
vt -0.127000 -3.596868 0.000000
vt -0.000000 -3.596868 0.000000
vt -0.127000 -3.407559 0.000000
vt -0.000000 -3.407559 0.000000
vt -0.127000 -3.218250 0.000000
vt -0.000000 -3.218250 0.000000
vt -0.127000 -3.028941 0.000000
vt -0.000000 -3.028941 0.000000
vt -0.127000 -2.839632 0.000000
vt -0.000000 -2.839632 0.000000
vt -0.127000 -2.650323 0.000000
vt -0.000000 -2.650323 0.000000
vt -0.127000 -2.461015 0.000000
vt -0.000000 -2.461015 0.000000
vt -0.127000 -2.271706 0.000000
vt -0.000000 -2.271706 0.000000
vt -0.127000 -2.082397 0.000000
vt -0.000000 -2.082397 0.000000
vt -0.127000 -1.893088 0.000000
vt -0.000000 -1.893088 0.000000
vt -0.127000 -1.703779 0.000000
vt -0.000000 -1.703779 0.000000
vt -0.127000 -1.514471 0.000000
vt -0.000000 -1.514471 0.000000
vt -0.127000 -1.325162 0.000000
vt -0.000000 -1.325162 0.000000
vt -0.127000 -1.135853 0.000000
vt -0.000000 -1.135853 0.000000
vt -0.127000 -0.946544 0.000000
vt -0.000000 -0.946544 0.000000
vt -0.127000 -0.757235 0.000000
vt -0.000000 -0.757235 0.000000
vt -0.127000 -0.567926 0.000000
vt -0.000000 -0.567926 0.000000
vt -0.127000 -0.378618 0.000000
vt -0.000000 -0.378618 0.000000
vt -0.127000 -0.189309 0.000000
vt -0.000000 -0.189309 0.000000
vt -0.127000 0.000000 0.000000
vt -0.000000 0.000000 0.000000
vt -0.127000 0.189309 0.000000
vt -0.000000 0.189309 0.000000
vt -0.127000 0.378618 0.000000
vt -0.000000 0.378618 0.000000
vt -0.127000 0.567926 0.000000
vt -0.000000 0.567926 0.000000
vt -0.127000 0.757235 0.000000
vt -0.000000 0.757235 0.000000
vt -0.127000 0.946544 0.000000
vt -0.000000 0.946544 0.000000
vt -0.127000 1.135853 0.000000
vt -0.000000 1.135853 0.000000
vt -0.127000 1.325162 0.000000
vt -0.000000 1.325162 0.000000
vt -0.127000 1.514471 0.000000
vt -0.000000 1.514471 0.000000
vt -0.127000 1.703779 0.000000
vt -0.000000 1.703779 0.000000
vt -0.127000 1.893088 0.000000
vt -0.000000 1.893088 0.000000
vt -0.127000 2.082397 0.000000
vt -0.000000 2.082397 0.000000
vt -0.127000 2.271706 0.000000
vt -0.000000 2.271706 0.000000
vt -0.127000 2.461015 0.000000
vt -0.000000 2.461015 0.000000
vt -0.127000 2.650323 0.000000
vt -0.000000 2.650323 0.000000
vt -0.127000 2.839632 0.000000
vt -0.000000 2.839632 0.000000
vt -0.127000 3.028941 0.000000
vt -0.000000 3.028941 0.000000
vt -0.127000 3.218250 0.000000
vt -0.000000 3.218250 0.000000
vt -0.127000 3.407559 0.000000
vt -0.000000 3.407559 0.000000
vt -0.127000 3.596868 0.000000
vt -0.000000 3.596868 0.000000
vn 0.998319 0.057956 -0.000000
vn 0.998319 0.057956 -0.000000
vn 0.998319 0.057956 -0.000000
vn 0.998319 0.057956 -0.000000
vn -0.182732 -0.983163 0.000000
vn -0.182732 -0.983163 0.000000
vn -0.182732 -0.983163 0.000000
vn -0.182732 -0.983163 0.000000
vn -0.969817 -0.243835 0.000000
vn -0.943112 -0.332475 0.000000
vn -0.896224 -0.443602 0.000000
vn -0.909651 -0.415372 0.000000
vn -0.896224 -0.443602 0.000000
vn -0.969817 -0.243835 0.000000
vn -0.963944 -0.266107 0.000000
vn -0.505309 -0.862938 0.000000
vn -0.505309 -0.862938 0.000000
vn -0.549789 -0.835304 0.000000
vn -0.676883 -0.736090 0.000000
vn -0.676883 -0.736091 0.000000
vn -0.786534 -0.617546 0.000000
vn -0.817830 -0.575460 0.000000
vn -0.817830 -0.575460 0.000000
vn -0.350706 -0.936486 0.000000
vn -0.250336 -0.968159 0.000000
vn -0.178934 -0.983861 0.000000
vn -0.196825 -0.980439 0.000000
vn -0.178934 -0.983861 0.000000
vn -0.350706 -0.936486 0.000000
vn -0.323898 -0.946092 0.000000
vn -0.182732 -0.983163 0.000000
vn -0.182732 -0.983163 0.000000
vn -0.182732 -0.983163 0.000000
vn -0.182732 -0.983163 0.000000
vn 0.355080 -0.934836 -0.000000
vn 0.355080 -0.934836 -0.000000
vn 0.281944 -0.959431 -0.000000
vn 0.280367 -0.959893 -0.000000
vn 0.066712 -0.997772 -0.000000
vn -0.171006 -0.985270 0.000000
vn -0.115926 -0.993258 0.000000
vn 0.058133 -0.998309 -0.000000
vn -0.171006 -0.985270 0.000000
vn 0.979510 -0.201398 -0.000000
vn 0.979510 -0.201398 -0.000000
vn 0.964924 -0.262528 -0.000000
vn 0.964405 -0.264431 -0.000000
vn 0.893885 -0.448296 -0.000000
vn 0.890104 -0.455758 -0.000000
vn 0.751313 -0.659947 -0.000000
vn 0.752871 -0.658168 -0.000000
vn 0.692580 -0.721341 -0.000000
vn 0.692580 -0.721341 -0.000000
vn 0.983163 -0.182732 -0.000000
vn 0.983163 -0.182732 -0.000000
vn 0.983163 -0.182732 -0.000000
vn 0.983163 -0.182732 -0.000000
vn 0.182732 0.983163 -0.000000
vn 0.182732 0.983163 -0.000000
vn 0.182732 0.983163 -0.000000
vn 0.182732 0.983163 -0.000000
vn -0.182635 0.983181 -0.000000
vn -0.182635 0.983181 -0.000000
vn -0.120368 0.992729 -0.000000
vn 0.033689 0.999432 -0.000000
vn 0.046519 0.998917 -0.000000
vn 0.160639 0.987013 -0.000000
vn 0.197467 0.980310 -0.000000
vn 0.197467 0.980310 -0.000000
vn -0.912217 0.409708 -0.000000
vn -0.912217 0.409708 -0.000000
vn -0.892123 0.451793 -0.000000
vn -0.810057 0.586351 -0.000000
vn -0.817676 0.575678 -0.000000
vn -0.683509 0.729942 -0.000000
vn -0.682391 0.730987 -0.000000
vn -0.627608 0.778529 -0.000000
vn -0.627608 0.778529 -0.000000
vn 0.182732 0.983163 -0.000000
vn 0.182732 0.983163 -0.000000
vn 0.182732 0.983163 -0.000000
vn 0.182732 0.983163 -0.000000
vn 0.983163 -0.182732 -0.000000
vn 0.983163 -0.182732 -0.000000
vn 0.983163 -0.182732 -0.000000
vn 0.983163 -0.182732 -0.000000
vn -0.182732 -0.983163 0.000000
vn -0.182732 -0.983163 0.000000
vn -0.182732 -0.983163 0.000000
vn -0.182732 -0.983163 0.000000
vn -0.912299 -0.409525 0.000000
vn -0.912299 -0.409525 0.000000
vn -0.937250 -0.348659 0.000000
vn -0.984443 -0.175702 0.000000
vn -0.985946 -0.167064 0.000000
vn -0.999624 -0.027410 0.000000
vn -0.999837 0.018054 -0.000000
vn -0.999837 0.018054 -0.000000
vn -0.185216 -0.982698 0.000000
vn -0.185216 -0.982698 0.000000
vn -0.239148 -0.970983 0.000000
vn -0.413089 -0.910691 0.000000
vn -0.402852 -0.915265 0.000000
vn -0.604374 -0.796701 0.000000
vn -0.603922 -0.797044 0.000000
vn -0.666825 -0.745215 0.000000
vn -0.666825 -0.745215 0.000000
vn -0.182732 -0.983163 0.000000
vn -0.182732 -0.983163 0.000000
vn -0.182732 -0.983163 0.000000
vn -0.182732 -0.983163 0.000000
vn 0.983163 -0.182732 -0.000000
vn 0.983163 -0.182732 -0.000000
vn 0.983163 -0.182732 -0.000000
vn 0.983163 -0.182732 -0.000000
vn 0.182732 0.983163 -0.000000
vn 0.182732 0.983163 -0.000000
vn 0.182732 0.983163 -0.000000
vn 0.182732 0.983163 -0.000000
vn -0.239262 0.970955 -0.000000
vn -0.239262 0.970955 -0.000000
vn -0.169453 0.985538 -0.000000
vn 0.008198 0.999966 -0.000000
vn 0.022172 0.999754 -0.000000
vn 0.154637 0.987971 -0.000000
vn 0.197050 0.980393 -0.000000
vn 0.197050 0.980393 -0.000000
vn -0.922062 0.387042 -0.000000
vn -0.922062 0.387042 -0.000000
vn -0.902390 0.430920 -0.000000
vn -0.823004 0.568035 -0.000000
vn -0.828362 0.560193 -0.000000
vn -0.700075 0.714069 -0.000000
vn -0.648425 0.761279 -0.000000
vn -0.648425 0.761279 -0.000000
vn 0.182732 0.983163 -0.000000
vn 0.182732 0.983163 -0.000000
vn 0.182732 0.983163 -0.000000
vn 0.182732 0.983163 -0.000000
vn 0.983163 -0.182732 -0.000000
vn 0.983163 -0.182732 -0.000000
vn 0.983163 -0.182732 -0.000000
vn 0.983163 -0.182732 -0.000000
vn -0.182732 -0.983163 0.000000
vn -0.182732 -0.983163 0.000000
vn -0.182732 -0.983163 0.000000
vn -0.182732 -0.983163 0.000000
vn -0.983163 0.182732 -0.000000
vn -0.983163 0.182732 -0.000000
vn -0.983163 0.182732 -0.000000
vn -0.983163 0.182732 -0.000000
vn -0.527818 0.849357 -0.000000
vn -0.527818 0.849357 -0.000000
vn -0.441823 0.897102 -0.000000
vn -0.382055 0.924140 -0.000000
vn -0.321901 0.946773 -0.000000
vn -0.222832 0.974857 -0.000000
vn -0.152871 0.988246 -0.000000
vn -0.079898 0.996803 -0.000000
vn 0.084515 0.996422 -0.000000
vn 0.157410 0.987533 -0.000000
vn 0.157410 0.987533 -0.000000
vn -0.983788 0.179337 -0.000000
vn -0.983788 0.179337 -0.000000
vn -0.975418 0.220363 -0.000000
vn -0.935558 0.353174 -0.000000
vn -0.939011 0.343888 -0.000000
vn -0.863482 0.504380 -0.000000
vn -0.829742 0.558147 -0.000000
vn -0.829742 0.558147 -0.000000
vn -0.983163 0.182732 -0.000000
vn -0.983163 0.182732 -0.000000
vn -0.983163 0.182732 -0.000000
vn -0.983163 0.182732 -0.000000
vn -0.976854 -0.213907 0.000000
vn -0.976854 -0.213907 0.000000
vn -0.988088 -0.153891 0.000000
vn -0.999964 0.008505 -0.000000
vn -0.999847 0.017469 -0.000000
vn -0.989692 0.143211 -0.000000
vn -0.982977 0.183731 -0.000000
vn -0.982977 0.183731 -0.000000
vn -0.203820 -0.979008 0.000000
vn -0.203820 -0.979008 0.000000
vn -0.275649 -0.961258 0.000000
vn -0.276857 -0.960911 0.000000
vn -0.496792 -0.867870 0.000000
vn -0.501560 -0.865123 0.000000
vn -0.642648 -0.766162 0.000000
vn -0.644794 -0.764356 0.000000
vn -0.737089 -0.675796 0.000000
vn -0.739250 -0.673431 0.000000
vn -0.803554 -0.595232 0.000000
vn -0.803554 -0.595232 0.000000
vn -0.983163 0.182732 -0.000000
vn -0.983163 0.182732 -0.000000
vn -0.983163 0.182732 -0.000000
vn -0.983163 0.182732 -0.000000
vn 0.182732 0.983163 -0.000000
vn 0.182732 0.983163 -0.000000
vn 0.182732 0.983163 -0.000000
vn 0.182732 0.983163 -0.000000
vn -0.579450 0.815008 -0.000000
vn -0.579450 0.815008 -0.000000
vn -0.509582 0.860422 -0.000000
vn -0.507344 0.861744 -0.000000
vn -0.285895 0.958261 -0.000000
vn -0.278764 0.960360 -0.000000
vn -0.085129 0.996370 -0.000000
vn -0.083380 0.996518 -0.000000
vn -0.020614 0.999788 -0.000000
vn -0.020614 0.999788 -0.000000
vn -0.999819 0.019009 -0.000000
vn -0.999819 0.019009 -0.000000
vn -0.997058 0.076649 -0.000000
vn -0.964917 0.262554 -0.000000
vn -0.966918 0.255087 -0.000000
vn -0.882045 0.471166 -0.000000
vn -0.883031 0.469314 -0.000000
vn -0.842629 0.538495 -0.000000
vn -0.842629 0.538495 -0.000000
vn -0.999998 0.002070 -0.000000
vn -0.999998 0.002070 -0.000000
vn -0.999998 0.002070 -0.000000
vn -0.999998 0.002070 -0.000000
vn 0.773938 -0.633262 -0.000000
vn 0.773938 -0.633262 -0.000000
vn 0.773938 -0.633262 -0.000000
vn 0.773938 -0.633262 -0.000000
vn -0.002070 -0.999998 0.000000
vn -0.002070 -0.999998 0.000000
vn -0.002070 -0.999998 0.000000
vn -0.002070 -0.999998 0.000000
vn -0.999998 0.002070 -0.000000
vn -0.999998 0.002070 -0.000000
vn -0.999998 0.002070 -0.000000
vn -0.999998 0.002070 -0.000000
vn -0.888735 -0.458421 0.000000
vn -0.888735 -0.458421 0.000000
vn -0.919376 -0.393379 0.000000
vn -0.919485 -0.393125 0.000000
vn -0.978225 -0.207546 0.000000
vn -0.999999 0.001324 -0.000000
vn -0.998875 -0.047426 0.000000
vn -0.980293 -0.197551 0.000000
vn -0.999999 0.001324 -0.000000
vn -0.022532 -0.999746 0.000000
vn -0.022532 -0.999746 0.000000
vn -0.089376 -0.995998 0.000000
vn -0.091457 -0.995809 0.000000
vn -0.298881 -0.954291 0.000000
vn -0.307409 -0.951577 0.000000
vn -0.444225 -0.895915 0.000000
vn -0.448479 -0.893793 0.000000
vn -0.544900 -0.838501 0.000000
vn -0.547053 -0.837098 0.000000
vn -0.620614 -0.784116 0.000000
vn -0.620614 -0.784116 0.000000
vn -0.999998 0.002070 -0.000000
vn -0.999998 0.002070 -0.000000
vn -0.999998 0.002070 -0.000000
vn -0.999998 0.002070 -0.000000
vn 0.002070 0.999998 -0.000000
vn 0.002070 0.999998 -0.000000
vn 0.002070 0.999998 -0.000000
vn 0.002070 0.999998 -0.000000
vn 0.999998 -0.002070 -0.000000
vn 0.999998 -0.002070 -0.000000
vn 0.999998 -0.002070 -0.000000
vn 0.999998 -0.002070 -0.000000
vn 0.666567 -0.745445 -0.000000
vn 0.666567 -0.745445 -0.000000
vn 0.591210 -0.806518 -0.000000
vn 0.588686 -0.808361 -0.000000
vn 0.483497 -0.875346 -0.000000
vn 0.487160 -0.873313 -0.000000
vn 0.334934 -0.942241 -0.000000
vn 0.326661 -0.945142 -0.000000
vn 0.099069 -0.995081 -0.000000
vn 0.097059 -0.995279 -0.000000
vn 0.024398 -0.999702 -0.000000
vn 0.024398 -0.999702 -0.000000
vn 0.999997 -0.002242 -0.000000
vn 0.999997 -0.002242 -0.000000
vn 0.998936 -0.046120 -0.000000
vn 0.981864 -0.189584 -0.000000
vn 0.983575 -0.180498 -0.000000
vn 0.934087 -0.357044 -0.000000
vn 0.909024 -0.416744 -0.000000
vn 0.909024 -0.416744 -0.000000
vn 0.999998 -0.002070 -0.000000
vn 0.999998 -0.002070 -0.000000
vn 0.999998 -0.002070 -0.000000
vn 0.999998 -0.002070 -0.000000
vn -0.776835 0.629704 -0.000000
vn -0.776835 0.629704 -0.000000
vn -0.776835 0.629704 -0.000000
vn -0.776835 0.629704 -0.000000
vn 0.002070 0.999998 -0.000000
vn 0.002070 0.999998 -0.000000
vn 0.002070 0.999998 -0.000000
vn 0.002070 0.999998 -0.000000
vn 0.999998 -0.002070 -0.000000
vn 0.999998 -0.002070 -0.000000
vn 0.999998 -0.002070 -0.000000
vn 0.999998 -0.002070 -0.000000
vn 0.648952 -0.760830 -0.000000
vn 0.648952 -0.760830 -0.000000
vn 0.587100 -0.809515 -0.000000
vn 0.584704 -0.811247 -0.000000
vn 0.381900 -0.924204 -0.000000
vn 0.377132 -0.926159 -0.000000
vn 0.189486 -0.981883 -0.000000
vn 0.188287 -0.982114 -0.000000
vn 0.126561 -0.991959 -0.000000
vn 0.126561 -0.991959 -0.000000
vn 0.999893 -0.014641 -0.000000
vn 0.999893 -0.014641 -0.000000
vn 0.997756 -0.066954 -0.000000
vn 0.971870 -0.235520 -0.000000
vn 0.973646 -0.228064 -0.000000
vn 0.904117 -0.427285 -0.000000
vn 0.904821 -0.425791 -0.000000
vn 0.871113 -0.491082 -0.000000
vn 0.871113 -0.491082 -0.000000
vn 0.999998 -0.002070 -0.000000
vn 0.999998 -0.002070 -0.000000
vn 0.999998 -0.002070 -0.000000
vn 0.999998 -0.002070 -0.000000
vn 0.919788 0.392416 -0.000000
vn 0.919788 0.392416 -0.000000
vn 0.942204 0.335038 -0.000000
vn 0.984471 0.175548 -0.000000
vn 0.985988 0.166816 -0.000000
vn 0.999224 0.039384 -0.000000
vn 0.999997 -0.002296 -0.000000
vn 0.999997 -0.002296 -0.000000
vn 0.027093 0.999633 -0.000000
vn 0.027093 0.999633 -0.000000
vn 0.101381 0.994848 -0.000000
vn 0.102613 0.994721 -0.000000
vn 0.336901 0.941540 -0.000000
vn 0.342001 0.939699 -0.000000
vn 0.498116 0.867111 -0.000000
vn 0.500294 0.865856 -0.000000
vn 0.605823 0.795599 -0.000000
vn 0.608454 0.793589 -0.000000
vn 0.684862 0.728673 -0.000000
vn 0.684862 0.728673 -0.000000
vn 0.999998 -0.002070 -0.000000
vn 0.999998 -0.002070 -0.000000
vn 0.999998 -0.002070 -0.000000
vn 0.999998 -0.002070 -0.000000
vn -0.002070 -0.999998 0.000000
vn -0.002070 -0.999998 0.000000
vn -0.002070 -0.999998 0.000000
vn -0.002070 -0.999998 0.000000
vn -0.999998 0.002070 -0.000000
vn -0.999998 0.002070 -0.000000
vn -0.999998 0.002070 -0.000000
vn -0.999998 0.002070 -0.000000
vn -0.819534 0.573030 -0.000000
vn -0.819534 0.573030 -0.000000
vn -0.819534 0.573030 -0.000000
vn -0.819534 0.573030 -0.000000
vn -0.133315 0.991074 -0.000000
vn -0.133315 0.991074 -0.000000
vn -0.037255 0.999306 -0.000000
vn -0.033803 0.999429 -0.000000
vn 0.089864 0.995954 -0.000000
vn 0.086790 0.996227 -0.000000
vn 0.252859 0.967503 -0.000000
vn 0.260195 0.965556 -0.000000
vn 0.481016 0.876712 -0.000000
vn 0.482546 0.875871 -0.000000
vn 0.546138 0.837695 -0.000000
vn 0.546138 0.837695 -0.000000
vn -0.820217 0.572053 -0.000000
vn -0.820217 0.572053 -0.000000
vn -0.794648 0.607071 -0.000000
vn -0.699881 0.714259 -0.000000
vn -0.706664 0.707549 -0.000000
vn -0.566613 0.823984 -0.000000
vn -0.512222 0.858853 -0.000000
vn -0.512222 0.858853 -0.000000
vn -0.819534 0.573030 -0.000000
vn -0.819534 0.573030 -0.000000
vn -0.819534 0.573030 -0.000000
vn -0.819534 0.573030 -0.000000
vn -0.982038 0.188684 -0.000000
vn -0.982038 0.188684 -0.000000
vn -0.967961 0.251101 -0.000000
vn -0.910873 0.412687 -0.000000
vn -0.906993 0.421146 -0.000000
vn -0.843169 0.537648 -0.000000
vn -0.819195 0.573516 -0.000000
vn -0.819195 0.573516 -0.000000
vn -0.600332 -0.799751 0.000000
vn -0.600332 -0.799751 0.000000
vn -0.658447 -0.752627 0.000000
vn -0.659731 -0.751502 0.000000
vn -0.820042 -0.572303 0.000000
vn -0.824272 -0.566193 0.000000
vn -0.907007 -0.421116 0.000000
vn -0.908231 -0.418469 0.000000
vn -0.952251 -0.305316 0.000000
vn -0.953322 -0.301956 0.000000
vn -0.978060 -0.208322 0.000000
vn -0.978060 -0.208322 0.000000
vn -0.819534 0.573030 -0.000000
vn -0.819534 0.573030 -0.000000
vn -0.819534 0.573030 -0.000000
vn -0.819534 0.573030 -0.000000
vn 0.573030 0.819534 -0.000000
vn 0.573030 0.819534 -0.000000
vn 0.573030 0.819534 -0.000000
vn 0.573030 0.819534 -0.000000
vn 0.819534 -0.573030 -0.000000
vn 0.819534 -0.573030 -0.000000
vn 0.819534 -0.573030 -0.000000
vn 0.819534 -0.573030 -0.000000
vn 0.123697 -0.992320 -0.000000
vn 0.123697 -0.992320 -0.000000
vn 0.024875 -0.999691 -0.000000
vn -0.036899 -0.999319 0.000000
vn -0.105764 -0.994391 0.000000
vn -0.201978 -0.979390 0.000000
vn -0.276227 -0.961093 0.000000
vn -0.341903 -0.939735 0.000000
vn -0.493068 -0.869991 0.000000
vn -0.555004 -0.831847 0.000000
vn -0.555004 -0.831847 0.000000
vn 0.822274 -0.569092 -0.000000
vn 0.822274 -0.569092 -0.000000
vn 0.798117 -0.602503 -0.000000
vn 0.708344 -0.705867 -0.000000
vn 0.715501 -0.698612 -0.000000
vn 0.582232 -0.813023 -0.000000
vn 0.529722 -0.848171 -0.000000
vn 0.529722 -0.848171 -0.000000
vn 0.819534 -0.573030 -0.000000
vn 0.819534 -0.573030 -0.000000
vn 0.819534 -0.573030 -0.000000
vn 0.819534 -0.573030 -0.000000
vn 0.980050 -0.198751 -0.000000
vn 0.980050 -0.198751 -0.000000
vn 0.965465 -0.260532 -0.000000
vn 0.908222 -0.418489 -0.000000
vn 0.904090 -0.427342 -0.000000
vn 0.841350 -0.540491 -0.000000
vn 0.817878 -0.575392 -0.000000
vn 0.817878 -0.575392 -0.000000
vn 0.593897 0.804541 -0.000000
vn 0.593897 0.804541 -0.000000
vn 0.651337 0.758788 -0.000000
vn 0.652590 0.757711 -0.000000
vn 0.811921 0.583767 -0.000000
vn 0.816108 0.577900 -0.000000
vn 0.900840 0.434151 -0.000000
vn 0.902323 0.431061 -0.000000
vn 0.948463 0.316887 -0.000000
vn 0.949486 0.313809 -0.000000
vn 0.975722 0.219013 -0.000000
vn 0.975722 0.219013 -0.000000
vn 0.819534 -0.573030 -0.000000
vn 0.819534 -0.573030 -0.000000
vn 0.819534 -0.573030 -0.000000
vn 0.819534 -0.573030 -0.000000
vn -0.573030 -0.819534 0.000000
vn -0.573030 -0.819534 0.000000
vn -0.573030 -0.819534 0.000000
vn -0.573030 -0.819534 0.000000
vn 0.171749 0.985141 -0.000000
vn 0.171749 0.985141 -0.000000
vn 0.269579 0.962978 -0.000000
vn 0.326857 0.945074 -0.000000
vn 0.394468 0.918910 -0.000000
vn 0.479345 0.877626 -0.000000
vn 0.548427 0.836199 -0.000000
vn 0.602817 0.797879 -0.000000
vn 0.728617 0.684921 -0.000000
vn 0.776451 0.630178 -0.000000
vn 0.776451 0.630178 -0.000000
vn -0.617363 0.786679 -0.000000
vn -0.617363 0.786679 -0.000000
vn -0.584346 0.811505 -0.000000
vn -0.468391 0.883521 -0.000000
vn -0.476823 0.878999 -0.000000
vn -0.316944 0.948444 -0.000000
vn -0.257276 0.966338 -0.000000
vn -0.257276 0.966338 -0.000000
vn -0.615166 0.788397 -0.000000
vn -0.615166 0.788397 -0.000000
vn -0.615166 0.788397 -0.000000
vn -0.615166 0.788397 -0.000000
vn -0.874617 0.484815 -0.000000
vn -0.874617 0.484815 -0.000000
vn -0.843239 0.537538 -0.000000
vn -0.744136 0.668028 -0.000000
vn -0.738126 0.674663 -0.000000
vn -0.646641 0.762795 -0.000000
vn -0.614555 0.788874 -0.000000
vn -0.614555 0.788874 -0.000000
vn -0.803757 -0.594958 0.000000
vn -0.803757 -0.594958 0.000000
vn -0.845914 -0.533319 0.000000
vn -0.846538 -0.532329 0.000000
vn -0.949373 -0.314152 0.000000
vn -0.950971 -0.309282 0.000000
vn -0.990051 -0.140710 0.000000
vn -0.990376 -0.138406 0.000000
vn -0.999934 -0.011497 0.000000
vn -0.999967 -0.008175 0.000000
vn -0.995740 0.092201 -0.000000
vn -0.995740 0.092201 -0.000000
vn -0.615166 0.788397 -0.000000
vn -0.615166 0.788397 -0.000000
vn -0.615166 0.788397 -0.000000
vn -0.615166 0.788397 -0.000000
vn 0.788397 0.615166 -0.000000
vn 0.788397 0.615166 -0.000000
vn 0.788397 0.615166 -0.000000
vn 0.788397 0.615166 -0.000000
vn 0.615166 -0.788397 -0.000000
vn 0.615166 -0.788397 -0.000000
vn 0.615166 -0.788397 -0.000000
vn 0.615166 -0.788397 -0.000000
vn -0.161179 -0.986925 0.000000
vn -0.161179 -0.986925 0.000000
vn -0.255021 -0.966935 0.000000
vn -0.258444 -0.966026 0.000000
vn -0.375100 -0.926984 0.000000
vn -0.372594 -0.927995 0.000000
vn -0.523125 -0.852256 0.000000
vn -0.529201 -0.848496 0.000000
vn -0.715555 -0.698557 0.000000
vn -0.716702 -0.697379 0.000000
vn -0.766630 -0.642089 0.000000
vn -0.766630 -0.642089 0.000000
vn 0.614929 -0.788582 -0.000000
vn 0.614929 -0.788582 -0.000000
vn 0.579682 -0.814842 -0.000000
vn 0.456057 -0.889951 -0.000000
vn 0.464243 -0.885708 -0.000000
vn 0.294564 -0.955632 -0.000000
vn 0.232073 -0.972698 -0.000000
vn 0.232073 -0.972698 -0.000000
vn 0.615166 -0.788397 -0.000000
vn 0.615166 -0.788397 -0.000000
vn 0.615166 -0.788397 -0.000000
vn 0.615166 -0.788397 -0.000000
vn 0.788397 0.615166 -0.000000
vn 0.788397 0.615166 -0.000000
vn 0.788397 0.615166 -0.000000
vn 0.788397 0.615166 -0.000000
vn 0.307356 0.951595 -0.000000
vn 0.307356 0.951595 -0.000000
vn 0.364752 0.931105 -0.000000
vn 0.534128 0.845403 -0.000000
vn 0.534053 0.845451 -0.000000
vn 0.687968 0.725741 -0.000000
vn 0.732085 0.681213 -0.000000
vn 0.732085 0.681213 -0.000000
vn -0.115397 0.993319 -0.000000
vn -0.115397 0.993319 -0.000000
vn -0.093240 0.995644 -0.000000
vn -0.019492 0.999810 -0.000000
vn -0.026044 0.999661 -0.000000
vn 0.069347 0.997593 -0.000000
vn 0.104904 0.994482 -0.000000
vn 0.104904 0.994482 -0.000000
vn -0.111299 0.993787 -0.000000
vn -0.066023 0.997818 -0.000000
vn -0.008235 0.999966 -0.000000
vn -0.023161 0.999732 -0.000000
vn -0.008235 0.999966 -0.000000
vn -0.111299 0.993787 -0.000000
vn -0.100012 0.994986 -0.000000
vn 0.788397 0.615166 -0.000000
vn 0.788397 0.615166 -0.000000
vn 0.788397 0.615166 -0.000000
vn 0.788397 0.615166 -0.000000
vn 0.615166 -0.788397 -0.000000
vn 0.615166 -0.788397 -0.000000
vn 0.615166 -0.788397 -0.000000
vn 0.615166 -0.788397 -0.000000
vn -0.210086 -0.977683 0.000000
vn -0.210086 -0.977683 0.000000
vn -0.266268 -0.963899 0.000000
vn -0.436414 -0.899746 0.000000
vn -0.434885 -0.900486 0.000000
vn -0.605925 -0.795522 0.000000
vn -0.607870 -0.794037 0.000000
vn -0.658906 -0.752225 0.000000
vn -0.658906 -0.752225 0.000000
vn -0.056544 -0.998400 0.000000
vn 0.051112 -0.998693 -0.000000
vn 0.125420 -0.992104 -0.000000
vn 0.106962 -0.994263 -0.000000
vn 0.125420 -0.992104 -0.000000
vn -0.056544 -0.998400 0.000000
vn -0.027410 -0.999624 0.000000
vn 0.125444 -0.992101 -0.000000
vn 0.076560 -0.997065 -0.000000
vn 0.010364 -0.999946 -0.000000
vn 0.027805 -0.999613 -0.000000
vn 0.010364 -0.999946 -0.000000
vn 0.125444 -0.992101 -0.000000
vn 0.113265 -0.993565 -0.000000
vn -0.066400 -0.997793 0.000000
vn -0.170421 -0.985371 0.000000
vn -0.283563 -0.958954 0.000000
vn -0.255568 -0.966791 0.000000
vn -0.283563 -0.958954 0.000000
vn -0.066400 -0.997793 0.000000
vn -0.092377 -0.995724 0.000000
vn 0.745941 -0.666012 -0.000000
vn 0.812519 -0.582934 -0.000000
vn 0.745941 -0.666012 -0.000000
vn 0.820259 -0.571992 -0.000000
vn 0.889318 -0.457290 -0.000000
vn 0.904065 -0.427395 -0.000000
vn 0.968803 -0.247832 -0.000000
vn 0.981778 -0.190033 -0.000000
vn 0.999980 -0.006341 -0.000000
vn 0.999438 0.033535 -0.000000
vn 0.986539 0.163523 -0.000000
vn 0.983807 0.179231 -0.000000
vn 0.959445 0.281895 -0.000000
vn 0.959445 0.281895 -0.000000
vn -0.128995 -0.991645 0.000000
vn -0.128995 -0.991645 0.000000
vn -0.048654 -0.998816 0.000000
vn -0.048646 -0.998816 0.000000
vn 0.209470 -0.977815 -0.000000
vn 0.209502 -0.977808 -0.000000
vn 0.358592 -0.933494 -0.000000
vn 0.358883 -0.933383 -0.000000
vn 0.456457 -0.889746 -0.000000
vn 0.456953 -0.889491 -0.000000
vn 0.528188 -0.849127 -0.000000
vn 0.528188 -0.849127 -0.000000
vn -0.759929 -0.650006 0.000000
vn -0.759929 -0.650006 0.000000
vn -0.720967 -0.692969 0.000000
vn -0.582679 -0.812702 0.000000
vn -0.584419 -0.811452 0.000000
vn -0.407418 -0.913242 0.000000
vn -0.405050 -0.914295 0.000000
vn -0.342641 -0.939467 0.000000
vn -0.342641 -0.939467 0.000000
vn -0.788397 -0.615166 0.000000
vn -0.788397 -0.615166 0.000000
vn -0.788397 -0.615166 0.000000
vn -0.788397 -0.615166 0.000000
vn -0.615166 0.788397 -0.000000
vn -0.615166 0.788397 -0.000000
vn -0.615166 0.788397 -0.000000
vn -0.615166 0.788397 -0.000000
vn -0.131460 0.991321 -0.000000
vn -0.131460 0.991321 -0.000000
vn -0.003815 0.999993 -0.000000
vn 0.053591 0.998563 -0.000000
vn 0.171019 0.985268 -0.000000
vn 0.267991 0.963421 -0.000000
vn 0.392902 0.919580 -0.000000
vn 0.456120 0.889918 -0.000000
vn 0.551720 0.834029 -0.000000
vn 0.658421 0.752650 -0.000000
vn 0.647028 0.762466 -0.000000
vn 0.711338 0.702851 -0.000000
vn 0.711338 0.702851 -0.000000
vn -0.560224 0.828341 -0.000000
vn -0.649458 0.760398 -0.000000
vn -0.701057 0.713105 -0.000000
vn -0.688517 0.725220 -0.000000
vn -0.701057 0.713105 -0.000000
vn -0.560224 0.828341 -0.000000
vn -0.586802 0.809731 -0.000000
vn -0.685011 0.728533 -0.000000
vn -0.601715 0.798711 -0.000000
vn -0.487493 0.873127 -0.000000
vn -0.517627 0.855606 -0.000000
vn -0.487493 0.873127 -0.000000
vn -0.685011 0.728533 -0.000000
vn -0.665049 0.746800 -0.000000
vn 0.267813 0.963471 -0.000000
vn 0.267813 0.963471 -0.000000
vn 0.197562 0.980290 -0.000000
vn 0.197562 0.980290 -0.000000
vn -0.029923 0.999552 -0.000000
vn -0.029924 0.999552 -0.000000
vn -0.256419 0.966566 -0.000000
vn -0.256522 0.966538 -0.000000
vn -0.325837 0.945426 -0.000000
vn -0.325837 0.945426 -0.000000
vn 0.869603 0.493752 -0.000000
vn 0.869603 0.493752 -0.000000
vn 0.831660 0.555285 -0.000000
vn 0.831619 0.555346 -0.000000
vn 0.683960 0.729519 -0.000000
vn 0.683961 0.729519 -0.000000
vn 0.500991 0.865452 -0.000000
vn 0.500991 0.865453 -0.000000
vn 0.437296 0.899317 -0.000000
vn 0.437296 0.899317 -0.000000
vn 0.988584 -0.150673 -0.000000
vn 0.988584 -0.150673 -0.000000
vn 0.995947 -0.089937 -0.000000
vn 0.994965 0.100222 -0.000000
vn 0.994964 0.100238 -0.000000
vn 0.958621 0.284685 -0.000000
vn 0.939663 0.342102 -0.000000
vn 0.939663 0.342102 -0.000000
vn 0.821385 -0.570374 -0.000000
vn 0.821385 -0.570374 -0.000000
vn 0.836460 -0.548028 -0.000000
vn 0.880831 -0.473430 -0.000000
vn 0.878380 -0.477963 -0.000000
vn 0.925178 -0.379533 -0.000000
vn 0.939212 -0.343339 -0.000000
vn 0.939212 -0.343339 -0.000000
vn 0.931299 -0.364256 -0.000000
vn 0.931299 -0.364256 -0.000000
vn 0.917025 -0.398830 -0.000000
vn 0.874677 -0.484706 -0.000000
vn 0.871659 -0.490112 -0.000000
vn 0.833351 -0.552744 -0.000000
vn 0.819690 -0.572807 -0.000000
vn 0.819690 -0.572807 -0.000000
vn 0.943447 0.331523 -0.000000
vn 0.943447 0.331523 -0.000000
vn 0.962325 0.271903 -0.000000
vn 0.996751 0.080542 -0.000000
vn 0.996758 0.080458 -0.000000
vn 0.994047 -0.108951 -0.000000
vn 0.985579 -0.169213 -0.000000
vn 0.985579 -0.169213 -0.000000
vn 0.370681 0.928760 -0.000000
vn 0.370681 0.928760 -0.000000
vn 0.445524 0.895270 -0.000000
vn 0.446698 0.894685 -0.000000
vn 0.539044 0.842278 -0.000000
vn 0.539597 0.841924 -0.000000
vn 0.663138 0.748497 -0.000000
vn 0.662984 0.748634 -0.000000
vn 0.829748 0.558139 -0.000000
vn 0.829775 0.558099 -0.000000
vn 0.871199 0.490930 -0.000000
vn 0.871199 0.490930 -0.000000
vn -0.366616 0.930372 -0.000000
vn -0.366616 0.930372 -0.000000
vn -0.310801 0.950475 -0.000000
vn -0.128479 0.991712 -0.000000
vn -0.130252 0.991481 -0.000000
vn 0.076249 0.997089 -0.000000
vn 0.078771 0.996893 -0.000000
vn 0.146136 0.989264 -0.000000
vn 0.146136 0.989264 -0.000000
vn -0.869872 0.493277 -0.000000
vn -0.869872 0.493277 -0.000000
vn -0.833099 0.553124 -0.000000
vn -0.832104 0.554620 -0.000000
vn -0.692174 0.721731 -0.000000
vn -0.692569 0.721352 -0.000000
vn -0.529758 0.848149 -0.000000
vn -0.529648 0.848218 -0.000000
vn -0.472906 0.881113 -0.000000
vn -0.472906 0.881113 -0.000000
vn -0.965898 -0.258925 0.000000
vn -0.965898 -0.258925 0.000000
vn -0.980365 -0.197193 0.000000
vn -0.980425 -0.196893 0.000000
vn -1.000000 0.000678 -0.000000
vn -0.999998 0.001959 -0.000000
vn -0.976222 0.216775 -0.000000
vn -0.975696 0.219127 -0.000000
vn -0.957786 0.287483 -0.000000
vn -0.957786 0.287483 -0.000000
vn -0.411741 0.911301 -0.000000
vn -0.411741 0.911301 -0.000000
vn -0.411741 0.911301 -0.000000
vn -0.411741 0.911301 -0.000000
vn 0.911301 0.411741 -0.000000
vn 0.911301 0.411741 -0.000000
vn 0.911301 0.411741 -0.000000
vn 0.911301 0.411741 -0.000000
vn 0.411741 -0.911301 -0.000000
vn 0.411741 -0.911301 -0.000000
vn 0.411741 -0.911301 -0.000000
vn 0.411741 -0.911301 -0.000000
vn -0.769230 -0.638972 0.000000
vn -0.699263 -0.714864 0.000000
vn -0.581167 -0.813784 0.000000
vn -0.615097 -0.788451 0.000000
vn -0.581167 -0.813784 0.000000
vn -0.769230 -0.638972 0.000000
vn -0.752606 -0.658472 0.000000
vn 0.340867 -0.940112 -0.000000
vn 0.343340 -0.939211 -0.000000
vn 0.402758 -0.915306 -0.000000
vn 0.343340 -0.939211 -0.000000
vn 0.402758 -0.915306 -0.000000
vn 0.343340 -0.939211 -0.000000
vn 0.343340 -0.939211 -0.000000
vn 0.145847 -0.989307 -0.000000
vn 0.145847 -0.989307 -0.000000
vn -0.006111 -0.999981 0.000000
vn -0.006111 -0.999981 0.000000
vn -0.124759 -0.992187 0.000000
vn -0.124759 -0.992187 0.000000
vn -0.214621 -0.976697 0.000000
vn -0.124759 -0.992187 0.000000
vn -0.214621 -0.976697 0.000000
vn -0.124759 -0.992187 0.000000
vn -0.123214 -0.992380 0.000000
vn -0.006111 -0.999981 0.000000
vn 0.134734 -0.990882 -0.000000
vn 0.145847 -0.989307 -0.000000
vn -0.006111 -0.999981 0.000000
vn 0.145847 -0.989307 -0.000000
vn 0.520030 -0.854148 -0.000000
vn 0.616713 -0.787188 -0.000000
vn 0.677900 -0.735154 -0.000000
vn 0.663065 -0.748562 -0.000000
vn 0.677900 -0.735154 -0.000000
vn 0.520030 -0.854148 -0.000000
vn 0.547160 -0.837028 -0.000000
vn 0.662153 -0.749368 -0.000000
vn 0.571960 -0.820282 -0.000000
vn 0.462844 -0.886440 -0.000000
vn 0.490889 -0.871222 -0.000000
vn 0.462844 -0.886440 -0.000000
vn 0.662153 -0.749368 -0.000000
vn 0.640521 -0.767941 -0.000000
vn -0.217623 -0.976033 0.000000
vn -0.217623 -0.976033 0.000000
vn -0.145864 -0.989305 0.000000
vn -0.143651 -0.989628 0.000000
vn 0.082478 -0.996593 -0.000000
vn 0.081546 -0.996670 -0.000000
vn 0.288656 -0.957433 -0.000000
vn 0.288869 -0.957369 -0.000000
vn 0.352058 -0.935978 -0.000000
vn 0.352058 -0.935978 -0.000000
vn -0.877266 -0.480004 0.000000
vn -0.877266 -0.480004 0.000000
vn -0.840356 -0.542034 0.000000
vn -0.840294 -0.542130 0.000000
vn -0.695016 -0.718995 0.000000
vn -0.694667 -0.719332 0.000000
vn -0.502835 -0.864382 0.000000
vn -0.501268 -0.865292 0.000000
vn -0.433412 -0.901196 0.000000
vn -0.433412 -0.901196 0.000000
vn -0.992946 -0.118568 0.000000
vn -0.992946 -0.118568 0.000000
vn -0.988267 -0.152733 0.000000
vn -0.967043 -0.254615 0.000000
vn -0.966989 -0.254819 0.000000
vn -0.937215 -0.348753 0.000000
vn -0.925384 -0.379032 0.000000
vn -0.925384 -0.379032 0.000000
vn -0.959289 0.282428 -0.000000
vn -0.959289 0.282428 -0.000000
vn -0.968849 0.247654 -0.000000
vn -0.990139 0.140089 -0.000000
vn -0.990125 0.140185 -0.000000
vn -0.999637 0.026940 -0.000000
vn -0.999945 -0.010509 0.000000
vn -0.999945 -0.010509 0.000000
vn -0.911690 0.410879 -0.000000
vn -0.865564 0.500798 -0.000000
vn -0.827718 0.561145 -0.000000
vn -0.837549 0.546363 -0.000000
vn -0.827718 0.561145 -0.000000
vn -0.911690 0.410879 -0.000000
vn -0.900198 0.435480 -0.000000
vn -0.929357 0.369183 -0.000000
vn -0.929357 0.369183 -0.000000
vn -0.915870 0.401475 -0.000000
vn -0.875979 0.482348 -0.000000
vn -0.873265 0.487246 -0.000000
vn -0.837345 0.546675 -0.000000
vn -0.824563 0.565770 -0.000000
vn -0.824563 0.565770 -0.000000
vn -0.950211 -0.311606 0.000000
vn -0.950211 -0.311606 0.000000
vn -0.968687 -0.248284 0.000000
vn -0.969204 -0.246257 0.000000
vn -0.998935 -0.046146 0.000000
vn -0.998891 -0.047092 0.000000
vn -0.990052 0.140703 -0.000000
vn -0.979835 0.199810 -0.000000
vn -0.979835 0.199810 -0.000000
vn -0.405696 -0.914008 0.000000
vn -0.405696 -0.914008 0.000000
vn -0.477360 -0.878708 0.000000
vn -0.479022 -0.877803 0.000000
vn -0.683299 -0.730139 0.000000
vn -0.682928 -0.730486 0.000000
vn -0.837219 -0.546868 0.000000
vn -0.837284 -0.546768 0.000000
vn -0.875949 -0.482404 0.000000
vn -0.875949 -0.482404 0.000000
vn 0.362827 -0.931857 -0.000000
vn 0.362827 -0.931857 -0.000000
vn 0.303975 -0.952680 -0.000000
vn 0.110982 -0.993822 -0.000000
vn 0.112653 -0.993634 -0.000000
vn -0.104345 -0.994541 0.000000
vn -0.106919 -0.994268 0.000000
vn -0.177015 -0.984208 0.000000
vn -0.177015 -0.984208 0.000000
vn 0.887984 -0.459875 -0.000000
vn 0.887984 -0.459875 -0.000000
vn 0.854214 -0.519922 -0.000000
vn 0.854211 -0.519927 -0.000000
vn 0.722121 -0.691767 -0.000000
vn 0.722102 -0.691786 -0.000000
vn 0.553918 -0.832572 -0.000000
vn 0.553531 -0.832828 -0.000000
vn 0.494008 -0.869457 -0.000000
vn 0.494008 -0.869457 -0.000000
vn 0.941237 0.337748 -0.000000
vn 0.941237 0.337748 -0.000000
vn 0.962974 0.269596 -0.000000
vn 0.963020 0.269431 -0.000000
vn 0.998962 0.045556 -0.000000
vn 0.998995 0.044830 -0.000000
vn 0.980719 -0.195422 -0.000000
vn 0.980302 -0.197506 -0.000000
vn 0.962144 -0.272542 -0.000000
vn 0.962144 -0.272542 -0.000000
vn 0.411741 -0.911301 -0.000000
vn 0.411741 -0.911301 -0.000000
vn 0.411741 -0.911301 -0.000000
vn 0.411741 -0.911301 -0.000000
vn -0.911301 -0.411741 0.000000
vn -0.911301 -0.411741 0.000000
vn -0.911301 -0.411741 0.000000
vn -0.911301 -0.411741 0.000000
vn -0.411741 0.911301 -0.000000
vn -0.411741 0.911301 -0.000000
vn -0.411741 0.911301 -0.000000
vn -0.411741 0.911301 -0.000000
vn 0.720851 -0.693090 -0.000000
vn 0.720851 -0.693090 -0.000000
vn 0.720851 -0.693090 -0.000000
vn 0.720851 -0.693090 -0.000000
vn 0.693090 0.720851 -0.000000
vn 0.693090 0.720851 -0.000000
vn 0.693090 0.720851 -0.000000
vn 0.693090 0.720851 -0.000000
vn 0.353977 0.935254 -0.000000
vn 0.353977 0.935254 -0.000000
vn 0.409466 0.912325 -0.000000
vn 0.552337 0.833621 -0.000000
vn 0.558914 0.829226 -0.000000
vn 0.660237 0.751057 -0.000000
vn 0.690949 0.722903 -0.000000
vn 0.690949 0.722903 -0.000000
vn -0.699228 0.714899 -0.000000
vn -0.645703 0.763589 -0.000000
vn -0.699228 0.714899 -0.000000
vn -0.642456 0.766322 -0.000000
vn -0.441530 0.897247 -0.000000
vn -0.432884 0.901450 -0.000000
vn -0.270335 0.962766 -0.000000
vn -0.262656 0.964889 -0.000000
vn -0.138522 0.990359 -0.000000
vn -0.131403 0.991329 -0.000000
vn -0.030744 0.999527 -0.000000
vn -0.030744 0.999527 -0.000000
vn 0.693090 0.720851 -0.000000
vn 0.693090 0.720851 -0.000000
vn 0.693090 0.720851 -0.000000
vn 0.693090 0.720851 -0.000000
vn 0.720851 -0.693090 -0.000000
vn 0.720851 -0.693090 -0.000000
vn 0.720851 -0.693090 -0.000000
vn 0.720851 -0.693090 -0.000000
vn -0.693090 -0.720851 0.000000
vn -0.693090 -0.720851 0.000000
vn -0.693090 -0.720851 0.000000
vn -0.693090 -0.720851 0.000000
vn -0.999139 0.041481 -0.000000
vn -0.999139 0.041481 -0.000000
vn -0.990141 0.140076 -0.000000
vn -0.980193 0.198044 -0.000000
vn -0.963470 0.267817 -0.000000
vn -0.934628 0.355627 -0.000000
vn -0.903358 0.428887 -0.000000
vn -0.873521 0.486786 -0.000000
vn -0.780483 0.625177 -0.000000
vn -0.733667 0.679509 -0.000000
vn -0.733667 0.679509 -0.000000
vn -0.687779 -0.725920 0.000000
vn -0.687779 -0.725920 0.000000
vn -0.716697 -0.697385 0.000000
vn -0.804518 -0.593929 0.000000
vn -0.798004 -0.602652 0.000000
vn -0.890872 -0.454254 0.000000
vn -0.917943 -0.396712 0.000000
vn -0.917943 -0.396712 0.000000
vn -0.693090 -0.720851 0.000000
vn -0.693090 -0.720851 0.000000
vn -0.693090 -0.720851 0.000000
vn -0.693090 -0.720851 0.000000
vn 0.720851 -0.693090 -0.000000
vn 0.720851 -0.693090 -0.000000
vn 0.720851 -0.693090 -0.000000
vn 0.720851 -0.693090 -0.000000
vn 0.940071 -0.340978 -0.000000
vn 0.940071 -0.340978 -0.000000
vn 0.918887 -0.394520 -0.000000
vn 0.842298 -0.539012 -0.000000
vn 0.839449 -0.543439 -0.000000
vn 0.759691 -0.650284 -0.000000
vn 0.730760 -0.682634 -0.000000
vn 0.730760 -0.682634 -0.000000
vn 0.852238 0.523154 -0.000000
vn 0.852238 0.523154 -0.000000
vn 0.883434 0.468556 -0.000000
vn 0.884034 0.467423 -0.000000
vn 0.958531 0.284989 -0.000000
vn 0.960060 0.279794 -0.000000
vn 0.998826 0.048434 -0.000000
vn 0.998965 0.045484 -0.000000
vn 0.999417 -0.034154 -0.000000
vn 0.999417 -0.034154 -0.000000
vn 0.720851 -0.693090 -0.000000
vn 0.720851 -0.693090 -0.000000
vn 0.720851 -0.693090 -0.000000
vn 0.720851 -0.693090 -0.000000
vn -0.693090 -0.720851 0.000000
vn -0.693090 -0.720851 0.000000
vn -0.693090 -0.720851 0.000000
vn -0.693090 -0.720851 0.000000
vn -0.720851 0.693090 -0.000000
vn -0.720851 0.693090 -0.000000
vn -0.720851 0.693090 -0.000000
vn -0.720851 0.693090 -0.000000
vn -0.717761 0.696289 -0.000000
vn -0.717761 0.696289 -0.000000
vn -0.682024 0.731329 -0.000000
vn -0.552638 0.833421 -0.000000
vn -0.560448 0.828189 -0.000000
vn -0.377256 0.926109 -0.000000
vn -0.377974 0.925816 -0.000000
vn -0.309572 0.950876 -0.000000
vn -0.309572 0.950876 -0.000000
vn -0.720851 0.693090 -0.000000
vn -0.720851 0.693090 -0.000000
vn -0.720851 0.693090 -0.000000
vn -0.720851 0.693090 -0.000000
vn -0.971004 0.239062 -0.000000
vn -0.971004 0.239062 -0.000000
vn -0.949229 0.314587 -0.000000
vn -0.949136 0.314866 -0.000000
vn -0.860421 0.509584 -0.000000
vn -0.721325 0.692596 -0.000000
vn -0.757066 0.653338 -0.000000
vn -0.854624 0.519247 -0.000000
vn -0.721325 0.692596 -0.000000
vn -0.720851 0.693090 -0.000000
vn -0.720851 0.693090 -0.000000
vn -0.720851 0.693090 -0.000000
vn -0.720851 0.693090 -0.000000
vn 0.693090 0.720851 -0.000000
vn 0.693090 0.720851 -0.000000
vn 0.693090 0.720851 -0.000000
vn 0.693090 0.720851 -0.000000
vn 0.720851 -0.693090 -0.000000
vn 0.720851 -0.693090 -0.000000
vn 0.720851 -0.693090 -0.000000
vn 0.720851 -0.693090 -0.000000
vn 0.030031 -0.999549 -0.000000
vn 0.030031 -0.999549 -0.000000
vn -0.057082 -0.998370 0.000000
vn -0.060586 -0.998163 0.000000
vn -0.170472 -0.985363 0.000000
vn -0.170175 -0.985414 0.000000
vn -0.321861 -0.946787 0.000000
vn -0.325370 -0.945587 0.000000
vn -0.534971 -0.844870 0.000000
vn -0.535700 -0.844408 0.000000
vn -0.595772 -0.803154 0.000000
vn -0.595772 -0.803154 0.000000
vn 0.713715 -0.700436 -0.000000
vn 0.713715 -0.700436 -0.000000
vn 0.680745 -0.732520 -0.000000
vn 0.564554 -0.825396 -0.000000
vn 0.570209 -0.821500 -0.000000
vn 0.409993 -0.912089 -0.000000
vn 0.351497 -0.936189 -0.000000
vn 0.351497 -0.936189 -0.000000
vn -0.448178 0.893944 -0.000000
vn -0.448178 0.893944 -0.000000
vn -0.409623 0.912255 -0.000000
vn -0.277036 0.960859 -0.000000
vn -0.286486 0.958084 -0.000000
vn -0.109735 0.993961 -0.000000
vn -0.045611 0.998959 -0.000000
vn -0.045611 0.998959 -0.000000
vn -0.445782 0.895141 -0.000000
vn -0.445782 0.895141 -0.000000
vn -0.445782 0.895141 -0.000000
vn -0.445782 0.895141 -0.000000
vn -0.841710 -0.539930 0.000000
vn -0.862548 -0.505975 0.000000
vn -0.884787 -0.465995 0.000000
vn -0.879347 -0.476181 0.000000
vn -0.884787 -0.465995 0.000000
vn -0.841710 -0.539930 0.000000
vn -0.847042 -0.531527 0.000000
vn -0.999537 0.030435 -0.000000
vn -0.999537 0.030435 -0.000000
vn -0.999433 -0.033682 0.000000
vn -0.975412 -0.220390 0.000000
vn -0.974484 -0.224459 0.000000
vn -0.926925 -0.375246 0.000000
vn -0.906563 -0.422070 0.000000
vn -0.906563 -0.422070 0.000000
vn -0.521306 0.853370 -0.000000
vn -0.521306 0.853370 -0.000000
vn -0.590086 0.807340 -0.000000
vn -0.590189 0.807265 -0.000000
vn -0.674581 0.738201 -0.000000
vn -0.674804 0.737997 -0.000000
vn -0.783320 0.621618 -0.000000
vn -0.783664 0.621185 -0.000000
vn -0.876201 0.481945 -0.000000
vn -0.876642 0.481143 -0.000000
vn -0.925777 0.378071 -0.000000
vn -0.926562 0.376142 -0.000000
vn -0.956061 0.293168 -0.000000
vn -0.956061 0.293168 -0.000000
vn 0.356268 0.934384 -0.000000
vn 0.356268 0.934384 -0.000000
vn 0.277708 0.960665 -0.000000
vn 0.277680 0.960674 -0.000000
vn 0.171402 0.985201 -0.000000
vn 0.171334 0.985213 -0.000000
vn 0.013126 0.999914 -0.000000
vn 0.013000 0.999915 -0.000000
vn -0.149293 0.988793 -0.000000
vn -0.149853 0.988708 -0.000000
vn -0.258797 0.965932 -0.000000
vn -0.259834 0.965653 -0.000000
vn -0.341176 0.940000 -0.000000
vn -0.341176 0.940000 -0.000000
vn 0.877857 0.478922 -0.000000
vn 0.877857 0.478922 -0.000000
vn 0.850556 0.525885 -0.000000
vn 0.748280 0.663383 -0.000000
vn 0.750091 0.661335 -0.000000
vn 0.605841 0.795586 -0.000000
vn 0.553112 0.833107 -0.000000
vn 0.553112 0.833107 -0.000000
vn 0.895141 0.445782 -0.000000
vn 0.895141 0.445782 -0.000000
vn 0.895141 0.445782 -0.000000
vn 0.895141 0.445782 -0.000000
vn 0.445782 -0.895141 -0.000000
vn 0.445782 -0.895141 -0.000000
vn 0.445782 -0.895141 -0.000000
vn 0.445782 -0.895141 -0.000000
vn -0.349102 -0.937085 0.000000
vn -0.349102 -0.937085 0.000000
vn -0.439192 -0.898393 0.000000
vn -0.501429 -0.865199 0.000000
vn -0.551625 -0.834092 0.000000
vn -0.640077 -0.768310 0.000000
vn -0.689097 -0.724669 0.000000
vn -0.744351 -0.667788 0.000000
vn -0.843117 -0.537730 0.000000
vn -0.880940 -0.473228 0.000000
vn -0.880940 -0.473228 0.000000
vn 0.446552 -0.894758 -0.000000
vn 0.446552 -0.894758 -0.000000
vn 0.408143 -0.912918 -0.000000
vn 0.276715 -0.960952 -0.000000
vn 0.285581 -0.958355 -0.000000
vn 0.111217 -0.993796 -0.000000
vn 0.048299 -0.998833 -0.000000
vn 0.048299 -0.998833 -0.000000
vn 0.445782 -0.895141 -0.000000
vn 0.445782 -0.895141 -0.000000
vn 0.445782 -0.895141 -0.000000
vn 0.445782 -0.895141 -0.000000
vn 0.772783 -0.634671 -0.000000
vn 0.772783 -0.634671 -0.000000
vn 0.732120 -0.681175 -0.000000
vn 0.606638 -0.794978 -0.000000
vn 0.600462 -0.799653 -0.000000
vn 0.488511 -0.872558 -0.000000
vn 0.450177 -0.892940 -0.000000
vn 0.450177 -0.892940 -0.000000
vn 0.909548 0.415599 -0.000000
vn 0.909548 0.415599 -0.000000
vn 0.938500 0.345278 -0.000000
vn 0.938854 0.344316 -0.000000
vn 0.994495 0.104781 -0.000000
vn 0.994955 0.100318 -0.000000
vn 0.997283 -0.073660 -0.000000
vn 0.997171 -0.075160 -0.000000
vn 0.979836 -0.199803 -0.000000
vn 0.979131 -0.203232 -0.000000
vn 0.954274 -0.298933 -0.000000
vn 0.954274 -0.298933 -0.000000
vn 0.445782 -0.895141 -0.000000
vn 0.445782 -0.895141 -0.000000
vn 0.445782 -0.895141 -0.000000
vn 0.445782 -0.895141 -0.000000
vn -0.895141 -0.445782 0.000000
vn -0.895141 -0.445782 0.000000
vn -0.895141 -0.445782 0.000000
vn -0.895141 -0.445782 0.000000
vn -0.445782 0.895141 -0.000000
vn -0.445782 0.895141 -0.000000
vn -0.445782 0.895141 -0.000000
vn -0.445782 0.895141 -0.000000
vn 0.361428 0.932400 -0.000000
vn 0.361428 0.932400 -0.000000
vn 0.450237 0.892909 -0.000000
vn 0.453145 0.891437 -0.000000
vn 0.560759 0.827979 -0.000000
vn 0.557584 0.830121 -0.000000
vn 0.688969 0.724791 -0.000000
vn 0.695042 0.718969 -0.000000
vn 0.844023 0.536306 -0.000000
vn 0.845060 0.534671 -0.000000
vn 0.882063 0.471132 -0.000000
vn 0.882063 0.471132 -0.000000
vn 0.178946 -0.983859 -0.000000
vn 0.178946 -0.983859 -0.000000
vn 0.178946 -0.983859 -0.000000
vn 0.178946 -0.983859 -0.000000
vn -0.998089 0.061799 -0.000000
vn -0.998089 0.061799 -0.000000
vn -0.998089 0.061799 -0.000000
vn -0.998089 0.061799 -0.000000
vn -0.359978 0.932961 -0.000000
vn -0.444712 0.895673 -0.000000
vn -0.549311 0.835618 -0.000000
vn -0.522924 0.852379 -0.000000
vn -0.549311 0.835618 -0.000000
vn -0.359978 0.932961 -0.000000
vn -0.381370 0.924422 -0.000000
vn -0.917990 0.396604 -0.000000
vn -0.917990 0.396604 -0.000000
vn -0.895970 0.444114 -0.000000
vn -0.812951 0.582332 -0.000000
vn -0.812951 0.582332 -0.000000
vn -0.708624 0.705587 -0.000000
vn -0.670656 0.741769 -0.000000
vn -0.670656 0.741769 -0.000000
vn -0.972188 0.234203 -0.000000
vn -0.991419 0.130726 -0.000000
vn -0.998320 0.057944 -0.000000
vn -0.997099 0.076119 -0.000000
vn -0.998320 0.057944 -0.000000
vn -0.972188 0.234203 -0.000000
vn -0.978462 0.206425 -0.000000
vn -0.998089 0.061799 -0.000000
vn -0.998089 0.061799 -0.000000
vn -0.998089 0.061799 -0.000000
vn -0.998089 0.061799 -0.000000
vn -0.884709 -0.466143 0.000000
vn -0.884709 -0.466143 0.000000
vn -0.918017 -0.396541 0.000000
vn -0.918668 -0.395032 0.000000
vn -0.982251 -0.187570 0.000000
vn -0.998754 0.049904 -0.000000
vn -0.999984 -0.005739 0.000000
vn -0.983827 -0.179120 0.000000
vn -0.998754 0.049904 -0.000000
vn -0.080770 -0.996733 0.000000
vn -0.080770 -0.996733 0.000000
vn -0.143220 -0.989691 0.000000
vn -0.145173 -0.989406 0.000000
vn -0.336250 -0.941773 0.000000
vn -0.344116 -0.938927 0.000000
vn -0.563669 -0.826000 0.000000
vn -0.561715 -0.827331 0.000000
vn -0.631751 -0.775171 0.000000
vn -0.631751 -0.775171 0.000000
vn -0.061799 -0.998089 0.000000
vn -0.061799 -0.998089 0.000000
vn -0.061799 -0.998089 0.000000
vn -0.061799 -0.998089 0.000000
vn 0.998089 -0.061799 -0.000000
vn 0.998089 -0.061799 -0.000000
vn 0.998089 -0.061799 -0.000000
vn 0.998089 -0.061799 -0.000000
vn 0.953669 0.300857 -0.000000
vn 0.953669 0.300857 -0.000000
vn 0.970720 0.240215 -0.000000
vn 0.996110 0.088117 -0.000000
vn 0.997160 0.075319 -0.000000
vn 0.999223 -0.039402 -0.000000
vn 0.997049 -0.076772 -0.000000
vn 0.997049 -0.076772 -0.000000
vn 0.295719 0.955275 -0.000000
vn 0.295719 0.955275 -0.000000
vn 0.339935 0.940449 -0.000000
vn 0.483475 0.875358 -0.000000
vn 0.471955 0.881623 -0.000000
vn 0.641392 0.767213 -0.000000
vn 0.642565 0.766231 -0.000000
vn 0.696417 0.717637 -0.000000
vn 0.696417 0.717637 -0.000000
vn 0.998089 -0.061799 -0.000000
vn 0.998089 -0.061799 -0.000000
vn 0.998089 -0.061799 -0.000000
vn 0.998089 -0.061799 -0.000000
vn -0.061799 -0.998089 0.000000
vn -0.061799 -0.998089 0.000000
vn -0.061799 -0.998089 0.000000
vn -0.061799 -0.998089 0.000000
vn -0.998089 0.061799 -0.000000
vn -0.998089 0.061799 -0.000000
vn -0.998089 0.061799 -0.000000
vn -0.998089 0.061799 -0.000000
vn -0.517443 0.855718 -0.000000
vn -0.517443 0.855718 -0.000000
vn -0.460063 0.887886 -0.000000
vn -0.294129 0.955766 -0.000000
vn -0.285739 0.958307 -0.000000
vn -0.148785 0.988870 -0.000000
vn -0.103684 0.994610 -0.000000
vn -0.103684 0.994610 -0.000000
vn -0.997929 0.064321 -0.000000
vn -0.997929 0.064321 -0.000000
vn -0.992861 0.119278 -0.000000
vn -0.954172 0.299260 -0.000000
vn -0.957467 0.288543 -0.000000
vn -0.864293 0.502989 -0.000000
vn -0.864578 0.502498 -0.000000
vn -0.820784 0.571238 -0.000000
vn -0.820784 0.571238 -0.000000
vn -0.998089 0.061799 -0.000000
vn -0.998089 0.061799 -0.000000
vn -0.998089 0.061799 -0.000000
vn -0.998089 0.061799 -0.000000
vn -0.061799 -0.998089 0.000000
vn -0.061799 -0.998089 0.000000
vn -0.061799 -0.998089 0.000000
vn -0.061799 -0.998089 0.000000
vn 0.998089 -0.061799 -0.000000
vn 0.998089 -0.061799 -0.000000
vn 0.998089 -0.061799 -0.000000
vn 0.998089 -0.061799 -0.000000
vn 0.934647 0.355578 -0.000000
vn 0.934647 0.355578 -0.000000
vn 0.957612 0.288061 -0.000000
vn 0.993540 0.113483 -0.000000
vn 0.995029 0.099587 -0.000000
vn 0.999444 -0.033327 -0.000000
vn 0.997081 -0.076348 -0.000000
vn 0.997081 -0.076348 -0.000000
vn 0.272023 0.962291 -0.000000
vn 0.272023 0.962291 -0.000000
vn 0.317968 0.948101 -0.000000
vn 0.463721 0.885981 -0.000000
vn 0.455285 0.890346 -0.000000
vn 0.623622 0.781726 -0.000000
vn 0.676763 0.736201 -0.000000
vn 0.676763 0.736201 -0.000000
vn 0.998089 -0.061799 -0.000000
vn 0.998089 -0.061799 -0.000000
vn 0.998089 -0.061799 -0.000000
vn 0.998089 -0.061799 -0.000000
vn -0.061799 -0.998089 0.000000
vn -0.061799 -0.998089 0.000000
vn -0.061799 -0.998089 0.000000
vn -0.061799 -0.998089 0.000000
vn -0.998089 0.061799 -0.000000
vn -0.998089 0.061799 -0.000000
vn -0.998089 0.061799 -0.000000
vn -0.998089 0.061799 -0.000000
vn 0.061799 0.998089 -0.000000
vn 0.061799 0.998089 -0.000000
vn 0.061799 0.998089 -0.000000
vn 0.061799 0.998089 -0.000000
vn 0.778857 0.627202 -0.000000
vn 0.778857 0.627202 -0.000000
vn 0.836706 0.547652 -0.000000
vn 0.870812 0.491616 -0.000000
vn 0.900594 0.434662 -0.000000
vn 0.940518 0.339744 -0.000000
vn 0.962317 0.271931 -0.000000
vn 0.979685 0.200541 -0.000000
vn 0.999304 0.037301 -0.000000
vn 0.999347 -0.036133 -0.000000
vn 0.999347 -0.036133 -0.000000
vn 0.058353 0.998296 -0.000000
vn 0.058353 0.998296 -0.000000
vn 0.100092 0.994978 -0.000000
vn 0.236765 0.971567 -0.000000
vn 0.227129 0.973865 -0.000000
vn 0.395615 0.918416 -0.000000
vn 0.453087 0.891466 -0.000000
vn 0.453087 0.891466 -0.000000
vn 0.061799 0.998089 -0.000000
vn 0.061799 0.998089 -0.000000
vn 0.061799 0.998089 -0.000000
vn 0.061799 0.998089 -0.000000
vn -0.331128 0.943586 -0.000000
vn -0.331128 0.943586 -0.000000
vn -0.272924 0.962036 -0.000000
vn -0.113178 0.993575 -0.000000
vn -0.104267 0.994549 -0.000000
vn 0.021777 0.999763 -0.000000
vn 0.062813 0.998025 -0.000000
vn 0.062813 0.998025 -0.000000
vn -0.996530 0.083236 -0.000000
vn -0.996530 0.083236 -0.000000
vn -0.987648 0.156690 -0.000000
vn -0.987450 0.157931 -0.000000
vn -0.921849 0.387549 -0.000000
vn -0.919702 0.392617 -0.000000
vn -0.838636 0.544693 -0.000000
vn -0.837104 0.547043 -0.000000
vn -0.760427 0.649424 -0.000000
vn -0.758342 0.651857 -0.000000
vn -0.688545 0.725194 -0.000000
vn -0.688545 0.725194 -0.000000
vn 0.061799 0.998089 -0.000000
vn 0.061799 0.998089 -0.000000
vn 0.061799 0.998089 -0.000000
vn 0.061799 0.998089 -0.000000
vn 0.998089 -0.061799 -0.000000
vn 0.998089 -0.061799 -0.000000
vn 0.998089 -0.061799 -0.000000
vn 0.998089 -0.061799 -0.000000
vn -0.875957 0.482389 -0.000000
vn -0.875957 0.482389 -0.000000
vn -0.875957 0.482389 -0.000000
vn -0.875957 0.482389 -0.000000
vn -0.482389 -0.875957 0.000000
vn -0.482389 -0.875957 0.000000
vn -0.482389 -0.875957 0.000000
vn -0.482389 -0.875957 0.000000
vn -0.099269 -0.995061 0.000000
vn -0.099269 -0.995061 0.000000
vn -0.158807 -0.987310 0.000000
vn -0.317203 -0.948358 0.000000
vn -0.324694 -0.945819 0.000000
vn -0.442825 -0.896608 0.000000
vn -0.479789 -0.877384 0.000000
vn -0.479789 -0.877384 0.000000
vn 0.860731 -0.509060 -0.000000
vn 0.821667 -0.569967 -0.000000
vn 0.860731 -0.509060 -0.000000
vn 0.819241 -0.573449 -0.000000
vn 0.659152 -0.752010 -0.000000
vn 0.651892 -0.758312 -0.000000
vn 0.510812 -0.859693 -0.000000
vn 0.503946 -0.863735 -0.000000
vn 0.390667 -0.920532 -0.000000
vn 0.384043 -0.923315 -0.000000
vn 0.288956 -0.957342 -0.000000
vn 0.288956 -0.957342 -0.000000
vn -0.482389 -0.875957 0.000000
vn -0.482389 -0.875957 0.000000
vn -0.482389 -0.875957 0.000000
vn -0.482389 -0.875957 0.000000
vn -0.875957 0.482389 -0.000000
vn -0.875957 0.482389 -0.000000
vn -0.875957 0.482389 -0.000000
vn -0.875957 0.482389 -0.000000
vn 0.482389 0.875957 -0.000000
vn 0.482389 0.875957 -0.000000
vn 0.482389 0.875957 -0.000000
vn 0.482389 0.875957 -0.000000
vn 0.975702 0.219102 -0.000000
vn 0.975702 0.219102 -0.000000
vn 0.992586 0.121548 -0.000000
vn 0.998015 0.062984 -0.000000
vn 0.999962 -0.008739 -0.000000
vn 0.994884 -0.101025 -0.000000
vn 0.983687 -0.179888 -0.000000
vn 0.969890 -0.243545 -0.000000
vn 0.915933 -0.401332 -0.000000
vn 0.884812 -0.465948 -0.000000
vn 0.884812 -0.465948 -0.000000
vn 0.475945 0.879475 -0.000000
vn 0.475945 0.879475 -0.000000
vn 0.511274 0.859418 -0.000000
vn 0.622925 0.782282 -0.000000
vn 0.614372 0.789017 -0.000000
vn 0.742553 0.669787 -0.000000
vn 0.783624 0.621236 -0.000000
vn 0.783624 0.621236 -0.000000
vn 0.482389 0.875957 -0.000000
vn 0.482389 0.875957 -0.000000
vn 0.482389 0.875957 -0.000000
vn 0.482389 0.875957 -0.000000
vn -0.875957 0.482389 -0.000000
vn -0.875957 0.482389 -0.000000
vn -0.875957 0.482389 -0.000000
vn -0.875957 0.482389 -0.000000
vn -0.996341 0.085465 -0.000000
vn -0.996341 0.085465 -0.000000
vn -0.989770 0.142670 -0.000000
vn -0.953282 0.302082 -0.000000
vn -0.951678 0.307097 -0.000000
vn -0.902365 0.430973 -0.000000
vn -0.882815 0.469720 -0.000000
vn -0.882815 0.469720 -0.000000
vn -0.687369 -0.726308 0.000000
vn -0.687369 -0.726308 0.000000
vn -0.731660 -0.681670 0.000000
vn -0.732533 -0.680732 0.000000
vn -0.851801 -0.523865 0.000000
vn -0.854626 -0.519245 0.000000
vn -0.952077 -0.305858 0.000000
vn -0.952976 -0.303045 0.000000
vn -0.974069 -0.226250 0.000000
vn -0.974069 -0.226250 0.000000
vn -0.875957 0.482389 -0.000000
vn -0.875957 0.482389 -0.000000
vn -0.875957 0.482389 -0.000000
vn -0.875957 0.482389 -0.000000
vn 0.482389 0.875957 -0.000000
vn 0.482389 0.875957 -0.000000
vn 0.482389 0.875957 -0.000000
vn 0.482389 0.875957 -0.000000
vn 0.875957 -0.482389 -0.000000
vn 0.875957 -0.482389 -0.000000
vn 0.875957 -0.482389 -0.000000
vn 0.875957 -0.482389 -0.000000
vn 0.873803 -0.486280 -0.000000
vn 0.873803 -0.486280 -0.000000
vn 0.848378 -0.529390 -0.000000
vn 0.749902 -0.661549 -0.000000
vn 0.756088 -0.654470 -0.000000
vn 0.604564 -0.796556 -0.000000
vn 0.605182 -0.796087 -0.000000
vn 0.545621 -0.838032 -0.000000
vn 0.545621 -0.838032 -0.000000
vn 0.875957 -0.482389 -0.000000
vn 0.875957 -0.482389 -0.000000
vn 0.875957 -0.482389 -0.000000
vn 0.875957 -0.482389 -0.000000
vn 0.999780 0.020986 -0.000000
vn 0.999780 0.020986 -0.000000
vn 0.998340 -0.057602 -0.000000
vn 0.998323 -0.057896 -0.000000
vn 0.963151 -0.268961 -0.000000
vn 0.876287 -0.481789 -0.000000
vn 0.900622 -0.434604 -0.000000
vn 0.960059 -0.279796 -0.000000
vn 0.876287 -0.481789 -0.000000
vn 0.875957 -0.482389 -0.000000
vn 0.875957 -0.482389 -0.000000
vn 0.875957 -0.482389 -0.000000
vn 0.875957 -0.482389 -0.000000
vn -0.482389 -0.875957 0.000000
vn -0.482389 -0.875957 0.000000
vn -0.482389 -0.875957 0.000000
vn -0.482389 -0.875957 0.000000
vn -0.875957 0.482389 -0.000000
vn -0.875957 0.482389 -0.000000
vn -0.875957 0.482389 -0.000000
vn -0.875957 0.482389 -0.000000
vn -0.288273 0.957548 -0.000000
vn -0.288273 0.957548 -0.000000
vn -0.203836 0.979005 -0.000000
vn -0.200398 0.979715 -0.000000
vn -0.090953 0.995855 -0.000000
vn -0.091252 0.995828 -0.000000
vn 0.065261 0.997868 -0.000000
vn 0.068961 0.997619 -0.000000
vn 0.297513 0.954718 -0.000000
vn 0.298337 0.954461 -0.000000
vn 0.367053 0.930200 -0.000000
vn 0.367053 0.930200 -0.000000
vn -0.870971 0.491334 -0.000000
vn -0.870971 0.491334 -0.000000
vn -0.847452 0.530872 -0.000000
vn -0.759328 0.650708 -0.000000
vn -0.763779 0.645478 -0.000000
vn -0.632544 0.774525 -0.000000
vn -0.582302 0.812973 -0.000000
vn -0.582302 0.812973 -0.000000
vn 0.000000 0.000000 1.000000
vn 0.000000 0.000000 1.000000
vn 0.000000 0.000000 1.000000
vn 0.000000 0.000000 1.000000
vn 0.000000 0.000000 1.000000
vn 0.000000 0.000000 1.000000
vn 0.000000 0.000000 1.000000
vn 0.000000 0.000000 1.000000
vn 0.000000 0.000000 1.000000
vn 0.000000 0.000000 1.000000
vn 0.000000 0.000000 1.000000
vn 0.000000 0.000000 1.000000
vn 0.000000 0.000000 1.000000
vn 0.000000 0.000000 1.000000
vn 0.000000 0.000000 1.000000
vn 0.000000 0.000000 1.000000
vn 0.000000 0.000000 1.000000
vn 0.000000 0.000000 1.000000
vn 0.000000 0.000000 1.000000
vn 0.000000 0.000000 1.000000
vn 0.000000 0.000000 1.000000
vn 0.000000 0.000000 1.000000
vn 0.000000 0.000000 1.000000
vn 0.000000 0.000000 1.000000
vn 0.000000 0.000000 1.000000
vn 0.000000 0.000000 1.000000
vn 0.000000 0.000000 1.000000
vn 0.000000 0.000000 1.000000
vn 0.000000 0.000000 1.000000
vn 0.000000 0.000000 1.000000
vn 0.000000 0.000000 1.000000
vn 0.000000 0.000000 1.000000
vn 0.000000 0.000000 1.000000
vn 0.000000 0.000000 1.000000
vn 0.000000 0.000000 1.000000
vn 0.000000 0.000000 1.000000
vn 0.000000 0.000000 1.000000
vn 0.000000 0.000000 1.000000
vn 0.000000 0.000000 1.000000
vn 0.000000 0.000000 1.000000
vn 0.000000 0.000000 1.000000
vn 0.000000 0.000000 1.000000
vn 0.000000 0.000000 1.000000
vn 0.000000 0.000000 1.000000
vn 0.000000 0.000000 1.000000
vn 0.000000 0.000000 1.000000
vn 0.000000 0.000000 1.000000
vn 0.000000 0.000000 1.000000
vn 0.000000 0.000000 1.000000
vn 0.000000 0.000000 1.000000
vn 0.000000 0.000000 1.000000
vn 0.000000 0.000000 1.000000
vn 0.000000 0.000000 1.000000
vn 0.000000 0.000000 1.000000
vn 0.000000 0.000000 1.000000
vn 0.000000 0.000000 1.000000
vn 0.000000 0.000000 1.000000
vn 0.000000 0.000000 1.000000
vn 0.000000 0.000000 1.000000
vn 0.000000 0.000000 1.000000
vn 0.000000 0.000000 1.000000
vn 0.000000 0.000000 1.000000
vn 0.000000 0.000000 1.000000
vn 0.000000 0.000000 1.000000
vn 0.000000 0.000000 1.000000
vn 0.000000 0.000000 1.000000
vn 0.000000 0.000000 1.000000
vn 0.000000 0.000000 1.000000
vn 0.000000 0.000000 1.000000
vn 0.000000 0.000000 1.000000
vn 0.000000 0.000000 1.000000
vn 0.000000 0.000000 1.000000
vn 0.000000 0.000000 1.000000
vn 0.000000 0.000000 1.000000
vn 0.000000 0.000000 1.000000
vn 0.000000 0.000000 1.000000
vn 0.000000 0.000000 1.000000
vn 0.000000 0.000000 1.000000
vn 0.000000 0.000000 1.000000
vn 0.000000 0.000000 1.000000
vn 0.000000 0.000000 1.000000
vn 0.000000 0.000000 1.000000
vn 0.000000 0.000000 1.000000
vn 0.000000 0.000000 1.000000
vn 0.000000 0.000000 1.000000
vn 0.000000 0.000000 1.000000
vn 0.000000 0.000000 1.000000
vn 0.000000 0.000000 1.000000
vn 0.000000 0.000000 1.000000
vn 0.000000 0.000000 1.000000
vn 0.000000 0.000000 1.000000
vn 0.000000 0.000000 1.000000
vn 0.000000 0.000000 1.000000
vn 0.000000 0.000000 1.000000
vn 0.000000 0.000000 1.000000
vn 0.000000 0.000000 1.000000
vn 0.000000 0.000000 1.000000
vn 0.000000 0.000000 1.000000
vn 0.000000 0.000000 1.000000
vn 0.000000 0.000000 1.000000
vn 0.000000 0.000000 1.000000
vn 0.000000 0.000000 1.000000
vn 0.000000 0.000000 1.000000
vn 0.000000 0.000000 1.000000
vn 0.000000 0.000000 1.000000
vn 0.000000 0.000000 1.000000
vn 0.000000 0.000000 1.000000
vn 0.000000 0.000000 1.000000
vn 0.000000 0.000000 1.000000
vn 0.000000 0.000000 1.000000
vn 0.000000 0.000000 1.000000
vn 0.000000 0.000000 1.000000
vn 0.000000 0.000000 1.000000
vn 0.000000 0.000000 1.000000
vn 0.000000 0.000000 1.000000
vn 0.000000 0.000000 1.000000
vn 0.000000 0.000000 1.000000
vn 0.000000 0.000000 1.000000
vn 0.000000 0.000000 1.000000
vn 0.000000 0.000000 1.000000
vn 0.000000 0.000000 1.000000
vn 0.000000 0.000000 1.000000
vn 0.000000 0.000000 1.000000
vn 0.000000 0.000000 1.000000
vn 0.000000 0.000000 1.000000
vn 0.000000 0.000000 1.000000
vn 0.000000 0.000000 1.000000
vn 0.000000 0.000000 1.000000
vn 0.000000 0.000000 1.000000
vn 0.000000 0.000000 1.000000
vn 0.000000 0.000000 1.000000
vn 0.000000 0.000000 1.000000
vn 0.000000 0.000000 1.000000
vn 0.000000 0.000000 1.000000
vn 0.000000 0.000000 1.000000
vn 0.000000 0.000000 1.000000
vn 0.000000 0.000000 1.000000
vn 0.000000 0.000000 1.000000
vn 0.000000 0.000000 1.000000
vn 0.000000 0.000000 1.000000
vn 0.000000 0.000000 1.000000
vn 0.000000 0.000000 1.000000
vn 0.000000 0.000000 1.000000
vn 0.000000 0.000000 1.000000
vn 0.000000 0.000000 1.000000
vn 0.000000 0.000000 1.000000
vn 0.000000 0.000000 1.000000
vn 0.000000 0.000000 1.000000
vn 0.000000 0.000000 1.000000
vn 0.000000 0.000000 1.000000
vn 0.000000 0.000000 1.000000
vn 0.000000 0.000000 1.000000
vn 0.000000 0.000000 1.000000
vn 0.000000 0.000000 1.000000
vn 0.000000 0.000000 1.000000
vn 0.000000 0.000000 1.000000
vn 0.000000 0.000000 1.000000
vn 0.000000 0.000000 1.000000
vn 0.000000 0.000000 1.000000
vn 0.000000 0.000000 1.000000
vn 0.000000 0.000000 1.000000
vn 0.000000 0.000000 1.000000
vn 0.000000 0.000000 1.000000
vn 0.000000 0.000000 1.000000
vn 0.000000 0.000000 1.000000
vn 0.000000 0.000000 1.000000
vn 0.000000 0.000000 1.000000
vn 0.000000 0.000000 1.000000
vn 0.000000 0.000000 1.000000
vn 0.000000 0.000000 1.000000
vn 0.000000 0.000000 1.000000
vn 0.000000 0.000000 1.000000
vn 0.000000 0.000000 1.000000
vn 0.000000 0.000000 1.000000
vn 0.000000 0.000000 1.000000
vn 0.000000 0.000000 1.000000
vn 0.000000 0.000000 1.000000
vn 0.000000 0.000000 1.000000
vn 0.000000 0.000000 1.000000
vn 0.000000 0.000000 1.000000
vn 0.000000 0.000000 1.000000
vn 0.000000 0.000000 1.000000
vn 0.000000 0.000000 1.000000
vn 0.000000 0.000000 1.000000
vn 0.000000 0.000000 1.000000
vn 0.000000 0.000000 1.000000
vn 0.000000 0.000000 1.000000
vn 0.000000 0.000000 1.000000
vn 0.000000 0.000000 1.000000
vn 0.000000 0.000000 1.000000
vn 0.000000 0.000000 1.000000
vn 0.000000 0.000000 1.000000
vn 0.000000 0.000000 1.000000
vn 0.000000 0.000000 1.000000
vn 0.000000 0.000000 1.000000
vn 0.000000 0.000000 1.000000
vn 0.000000 0.000000 1.000000
vn 0.000000 0.000000 1.000000
vn 0.000000 0.000000 1.000000
vn 0.000000 0.000000 1.000000
vn 0.000000 0.000000 1.000000
vn 0.000000 0.000000 1.000000
vn 0.000000 0.000000 1.000000
vn 0.000000 0.000000 1.000000
vn 0.000000 0.000000 1.000000
vn 0.000000 0.000000 1.000000
vn 0.000000 0.000000 1.000000
vn 0.000000 0.000000 1.000000
vn 0.000000 0.000000 1.000000
vn 0.000000 0.000000 1.000000
vn 0.000000 0.000000 1.000000
vn 0.000000 0.000000 1.000000
vn 0.000000 0.000000 1.000000
vn 0.000000 0.000000 1.000000
vn 0.000000 0.000000 1.000000
vn 0.000000 0.000000 1.000000
vn 0.000000 0.000000 1.000000
vn 0.000000 0.000000 1.000000
vn 0.000000 0.000000 1.000000
vn 0.000000 0.000000 1.000000
vn 0.000000 0.000000 1.000000
vn 0.000000 0.000000 1.000000
vn 0.000000 0.000000 1.000000
vn 0.000000 0.000000 1.000000
vn 0.000000 0.000000 1.000000
vn 0.000000 0.000000 1.000000
vn 0.000000 0.000000 1.000000
vn 0.000000 0.000000 1.000000
vn 0.000000 0.000000 1.000000
vn 0.000000 0.000000 1.000000
vn 0.000000 0.000000 1.000000
vn 0.000000 0.000000 1.000000
vn 0.000000 0.000000 1.000000
vn 0.000000 0.000000 1.000000
vn 0.000000 0.000000 1.000000
vn 0.000000 0.000000 1.000000
vn 0.000000 0.000000 1.000000
vn 0.000000 0.000000 1.000000
vn 0.000000 0.000000 1.000000
vn 0.000000 0.000000 1.000000
vn 0.000000 0.000000 1.000000
vn 0.000000 0.000000 1.000000
vn 0.000000 0.000000 1.000000
vn 0.000000 0.000000 1.000000
vn 0.000000 0.000000 1.000000
vn 0.000000 0.000000 1.000000
vn 0.000000 0.000000 1.000000
vn 0.000000 0.000000 1.000000
vn 0.000000 0.000000 1.000000
vn 0.000000 0.000000 1.000000
vn 0.000000 0.000000 1.000000
vn 0.000000 0.000000 1.000000
vn 0.000000 0.000000 1.000000
vn 0.000000 0.000000 1.000000
vn 0.000000 0.000000 1.000000
vn 0.000000 0.000000 1.000000
vn 0.000000 0.000000 1.000000
vn 0.000000 0.000000 1.000000
vn 0.000000 0.000000 1.000000
vn 0.000000 0.000000 1.000000
vn 0.000000 0.000000 1.000000
vn 0.000000 0.000000 1.000000
vn 0.000000 0.000000 1.000000
vn 0.000000 0.000000 1.000000
vn 0.000000 0.000000 1.000000
vn 0.000000 0.000000 1.000000
vn 0.000000 0.000000 1.000000
vn 0.000000 0.000000 1.000000
vn 0.000000 0.000000 1.000000
vn 0.000000 0.000000 1.000000
vn 0.000000 0.000000 1.000000
vn 0.000000 0.000000 1.000000
vn 0.000000 0.000000 1.000000
vn 0.000000 0.000000 1.000000
vn 0.000000 0.000000 1.000000
vn 0.000000 0.000000 1.000000
vn 0.000000 0.000000 1.000000
vn 0.000000 0.000000 1.000000
vn 0.000000 0.000000 1.000000
vn 0.000000 0.000000 1.000000
vn 0.000000 0.000000 1.000000
vn 0.000000 0.000000 1.000000
vn 0.000000 0.000000 1.000000
vn 0.000000 0.000000 1.000000
vn 0.000000 0.000000 1.000000
vn 0.000000 0.000000 1.000000
vn 0.000000 0.000000 1.000000
vn 0.000000 0.000000 1.000000
vn 0.000000 0.000000 1.000000
vn 0.000000 0.000000 1.000000
vn 0.000000 0.000000 1.000000
vn 0.000000 0.000000 1.000000
vn 0.000000 0.000000 1.000000
vn 0.000000 0.000000 1.000000
vn 0.000000 0.000000 1.000000
vn 0.000000 0.000000 1.000000
vn 0.000000 0.000000 1.000000
vn 0.000000 0.000000 1.000000
vn 0.000000 0.000000 1.000000
vn 0.000000 0.000000 1.000000
vn 0.000000 0.000000 1.000000
vn 0.000000 0.000000 1.000000
vn 0.000000 0.000000 1.000000
vn 0.000000 0.000000 1.000000
vn 0.000000 0.000000 1.000000
vn 0.000000 0.000000 1.000000
vn 0.000000 0.000000 1.000000
vn 0.000000 0.000000 1.000000
vn 0.000000 0.000000 1.000000
vn 0.000000 0.000000 1.000000
vn 0.000000 0.000000 1.000000
vn 0.000000 0.000000 1.000000
vn 0.000000 0.000000 1.000000
vn 0.000000 0.000000 1.000000
vn 0.000000 0.000000 1.000000
vn 0.000000 0.000000 1.000000
vn 0.000000 0.000000 1.000000
vn 0.000000 0.000000 1.000000
vn 0.000000 0.000000 1.000000
vn 0.000000 0.000000 1.000000
vn 0.000000 0.000000 1.000000
vn 0.000000 0.000000 1.000000
vn 0.000000 0.000000 1.000000
vn 0.000000 0.000000 1.000000
vn 0.000000 0.000000 1.000000
vn 0.000000 0.000000 1.000000
vn 0.000000 0.000000 1.000000
vn 0.000000 0.000000 1.000000
vn 0.000000 0.000000 1.000000
vn 0.000000 0.000000 1.000000
vn 0.000000 0.000000 1.000000
vn 0.000000 0.000000 1.000000
vn 0.000000 0.000000 1.000000
vn 0.000000 0.000000 1.000000
vn 0.000000 0.000000 1.000000
vn 0.000000 0.000000 1.000000
vn 0.000000 0.000000 1.000000
vn 0.000000 0.000000 1.000000
vn 0.000000 0.000000 1.000000
vn 0.000000 0.000000 1.000000
vn 0.000000 0.000000 1.000000
vn 0.000000 0.000000 1.000000
vn 0.000000 0.000000 1.000000
vn 0.000000 0.000000 1.000000
vn 0.000000 0.000000 1.000000
vn 0.000000 0.000000 1.000000
vn 0.000000 0.000000 1.000000
vn 0.000000 0.000000 1.000000
vn 0.000000 0.000000 1.000000
vn 0.000000 0.000000 1.000000
vn 0.000000 0.000000 1.000000
vn 0.000000 0.000000 1.000000
vn 0.000000 0.000000 1.000000
vn 0.000000 0.000000 1.000000
vn 0.000000 0.000000 1.000000
vn 0.000000 0.000000 1.000000
vn 0.000000 0.000000 1.000000
vn 0.000000 0.000000 1.000000
vn 0.000000 0.000000 1.000000
vn 0.000000 0.000000 1.000000
vn 0.000000 0.000000 1.000000
vn 0.000000 0.000000 1.000000
vn 0.000000 0.000000 1.000000
vn 0.000000 0.000000 1.000000
vn 0.000000 0.000000 1.000000
vn 0.000000 0.000000 1.000000
vn 0.000000 0.000000 1.000000
vn 0.000000 0.000000 1.000000
vn 0.000000 0.000000 1.000000
vn 0.000000 0.000000 1.000000
vn 0.000000 0.000000 1.000000
vn 0.000000 0.000000 1.000000
vn 0.000000 0.000000 1.000000
vn 0.000000 0.000000 1.000000
vn 0.000000 0.000000 1.000000
vn 0.000000 0.000000 1.000000
vn 0.000000 0.000000 1.000000
vn 0.000000 0.000000 1.000000
vn 0.000000 0.000000 1.000000
vn 0.000000 0.000000 1.000000
vn 0.000000 0.000000 1.000000
vn 0.000000 0.000000 1.000000
vn 0.000000 0.000000 1.000000
vn 0.000000 0.000000 1.000000
vn 0.000000 0.000000 1.000000
vn 0.000000 0.000000 1.000000
vn 0.000000 0.000000 1.000000
vn 0.000000 0.000000 1.000000
vn 0.000000 0.000000 1.000000
vn 0.000000 0.000000 1.000000
vn 0.000000 0.000000 1.000000
vn 0.000000 0.000000 1.000000
vn 0.000000 0.000000 1.000000
vn 0.000000 0.000000 1.000000
vn 0.000000 0.000000 1.000000
vn 0.000000 0.000000 1.000000
vn 0.000000 0.000000 1.000000
vn 0.000000 0.000000 1.000000
vn 0.000000 0.000000 1.000000
vn 0.000000 0.000000 1.000000
vn 0.000000 0.000000 1.000000
vn 0.000000 0.000000 1.000000
vn 0.000000 0.000000 1.000000
vn 0.000000 0.000000 1.000000
vn 0.000000 0.000000 1.000000
vn 0.000000 0.000000 1.000000
vn 0.000000 0.000000 1.000000
vn 0.000000 0.000000 1.000000
vn 0.000000 0.000000 1.000000
vn 0.000000 0.000000 1.000000
vn 0.000000 0.000000 1.000000
vn 0.000000 0.000000 1.000000
vn 0.000000 0.000000 1.000000
vn 0.000000 0.000000 1.000000
vn 0.000000 0.000000 1.000000
vn 0.000000 0.000000 1.000000
vn 0.000000 0.000000 1.000000
vn 0.000000 0.000000 1.000000
vn 0.000000 0.000000 1.000000
vn 0.000000 0.000000 1.000000
vn 0.000000 0.000000 1.000000
vn 0.000000 0.000000 1.000000
vn 0.000000 0.000000 1.000000
vn 0.000000 0.000000 1.000000
vn 0.000000 0.000000 1.000000
vn 0.000000 0.000000 1.000000
vn 0.000000 0.000000 1.000000
vn 0.000000 0.000000 1.000000
vn 0.000000 0.000000 1.000000
vn 0.000000 0.000000 1.000000
vn 0.000000 0.000000 1.000000
vn 0.000000 0.000000 1.000000
vn 0.000000 0.000000 1.000000
vn 0.000000 0.000000 1.000000
vn 0.000000 0.000000 1.000000
vn 0.000000 0.000000 1.000000
vn 0.000000 0.000000 1.000000
vn 0.000000 0.000000 1.000000
vn 0.000000 0.000000 1.000000
vn 0.000000 0.000000 1.000000
vn 0.000000 0.000000 1.000000
vn 0.000000 0.000000 1.000000
vn 0.000000 0.000000 1.000000
vn 0.000000 0.000000 1.000000
vn 0.000000 0.000000 1.000000
vn 0.000000 0.000000 1.000000
vn 0.000000 0.000000 1.000000
vn 0.000000 0.000000 1.000000
vn 0.000000 0.000000 1.000000
vn 0.000000 0.000000 1.000000
vn 0.000000 0.000000 1.000000
vn 0.000000 0.000000 1.000000
vn 0.000000 0.000000 1.000000
vn 0.000000 0.000000 1.000000
vn 0.000000 0.000000 1.000000
vn 0.000000 0.000000 1.000000
vn 0.000000 0.000000 1.000000
vn 0.000000 0.000000 1.000000
vn 0.000000 0.000000 1.000000
vn 0.000000 0.000000 1.000000
vn 0.000000 0.000000 1.000000
vn 0.000000 0.000000 1.000000
vn 0.000000 0.000000 1.000000
vn 0.000000 0.000000 1.000000
vn 0.000000 0.000000 1.000000
vn 0.000000 0.000000 1.000000
vn 0.000000 0.000000 1.000000
vn 0.000000 0.000000 1.000000
vn 0.000000 0.000000 1.000000
vn 0.000000 0.000000 1.000000
vn 0.000000 0.000000 1.000000
vn 0.000000 0.000000 1.000000
vn 0.000000 0.000000 1.000000
vn 0.000000 0.000000 1.000000
vn 0.000000 0.000000 1.000000
vn 0.000000 0.000000 1.000000
vn 0.000000 0.000000 1.000000
vn 0.000000 0.000000 1.000000
vn 0.000000 0.000000 1.000000
vn 0.000000 0.000000 1.000000
vn 0.000000 0.000000 1.000000
vn 0.000000 0.000000 1.000000
vn 0.000000 0.000000 1.000000
vn 0.000000 0.000000 1.000000
vn 0.000000 0.000000 1.000000
vn 0.000000 0.000000 1.000000
vn 0.000000 0.000000 1.000000
vn 0.000000 0.000000 1.000000
vn 0.000000 0.000000 1.000000
vn 0.000000 0.000000 1.000000
vn 0.000000 0.000000 1.000000
vn 0.000000 0.000000 1.000000
vn 0.000000 0.000000 1.000000
vn 0.000000 0.000000 1.000000
vn 0.000000 0.000000 1.000000
vn 0.000000 0.000000 1.000000
vn 0.000000 0.000000 1.000000
vn 0.000000 0.000000 1.000000
vn 0.000000 0.000000 1.000000
vn 0.000000 0.000000 1.000000
vn 0.000000 0.000000 1.000000
vn 0.000000 0.000000 1.000000
vn 0.000000 0.000000 1.000000
vn 0.000000 0.000000 1.000000
vn 0.000000 0.000000 1.000000
vn 0.000000 0.000000 1.000000
vn 0.000000 0.000000 1.000000
vn 0.000000 0.000000 1.000000
vn 0.000000 0.000000 1.000000
vn 0.000000 0.000000 1.000000
vn 0.000000 0.000000 1.000000
vn 0.000000 0.000000 1.000000
vn 0.000000 0.000000 1.000000
vn 0.000000 0.000000 1.000000
vn 0.000000 0.000000 1.000000
vn 0.000000 0.000000 1.000000
vn -0.000000 -0.000000 -1.000000
vn -0.000000 -0.000000 -1.000000
vn -0.000000 -0.000000 -1.000000
vn -0.000000 -0.000000 -1.000000
vn -0.000000 -0.000000 -1.000000
vn -0.000000 -0.000000 -1.000000
vn -0.000000 -0.000000 -1.000000
vn -0.000000 -0.000000 -1.000000
vn -0.000000 -0.000000 -1.000000
vn -0.000000 -0.000000 -1.000000
vn -0.000000 -0.000000 -1.000000
vn -0.000000 -0.000000 -1.000000
vn -0.000000 -0.000000 -1.000000
vn -0.000000 -0.000000 -1.000000
vn -0.000000 -0.000000 -1.000000
vn -0.000000 -0.000000 -1.000000
vn -0.000000 -0.000000 -1.000000
vn -0.000000 -0.000000 -1.000000
vn -0.000000 -0.000000 -1.000000
vn -0.000000 -0.000000 -1.000000
vn -0.000000 -0.000000 -1.000000
vn -0.000000 -0.000000 -1.000000
vn -0.000000 -0.000000 -1.000000
vn -0.000000 -0.000000 -1.000000
vn -0.000000 -0.000000 -1.000000
vn -0.000000 -0.000000 -1.000000
vn -0.000000 -0.000000 -1.000000
vn -0.000000 -0.000000 -1.000000
vn -0.000000 -0.000000 -1.000000
vn -0.000000 -0.000000 -1.000000
vn -0.000000 -0.000000 -1.000000
vn -0.000000 -0.000000 -1.000000
vn -0.000000 -0.000000 -1.000000
vn -0.000000 -0.000000 -1.000000
vn -0.000000 -0.000000 -1.000000
vn -0.000000 -0.000000 -1.000000
vn -0.000000 -0.000000 -1.000000
vn -0.000000 -0.000000 -1.000000
vn -0.000000 -0.000000 -1.000000
vn -0.000000 -0.000000 -1.000000
vn -0.000000 -0.000000 -1.000000
vn -0.000000 -0.000000 -1.000000
vn -0.000000 -0.000000 -1.000000
vn -0.000000 -0.000000 -1.000000
vn -0.000000 -0.000000 -1.000000
vn -0.000000 -0.000000 -1.000000
vn -0.000000 -0.000000 -1.000000
vn -0.000000 -0.000000 -1.000000
vn -0.000000 -0.000000 -1.000000
vn -0.000000 -0.000000 -1.000000
vn -0.000000 -0.000000 -1.000000
vn -0.000000 -0.000000 -1.000000
vn -0.000000 -0.000000 -1.000000
vn -0.000000 -0.000000 -1.000000
vn -0.000000 -0.000000 -1.000000
vn -0.000000 -0.000000 -1.000000
vn -0.000000 -0.000000 -1.000000
vn -0.000000 -0.000000 -1.000000
vn -0.000000 -0.000000 -1.000000
vn -0.000000 -0.000000 -1.000000
vn -0.000000 -0.000000 -1.000000
vn -0.000000 -0.000000 -1.000000
vn -0.000000 -0.000000 -1.000000
vn -0.000000 -0.000000 -1.000000
vn -0.000000 -0.000000 -1.000000
vn -0.000000 -0.000000 -1.000000
vn -0.000000 -0.000000 -1.000000
vn -0.000000 -0.000000 -1.000000
vn -0.000000 -0.000000 -1.000000
vn -0.000000 -0.000000 -1.000000
vn -0.000000 -0.000000 -1.000000
vn -0.000000 -0.000000 -1.000000
vn -0.000000 -0.000000 -1.000000
vn -0.000000 -0.000000 -1.000000
vn -0.000000 -0.000000 -1.000000
vn -0.000000 -0.000000 -1.000000
vn -0.000000 -0.000000 -1.000000
vn -0.000000 -0.000000 -1.000000
vn -0.000000 -0.000000 -1.000000
vn -0.000000 -0.000000 -1.000000
vn -0.000000 -0.000000 -1.000000
vn -0.000000 -0.000000 -1.000000
vn -0.000000 -0.000000 -1.000000
vn -0.000000 -0.000000 -1.000000
vn -0.000000 -0.000000 -1.000000
vn -0.000000 -0.000000 -1.000000
vn -0.000000 -0.000000 -1.000000
vn -0.000000 -0.000000 -1.000000
vn -0.000000 -0.000000 -1.000000
vn -0.000000 -0.000000 -1.000000
vn -0.000000 -0.000000 -1.000000
vn -0.000000 -0.000000 -1.000000
vn -0.000000 -0.000000 -1.000000
vn -0.000000 -0.000000 -1.000000
vn -0.000000 -0.000000 -1.000000
vn -0.000000 -0.000000 -1.000000
vn -0.000000 -0.000000 -1.000000
vn -0.000000 -0.000000 -1.000000
vn -0.000000 -0.000000 -1.000000
vn -0.000000 -0.000000 -1.000000
vn -0.000000 -0.000000 -1.000000
vn -0.000000 -0.000000 -1.000000
vn -0.000000 -0.000000 -1.000000
vn -0.000000 -0.000000 -1.000000
vn -0.000000 -0.000000 -1.000000
vn -0.000000 -0.000000 -1.000000
vn -0.000000 -0.000000 -1.000000
vn -0.000000 -0.000000 -1.000000
vn -0.000000 -0.000000 -1.000000
vn -0.000000 -0.000000 -1.000000
vn -0.000000 -0.000000 -1.000000
vn -0.000000 -0.000000 -1.000000
vn -0.000000 -0.000000 -1.000000
vn -0.000000 -0.000000 -1.000000
vn -0.000000 -0.000000 -1.000000
vn -0.000000 -0.000000 -1.000000
vn -0.000000 -0.000000 -1.000000
vn -0.000000 -0.000000 -1.000000
vn -0.000000 -0.000000 -1.000000
vn -0.000000 -0.000000 -1.000000
vn -0.000000 -0.000000 -1.000000
vn -0.000000 -0.000000 -1.000000
vn -0.000000 -0.000000 -1.000000
vn -0.000000 -0.000000 -1.000000
vn -0.000000 -0.000000 -1.000000
vn -0.000000 -0.000000 -1.000000
vn -0.000000 -0.000000 -1.000000
vn -0.000000 -0.000000 -1.000000
vn -0.000000 -0.000000 -1.000000
vn -0.000000 -0.000000 -1.000000
vn -0.000000 -0.000000 -1.000000
vn -0.000000 -0.000000 -1.000000
vn -0.000000 -0.000000 -1.000000
vn -0.000000 -0.000000 -1.000000
vn -0.000000 -0.000000 -1.000000
vn -0.000000 -0.000000 -1.000000
vn -0.000000 -0.000000 -1.000000
vn -0.000000 -0.000000 -1.000000
vn -0.000000 -0.000000 -1.000000
vn -0.000000 -0.000000 -1.000000
vn -0.000000 -0.000000 -1.000000
vn -0.000000 -0.000000 -1.000000
vn -0.000000 -0.000000 -1.000000
vn -0.000000 -0.000000 -1.000000
vn -0.000000 -0.000000 -1.000000
vn -0.000000 -0.000000 -1.000000
vn -0.000000 -0.000000 -1.000000
vn -0.000000 -0.000000 -1.000000
vn -0.000000 -0.000000 -1.000000
vn -0.000000 -0.000000 -1.000000
vn -0.000000 -0.000000 -1.000000
vn -0.000000 -0.000000 -1.000000
vn -0.000000 -0.000000 -1.000000
vn -0.000000 -0.000000 -1.000000
vn -0.000000 -0.000000 -1.000000
vn -0.000000 -0.000000 -1.000000
vn -0.000000 -0.000000 -1.000000
vn -0.000000 -0.000000 -1.000000
vn -0.000000 -0.000000 -1.000000
vn -0.000000 -0.000000 -1.000000
vn -0.000000 -0.000000 -1.000000
vn -0.000000 -0.000000 -1.000000
vn -0.000000 -0.000000 -1.000000
vn -0.000000 -0.000000 -1.000000
vn -0.000000 -0.000000 -1.000000
vn -0.000000 -0.000000 -1.000000
vn -0.000000 -0.000000 -1.000000
vn -0.000000 -0.000000 -1.000000
vn -0.000000 -0.000000 -1.000000
vn -0.000000 -0.000000 -1.000000
vn -0.000000 -0.000000 -1.000000
vn -0.000000 -0.000000 -1.000000
vn -0.000000 -0.000000 -1.000000
vn -0.000000 -0.000000 -1.000000
vn -0.000000 -0.000000 -1.000000
vn -0.000000 -0.000000 -1.000000
vn -0.000000 -0.000000 -1.000000
vn -0.000000 -0.000000 -1.000000
vn -0.000000 -0.000000 -1.000000
vn -0.000000 -0.000000 -1.000000
vn -0.000000 -0.000000 -1.000000
vn -0.000000 -0.000000 -1.000000
vn -0.000000 -0.000000 -1.000000
vn -0.000000 -0.000000 -1.000000
vn -0.000000 -0.000000 -1.000000
vn -0.000000 -0.000000 -1.000000
vn -0.000000 -0.000000 -1.000000
vn -0.000000 -0.000000 -1.000000
vn -0.000000 -0.000000 -1.000000
vn -0.000000 -0.000000 -1.000000
vn -0.000000 -0.000000 -1.000000
vn -0.000000 -0.000000 -1.000000
vn -0.000000 -0.000000 -1.000000
vn -0.000000 -0.000000 -1.000000
vn -0.000000 -0.000000 -1.000000
vn -0.000000 -0.000000 -1.000000
vn -0.000000 -0.000000 -1.000000
vn -0.000000 -0.000000 -1.000000
vn -0.000000 -0.000000 -1.000000
vn -0.000000 -0.000000 -1.000000
vn -0.000000 -0.000000 -1.000000
vn -0.000000 -0.000000 -1.000000
vn -0.000000 -0.000000 -1.000000
vn -0.000000 -0.000000 -1.000000
vn -0.000000 -0.000000 -1.000000
vn -0.000000 -0.000000 -1.000000
vn -0.000000 -0.000000 -1.000000
vn -0.000000 -0.000000 -1.000000
vn -0.000000 -0.000000 -1.000000
vn -0.000000 -0.000000 -1.000000
vn -0.000000 -0.000000 -1.000000
vn -0.000000 -0.000000 -1.000000
vn -0.000000 -0.000000 -1.000000
vn -0.000000 -0.000000 -1.000000
vn -0.000000 -0.000000 -1.000000
vn -0.000000 -0.000000 -1.000000
vn -0.000000 -0.000000 -1.000000
vn -0.000000 -0.000000 -1.000000
vn -0.000000 -0.000000 -1.000000
vn -0.000000 -0.000000 -1.000000
vn -0.000000 -0.000000 -1.000000
vn -0.000000 -0.000000 -1.000000
vn -0.000000 -0.000000 -1.000000
vn -0.000000 -0.000000 -1.000000
vn -0.000000 -0.000000 -1.000000
vn -0.000000 -0.000000 -1.000000
vn -0.000000 -0.000000 -1.000000
vn -0.000000 -0.000000 -1.000000
vn -0.000000 -0.000000 -1.000000
vn -0.000000 -0.000000 -1.000000
vn -0.000000 -0.000000 -1.000000
vn -0.000000 -0.000000 -1.000000
vn -0.000000 -0.000000 -1.000000
vn -0.000000 -0.000000 -1.000000
vn -0.000000 -0.000000 -1.000000
vn -0.000000 -0.000000 -1.000000
vn -0.000000 -0.000000 -1.000000
vn -0.000000 -0.000000 -1.000000
vn -0.000000 -0.000000 -1.000000
vn -0.000000 -0.000000 -1.000000
vn -0.000000 -0.000000 -1.000000
vn -0.000000 -0.000000 -1.000000
vn -0.000000 -0.000000 -1.000000
vn -0.000000 -0.000000 -1.000000
vn -0.000000 -0.000000 -1.000000
vn -0.000000 -0.000000 -1.000000
vn -0.000000 -0.000000 -1.000000
vn -0.000000 -0.000000 -1.000000
vn -0.000000 -0.000000 -1.000000
vn -0.000000 -0.000000 -1.000000
vn -0.000000 -0.000000 -1.000000
vn -0.000000 -0.000000 -1.000000
vn -0.000000 -0.000000 -1.000000
vn -0.000000 -0.000000 -1.000000
vn -0.000000 -0.000000 -1.000000
vn -0.000000 -0.000000 -1.000000
vn -0.000000 -0.000000 -1.000000
vn -0.000000 -0.000000 -1.000000
vn -0.000000 -0.000000 -1.000000
vn -0.000000 -0.000000 -1.000000
vn -0.000000 -0.000000 -1.000000
vn -0.000000 -0.000000 -1.000000
vn -0.000000 -0.000000 -1.000000
vn -0.000000 -0.000000 -1.000000
vn -0.000000 -0.000000 -1.000000
vn -0.000000 -0.000000 -1.000000
vn -0.000000 -0.000000 -1.000000
vn -0.000000 -0.000000 -1.000000
vn -0.000000 -0.000000 -1.000000
vn -0.000000 -0.000000 -1.000000
vn -0.000000 -0.000000 -1.000000
vn -0.000000 -0.000000 -1.000000
vn -0.000000 -0.000000 -1.000000
vn -0.000000 -0.000000 -1.000000
vn -0.000000 -0.000000 -1.000000
vn -0.000000 -0.000000 -1.000000
vn -0.000000 -0.000000 -1.000000
vn -0.000000 -0.000000 -1.000000
vn -0.000000 -0.000000 -1.000000
vn -0.000000 -0.000000 -1.000000
vn -0.000000 -0.000000 -1.000000
vn -0.000000 -0.000000 -1.000000
vn -0.000000 -0.000000 -1.000000
vn -0.000000 -0.000000 -1.000000
vn -0.000000 -0.000000 -1.000000
vn -0.000000 -0.000000 -1.000000
vn -0.000000 -0.000000 -1.000000
vn -0.000000 -0.000000 -1.000000
vn -0.000000 -0.000000 -1.000000
vn -0.000000 -0.000000 -1.000000
vn -0.000000 -0.000000 -1.000000
vn -0.000000 -0.000000 -1.000000
vn -0.000000 -0.000000 -1.000000
vn -0.000000 -0.000000 -1.000000
vn -0.000000 -0.000000 -1.000000
vn -0.000000 -0.000000 -1.000000
vn -0.000000 -0.000000 -1.000000
vn -0.000000 -0.000000 -1.000000
vn -0.000000 -0.000000 -1.000000
vn -0.000000 -0.000000 -1.000000
vn -0.000000 -0.000000 -1.000000
vn -0.000000 -0.000000 -1.000000
vn -0.000000 -0.000000 -1.000000
vn -0.000000 -0.000000 -1.000000
vn -0.000000 -0.000000 -1.000000
vn -0.000000 -0.000000 -1.000000
vn -0.000000 -0.000000 -1.000000
vn -0.000000 -0.000000 -1.000000
vn -0.000000 -0.000000 -1.000000
vn -0.000000 -0.000000 -1.000000
vn -0.000000 -0.000000 -1.000000
vn -0.000000 -0.000000 -1.000000
vn -0.000000 -0.000000 -1.000000
vn -0.000000 -0.000000 -1.000000
vn -0.000000 -0.000000 -1.000000
vn -0.000000 -0.000000 -1.000000
vn -0.000000 -0.000000 -1.000000
vn -0.000000 -0.000000 -1.000000
vn -0.000000 -0.000000 -1.000000
vn -0.000000 -0.000000 -1.000000
vn -0.000000 -0.000000 -1.000000
vn -0.000000 -0.000000 -1.000000
vn -0.000000 -0.000000 -1.000000
vn -0.000000 -0.000000 -1.000000
vn -0.000000 -0.000000 -1.000000
vn -0.000000 -0.000000 -1.000000
vn -0.000000 -0.000000 -1.000000
vn -0.000000 -0.000000 -1.000000
vn -0.000000 -0.000000 -1.000000
vn -0.000000 -0.000000 -1.000000
vn -0.000000 -0.000000 -1.000000
vn -0.000000 -0.000000 -1.000000
vn -0.000000 -0.000000 -1.000000
vn -0.000000 -0.000000 -1.000000
vn -0.000000 -0.000000 -1.000000
vn -0.000000 -0.000000 -1.000000
vn -0.000000 -0.000000 -1.000000
vn -0.000000 -0.000000 -1.000000
vn -0.000000 -0.000000 -1.000000
vn -0.000000 -0.000000 -1.000000
vn -0.000000 -0.000000 -1.000000
vn -0.000000 -0.000000 -1.000000
vn -0.000000 -0.000000 -1.000000
vn -0.000000 -0.000000 -1.000000
vn -0.000000 -0.000000 -1.000000
vn -0.000000 -0.000000 -1.000000
vn -0.000000 -0.000000 -1.000000
vn -0.000000 -0.000000 -1.000000
vn -0.000000 -0.000000 -1.000000
vn -0.000000 -0.000000 -1.000000
vn -0.000000 -0.000000 -1.000000
vn -0.000000 -0.000000 -1.000000
vn -0.000000 -0.000000 -1.000000
vn -0.000000 -0.000000 -1.000000
vn -0.000000 -0.000000 -1.000000
vn -0.000000 -0.000000 -1.000000
vn -0.000000 -0.000000 -1.000000
vn -0.000000 -0.000000 -1.000000
vn -0.000000 -0.000000 -1.000000
vn -0.000000 -0.000000 -1.000000
vn -0.000000 -0.000000 -1.000000
vn -0.000000 -0.000000 -1.000000
vn -0.000000 -0.000000 -1.000000
vn -0.000000 -0.000000 -1.000000
vn -0.000000 -0.000000 -1.000000
vn -0.000000 -0.000000 -1.000000
vn -0.000000 -0.000000 -1.000000
vn -0.000000 -0.000000 -1.000000
vn -0.000000 -0.000000 -1.000000
vn -0.000000 -0.000000 -1.000000
vn -0.000000 -0.000000 -1.000000
vn -0.000000 -0.000000 -1.000000
vn -0.000000 -0.000000 -1.000000
vn -0.000000 -0.000000 -1.000000
vn -0.000000 -0.000000 -1.000000
vn -0.000000 -0.000000 -1.000000
vn -0.000000 -0.000000 -1.000000
vn -0.000000 -0.000000 -1.000000
vn -0.000000 -0.000000 -1.000000
vn -0.000000 -0.000000 -1.000000
vn -0.000000 -0.000000 -1.000000
vn -0.000000 -0.000000 -1.000000
vn -0.000000 -0.000000 -1.000000
vn -0.000000 -0.000000 -1.000000
vn -0.000000 -0.000000 -1.000000
vn -0.000000 -0.000000 -1.000000
vn -0.000000 -0.000000 -1.000000
vn -0.000000 -0.000000 -1.000000
vn -0.000000 -0.000000 -1.000000
vn -0.000000 -0.000000 -1.000000
vn -0.000000 -0.000000 -1.000000
vn -0.000000 -0.000000 -1.000000
vn -0.000000 -0.000000 -1.000000
vn -0.000000 -0.000000 -1.000000
vn -0.000000 -0.000000 -1.000000
vn -0.000000 -0.000000 -1.000000
vn -0.000000 -0.000000 -1.000000
vn -0.000000 -0.000000 -1.000000
vn -0.000000 -0.000000 -1.000000
vn -0.000000 -0.000000 -1.000000
vn -0.000000 -0.000000 -1.000000
vn -0.000000 -0.000000 -1.000000
vn -0.000000 -0.000000 -1.000000
vn -0.000000 -0.000000 -1.000000
vn -0.000000 -0.000000 -1.000000
vn -0.000000 -0.000000 -1.000000
vn -0.000000 -0.000000 -1.000000
vn -0.000000 -0.000000 -1.000000
vn -0.000000 -0.000000 -1.000000
vn -0.000000 -0.000000 -1.000000
vn -0.000000 -0.000000 -1.000000
vn -0.000000 -0.000000 -1.000000
vn -0.000000 -0.000000 -1.000000
vn -0.000000 -0.000000 -1.000000
vn -0.000000 -0.000000 -1.000000
vn -0.000000 -0.000000 -1.000000
vn -0.000000 -0.000000 -1.000000
vn -0.000000 -0.000000 -1.000000
vn -0.000000 -0.000000 -1.000000
vn -0.000000 -0.000000 -1.000000
vn -0.000000 -0.000000 -1.000000
vn -0.000000 -0.000000 -1.000000
vn -0.000000 -0.000000 -1.000000
vn -0.000000 -0.000000 -1.000000
vn -0.000000 -0.000000 -1.000000
vn -0.000000 -0.000000 -1.000000
vn -0.000000 -0.000000 -1.000000
vn -0.000000 -0.000000 -1.000000
vn -0.000000 -0.000000 -1.000000
vn -0.000000 -0.000000 -1.000000
vn -0.000000 -0.000000 -1.000000
vn -0.000000 -0.000000 -1.000000
vn -0.000000 -0.000000 -1.000000
vn -0.000000 -0.000000 -1.000000
vn -0.000000 -0.000000 -1.000000
vn -0.000000 -0.000000 -1.000000
vn -0.000000 -0.000000 -1.000000
vn -0.000000 -0.000000 -1.000000
vn -0.000000 -0.000000 -1.000000
vn -0.000000 -0.000000 -1.000000
vn -0.000000 -0.000000 -1.000000
vn -0.000000 -0.000000 -1.000000
vn -0.000000 -0.000000 -1.000000
vn -0.000000 -0.000000 -1.000000
vn -0.000000 -0.000000 -1.000000
vn -0.000000 -0.000000 -1.000000
vn -0.000000 -0.000000 -1.000000
vn -0.000000 -0.000000 -1.000000
vn -0.000000 -0.000000 -1.000000
vn -0.000000 -0.000000 -1.000000
vn -0.000000 -0.000000 -1.000000
vn -0.000000 -0.000000 -1.000000
vn -0.000000 -0.000000 -1.000000
vn -0.000000 -0.000000 -1.000000
vn -0.000000 -0.000000 -1.000000
vn -0.000000 -0.000000 -1.000000
vn -0.000000 -0.000000 -1.000000
vn -0.000000 -0.000000 -1.000000
vn -0.000000 -0.000000 -1.000000
vn -0.000000 -0.000000 -1.000000
vn -0.000000 -0.000000 -1.000000
vn -0.000000 -0.000000 -1.000000
vn -0.000000 -0.000000 -1.000000
vn -0.000000 -0.000000 -1.000000
vn -0.000000 -0.000000 -1.000000
vn -0.000000 -0.000000 -1.000000
vn -0.000000 -0.000000 -1.000000
vn -0.000000 -0.000000 -1.000000
vn -0.000000 -0.000000 -1.000000
vn -0.000000 -0.000000 -1.000000
vn -0.000000 -0.000000 -1.000000
vn -0.000000 -0.000000 -1.000000
vn -0.000000 -0.000000 -1.000000
vn -0.000000 -0.000000 -1.000000
vn -0.000000 -0.000000 -1.000000
vn -0.000000 -0.000000 -1.000000
vn -0.000000 -0.000000 -1.000000
vn -0.000000 -0.000000 -1.000000
vn -0.000000 -0.000000 -1.000000
vn -0.000000 -0.000000 -1.000000
vn -0.000000 -0.000000 -1.000000
vn -0.000000 -0.000000 -1.000000
vn -0.000000 -0.000000 -1.000000
vn -0.000000 -0.000000 -1.000000
vn -0.000000 -0.000000 -1.000000
vn -0.000000 -0.000000 -1.000000
vn -0.000000 -0.000000 -1.000000
vn -0.000000 -0.000000 -1.000000
vn -0.000000 -0.000000 -1.000000
vn -0.000000 -0.000000 -1.000000
vn -0.000000 -0.000000 -1.000000
vn -0.000000 -0.000000 -1.000000
vn -0.000000 -0.000000 -1.000000
vn -0.000000 -0.000000 -1.000000
vn -0.000000 -0.000000 -1.000000
vn -0.000000 -0.000000 -1.000000
vn -0.000000 -0.000000 -1.000000
vn -0.000000 -0.000000 -1.000000
vn -0.000000 -0.000000 -1.000000
vn -0.000000 -0.000000 -1.000000
vn -0.000000 -0.000000 -1.000000
vn -0.000000 -0.000000 -1.000000
vn -0.000000 -0.000000 -1.000000
vn -0.000000 -0.000000 -1.000000
vn -0.000000 -0.000000 -1.000000
vn -0.000000 -0.000000 -1.000000
vn -0.000000 -0.000000 -1.000000
vn -0.000000 -0.000000 -1.000000
vn -0.000000 -0.000000 -1.000000
vn -0.000000 -0.000000 -1.000000
vn -0.000000 -0.000000 -1.000000
vn -0.000000 -0.000000 -1.000000
vn -0.000000 -0.000000 -1.000000
vn -0.000000 -0.000000 -1.000000
vn -0.000000 -0.000000 -1.000000
vn -0.000000 -0.000000 -1.000000
vn -0.000000 -0.000000 -1.000000
vn -0.000000 -0.000000 -1.000000
vn -0.000000 -0.000000 -1.000000
vn -0.000000 -0.000000 -1.000000
vn -0.000000 -0.000000 -1.000000
vn -0.000000 -0.000000 -1.000000
vn -0.000000 -0.000000 -1.000000
vn -0.000000 -0.000000 -1.000000
vn -0.000000 -0.000000 -1.000000
vn -0.000000 -0.000000 -1.000000
vn -0.000000 -0.000000 -1.000000
vn -0.000000 -0.000000 -1.000000
vn -0.000000 -0.000000 -1.000000
vn -0.000000 -0.000000 -1.000000
vn -0.000000 -0.000000 -1.000000
vn -0.000000 -0.000000 -1.000000
vn -0.000000 -0.000000 -1.000000
vn -0.000000 -0.000000 -1.000000
vn -0.000000 -0.000000 -1.000000
vn -0.000000 -0.000000 -1.000000
vn -0.000000 -0.000000 -1.000000
vn -0.000000 -0.000000 -1.000000
vn -0.000000 -0.000000 -1.000000
vn -0.000000 -0.000000 -1.000000
vn -0.000000 -0.000000 -1.000000
vn -0.000000 -0.000000 -1.000000
vn -0.000000 -0.000000 -1.000000
vn -0.000000 -0.000000 -1.000000
vn -0.000000 -0.000000 -1.000000
vn -0.000000 -0.000000 -1.000000
vn -0.000000 -0.000000 -1.000000
vn -0.000000 -0.000000 -1.000000
vn -0.000000 -0.000000 -1.000000
vn -0.000000 -0.000000 -1.000000
vn -0.000000 -0.000000 -1.000000
vn -0.000000 -0.000000 -1.000000
vn -0.000000 -0.000000 -1.000000
vn -0.000000 -0.000000 -1.000000
vn -0.000000 -0.000000 -1.000000
vn -0.000000 -0.000000 -1.000000
vn -0.000000 -0.000000 -1.000000
vn -0.000000 -0.000000 -1.000000
vn -0.000000 -0.000000 -1.000000
vn -0.000000 -0.000000 -1.000000
vn -0.000000 -0.000000 -1.000000
vn -0.000000 -0.000000 -1.000000
vn -0.000000 -0.000000 -1.000000
vn -0.000000 -0.000000 -1.000000
vn -0.000000 -0.000000 -1.000000
vn -0.000000 -0.000000 -1.000000
vn -0.000000 -0.000000 -1.000000
vn -0.000000 -0.000000 -1.000000
vn -0.000000 -0.000000 -1.000000
vn -0.000000 -0.000000 -1.000000
vn -0.000000 -0.000000 -1.000000
vn -0.000000 -0.000000 -1.000000
vn -0.000000 -0.000000 -1.000000
vn -0.000000 -0.000000 -1.000000
vn -0.000000 -0.000000 -1.000000
vn -0.000000 -0.000000 -1.000000
vn -0.000000 -0.000000 -1.000000
vn -0.000000 -0.000000 -1.000000
vn -0.000000 -0.000000 -1.000000
vn -0.000000 -0.000000 -1.000000
vn -0.000000 -0.000000 -1.000000
vn -0.000000 -0.000000 -1.000000
vn -0.000000 -0.000000 -1.000000
vn -0.000000 -0.000000 -1.000000
vn -0.000000 -0.000000 -1.000000
vn -0.000000 -0.000000 -1.000000
vn -0.000000 -0.000000 -1.000000
vn -0.000000 -0.000000 -1.000000
vn -0.000000 -0.000000 -1.000000
vn -0.000000 -0.000000 -1.000000
vn -0.000000 -0.000000 -1.000000
vn -0.000000 -0.000000 -1.000000
vn -0.000000 -0.000000 -1.000000
vn -0.000000 -0.000000 -1.000000
vn -0.000000 -0.000000 -1.000000
vn -0.000000 -0.000000 -1.000000
vn -0.000000 -0.000000 -1.000000
vn -0.000000 -0.000000 -1.000000
vn -0.000000 -0.000000 -1.000000
vn -0.000000 -0.000000 -1.000000
vn -0.000000 -0.000000 -1.000000
vn -0.000000 -0.000000 -1.000000
vn -0.000000 -0.000000 -1.000000
vn -0.000000 -0.000000 -1.000000
vn -0.000000 -0.000000 -1.000000
vn -0.000000 -0.000000 -1.000000
vn -0.000000 -0.000000 -1.000000
vn -0.000000 -0.000000 -1.000000
vn -0.000000 -0.000000 -1.000000
vn -0.000000 -0.000000 -1.000000
vn -0.000000 -0.000000 -1.000000
vn -0.000000 -0.000000 -1.000000
vn -0.000000 -0.000000 -1.000000
vn -0.000000 -0.000000 -1.000000
vn -0.000000 -0.000000 -1.000000
vn -0.000000 -0.000000 -1.000000
vn -0.000000 -0.000000 -1.000000
vn -0.000000 -0.000000 -1.000000
vn -0.000000 -0.000000 -1.000000
vn -0.000000 -0.000000 -1.000000
vn -0.000000 -0.000000 -1.000000
vn -0.000000 -0.000000 -1.000000
vn -0.000000 -0.000000 -1.000000
vn -0.000000 -0.000000 -1.000000
vn -0.000000 -0.000000 -1.000000
vn -0.000000 -0.000000 -1.000000
vn -0.000000 -0.000000 -1.000000
vn -0.000000 -0.000000 -1.000000
vn -0.000000 -0.000000 -1.000000
vn -0.000000 -0.000000 -1.000000
vn -0.000000 -0.000000 -1.000000
vn -0.000000 -0.000000 -1.000000
vn -0.000000 -0.000000 -1.000000
vn -0.000000 -0.000000 -1.000000
vn -0.000000 -0.000000 -1.000000
vn -0.000000 -0.000000 -1.000000
vn -0.000000 -0.000000 -1.000000
vn -0.000000 -0.000000 -1.000000
vn -0.000000 -0.000000 -1.000000
vn -0.000000 -0.000000 -1.000000
vn -0.000000 -0.000000 -1.000000
vn -0.000000 -0.000000 -1.000000
vn -0.000000 -0.000000 -1.000000
vn -0.000000 -0.000000 -1.000000
vn -0.000000 -0.000000 -1.000000
vn -0.000000 -0.000000 -1.000000
vn -0.000000 -0.000000 -1.000000
vn -0.000000 -0.000000 -1.000000
vn -0.000000 -0.000000 -1.000000
vn -0.000000 -0.000000 -1.000000
vn -0.000000 -0.000000 -1.000000
vn -0.000000 -0.000000 -1.000000
vn -0.000000 -0.000000 -1.000000
vn -0.000000 -0.000000 -1.000000
vn -0.000000 -0.000000 -1.000000
vn -0.000000 -0.000000 -1.000000
vn -0.000000 -0.000000 -1.000000
vn -0.000000 -0.000000 -1.000000
vn -0.000000 -0.000000 -1.000000
vn -0.000000 -0.000000 -1.000000
vn -0.000000 -0.000000 -1.000000
vn -0.000000 -0.000000 -1.000000
vn -0.000000 -0.000000 -1.000000
vn -0.000000 -0.000000 -1.000000
vn -0.000000 -0.000000 -1.000000
vn -0.000000 -0.000000 -1.000000
vn -0.000000 -0.000000 -1.000000
vn -0.000000 -0.000000 -1.000000
vn -0.000000 -0.000000 -1.000000
vn -0.000000 -0.000000 -1.000000
vn -0.000000 -0.000000 -1.000000
vn -0.000000 -0.000000 -1.000000
vn -0.000000 -0.000000 -1.000000
vn -0.000000 -0.000000 -1.000000
vn -0.000000 -0.000000 -1.000000
vn -0.000000 -0.000000 -1.000000
vn -0.000000 -0.000000 -1.000000
vn -0.000000 -0.000000 -1.000000
vn -0.988831 0.149042 -0.000000
vn -0.988831 0.149042 -0.000000
vn -1.000000 0.000000 -0.000000
vn -1.000000 0.000000 -0.000000
vn -0.988831 -0.149042 0.000000
vn -0.988831 -0.149042 0.000000
vn -0.955573 -0.294755 0.000000
vn -0.955573 -0.294755 0.000000
vn -0.900969 -0.433884 0.000000
vn -0.900969 -0.433884 0.000000
vn -0.826239 -0.563320 0.000000
vn -0.826239 -0.563320 0.000000
vn -0.733052 -0.680173 0.000000
vn -0.733052 -0.680173 0.000000
vn -0.623490 -0.781831 0.000000
vn -0.623490 -0.781831 0.000000
vn -0.500000 -0.866025 0.000000
vn -0.500000 -0.866025 0.000000
vn -0.365341 -0.930874 0.000000
vn -0.365341 -0.930874 0.000000
vn -0.222521 -0.974928 0.000000
vn -0.222521 -0.974928 0.000000
vn -0.074730 -0.997204 0.000000
vn -0.074730 -0.997204 0.000000
vn 0.074730 -0.997204 -0.000000
vn 0.074730 -0.997204 -0.000000
vn 0.222521 -0.974928 -0.000000
vn 0.222521 -0.974928 -0.000000
vn 0.365341 -0.930874 -0.000000
vn 0.365341 -0.930874 -0.000000
vn 0.500000 -0.866025 -0.000000
vn 0.500000 -0.866025 -0.000000
vn 0.623490 -0.781831 -0.000000
vn 0.623490 -0.781831 -0.000000
vn 0.733052 -0.680173 -0.000000
vn 0.733052 -0.680173 -0.000000
vn 0.826239 -0.563320 -0.000000
vn 0.826239 -0.563320 -0.000000
vn 0.900969 -0.433884 -0.000000
vn 0.900969 -0.433884 -0.000000
vn 0.955573 -0.294755 -0.000000
vn 0.955573 -0.294755 -0.000000
vn 0.988831 -0.149042 -0.000000
vn 0.988831 -0.149042 -0.000000
vn 1.000000 -0.000000 -0.000000
vn 1.000000 -0.000000 -0.000000
vn 0.988831 0.149042 -0.000000
vn 0.988831 0.149042 -0.000000
vn 0.955573 0.294755 -0.000000
vn 0.955573 0.294755 -0.000000
vn 0.900969 0.433884 -0.000000
vn 0.900969 0.433884 -0.000000
vn 0.826239 0.563320 -0.000000
vn 0.826239 0.563320 -0.000000
vn 0.733052 0.680173 -0.000000
vn 0.733052 0.680173 -0.000000
vn 0.623490 0.781831 -0.000000
vn 0.623490 0.781831 -0.000000
vn 0.500000 0.866025 -0.000000
vn 0.500000 0.866025 -0.000000
vn 0.365341 0.930874 -0.000000
vn 0.365341 0.930874 -0.000000
vn 0.222521 0.974928 -0.000000
vn 0.222521 0.974928 -0.000000
vn 0.074730 0.997204 -0.000000
vn 0.074730 0.997204 -0.000000
vn -0.074730 0.997204 -0.000000
vn -0.074730 0.997204 -0.000000
vn -0.222521 0.974928 -0.000000
vn -0.222521 0.974928 -0.000000
vn -0.365341 0.930874 -0.000000
vn -0.365341 0.930874 -0.000000
vn -0.500000 0.866025 -0.000000
vn -0.500000 0.866025 -0.000000
vn -0.623490 0.781831 -0.000000
vn -0.623490 0.781831 -0.000000
vn -0.733052 0.680173 -0.000000
vn -0.733052 0.680173 -0.000000
vn -0.826239 0.563320 -0.000000
vn -0.826239 0.563320 -0.000000
vn -0.900969 0.433884 -0.000000
vn -0.900969 0.433884 -0.000000
vn -0.955573 0.294755 -0.000000
vn -0.955573 0.294755 -0.000000
usemtl Steel_-_Satin
f 1/1/1 2/2/2 4/3/3
f 4/3/3 2/2/2 3/4/4
f 5/5/5 1/6/6 6/7/7
f 6/7/7 1/6/6 4/8/8
f 5/9/9 9/10/10 7/11/11
f 7/11/11 9/10/10 10/12/12
f 7/11/11 10/12/12 11/13/13
f 6/14/14 8/15/15 5/9/9
f 5/9/9 8/15/15 9/10/10
f 17/16/16 12/17/17 16/18/18
f 16/18/18 12/17/17 13/19/19
f 16/18/18 13/19/19 15/20/20
f 15/20/20 13/19/19 14/21/21
f 14/21/21 13/19/19 7/22/22
f 14/21/21 7/22/22 11/23/23
f 12/24/24 20/25/25 18/26/26
f 18/26/26 20/25/25 21/27/27
f 18/26/26 21/27/27 22/28/28
f 17/29/29 19/30/30 12/24/24
f 12/24/24 19/30/30 20/25/25
f 23/31/31 18/32/32 24/33/33
f 24/33/33 18/32/32 22/34/34
f 31/35/35 25/36/36 30/37/37
f 30/37/37 25/36/36 26/38/38
f 30/37/37 26/38/38 27/39/39
f 23/40/40 28/41/41 27/39/39
f 27/39/39 28/41/41 29/42/42
f 27/39/39 29/42/42 30/37/37
f 23/40/40 24/43/43 28/41/41
f 39/44/44 32/45/45 38/46/46
f 38/46/46 32/45/45 33/47/47
f 38/46/46 33/47/47 37/48/48
f 37/48/48 33/47/47 34/49/49
f 37/48/48 34/49/49 36/50/50
f 36/50/50 34/49/49 35/51/51
f 36/50/50 35/51/51 25/52/52
f 25/52/52 31/53/53 36/50/50
f 40/54/54 32/55/55 41/56/56
f 41/56/56 32/55/55 39/57/57
f 42/58/58 40/59/59 43/60/60
f 43/60/60 40/59/59 41/61/61
f 49/62/62 44/63/63 48/64/64
f 48/64/64 44/63/63 45/65/65
f 48/64/64 45/65/65 47/66/66
f 47/66/66 45/65/65 46/67/67
f 46/67/67 45/65/65 42/68/68
f 46/67/67 42/68/68 43/69/69
f 56/70/70 50/71/71 55/72/72
f 55/72/72 50/71/71 51/73/73
f 55/72/72 51/73/73 54/74/74
f 54/74/74 51/73/73 53/75/75
f 53/75/75 51/73/73 52/76/76
f 53/75/75 52/76/76 44/77/77
f 44/77/77 49/78/78 53/75/75
f 57/79/79 50/80/80 58/81/81
f 58/81/81 50/80/80 56/82/82
f 59/83/83 57/84/84 60/85/85
f 60/85/85 57/84/84 58/86/86
f 61/87/87 59/88/88 62/89/89
f 62/89/89 59/88/88 60/90/90
f 68/91/91 63/92/92 67/93/93
f 67/93/93 63/92/92 64/94/94
f 67/93/93 64/94/94 66/95/95
f 66/95/95 64/94/94 65/96/96
f 65/96/96 64/94/94 61/97/97
f 65/96/96 61/97/97 62/98/98
f 75/99/99 69/100/100 74/101/101
f 74/101/101 69/100/100 70/102/102
f 74/101/101 70/102/102 73/103/103
f 73/103/103 70/102/102 72/104/104
f 72/104/104 70/102/102 71/105/105
f 72/104/104 71/105/105 63/106/106
f 63/106/106 68/107/107 72/104/104
f 76/108/108 69/109/109 77/110/110
f 77/110/110 69/109/109 75/111/111
f 78/112/112 76/113/113 79/114/114
f 79/114/114 76/113/113 77/115/115
f 80/116/116 78/117/117 81/118/118
f 81/118/118 78/117/117 79/119/119
f 87/120/120 82/121/121 86/122/122
f 86/122/122 82/121/121 83/123/123
f 86/122/122 83/123/123 85/124/124
f 85/124/124 83/123/123 84/125/125
f 84/125/125 83/123/123 80/126/126
f 84/125/125 80/126/126 81/127/127
f 93/128/128 88/129/129 92/130/130
f 92/130/130 88/129/129 89/131/131
f 92/130/130 89/131/131 91/132/132
f 91/132/132 89/131/131 90/133/133
f 90/133/133 89/131/131 82/134/134
f 90/133/133 82/134/134 87/135/135
f 94/136/136 88/137/137 95/138/138
f 95/138/138 88/137/137 93/139/139
f 96/140/140 94/141/141 97/142/142
f 97/142/142 94/141/141 95/143/143
f 98/144/144 96/145/145 99/146/146
f 99/146/146 96/145/145 97/147/147
f 100/148/148 98/149/149 101/150/150
f 101/150/150 98/149/149 99/151/151
f 110/152/152 102/153/153 109/154/154
f 109/154/154 102/153/153 103/155/155
f 109/154/154 103/155/155 108/156/156
f 108/156/156 103/155/155 104/157/157
f 108/156/156 104/157/157 107/158/158
f 107/158/158 104/157/157 105/159/159
f 107/158/158 105/159/159 106/160/160
f 106/160/160 105/159/159 100/161/161
f 106/160/160 100/161/161 101/162/162
f 116/163/163 111/164/164 115/165/165
f 115/165/165 111/164/164 112/166/166
f 115/165/165 112/166/166 114/167/167
f 114/167/167 112/166/166 113/168/168
f 113/168/168 112/166/166 102/169/169
f 113/168/168 102/169/169 110/170/170
f 117/171/171 111/172/172 118/173/173
f 118/173/173 111/172/172 116/174/174
f 124/175/175 119/176/176 123/177/177
f 123/177/177 119/176/176 120/178/178
f 123/177/177 120/178/178 122/179/179
f 122/179/179 120/178/178 121/180/180
f 121/180/180 120/178/178 117/181/181
f 121/180/180 117/181/181 118/182/182
f 134/183/183 125/184/184 133/185/185
f 133/185/185 125/184/184 126/186/186
f 133/185/185 126/186/186 132/187/187
f 132/187/187 126/186/186 127/188/188
f 132/187/187 127/188/188 131/189/189
f 131/189/189 127/188/188 128/190/190
f 131/189/189 128/190/190 129/191/191
f 131/189/189 129/191/191 130/192/192
f 130/192/192 129/191/191 119/193/193
f 130/192/192 119/193/193 124/194/194
f 135/195/195 125/196/196 136/197/197
f 136/197/197 125/196/196 134/198/198
f 2/199/199 135/200/200 3/201/201
f 3/201/201 135/200/200 136/202/202
f 146/203/203 137/204/204 145/205/205
f 145/205/205 137/204/204 138/206/206
f 145/205/205 138/206/206 139/207/207
f 145/205/205 139/207/207 144/208/208
f 144/208/208 139/207/207 140/209/209
f 144/208/208 140/209/209 143/210/210
f 143/210/210 140/209/209 141/211/211
f 143/210/210 141/211/211 142/212/212
f 153/213/213 147/214/214 152/215/215
f 152/215/215 147/214/214 148/216/216
f 152/215/215 148/216/216 151/217/217
f 151/217/217 148/216/216 150/218/218
f 150/218/218 148/216/216 149/219/219
f 150/218/218 149/219/219 137/220/220
f 137/220/220 146/221/221 150/218/218
f 154/222/222 147/223/223 155/224/224
f 155/224/224 147/223/223 153/225/225
f 156/226/226 154/227/227 157/228/228
f 157/228/228 154/227/227 155/229/229
f 158/230/230 156/231/231 159/232/232
f 159/232/232 156/231/231 157/233/233
f 160/234/234 158/235/235 161/236/236
f 161/236/236 158/235/235 159/237/237
f 168/238/238 162/239/239 167/240/240
f 167/240/240 162/239/239 163/241/241
f 167/240/240 163/241/241 164/242/242
f 160/243/243 165/244/244 164/242/242
f 164/242/242 165/244/244 166/245/245
f 164/242/242 166/245/245 167/240/240
f 160/243/243 161/246/246 165/244/244
f 178/247/247 169/248/248 177/249/249
f 177/249/249 169/248/248 170/250/250
f 177/249/249 170/250/250 176/251/251
f 176/251/251 170/250/250 171/252/252
f 176/251/251 171/252/252 175/253/253
f 175/253/253 171/252/252 172/254/254
f 175/253/253 172/254/254 173/255/255
f 175/253/253 173/255/255 174/256/256
f 174/256/256 173/255/255 162/257/257
f 174/256/256 162/257/257 168/258/258
f 179/259/259 169/260/260 180/261/261
f 180/261/261 169/260/260 178/262/262
f 181/263/263 179/264/264 182/265/265
f 182/265/265 179/264/264 180/266/266
f 183/267/267 181/268/268 184/269/269
f 184/269/269 181/268/268 182/270/270
f 194/271/271 185/272/272 193/273/273
f 193/273/273 185/272/272 186/274/274
f 193/273/273 186/274/274 192/275/275
f 192/275/275 186/274/274 187/276/276
f 192/275/275 187/276/276 188/277/277
f 192/275/275 188/277/277 191/278/278
f 191/278/278 188/277/277 189/279/279
f 191/278/278 189/279/279 190/280/280
f 190/280/280 189/279/279 183/281/281
f 190/280/280 183/281/281 184/282/282
f 200/283/283 195/284/284 199/285/285
f 199/285/285 195/284/284 196/286/286
f 199/285/285 196/286/286 198/287/287
f 198/287/287 196/286/286 197/288/288
f 197/288/288 196/286/286 185/289/289
f 197/288/288 185/289/289 194/290/290
f 201/291/291 195/292/292 202/293/293
f 202/293/293 195/292/292 200/294/294
f 203/295/295 201/296/296 204/297/297
f 204/297/297 201/296/296 202/298/298
f 205/299/299 203/300/300 206/301/301
f 206/301/301 203/300/300 204/302/302
f 207/303/303 205/304/304 208/305/305
f 208/305/305 205/304/304 206/306/306
f 216/307/307 209/308/308 215/309/309
f 215/309/309 209/308/308 210/310/310
f 215/309/309 210/310/310 211/311/311
f 215/309/309 211/311/311 214/312/312
f 214/312/312 211/311/311 212/313/313
f 214/312/312 212/313/313 213/314/314
f 213/314/314 212/313/313 207/315/315
f 213/314/314 207/315/315 208/316/316
f 223/317/317 217/318/318 222/319/319
f 222/319/319 217/318/318 218/320/320
f 222/319/319 218/320/320 221/321/321
f 221/321/321 218/320/320 220/322/322
f 220/322/322 218/320/320 219/323/323
f 220/322/322 219/323/323 209/324/324
f 209/324/324 216/325/325 220/322/322
f 224/326/326 217/327/327 225/328/328
f 225/328/328 217/327/327 223/329/329
f 231/330/330 226/331/331 230/332/332
f 230/332/332 226/331/331 227/333/333
f 230/332/332 227/333/333 229/334/334
f 229/334/334 227/333/333 228/335/335
f 228/335/335 227/333/333 224/336/336
f 228/335/335 224/336/336 225/337/337
f 241/338/338 232/339/339 240/340/340
f 240/340/340 232/339/339 233/341/341
f 240/340/340 233/341/341 239/342/342
f 239/342/342 233/341/341 234/343/343
f 239/342/342 234/343/343 238/344/344
f 238/344/344 234/343/343 235/345/345
f 238/344/344 235/345/345 236/346/346
f 238/344/344 236/346/346 237/347/347
f 237/347/347 236/346/346 226/348/348
f 237/347/347 226/348/348 231/349/349
f 242/350/350 232/351/351 243/352/352
f 243/352/352 232/351/351 241/353/353
f 244/354/354 242/355/355 245/356/356
f 245/356/356 242/355/355 243/357/357
f 141/358/358 244/359/359 142/360/360
f 142/360/360 244/359/359 245/361/361
f 246/362/362 247/363/363 249/364/364
f 249/364/364 247/363/363 248/365/365
f 259/366/366 250/367/367 258/368/368
f 258/368/368 250/367/367 251/369/369
f 258/368/368 251/369/369 257/370/370
f 257/370/370 251/369/369 252/371/371
f 257/370/370 252/371/371 253/372/372
f 257/370/370 253/372/372 256/373/373
f 256/373/373 253/372/372 254/374/374
f 256/373/373 254/374/374 255/375/375
f 255/375/375 254/374/374 246/376/376
f 255/375/375 246/376/376 249/377/377
f 265/378/378 260/379/379 264/380/380
f 264/380/380 260/379/379 261/381/381
f 264/380/380 261/381/381 263/382/382
f 263/382/382 261/381/381 262/383/383
f 262/383/383 261/381/381 250/384/384
f 262/383/383 250/384/384 259/385/385
f 266/386/386 260/387/387 267/388/388
f 267/388/388 260/387/387 265/389/389
f 273/390/390 268/391/391 272/392/392
f 272/392/392 268/391/391 269/393/393
f 272/392/392 269/393/393 271/394/394
f 271/394/394 269/393/393 270/395/395
f 270/395/395 269/393/393 266/396/396
f 270/395/395 266/396/396 267/397/397
f 283/398/398 274/399/399 282/400/400
f 282/400/400 274/399/399 275/401/401
f 282/400/400 275/401/401 281/402/402
f 281/402/402 275/401/401 276/403/403
f 281/402/402 276/403/403 280/404/404
f 280/404/404 276/403/403 277/405/405
f 280/404/404 277/405/405 278/406/406
f 280/404/404 278/406/406 279/407/407
f 279/407/407 278/406/406 268/408/408
f 279/407/407 268/408/408 273/409/409
f 284/410/410 274/411/411 285/412/412
f 285/412/412 274/411/411 283/413/413
f 286/414/414 284/415/415 287/416/416
f 287/416/416 284/415/415 285/417/417
f 288/418/418 286/419/419 289/420/420
f 289/420/420 286/419/419 287/421/421
f 298/422/422 290/423/423 297/424/424
f 297/424/424 290/423/423 291/425/425
f 297/424/424 291/425/425 296/426/426
f 296/426/426 291/425/425 292/427/427
f 296/426/426 292/427/427 295/428/428
f 295/428/428 292/427/427 293/429/429
f 295/428/428 293/429/429 294/430/430
f 294/430/430 293/429/429 288/431/431
f 294/430/430 288/431/431 289/432/432
f 304/433/433 299/434/434 303/435/435
f 303/435/435 299/434/434 300/436/436
f 303/435/435 300/436/436 302/437/437
f 302/437/437 300/436/436 301/438/438
f 301/438/438 300/436/436 290/439/439
f 301/438/438 290/439/439 298/440/440
f 305/441/441 299/442/442 306/443/443
f 306/443/443 299/442/442 304/444/444
f 312/445/445 307/446/446 311/447/447
f 311/447/447 307/446/446 308/448/448
f 311/447/447 308/448/448 310/449/449
f 310/449/449 308/448/448 309/450/450
f 309/450/450 308/448/448 305/451/451
f 309/450/450 305/451/451 306/452/452
f 322/453/453 313/454/454 321/455/455
f 321/455/455 313/454/454 314/456/456
f 321/455/455 314/456/456 320/457/457
f 320/457/457 314/456/456 315/458/458
f 320/457/457 315/458/458 319/459/459
f 319/459/459 315/458/458 316/460/460
f 319/459/459 316/460/460 317/461/461
f 319/459/459 317/461/461 318/462/462
f 318/462/462 317/461/461 307/463/463
f 318/462/462 307/463/463 312/464/464
f 323/465/465 313/466/466 324/467/467
f 324/467/467 313/466/466 322/468/468
f 247/469/469 323/470/470 248/471/471
f 248/471/471 323/470/470 324/472/472
f 335/473/473 325/474/474 334/475/475
f 334/475/475 325/474/474 326/476/476
f 334/475/475 326/476/476 333/477/477
f 333/477/477 326/476/476 327/478/478
f 333/477/477 327/478/478 332/479/479
f 332/479/479 327/478/478 328/480/480
f 332/479/479 328/480/480 331/481/481
f 331/481/481 328/480/480 329/482/482
f 331/481/481 329/482/482 330/483/483
f 341/484/484 336/485/485 340/486/486
f 340/486/486 336/485/485 337/487/487
f 340/486/486 337/487/487 339/488/488
f 339/488/488 337/487/487 338/489/489
f 338/489/489 337/487/487 325/490/490
f 338/489/489 325/490/490 335/491/491
f 342/492/492 336/493/493 343/494/494
f 343/494/494 336/493/493 341/495/495
f 349/496/496 344/497/497 348/498/498
f 348/498/498 344/497/497 345/499/499
f 348/498/498 345/499/499 347/500/500
f 347/500/500 345/499/499 346/501/501
f 346/501/501 345/499/499 342/502/502
f 346/501/501 342/502/502 343/503/503
f 359/504/504 350/505/505 358/506/506
f 358/506/506 350/505/505 351/507/507
f 358/506/506 351/507/507 357/508/508
f 357/508/508 351/507/507 352/509/509
f 357/508/508 352/509/509 356/510/510
f 356/510/510 352/509/509 353/511/511
f 356/510/510 353/511/511 354/512/512
f 356/510/510 354/512/512 355/513/513
f 355/513/513 354/512/512 344/514/514
f 355/513/513 344/514/514 349/515/515
f 360/516/516 350/517/517 361/518/518
f 361/518/518 350/517/517 359/519/519
f 362/520/520 360/521/521 363/522/522
f 363/522/522 360/521/521 361/523/523
f 364/524/524 362/525/525 365/526/526
f 365/526/526 362/525/525 363/527/527
f 375/528/528 366/529/529 374/530/530
f 374/530/530 366/529/529 367/531/531
f 374/530/530 367/531/531 373/532/532
f 373/532/532 367/531/531 368/533/533
f 373/532/532 368/533/533 369/534/534
f 373/532/532 369/534/534 372/535/535
f 372/535/535 369/534/534 370/536/536
f 372/535/535 370/536/536 371/537/537
f 371/537/537 370/536/536 364/538/538
f 371/537/537 364/538/538 365/539/539
f 381/540/540 376/541/541 380/542/542
f 380/542/542 376/541/541 377/543/543
f 380/542/542 377/543/543 379/544/544
f 379/544/544 377/543/543 378/545/545
f 378/545/545 377/543/543 366/546/546
f 378/545/545 366/546/546 375/547/547
f 382/548/548 376/549/549 383/550/550
f 383/550/550 376/549/549 381/551/551
f 384/552/552 382/553/553 385/554/554
f 385/554/554 382/553/553 383/555/555
f 391/556/556 386/557/557 390/558/558
f 390/558/558 386/557/557 387/559/559
f 390/558/558 387/559/559 389/560/560
f 389/560/560 387/559/559 388/561/561
f 388/561/561 387/559/559 384/562/562
f 388/561/561 384/562/562 385/563/563
f 397/564/564 392/565/565 396/566/566
f 396/566/566 392/565/565 393/567/567
f 396/566/566 393/567/567 395/568/568
f 395/568/568 393/567/567 394/569/569
f 394/569/569 393/567/567 386/570/570
f 394/569/569 386/570/570 391/571/571
f 392/572/572 400/573/573 398/574/574
f 398/574/574 400/573/573 401/575/575
f 398/574/574 401/575/575 402/576/576
f 397/577/577 399/578/578 392/572/572
f 392/572/572 399/578/578 400/573/573
f 403/579/579 398/580/580 404/581/581
f 404/581/581 398/580/580 402/582/582
f 405/583/583 403/584/584 406/585/585
f 406/585/585 403/584/584 404/586/586
f 413/587/587 407/588/588 412/589/589
f 412/589/589 407/588/588 408/590/590
f 412/589/589 408/590/590 411/591/591
f 411/591/591 408/590/590 409/592/592
f 411/591/591 409/592/592 410/593/593
f 410/593/593 409/592/592 405/594/594
f 410/593/593 405/594/594 406/595/595
f 407/596/596 416/597/597 414/598/598
f 414/598/598 416/597/597 417/599/599
f 414/598/598 417/599/599 418/600/600
f 413/601/601 415/602/602 407/596/596
f 407/596/596 415/602/602 416/597/597
f 414/603/603 421/604/604 419/605/605
f 419/605/605 421/604/604 422/606/606
f 419/605/605 422/606/606 423/607/607
f 418/608/608 420/609/609 414/603/603
f 414/603/603 420/609/609 421/604/604
f 419/610/610 426/611/611 424/612/612
f 424/612/612 426/611/611 427/613/613
f 424/612/612 427/613/613 428/614/614
f 423/615/615 425/616/616 419/610/610
f 419/610/610 425/616/616 426/611/611
f 429/617/617 430/618/618 440/619/619
f 440/619/619 430/618/618 439/620/620
f 439/620/620 430/618/618 431/621/621
f 439/620/620 431/621/621 438/622/622
f 438/622/622 431/621/621 432/623/623
f 438/622/622 432/623/623 437/624/624
f 437/624/624 432/623/623 433/625/625
f 437/624/624 433/625/625 436/626/626
f 436/626/626 433/625/625 434/627/627
f 436/626/626 434/627/627 435/628/628
f 435/628/628 434/627/627 424/629/629
f 435/628/628 424/629/629 428/630/630
f 450/631/631 441/632/632 449/633/633
f 449/633/633 441/632/632 442/634/634
f 449/633/633 442/634/634 448/635/635
f 448/635/635 442/634/634 443/636/636
f 448/635/635 443/636/636 444/637/637
f 448/635/635 444/637/637 447/638/638
f 447/638/638 444/637/637 445/639/639
f 447/638/638 445/639/639 446/640/640
f 446/640/640 445/639/639 429/641/641
f 446/640/640 429/641/641 440/642/642
f 457/643/643 451/644/644 456/645/645
f 456/645/645 451/644/644 452/646/646
f 456/645/645 452/646/646 455/647/647
f 455/647/647 452/646/646 453/648/648
f 455/647/647 453/648/648 454/649/649
f 454/649/649 453/648/648 441/650/650
f 454/649/649 441/650/650 450/651/651
f 458/652/652 451/653/653 459/654/654
f 459/654/654 451/653/653 457/655/655
f 329/656/656 458/657/657 330/658/658
f 330/658/658 458/657/657 459/659/659
f 472/660/660 460/661/661 471/662/662
f 471/662/662 460/661/661 461/663/663
f 471/662/662 461/663/663 470/664/664
f 470/664/664 461/663/663 462/665/665
f 470/664/664 462/665/665 469/666/666
f 469/666/666 462/665/665 463/667/667
f 469/666/666 463/667/667 468/668/668
f 468/668/668 463/667/667 464/669/669
f 468/668/668 464/669/669 467/670/670
f 467/670/670 464/669/669 466/671/671
f 466/671/671 464/669/669 465/672/672
f 460/673/673 475/674/674 473/675/675
f 473/675/675 475/674/674 476/676/676
f 473/675/675 476/676/676 477/677/677
f 472/678/678 474/679/679 460/673/673
f 460/673/673 474/679/679 475/674/674
f 473/680/680 480/681/681 478/682/682
f 478/682/682 480/681/681 481/683/683
f 478/682/682 481/683/683 482/684/684
f 477/685/685 479/686/686 473/680/680
f 473/680/680 479/686/686 480/681/681
f 490/687/687 483/688/688 489/689/689
f 489/689/689 483/688/688 484/690/690
f 489/689/689 484/690/690 488/691/691
f 488/691/691 484/690/690 485/692/692
f 488/691/691 485/692/692 486/693/693
f 488/691/691 486/693/693 487/694/694
f 487/694/694 486/693/693 478/695/695
f 487/694/694 478/695/695 482/696/696
f 498/697/697 491/698/698 497/699/699
f 497/699/699 491/698/698 492/700/700
f 497/699/699 492/700/700 496/701/701
f 496/701/701 492/700/700 493/702/702
f 496/701/701 493/702/702 494/703/703
f 496/701/701 494/703/703 495/704/704
f 495/704/704 494/703/703 483/705/705
f 495/704/704 483/705/705 490/706/706
f 504/707/707 499/708/708 503/709/709
f 503/709/709 499/708/708 500/710/710
f 503/709/709 500/710/710 502/711/711
f 502/711/711 500/710/710 501/712/712
f 501/712/712 500/710/710 491/713/713
f 501/712/712 491/713/713 498/714/714
f 510/715/715 505/716/716 509/717/717
f 509/717/717 505/716/716 506/718/718
f 509/717/717 506/718/718 508/719/719
f 508/719/719 506/718/718 507/720/720
f 507/720/720 506/718/718 499/721/721
f 507/720/720 499/721/721 504/722/722
f 516/723/723 511/724/724 515/725/725
f 515/725/725 511/724/724 512/726/726
f 515/725/725 512/726/726 514/727/727
f 514/727/727 512/726/726 513/728/728
f 513/728/728 512/726/726 505/729/729
f 513/728/728 505/729/729 510/730/730
f 522/731/731 517/732/732 521/733/733
f 521/733/733 517/732/732 518/734/734
f 521/733/733 518/734/734 520/735/735
f 520/735/735 518/734/734 519/736/736
f 519/736/736 518/734/734 511/737/737
f 519/736/736 511/737/737 516/738/738
f 532/739/739 523/740/740 531/741/741
f 531/741/741 523/740/740 524/742/742
f 531/741/741 524/742/742 530/743/743
f 530/743/743 524/742/742 525/744/744
f 530/743/743 525/744/744 529/745/745
f 529/745/745 525/744/744 526/746/746
f 529/745/745 526/746/746 527/747/747
f 529/745/745 527/747/747 528/748/748
f 528/748/748 527/747/747 517/749/749
f 528/748/748 517/749/749 522/750/750
f 539/751/751 533/752/752 538/753/753
f 538/753/753 533/752/752 534/754/754
f 538/753/753 534/754/754 537/755/755
f 537/755/755 534/754/754 535/756/756
f 537/755/755 535/756/756 536/757/757
f 536/757/757 535/756/756 523/758/758
f 536/757/757 523/758/758 532/759/759
f 547/760/760 540/761/761 546/762/762
f 546/762/762 540/761/761 541/763/763
f 546/762/762 541/763/763 545/764/764
f 545/764/764 541/763/763 542/765/765
f 545/764/764 542/765/765 543/766/766
f 545/764/764 543/766/766 544/767/767
f 544/767/767 543/766/766 533/768/768
f 544/767/767 533/768/768 539/769/769
f 555/770/770 548/771/771 554/772/772
f 554/772/772 548/771/771 549/773/773
f 554/772/772 549/773/773 553/774/774
f 553/774/774 549/773/773 550/775/775
f 553/774/774 550/775/775 551/776/776
f 553/774/774 551/776/776 552/777/777
f 552/777/777 551/776/776 540/778/778
f 552/777/777 540/778/778 547/779/779
f 556/780/780 548/781/781 557/782/782
f 557/782/782 548/781/781 555/783/783
f 558/784/784 556/785/785 559/786/786
f 559/786/786 556/785/785 557/787/787
f 560/788/788 558/789/789 561/790/790
f 561/790/790 558/789/789 559/791/791
f 560/792/792 564/793/793 562/794/794
f 562/794/794 564/793/793 565/795/795
f 562/794/794 565/795/795 566/796/796
f 561/797/797 563/798/798 560/792/792
f 560/792/792 563/798/798 564/793/793
f 568/799/799 581/800/800 567/801/801
f 567/801/801 581/800/800 577/802/802
f 567/801/801 577/802/802 575/803/803
f 575/803/803 577/802/802 582/804/804
f 575/803/803 582/804/804 574/805/805
f 574/805/805 582/804/804 583/806/806
f 574/805/805 583/806/806 573/807/807
f 573/807/807 583/806/806 584/808/808
f 573/807/807 584/808/808 572/809/809
f 572/809/809 584/808/808 585/810/810
f 572/809/809 585/810/810 571/811/811
f 571/811/811 585/810/810 566/812/812
f 566/812/812 585/810/810 576/813/813
f 566/812/812 576/813/813 562/814/814
f 562/814/814 576/813/813 578/815/815
f 562/814/814 578/815/815 570/816/816
f 570/816/816 578/815/815 579/817/817
f 570/816/816 579/817/817 569/818/818
f 569/818/818 579/817/817 580/819/819
f 569/818/818 580/819/819 568/799/799
f 568/799/799 580/819/819 581/800/800
f 579/817/817 578/815/815 586/820/820
f 586/820/820 578/815/815 576/813/813
f 586/820/820 576/813/813 584/808/808
f 584/808/808 576/813/813 585/810/810
f 577/802/802 581/800/800 580/819/819
f 580/819/819 579/817/817 587/821/821
f 587/821/821 579/817/817 586/820/820
f 587/821/821 586/820/820 583/806/806
f 583/806/806 586/820/820 584/808/808
f 587/821/821 583/806/806 582/804/804
f 582/804/804 577/802/802 587/821/821
f 587/821/821 577/802/802 580/819/819
f 567/822/822 590/823/823 588/824/824
f 588/824/824 590/823/823 591/825/825
f 588/824/824 591/825/825 592/826/826
f 575/827/827 589/828/828 567/822/822
f 567/822/822 589/828/828 590/823/823
f 588/829/829 595/830/830 593/831/831
f 593/831/831 595/830/830 596/832/832
f 593/831/831 596/832/832 597/833/833
f 592/834/834 594/835/835 588/829/829
f 588/829/829 594/835/835 595/830/830
f 605/836/836 598/837/837 604/838/838
f 604/838/838 598/837/837 599/839/839
f 604/838/838 599/839/839 603/840/840
f 603/840/840 599/839/839 600/841/841
f 603/840/840 600/841/841 601/842/842
f 603/840/840 601/842/842 602/843/843
f 602/843/843 601/842/842 593/844/844
f 602/843/843 593/844/844 597/845/845
f 613/846/846 606/847/847 612/848/848
f 612/848/848 606/847/847 607/849/849
f 612/848/848 607/849/849 611/850/850
f 611/850/850 607/849/849 608/851/851
f 611/850/850 608/851/851 609/852/852
f 611/850/850 609/852/852 610/853/853
f 610/853/853 609/852/852 598/854/854
f 610/853/853 598/854/854 605/855/855
f 619/856/856 614/857/857 618/858/858
f 618/858/858 614/857/857 615/859/859
f 618/858/858 615/859/859 617/860/860
f 617/860/860 615/859/859 616/861/861
f 616/861/861 615/859/859 606/862/862
f 616/861/861 606/862/862 613/863/863
f 625/864/864 620/865/865 624/866/866
f 624/866/866 620/865/865 621/867/867
f 624/866/866 621/867/867 623/868/868
f 623/868/868 621/867/867 622/869/869
f 622/869/869 621/867/867 614/870/870
f 622/869/869 614/870/870 619/871/871
f 620/872/872 628/873/873 626/874/874
f 626/874/874 628/873/873 629/875/875
f 626/874/874 629/875/875 630/876/876
f 625/877/877 627/878/878 620/872/872
f 620/872/872 627/878/878 628/873/873
f 636/879/879 631/880/880 635/881/881
f 635/881/881 631/880/880 632/882/882
f 635/881/881 632/882/882 634/883/883
f 634/883/883 632/882/882 633/884/884
f 633/884/884 632/882/882 626/885/885
f 633/884/884 626/885/885 630/886/886
f 643/887/887 637/888/888 642/889/889
f 642/889/889 637/888/888 638/890/890
f 642/889/889 638/890/890 641/891/891
f 641/891/891 638/890/890 639/892/892
f 641/891/891 639/892/892 640/893/893
f 640/893/893 639/892/892 631/894/894
f 640/893/893 631/894/894 636/895/895
f 651/896/896 644/897/897 650/898/898
f 650/898/898 644/897/897 645/899/899
f 650/898/898 645/899/899 649/900/900
f 649/900/900 645/899/899 646/901/901
f 649/900/900 646/901/901 647/902/902
f 649/900/900 647/902/902 648/903/903
f 648/903/903 647/902/902 637/904/904
f 648/903/903 637/904/904 643/905/905
f 658/906/906 652/907/907 657/908/908
f 657/908/908 652/907/907 653/909/909
f 657/908/908 653/909/909 656/910/910
f 656/910/910 653/909/909 654/911/911
f 656/910/910 654/911/911 655/912/912
f 655/912/912 654/911/911 644/913/913
f 655/912/912 644/913/913 651/914/914
f 666/915/915 659/916/916 665/917/917
f 665/917/917 659/916/916 660/918/918
f 665/917/917 660/918/918 664/919/919
f 664/919/919 660/918/918 661/920/920
f 664/919/919 661/920/920 662/921/921
f 664/919/919 662/921/921 663/922/922
f 663/922/922 662/921/921 652/923/923
f 663/922/922 652/923/923 658/924/924
f 674/925/925 667/926/926 673/927/927
f 673/927/927 667/926/926 668/928/928
f 673/927/927 668/928/928 672/929/929
f 672/929/929 668/928/928 669/930/930
f 672/929/929 669/930/930 670/931/931
f 672/929/929 670/931/931 671/932/932
f 671/932/932 670/931/931 659/933/933
f 671/932/932 659/933/933 666/934/934
f 675/935/935 667/936/936 676/937/937
f 676/937/937 667/936/936 674/938/938
f 677/939/939 675/940/940 678/941/941
f 678/941/941 675/940/940 676/942/942
f 465/943/943 677/944/944 466/945/945
f 466/945/945 677/944/944 678/946/946
f 679/947/947 680/948/948 682/949/949
f 682/949/949 680/948/948 681/950/950
f 683/951/951 679/952/952 684/953/953
f 684/953/953 679/952/952 682/954/954
f 690/955/955 685/956/956 689/957/957
f 689/957/957 685/956/956 686/958/958
f 689/957/957 686/958/958 688/959/959
f 688/959/959 686/958/958 687/960/960
f 687/960/960 686/958/958 683/961/961
f 687/960/960 683/961/961 684/962/962
f 691/963/963 692/964/964 700/965/965
f 700/965/965 692/964/964 699/966/966
f 699/966/966 692/964/964 693/967/967
f 699/966/966 693/967/967 698/968/968
f 698/968/968 693/967/967 694/969/969
f 698/968/968 694/969/969 697/970/970
f 697/970/970 694/969/969 695/971/971
f 697/970/970 695/971/971 696/972/972
f 696/972/972 695/971/971 685/973/973
f 696/972/972 685/973/973 690/974/974
f 701/975/975 691/976/976 702/977/977
f 702/977/977 691/976/976 700/978/978
f 703/979/979 701/980/980 704/981/981
f 704/981/981 701/980/980 702/982/982
f 705/983/983 703/984/984 706/985/985
f 706/985/985 703/984/984 704/986/986
f 715/987/987 707/988/988 714/989/989
f 714/989/989 707/988/988 708/990/990
f 714/989/989 708/990/990 713/991/991
f 713/991/991 708/990/990 709/992/992
f 713/991/991 709/992/992 712/993/993
f 712/993/993 709/992/992 710/994/994
f 712/993/993 710/994/994 711/995/995
f 711/995/995 710/994/994 705/996/996
f 711/995/995 705/996/996 706/997/997
f 721/998/998 716/999/999 720/1000/1000
f 720/1000/1000 716/999/999 717/1001/1001
f 720/1000/1000 717/1001/1001 719/1002/1002
f 719/1002/1002 717/1001/1001 718/1003/1003
f 718/1003/1003 717/1001/1001 707/1004/1004
f 718/1003/1003 707/1004/1004 715/1005/1005
f 722/1006/1006 716/1007/1007 723/1008/1008
f 723/1008/1008 716/1007/1007 721/1009/1009
f 724/1010/1010 722/1011/1011 725/1012/1012
f 725/1012/1012 722/1011/1011 723/1013/1013
f 731/1014/1014 726/1015/1015 730/1016/1016
f 730/1016/1016 726/1015/1015 727/1017/1017
f 730/1016/1016 727/1017/1017 729/1018/1018
f 729/1018/1018 727/1017/1017 728/1019/1019
f 728/1019/1019 727/1017/1017 724/1020/1020
f 728/1019/1019 724/1020/1020 725/1021/1021
f 739/1022/1022 732/1023/1023 738/1024/1024
f 738/1024/1024 732/1023/1023 733/1025/1025
f 738/1024/1024 733/1025/1025 737/1026/1026
f 737/1026/1026 733/1025/1025 734/1027/1027
f 737/1026/1026 734/1027/1027 735/1028/1028
f 737/1026/1026 735/1028/1028 736/1029/1029
f 736/1029/1029 735/1028/1028 726/1030/1030
f 736/1029/1029 726/1030/1030 731/1031/1031
f 740/1032/1032 732/1033/1033 741/1034/1034
f 741/1034/1034 732/1033/1033 739/1035/1035
f 742/1036/1036 740/1037/1037 743/1038/1038
f 743/1038/1038 740/1037/1037 741/1039/1039
f 744/1040/1040 742/1041/1041 745/1042/1042
f 745/1042/1042 742/1041/1041 743/1043/1043
f 752/1044/1044 746/1045/1045 751/1046/1046
f 751/1046/1046 746/1045/1045 747/1047/1047
f 751/1046/1046 747/1047/1047 750/1048/1048
f 750/1048/1048 747/1047/1047 749/1049/1049
f 749/1049/1049 747/1047/1047 748/1050/1050
f 749/1049/1049 748/1050/1050 744/1051/1051
f 744/1051/1051 745/1052/1052 749/1049/1049
f 753/1053/1053 746/1054/1054 754/1055/1055
f 754/1055/1055 746/1054/1054 752/1056/1056
f 761/1057/1057 755/1058/1058 760/1059/1059
f 760/1059/1059 755/1058/1058 756/1060/1060
f 760/1059/1059 756/1060/1060 757/1061/1061
f 753/1062/1062 758/1063/1063 757/1061/1061
f 757/1061/1061 758/1063/1063 759/1064/1064
f 757/1061/1061 759/1064/1064 760/1059/1059
f 753/1062/1062 754/1065/1065 758/1063/1063
f 762/1066/1066 755/1067/1067 763/1068/1068
f 763/1068/1068 755/1067/1067 761/1069/1069
f 764/1070/1070 762/1071/1071 765/1072/1072
f 765/1072/1072 762/1071/1071 763/1073/1073
f 766/1074/1074 764/1075/1075 767/1076/1076
f 767/1076/1076 764/1075/1075 765/1077/1077
f 777/1078/1078 768/1079/1079 776/1080/1080
f 776/1080/1080 768/1079/1079 769/1081/1081
f 776/1080/1080 769/1081/1081 775/1082/1082
f 775/1082/1082 769/1081/1081 770/1083/1083
f 775/1082/1082 770/1083/1083 771/1084/1084
f 775/1082/1082 771/1084/1084 774/1085/1085
f 774/1085/1085 771/1084/1084 772/1086/1086
f 774/1085/1085 772/1086/1086 773/1087/1087
f 773/1087/1087 772/1086/1086 766/1088/1088
f 773/1087/1087 766/1088/1088 767/1089/1089
f 681/1090/1090 680/1091/1091 781/1092/1092
f 781/1092/1092 680/1091/1091 778/1093/1093
f 781/1092/1092 778/1093/1093 780/1094/1094
f 780/1094/1094 778/1093/1093 779/1095/1095
f 779/1095/1095 778/1093/1093 768/1096/1096
f 779/1095/1095 768/1096/1096 777/1097/1097
f 789/1098/1098 782/1099/1099 788/1100/1100
f 788/1100/1100 782/1099/1099 783/1101/1101
f 788/1100/1100 783/1101/1101 787/1102/1102
f 787/1102/1102 783/1101/1101 786/1103/1103
f 786/1103/1103 783/1101/1101 784/1104/1104
f 786/1103/1103 784/1104/1104 785/1105/1105
f 790/1106/1106 782/1107/1107 791/1108/1108
f 791/1108/1108 782/1107/1107 789/1109/1109
f 790/1110/1110 794/1111/1111 792/1112/1112
f 792/1112/1112 794/1111/1111 795/1113/1113
f 792/1112/1112 795/1113/1113 796/1114/1114
f 791/1115/1115 793/1116/1116 790/1110/1110
f 790/1110/1110 793/1116/1116 794/1111/1111
f 802/1117/1117 797/1118/1118 801/1119/1119
f 801/1119/1119 797/1118/1118 798/1120/1120
f 801/1119/1119 798/1120/1120 800/1121/1121
f 800/1121/1121 798/1120/1120 799/1122/1122
f 799/1122/1122 798/1120/1120 792/1123/1123
f 799/1122/1122 792/1123/1123 796/1124/1124
f 814/1125/1125 803/1126/1126 813/1127/1127
f 813/1127/1127 803/1126/1126 804/1128/1128
f 813/1127/1127 804/1128/1128 812/1129/1129
f 812/1129/1129 804/1128/1128 805/1130/1130
f 812/1129/1129 805/1130/1130 811/1131/1131
f 811/1131/1131 805/1130/1130 806/1132/1132
f 811/1131/1131 806/1132/1132 807/1133/1133
f 811/1131/1131 807/1133/1133 810/1134/1134
f 810/1134/1134 807/1133/1133 808/1135/1135
f 810/1134/1134 808/1135/1135 809/1136/1136
f 809/1136/1136 808/1135/1135 797/1137/1137
f 809/1136/1136 797/1137/1137 802/1138/1138
f 826/1139/1139 815/1140/1140 825/1141/1141
f 825/1141/1141 815/1140/1140 816/1142/1142
f 825/1141/1141 816/1142/1142 824/1143/1143
f 824/1143/1143 816/1142/1142 817/1144/1144
f 824/1143/1143 817/1144/1144 823/1145/1145
f 823/1145/1145 817/1144/1144 818/1146/1146
f 823/1145/1145 818/1146/1146 819/1147/1147
f 823/1145/1145 819/1147/1147 822/1148/1148
f 822/1148/1148 819/1147/1147 820/1149/1149
f 822/1148/1148 820/1149/1149 821/1150/1150
f 821/1150/1150 820/1149/1149 803/1151/1151
f 821/1150/1150 803/1151/1151 814/1152/1152
f 832/1153/1153 827/1154/1154 831/1155/1155
f 831/1155/1155 827/1154/1154 828/1156/1156
f 831/1155/1155 828/1156/1156 830/1157/1157
f 830/1157/1157 828/1156/1156 829/1158/1158
f 829/1158/1158 828/1156/1156 815/1159/1159
f 829/1158/1158 815/1159/1159 826/1160/1160
f 833/1161/1161 827/1162/1162 834/1163/1163
f 834/1163/1163 827/1162/1162 832/1164/1164
f 835/1165/1165 833/1166/1166 836/1167/1167
f 836/1167/1167 833/1166/1166 834/1168/1168
f 845/1169/1169 837/1170/1170 844/1171/1171
f 844/1171/1171 837/1170/1170 838/1172/1172
f 844/1171/1171 838/1172/1172 843/1173/1173
f 843/1173/1173 838/1172/1172 839/1174/1174
f 843/1173/1173 839/1174/1174 842/1175/1175
f 842/1175/1175 839/1174/1174 840/1176/1176
f 842/1175/1175 840/1176/1176 841/1177/1177
f 841/1177/1177 840/1176/1176 835/1178/1178
f 841/1177/1177 835/1178/1178 836/1179/1179
f 851/1180/1180 846/1181/1181 850/1182/1182
f 850/1182/1182 846/1181/1181 847/1183/1183
f 850/1182/1182 847/1183/1183 849/1184/1184
f 849/1184/1184 847/1183/1183 848/1185/1185
f 848/1185/1185 847/1183/1183 837/1186/1186
f 848/1185/1185 837/1186/1186 845/1187/1187
f 852/1188/1188 846/1189/1189 853/1190/1190
f 853/1190/1190 846/1189/1189 851/1191/1191
f 859/1192/1192 854/1193/1193 858/1194/1194
f 858/1194/1194 854/1193/1193 855/1195/1195
f 858/1194/1194 855/1195/1195 857/1196/1196
f 857/1196/1196 855/1195/1195 856/1197/1197
f 856/1197/1197 855/1195/1195 852/1198/1198
f 856/1197/1197 852/1198/1198 853/1199/1199
f 869/1200/1200 860/1201/1201 868/1202/1202
f 868/1202/1202 860/1201/1201 861/1203/1203
f 868/1202/1202 861/1203/1203 867/1204/1204
f 867/1204/1204 861/1203/1203 862/1205/1205
f 867/1204/1204 862/1205/1205 866/1206/1206
f 866/1206/1206 862/1205/1205 863/1207/1207
f 866/1206/1206 863/1207/1207 864/1208/1208
f 866/1206/1206 864/1208/1208 865/1209/1209
f 865/1209/1209 864/1208/1208 854/1210/1210
f 865/1209/1209 854/1210/1210 859/1211/1211
f 870/1212/1212 860/1213/1213 871/1214/1214
f 871/1214/1214 860/1213/1213 869/1215/1215
f 872/1216/1216 870/1217/1217 873/1218/1218
f 873/1218/1218 870/1217/1217 871/1219/1219
f 874/1220/1220 872/1221/1221 875/1222/1222
f 875/1222/1222 872/1221/1221 873/1223/1223
f 785/1224/1224 784/1225/1225 883/1226/1226
f 883/1226/1226 784/1225/1225 876/1227/1227
f 883/1226/1226 876/1227/1227 882/1228/1228
f 882/1228/1228 876/1227/1227 877/1229/1229
f 882/1228/1228 877/1229/1229 878/1230/1230
f 882/1228/1228 878/1230/1230 881/1231/1231
f 881/1231/1231 878/1230/1230 879/1232/1232
f 881/1231/1231 879/1232/1232 880/1233/1233
f 880/1233/1233 879/1232/1232 874/1234/1234
f 880/1233/1233 874/1234/1234 875/1235/1235
f 884/1236/1236 885/1237/1237 887/1238/1238
f 887/1238/1238 885/1237/1237 886/1239/1239
f 888/1240/1240 884/1241/1241 889/1242/1242
f 889/1242/1242 884/1241/1241 887/1243/1243
f 888/1244/1244 892/1245/1245 890/1246/1246
f 890/1246/1246 892/1245/1245 893/1247/1247
f 890/1246/1246 893/1247/1247 894/1248/1248
f 889/1249/1249 891/1250/1250 888/1244/1244
f 888/1244/1244 891/1250/1250 892/1245/1245
f 900/1251/1251 895/1252/1252 899/1253/1253
f 899/1253/1253 895/1252/1252 896/1254/1254
f 899/1253/1253 896/1254/1254 898/1255/1255
f 898/1255/1255 896/1254/1254 897/1256/1256
f 897/1256/1256 896/1254/1254 890/1257/1257
f 897/1256/1256 890/1257/1257 894/1258/1258
f 895/1259/1259 903/1260/1260 901/1261/1261
f 901/1261/1261 903/1260/1260 904/1262/1262
f 901/1261/1261 904/1262/1262 905/1263/1263
f 900/1264/1264 902/1265/1265 895/1259/1259
f 895/1259/1259 902/1265/1265 903/1260/1260
f 906/1266/1266 901/1267/1267 907/1268/1268
f 907/1268/1268 901/1267/1267 905/1269/1269
f 914/1270/1270 908/1271/1271 913/1272/1272
f 913/1272/1272 908/1271/1271 909/1273/1273
f 913/1272/1272 909/1273/1273 910/1274/1274
f 906/1275/1275 911/1276/1276 910/1274/1274
f 910/1274/1274 911/1276/1276 912/1277/1277
f 910/1274/1274 912/1277/1277 913/1272/1272
f 906/1275/1275 907/1278/1278 911/1276/1276
f 922/1279/1279 915/1280/1280 921/1281/1281
f 921/1281/1281 915/1280/1280 916/1282/1282
f 921/1281/1281 916/1282/1282 920/1283/1283
f 920/1283/1283 916/1282/1282 917/1284/1284
f 920/1283/1283 917/1284/1284 919/1285/1285
f 919/1285/1285 917/1284/1284 918/1286/1286
f 919/1285/1285 918/1286/1286 908/1287/1287
f 908/1287/1287 914/1288/1288 919/1285/1285
f 923/1289/1289 915/1290/1290 924/1291/1291
f 924/1291/1291 915/1290/1290 922/1292/1292
f 925/1293/1293 923/1294/1294 926/1295/1295
f 926/1295/1295 923/1294/1294 924/1296/1296
f 932/1297/1297 927/1298/1298 931/1299/1299
f 931/1299/1299 927/1298/1298 928/1300/1300
f 931/1299/1299 928/1300/1300 930/1301/1301
f 930/1301/1301 928/1300/1300 929/1302/1302
f 929/1302/1302 928/1300/1300 925/1303/1303
f 929/1302/1302 925/1303/1303 926/1304/1304
f 939/1305/1305 933/1306/1306 938/1307/1307
f 938/1307/1307 933/1306/1306 934/1308/1308
f 938/1307/1307 934/1308/1308 937/1309/1309
f 937/1309/1309 934/1308/1308 936/1310/1310
f 936/1310/1310 934/1308/1308 935/1311/1311
f 936/1310/1310 935/1311/1311 927/1312/1312
f 927/1312/1312 932/1313/1313 936/1310/1310
f 940/1314/1314 933/1315/1315 941/1316/1316
f 941/1316/1316 933/1315/1315 939/1317/1317
f 942/1318/1318 940/1319/1319 943/1320/1320
f 943/1320/1320 940/1319/1319 941/1321/1321
f 944/1322/1322 942/1323/1323 945/1324/1324
f 945/1324/1324 942/1323/1323 943/1325/1325
f 951/1326/1326 946/1327/1327 950/1328/1328
f 950/1328/1328 946/1327/1327 947/1329/1329
f 950/1328/1328 947/1329/1329 949/1330/1330
f 949/1330/1330 947/1329/1329 948/1331/1331
f 948/1331/1331 947/1329/1329 944/1332/1332
f 948/1331/1331 944/1332/1332 945/1333/1333
f 958/1334/1334 952/1335/1335 957/1336/1336
f 957/1336/1336 952/1335/1335 953/1337/1337
f 957/1336/1336 953/1337/1337 956/1338/1338
f 956/1338/1338 953/1337/1337 955/1339/1339
f 955/1339/1339 953/1337/1337 954/1340/1340
f 955/1339/1339 954/1340/1340 946/1341/1341
f 946/1341/1341 951/1342/1342 955/1339/1339
f 959/1343/1343 952/1344/1344 960/1345/1345
f 960/1345/1345 952/1344/1344 958/1346/1346
f 961/1347/1347 959/1348/1348 962/1349/1349
f 962/1349/1349 959/1348/1348 960/1350/1350
f 963/1351/1351 961/1352/1352 964/1353/1353
f 964/1353/1353 961/1352/1352 962/1354/1354
f 970/1355/1355 965/1356/1356 969/1357/1357
f 969/1357/1357 965/1356/1356 966/1358/1358
f 969/1357/1357 966/1358/1358 968/1359/1359
f 968/1359/1359 966/1358/1358 967/1360/1360
f 967/1360/1360 966/1358/1358 963/1361/1361
f 967/1360/1360 963/1361/1361 964/1362/1362
f 976/1363/1363 971/1364/1364 975/1365/1365
f 975/1365/1365 971/1364/1364 972/1366/1366
f 975/1365/1365 972/1366/1366 974/1367/1367
f 974/1367/1367 972/1366/1366 973/1368/1368
f 973/1368/1368 972/1366/1366 965/1369/1369
f 973/1368/1368 965/1369/1369 970/1370/1370
f 977/1371/1371 971/1372/1372 978/1373/1373
f 978/1373/1373 971/1372/1372 976/1374/1374
f 979/1375/1375 977/1376/1376 980/1377/1377
f 980/1377/1377 977/1376/1376 978/1378/1378
f 981/1379/1379 979/1380/1380 982/1381/1381
f 982/1381/1381 979/1380/1380 980/1382/1382
f 983/1383/1383 981/1384/1384 984/1385/1385
f 984/1385/1385 981/1384/1384 982/1386/1386
f 993/1387/1387 985/1388/1388 992/1389/1389
f 992/1389/1389 985/1388/1388 986/1390/1390
f 992/1389/1389 986/1390/1390 991/1391/1391
f 991/1391/1391 986/1390/1390 987/1392/1392
f 991/1391/1391 987/1392/1392 990/1393/1393
f 990/1393/1393 987/1392/1392 988/1394/1394
f 990/1393/1393 988/1394/1394 989/1395/1395
f 989/1395/1395 988/1394/1394 983/1396/1396
f 989/1395/1395 983/1396/1396 984/1397/1397
f 999/1398/1398 994/1399/1399 998/1400/1400
f 998/1400/1400 994/1399/1399 995/1401/1401
f 998/1400/1400 995/1401/1401 997/1402/1402
f 997/1402/1402 995/1401/1401 996/1403/1403
f 996/1403/1403 995/1401/1401 985/1404/1404
f 996/1403/1403 985/1404/1404 993/1405/1405
f 1000/1406/1406 994/1407/1407 1001/1408/1408
f 1001/1408/1408 994/1407/1407 999/1409/1409
f 1007/1410/1410 1002/1411/1411 1006/1412/1412
f 1006/1412/1412 1002/1411/1411 1003/1413/1413
f 1006/1412/1412 1003/1413/1413 1005/1414/1414
f 1005/1414/1414 1003/1413/1413 1004/1415/1415
f 1004/1415/1415 1003/1413/1413 1000/1416/1416
f 1004/1415/1415 1000/1416/1416 1001/1417/1417
f 1017/1418/1418 1008/1419/1419 1016/1420/1420
f 1016/1420/1420 1008/1419/1419 1009/1421/1421
f 1016/1420/1420 1009/1421/1421 1015/1422/1422
f 1015/1422/1422 1009/1421/1421 1010/1423/1423
f 1015/1422/1422 1010/1423/1423 1014/1424/1424
f 1014/1424/1424 1010/1423/1423 1011/1425/1425
f 1014/1424/1424 1011/1425/1425 1012/1426/1426
f 1014/1424/1424 1012/1426/1426 1013/1427/1427
f 1013/1427/1427 1012/1426/1426 1002/1428/1428
f 1013/1427/1427 1002/1428/1428 1007/1429/1429
f 1018/1430/1430 1008/1431/1431 1019/1432/1432
f 1019/1432/1432 1008/1431/1431 1017/1433/1433
f 885/1434/1434 1018/1435/1435 886/1436/1436
f 886/1436/1436 1018/1435/1435 1019/1437/1437
f 1020/1438/1438 1021/1439/1439 1023/1440/1440
f 1023/1440/1440 1021/1439/1439 1022/1441/1441
f 1024/1442/1442 1020/1443/1443 1025/1444/1444
f 1025/1444/1444 1020/1443/1443 1023/1445/1445
f 1031/1446/1446 1026/1447/1447 1030/1448/1448
f 1030/1448/1448 1026/1447/1447 1027/1449/1449
f 1030/1448/1448 1027/1449/1449 1029/1450/1450
f 1029/1450/1450 1027/1449/1449 1028/1451/1451
f 1028/1451/1451 1027/1449/1449 1024/1452/1452
f 1028/1451/1451 1024/1452/1452 1025/1453/1453
f 1032/1454/1454 1033/1455/1455 1041/1456/1456
f 1041/1456/1456 1033/1455/1455 1040/1457/1457
f 1040/1457/1457 1033/1455/1455 1034/1458/1458
f 1040/1457/1457 1034/1458/1458 1039/1459/1459
f 1039/1459/1459 1034/1458/1458 1035/1460/1460
f 1039/1459/1459 1035/1460/1460 1038/1461/1461
f 1038/1461/1461 1035/1460/1460 1036/1462/1462
f 1038/1461/1461 1036/1462/1462 1037/1463/1463
f 1037/1463/1463 1036/1462/1462 1026/1464/1464
f 1037/1463/1463 1026/1464/1464 1031/1465/1465
f 1042/1466/1466 1032/1467/1467 1043/1468/1468
f 1043/1468/1468 1032/1467/1467 1041/1469/1469
f 1044/1470/1470 1042/1471/1471 1045/1472/1472
f 1045/1472/1472 1042/1471/1471 1043/1473/1473
f 1046/1474/1474 1044/1475/1475 1047/1476/1476
f 1047/1476/1476 1044/1475/1475 1045/1477/1477
f 1056/1478/1478 1048/1479/1479 1055/1480/1480
f 1055/1480/1480 1048/1479/1479 1049/1481/1481
f 1055/1480/1480 1049/1481/1481 1054/1482/1482
f 1054/1482/1482 1049/1481/1481 1050/1483/1483
f 1054/1482/1482 1050/1483/1483 1053/1484/1484
f 1053/1484/1484 1050/1483/1483 1051/1485/1485
f 1053/1484/1484 1051/1485/1485 1052/1486/1486
f 1052/1486/1486 1051/1485/1485 1046/1487/1487
f 1052/1486/1486 1046/1487/1487 1047/1488/1488
f 1062/1489/1489 1057/1490/1490 1061/1491/1491
f 1061/1491/1491 1057/1490/1490 1058/1492/1492
f 1061/1491/1491 1058/1492/1492 1060/1493/1493
f 1060/1493/1493 1058/1492/1492 1059/1494/1494
f 1059/1494/1494 1058/1492/1492 1048/1495/1495
f 1059/1494/1494 1048/1495/1495 1056/1496/1496
f 1063/1497/1497 1057/1498/1498 1064/1499/1499
f 1064/1499/1499 1057/1498/1498 1062/1500/1500
f 1065/1501/1501 1063/1502/1502 1066/1503/1503
f 1066/1503/1503 1063/1502/1502 1064/1504/1504
f 1072/1505/1505 1067/1506/1506 1071/1507/1507
f 1071/1507/1507 1067/1506/1506 1068/1508/1508
f 1071/1507/1507 1068/1508/1508 1070/1509/1509
f 1070/1509/1509 1068/1508/1508 1069/1510/1510
f 1069/1510/1510 1068/1508/1508 1065/1511/1511
f 1069/1510/1510 1065/1511/1511 1066/1512/1512
f 1080/1513/1513 1073/1514/1514 1079/1515/1515
f 1079/1515/1515 1073/1514/1514 1074/1516/1516
f 1079/1515/1515 1074/1516/1516 1078/1517/1517
f 1078/1517/1517 1074/1516/1516 1075/1518/1518
f 1078/1517/1517 1075/1518/1518 1076/1519/1519
f 1078/1517/1517 1076/1519/1519 1077/1520/1520
f 1077/1520/1520 1076/1519/1519 1067/1521/1521
f 1077/1520/1520 1067/1521/1521 1072/1522/1522
f 1081/1523/1523 1073/1524/1524 1082/1525/1525
f 1082/1525/1525 1073/1524/1524 1080/1526/1526
f 1083/1527/1527 1081/1528/1528 1084/1529/1529
f 1084/1529/1529 1081/1528/1528 1082/1530/1530
f 1085/1531/1531 1083/1532/1532 1086/1533/1533
f 1086/1533/1533 1083/1532/1532 1084/1534/1534
f 1093/1535/1535 1087/1536/1536 1092/1537/1537
f 1092/1537/1537 1087/1536/1536 1088/1538/1538
f 1092/1537/1537 1088/1538/1538 1091/1539/1539
f 1091/1539/1539 1088/1538/1538 1090/1540/1540
f 1090/1540/1540 1088/1538/1538 1089/1541/1541
f 1090/1540/1540 1089/1541/1541 1085/1542/1542
f 1085/1542/1542 1086/1543/1543 1090/1540/1540
f 1094/1544/1544 1087/1545/1545 1095/1546/1546
f 1095/1546/1546 1087/1545/1545 1093/1547/1547
f 1102/1548/1548 1096/1549/1549 1101/1550/1550
f 1101/1550/1550 1096/1549/1549 1097/1551/1551
f 1101/1550/1550 1097/1551/1551 1098/1552/1552
f 1094/1553/1553 1099/1554/1554 1098/1552/1552
f 1098/1552/1552 1099/1554/1554 1100/1555/1555
f 1098/1552/1552 1100/1555/1555 1101/1550/1550
f 1094/1553/1553 1095/1556/1556 1099/1554/1554
f 1103/1557/1557 1096/1558/1558 1104/1559/1559
f 1104/1559/1559 1096/1558/1558 1102/1560/1560
f 1105/1561/1561 1103/1562/1562 1106/1563/1563
f 1106/1563/1563 1103/1562/1562 1104/1564/1564
f 1107/1565/1565 1105/1566/1566 1108/1567/1567
f 1108/1567/1567 1105/1566/1566 1106/1568/1568
f 1118/1569/1569 1109/1570/1570 1117/1571/1571
f 1117/1571/1571 1109/1570/1570 1110/1572/1572
f 1117/1571/1571 1110/1572/1572 1116/1573/1573
f 1116/1573/1573 1110/1572/1572 1111/1574/1574
f 1116/1573/1573 1111/1574/1574 1112/1575/1575
f 1116/1573/1573 1112/1575/1575 1115/1576/1576
f 1115/1576/1576 1112/1575/1575 1113/1577/1577
f 1115/1576/1576 1113/1577/1577 1114/1578/1578
f 1114/1578/1578 1113/1577/1577 1107/1579/1579
f 1114/1578/1578 1107/1579/1579 1108/1580/1580
f 1022/1581/1581 1021/1582/1582 1122/1583/1583
f 1122/1583/1583 1021/1582/1582 1119/1584/1584
f 1122/1583/1583 1119/1584/1584 1121/1585/1585
f 1121/1585/1585 1119/1584/1584 1120/1586/1586
f 1120/1586/1586 1119/1584/1584 1109/1587/1587
f 1120/1586/1586 1109/1587/1587 1118/1588/1588
f 63/1589/1589 71/1590/1590 64/1591/1591
f 64/1591/1591 71/1590/1590 70/1592/1592
f 64/1591/1591 70/1592/1592 69/1593/1593
f 76/1594/1594 78/1595/1595 69/1593/1593
f 69/1593/1593 78/1595/1595 80/1596/1596
f 69/1593/1593 80/1596/1596 61/1597/1597
f 61/1597/1597 80/1596/1596 88/1598/1598
f 61/1597/1597 88/1598/1598 59/1599/1599
f 59/1599/1599 88/1598/1598 94/1600/1600
f 59/1599/1599 94/1600/1600 615/1601/1601
f 615/1601/1601 94/1600/1600 606/1602/1602
f 606/1602/1602 94/1600/1600 607/1603/1603
f 607/1603/1603 94/1600/1600 1155/1604/1604
f 607/1603/1603 1155/1604/1604 1156/1605/1605
f 80/1596/1596 83/1606/1606 88/1598/1598
f 88/1598/1598 83/1606/1606 89/1607/1607
f 89/1607/1607 83/1606/1606 82/1608/1608
f 94/1600/1600 96/1609/1609 1155/1604/1604
f 1155/1604/1604 96/1609/1609 1154/1610/1610
f 1154/1610/1610 96/1609/1609 1153/1611/1611
f 1153/1611/1611 96/1609/1609 98/1612/1612
f 1153/1611/1611 98/1612/1612 1152/1613/1613
f 1152/1613/1613 98/1612/1612 1151/1614/1614
f 1151/1614/1614 98/1612/1612 100/1615/1615
f 1151/1614/1614 100/1615/1615 429/1616/1616
f 429/1616/1616 100/1615/1615 111/1617/1617
f 429/1616/1616 111/1617/1617 430/1618/1618
f 430/1618/1618 111/1617/1617 117/1619/1619
f 430/1618/1618 117/1619/1619 431/1620/1620
f 431/1620/1620 117/1619/1619 405/1621/1621
f 431/1620/1620 405/1621/1621 414/1622/1622
f 414/1622/1622 405/1621/1621 407/1623/1623
f 407/1623/1623 405/1621/1621 409/1624/1624
f 407/1623/1623 409/1624/1624 408/1625/1625
f 111/1617/1617 100/1615/1615 112/1626/1626
f 112/1626/1626 100/1615/1615 105/1627/1627
f 112/1626/1626 105/1627/1627 104/1628/1628
f 104/1628/1628 103/1629/1629 112/1626/1626
f 112/1626/1626 103/1629/1629 102/1630/1630
f 405/1621/1621 117/1619/1619 125/1631/1631
f 125/1631/1631 117/1619/1619 120/1632/1632
f 125/1631/1631 120/1632/1632 126/1633/1633
f 126/1633/1633 120/1632/1632 127/1634/1634
f 127/1634/1634 120/1632/1632 128/1635/1635
f 128/1635/1635 120/1632/1632 129/1636/1636
f 129/1636/1636 120/1632/1632 119/1637/1637
f 405/1621/1621 125/1631/1631 403/1638/1638
f 403/1638/1638 125/1631/1631 135/1639/1639
f 403/1638/1638 135/1639/1639 398/1640/1640
f 398/1640/1640 135/1639/1639 2/1641/1641
f 398/1640/1640 2/1641/1641 465/1642/1642
f 465/1642/1642 2/1641/1641 677/1643/1643
f 677/1643/1643 2/1641/1641 1/1644/1644
f 677/1643/1643 1/1644/1644 675/1645/1645
f 675/1645/1645 1/1644/1644 621/1646/1646
f 675/1645/1645 621/1646/1646 620/1647/1647
f 621/1646/1646 1/1644/1644 57/1648/1648
f 57/1648/1648 1/1644/1644 5/1649/1649
f 57/1648/1648 5/1649/1649 50/1650/1650
f 50/1650/1650 5/1649/1649 7/1651/1651
f 50/1650/1650 7/1651/1651 13/1652/1652
f 13/1652/1652 12/1653/1653 50/1650/1650
f 50/1650/1650 12/1653/1653 18/1654/1654
f 50/1650/1650 18/1654/1654 42/1655/1655
f 42/1655/1655 18/1654/1654 32/1656/1656
f 42/1655/1655 32/1656/1656 40/1657/1657
f 18/1654/1654 23/1658/1658 32/1656/1656
f 32/1656/1656 23/1658/1658 33/1659/1659
f 33/1659/1659 23/1658/1658 27/1660/1660
f 33/1659/1659 27/1660/1660 26/1661/1661
f 25/1662/1662 35/1663/1663 26/1661/1661
f 26/1661/1661 35/1663/1663 34/1664/1664
f 26/1661/1661 34/1664/1664 33/1659/1659
f 42/1655/1655 45/1665/1665 50/1650/1650
f 50/1650/1650 45/1665/1665 51/1666/1666
f 51/1666/1666 45/1665/1665 52/1667/1667
f 52/1667/1667 45/1665/1665 44/1668/1668
f 621/1646/1646 57/1648/1648 614/1669/1669
f 614/1669/1669 57/1648/1648 59/1599/1599
f 614/1669/1669 59/1599/1599 615/1601/1601
f 61/1597/1597 64/1591/1591 69/1593/1593
f 185/1670/1670 196/1671/1671 186/1672/1672
f 186/1672/1672 196/1671/1671 187/1673/1673
f 187/1673/1673 196/1671/1671 188/1674/1674
f 188/1674/1674 196/1671/1671 189/1675/1675
f 189/1675/1675 196/1671/1671 183/1676/1676
f 183/1676/1676 196/1671/1671 195/1677/1677
f 183/1676/1676 195/1677/1677 203/1678/1678
f 203/1678/1678 195/1677/1677 201/1679/1679
f 205/1680/1680 1132/1681/1681 203/1678/1678
f 203/1678/1678 1132/1681/1681 1133/1682/1682
f 203/1678/1678 1133/1682/1682 181/1683/1683
f 181/1683/1683 1133/1682/1682 1134/1684/1684
f 181/1683/1683 1134/1684/1684 179/1685/1685
f 179/1685/1685 1134/1684/1684 1135/1686/1686
f 179/1685/1685 1135/1686/1686 1136/1687/1687
f 1132/1681/1681 205/1680/1680 1131/1688/1688
f 1131/1688/1688 205/1680/1680 207/1689/1689
f 1131/1688/1688 207/1689/1689 274/1690/1690
f 274/1690/1690 207/1689/1689 217/1691/1691
f 274/1690/1690 217/1691/1691 266/1692/1692
f 266/1692/1692 217/1691/1691 224/1693/1693
f 266/1692/1692 224/1693/1693 232/1694/1694
f 232/1694/1694 224/1693/1693 227/1695/1695
f 232/1694/1694 227/1695/1695 233/1696/1696
f 233/1696/1696 227/1695/1695 236/1697/1697
f 233/1696/1696 236/1697/1697 235/1698/1698
f 217/1691/1691 207/1689/1689 218/1699/1699
f 218/1699/1699 207/1689/1689 212/1700/1700
f 218/1699/1699 212/1700/1700 219/1701/1701
f 219/1701/1701 212/1700/1700 211/1702/1702
f 219/1701/1701 211/1702/1702 210/1703/1703
f 210/1703/1703 209/1704/1704 219/1701/1701
f 227/1695/1695 226/1705/1705 236/1697/1697
f 235/1698/1698 234/1706/1706 233/1696/1696
f 242/1707/1707 246/1708/1708 232/1694/1694
f 232/1694/1694 246/1708/1708 260/1709/1709
f 232/1694/1694 260/1709/1709 266/1692/1692
f 246/1708/1708 242/1707/1707 247/1710/1710
f 247/1710/1710 242/1707/1707 244/1711/1711
f 247/1710/1710 244/1711/1711 701/1712/1712
f 701/1712/1712 244/1711/1711 156/1713/1713
f 701/1712/1712 156/1713/1713 158/1714/1714
f 244/1711/1711 141/1715/1715 156/1713/1713
f 156/1713/1713 141/1715/1715 147/1716/1716
f 156/1713/1713 147/1716/1716 154/1717/1717
f 141/1715/1715 140/1718/1718 147/1716/1716
f 147/1716/1716 140/1718/1718 148/1719/1719
f 148/1719/1719 140/1718/1718 149/1720/1720
f 149/1720/1720 140/1718/1718 139/1721/1721
f 149/1720/1720 139/1721/1721 138/1722/1722
f 138/1722/1722 137/1723/1723 149/1720/1720
f 160/1724/1724 764/1725/1725 158/1714/1714
f 158/1714/1714 764/1725/1725 691/1726/1726
f 158/1714/1714 691/1726/1726 701/1712/1712
f 764/1725/1725 160/1724/1724 169/1727/1727
f 169/1727/1727 160/1724/1724 164/1728/1728
f 169/1727/1727 164/1728/1728 170/1729/1729
f 170/1729/1729 164/1728/1728 163/1730/1730
f 170/1729/1729 163/1730/1730 171/1731/1731
f 171/1731/1731 163/1730/1730 172/1732/1732
f 172/1732/1732 163/1730/1730 173/1733/1733
f 173/1733/1733 163/1730/1730 162/1734/1734
f 764/1725/1725 169/1727/1727 1136/1687/1687
f 1136/1687/1687 169/1727/1727 179/1685/1685
f 181/1683/1683 183/1676/1676 203/1678/1678
f 288/1735/1735 1128/1736/1736 286/1737/1737
f 286/1737/1737 1128/1736/1736 1129/1738/1738
f 286/1737/1737 1129/1738/1738 284/1739/1739
f 284/1739/1739 1129/1738/1738 1130/1740/1740
f 284/1739/1739 1130/1740/1740 1131/1688/1688
f 293/1741/1741 300/1742/1742 288/1735/1735
f 288/1735/1735 300/1742/1742 299/1743/1743
f 288/1735/1735 299/1743/1743 804/1744/1744
f 804/1744/1744 299/1743/1743 805/1745/1745
f 805/1745/1745 299/1743/1743 806/1746/1746
f 806/1746/1746 299/1743/1743 807/1747/1747
f 807/1747/1747 299/1743/1743 305/1748/1748
f 807/1747/1747 305/1748/1748 808/1749/1749
f 808/1749/1749 305/1748/1748 797/1750/1750
f 797/1750/1750 305/1748/1748 313/1751/1751
f 797/1750/1750 313/1751/1751 798/1752/1752
f 798/1752/1752 313/1751/1751 874/1753/1753
f 798/1752/1752 874/1753/1753 792/1754/1754
f 792/1754/1754 874/1753/1753 782/1755/1755
f 792/1754/1754 782/1755/1755 790/1756/1756
f 293/1741/1741 292/1757/1757 300/1742/1742
f 300/1742/1742 292/1757/1757 291/1758/1758
f 300/1742/1742 291/1758/1758 290/1759/1759
f 305/1748/1748 308/1760/1760 313/1751/1751
f 313/1751/1751 308/1760/1760 314/1761/1761
f 314/1761/1761 308/1760/1760 317/1762/1762
f 314/1761/1761 317/1762/1762 316/1763/1763
f 308/1760/1760 307/1764/1764 317/1762/1762
f 316/1763/1763 315/1765/1765 314/1761/1761
f 313/1751/1751 323/1766/1766 874/1753/1753
f 874/1753/1753 323/1766/1766 872/1767/1767
f 872/1767/1767 323/1766/1766 701/1712/1712
f 872/1767/1767 701/1712/1712 703/1768/1768
f 323/1766/1766 247/1710/1710 701/1712/1712
f 260/1709/1709 246/1708/1708 261/1769/1769
f 261/1769/1769 246/1708/1708 254/1770/1770
f 261/1769/1769 254/1770/1770 251/1771/1771
f 251/1771/1771 254/1770/1770 252/1772/1772
f 252/1772/1772 254/1770/1770 253/1773/1773
f 251/1771/1771 250/1774/1774 261/1769/1769
f 266/1692/1692 269/1775/1775 274/1690/1690
f 274/1690/1690 269/1775/1775 275/1776/1776
f 275/1776/1776 269/1775/1775 278/1777/1777
f 275/1776/1776 278/1777/1777 277/1778/1778
f 269/1775/1775 268/1779/1779 278/1777/1777
f 277/1778/1778 276/1780/1780 275/1776/1776
f 274/1690/1690 284/1739/1739 1131/1688/1688
f 387/1781/1781 386/1782/1782 376/1783/1783
f 376/1783/1783 386/1782/1782 393/1784/1784
f 376/1783/1783 393/1784/1784 364/1785/1785
f 364/1785/1785 393/1784/1784 392/1786/1786
f 364/1785/1785 392/1786/1786 398/1640/1640
f 431/1620/1620 414/1622/1622 432/1787/1787
f 432/1787/1787 414/1622/1622 419/1788/1788
f 432/1787/1787 419/1788/1788 433/1789/1789
f 433/1789/1789 419/1788/1788 434/1790/1790
f 434/1790/1790 419/1788/1788 424/1791/1791
f 429/1616/1616 445/1792/1792 1151/1614/1614
f 1151/1614/1614 445/1792/1792 1150/1793/1793
f 1150/1793/1793 445/1792/1792 444/1794/1794
f 1150/1793/1793 444/1794/1794 443/1795/1795
f 443/1795/1795 442/1796/1796 1150/1793/1793
f 1150/1793/1793 442/1796/1796 441/1797/1797
f 1150/1793/1793 441/1797/1797 1149/1798/1798
f 1149/1798/1798 441/1797/1797 453/1799/1799
f 1149/1798/1798 453/1799/1799 452/1800/1800
f 452/1800/1800 451/1801/1801 1149/1798/1798
f 1149/1798/1798 451/1801/1801 1148/1802/1802
f 1148/1802/1802 451/1801/1801 458/1803/1803
f 1148/1802/1802 458/1803/1803 1147/1804/1804
f 1147/1804/1804 458/1803/1803 1146/1805/1805
f 1146/1805/1805 458/1803/1803 329/1806/1806
f 1146/1805/1805 329/1806/1806 977/1807/1807
f 977/1807/1807 329/1806/1806 336/1808/1808
f 977/1807/1807 336/1808/1808 942/1809/1809
f 942/1809/1809 336/1808/1808 940/1810/1810
f 940/1810/1810 336/1808/1808 884/1811/1811
f 940/1810/1810 884/1811/1811 888/1812/1812
f 336/1808/1808 329/1806/1806 337/1813/1813
f 337/1813/1813 329/1806/1806 328/1814/1814
f 337/1813/1813 328/1814/1814 327/1815/1815
f 327/1815/1815 326/1816/1816 337/1813/1813
f 337/1813/1813 326/1816/1816 325/1817/1817
f 336/1808/1808 342/1818/1818 884/1811/1811
f 884/1811/1811 342/1818/1818 350/1819/1819
f 884/1811/1811 350/1819/1819 885/1820/1820
f 885/1820/1820 350/1819/1819 360/1821/1821
f 885/1820/1820 360/1821/1821 362/1822/1822
f 342/1818/1818 345/1823/1823 350/1819/1819
f 350/1819/1819 345/1823/1823 351/1824/1824
f 351/1824/1824 345/1823/1823 354/1825/1825
f 351/1824/1824 354/1825/1825 353/1826/1826
f 345/1823/1823 344/1827/1827 354/1825/1825
f 353/1826/1826 352/1828/1828 351/1824/1824
f 364/1785/1785 398/1640/1640 362/1822/1822
f 362/1822/1822 398/1640/1640 478/1829/1829
f 362/1822/1822 478/1829/1829 1042/1830/1830
f 1042/1830/1830 478/1829/1829 486/1831/1831
f 1042/1830/1830 486/1831/1831 485/1832/1832
f 376/1783/1783 364/1785/1785 377/1833/1833
f 377/1833/1833 364/1785/1785 370/1834/1834
f 377/1833/1833 370/1834/1834 367/1835/1835
f 367/1835/1835 370/1834/1834 368/1836/1836
f 368/1836/1836 370/1834/1834 369/1837/1837
f 367/1835/1835 366/1838/1838 377/1833/1833
f 382/1839/1839 384/1840/1840 376/1783/1783
f 376/1783/1783 384/1840/1840 387/1781/1781
f 560/1841/1841 562/1842/1842 568/1843/1843
f 568/1843/1843 562/1842/1842 570/1844/1844
f 568/1843/1843 570/1844/1844 569/1845/1845
f 568/1843/1843 567/1846/1846 560/1841/1841
f 560/1841/1841 567/1846/1846 588/1847/1847
f 560/1841/1841 588/1847/1847 1158/1848/1848
f 1158/1848/1848 588/1847/1847 593/1849/1849
f 1158/1848/1848 593/1849/1849 1157/1850/1850
f 1157/1850/1850 593/1849/1849 601/1851/1851
f 1157/1850/1850 601/1851/1851 600/1852/1852
f 600/1852/1852 599/1853/1853 1157/1850/1850
f 1157/1850/1850 599/1853/1853 598/1854/1854
f 1157/1850/1850 598/1854/1854 1156/1605/1605
f 1156/1605/1605 598/1854/1854 609/1855/1855
f 1156/1605/1605 609/1855/1855 608/1856/1856
f 608/1856/1856 607/1603/1603 1156/1605/1605
f 675/1645/1645 620/1647/1647 667/1857/1857
f 667/1857/1857 620/1647/1647 626/1858/1858
f 667/1857/1857 626/1858/1858 632/1859/1859
f 631/1860/1860 662/1861/1861 632/1859/1859
f 632/1859/1859 662/1861/1861 661/1862/1862
f 632/1859/1859 661/1862/1862 660/1863/1863
f 662/1861/1861 631/1860/1860 652/1864/1864
f 652/1864/1864 631/1860/1860 639/1865/1865
f 652/1864/1864 639/1865/1865 653/1866/1866
f 653/1866/1866 639/1865/1865 638/1867/1867
f 653/1866/1866 638/1867/1867 654/1868/1868
f 654/1868/1868 638/1867/1867 637/1869/1869
f 654/1868/1868 637/1869/1869 647/1870/1870
f 646/1871/1871 645/1872/1872 647/1870/1870
f 647/1870/1870 645/1872/1872 654/1868/1868
f 645/1872/1872 644/1873/1873 654/1868/1868
f 660/1863/1863 659/1874/1874 632/1859/1859
f 632/1859/1859 659/1874/1874 670/1875/1875
f 632/1859/1859 670/1875/1875 669/1876/1876
f 669/1876/1876 668/1877/1877 632/1859/1859
f 632/1859/1859 668/1877/1877 667/1857/1857
f 464/1878/1878 473/1879/1879 465/1642/1642
f 465/1642/1642 473/1879/1879 478/1829/1829
f 465/1642/1642 478/1829/1829 398/1640/1640
f 463/1880/1880 461/1881/1881 464/1878/1878
f 464/1878/1878 461/1881/1881 460/1882/1882
f 464/1878/1878 460/1882/1882 473/1879/1879
f 463/1880/1880 462/1883/1883 461/1881/1881
f 485/1832/1832 484/1884/1884 1042/1830/1830
f 1042/1830/1830 484/1884/1884 483/1885/1885
f 1042/1830/1830 483/1885/1885 494/1886/1886
f 1042/1830/1830 494/1886/1886 1032/1887/1887
f 1032/1887/1887 494/1886/1886 493/1888/1888
f 1032/1887/1887 493/1888/1888 492/1889/1889
f 492/1889/1889 491/1890/1890 1032/1887/1887
f 1032/1887/1887 491/1890/1890 1024/1891/1891
f 1032/1887/1887 1024/1891/1891 1027/1892/1892
f 500/1893/1893 1105/1894/1894 491/1890/1890
f 491/1890/1890 1105/1894/1894 1107/1895/1895
f 491/1890/1890 1107/1895/1895 1024/1891/1891
f 1024/1891/1891 1107/1895/1895 1020/1896/1896
f 1020/1896/1896 1107/1895/1895 1021/1897/1897
f 1021/1897/1897 1107/1895/1895 1119/1898/1898
f 1119/1898/1898 1107/1895/1895 1113/1899/1899
f 1119/1898/1898 1113/1899/1899 1110/1900/1900
f 1110/1900/1900 1113/1899/1899 1111/1901/1901
f 1111/1901/1901 1113/1899/1899 1112/1902/1902
f 500/1893/1893 499/1903/1903 1105/1894/1894
f 1105/1894/1894 499/1903/1903 556/1904/1904
f 1105/1894/1894 556/1904/1904 1159/1905/1905
f 1159/1905/1905 556/1904/1904 558/1906/1906
f 1159/1905/1905 558/1906/1906 1158/1848/1848
f 1158/1848/1848 558/1906/1906 560/1841/1841
f 499/1903/1903 506/1907/1907 556/1904/1904
f 556/1904/1904 506/1907/1907 548/1908/1908
f 548/1908/1908 506/1907/1907 505/1909/1909
f 548/1908/1908 505/1909/1909 512/1910/1910
f 511/1911/1911 543/1912/1912 512/1910/1910
f 512/1910/1910 543/1912/1912 542/1913/1913
f 512/1910/1910 542/1913/1913 541/1914/1914
f 543/1912/1912 511/1911/1911 533/1915/1915
f 533/1915/1915 511/1911/1911 518/1916/1916
f 533/1915/1915 518/1916/1916 517/1917/1917
f 527/1918/1918 535/1919/1919 517/1917/1917
f 517/1917/1917 535/1919/1919 534/1920/1920
f 517/1917/1917 534/1920/1920 533/1915/1915
f 526/1921/1921 525/1922/1922 527/1918/1918
f 527/1918/1918 525/1922/1922 524/1923/1923
f 527/1918/1918 524/1923/1923 535/1919/1919
f 535/1919/1919 524/1923/1923 523/1924/1924
f 541/1914/1914 540/1925/1925 512/1910/1910
f 512/1910/1910 540/1925/1925 551/1926/1926
f 512/1910/1910 551/1926/1926 550/1927/1927
f 550/1927/1927 549/1928/1928 512/1910/1910
f 512/1910/1910 549/1928/1928 548/1908/1908
f 726/1929/1929 735/1930/1930 727/1931/1931
f 727/1931/1931 735/1930/1930 734/1932/1932
f 727/1931/1931 734/1932/1932 733/1933/1933
f 733/1933/1933 732/1934/1934 727/1931/1931
f 727/1931/1931 732/1934/1934 724/1935/1935
f 724/1935/1935 732/1934/1934 716/1936/1936
f 724/1935/1935 716/1936/1936 722/1937/1937
f 732/1934/1934 740/1938/1938 716/1936/1936
f 716/1936/1936 740/1938/1938 1008/1939/1939
f 716/1936/1936 1008/1939/1939 705/1940/1940
f 705/1940/1940 1008/1939/1939 1018/1941/1941
f 705/1940/1940 1018/1941/1941 703/1768/1768
f 703/1768/1768 1018/1941/1941 362/1822/1822
f 703/1768/1768 362/1822/1822 872/1767/1767
f 872/1767/1767 362/1822/1822 1044/1942/1942
f 872/1767/1767 1044/1942/1942 870/1943/1943
f 870/1943/1943 1044/1942/1942 1046/1944/1944
f 870/1943/1943 1046/1944/1944 860/1945/1945
f 860/1945/1945 1046/1944/1944 1081/1946/1946
f 860/1945/1945 1081/1946/1946 1123/1947/1947
f 1123/1947/1947 1081/1946/1946 1164/1948/1948
f 1164/1948/1948 1081/1946/1946 1083/1949/1949
f 1164/1948/1948 1083/1949/1949 1163/1950/1950
f 1163/1950/1950 1083/1949/1949 1085/1951/1951
f 1163/1950/1950 1085/1951/1951 1162/1952/1952
f 1162/1952/1952 1085/1951/1951 1089/1953/1953
f 1162/1952/1952 1089/1953/1953 1088/1954/1954
f 742/1955/1955 1141/1956/1956 740/1938/1938
f 740/1938/1938 1141/1956/1956 983/1957/1957
f 740/1938/1938 983/1957/1957 994/1958/1958
f 994/1958/1958 983/1957/1957 995/1959/1959
f 995/1959/1959 983/1957/1957 988/1960/1960
f 995/1959/1959 988/1960/1960 987/1961/1961
f 1141/1956/1956 742/1955/1955 1140/1962/1962
f 1140/1962/1962 742/1955/1955 744/1963/1963
f 1140/1962/1962 744/1963/1963 748/1964/1964
f 748/1964/1964 747/1965/1965 1140/1962/1962
f 1140/1962/1962 747/1965/1965 746/1966/1966
f 1140/1962/1962 746/1966/1966 1139/1967/1967
f 1139/1967/1967 746/1966/1966 753/1968/1968
f 1139/1967/1967 753/1968/1968 1138/1969/1969
f 1138/1969/1969 753/1968/1968 757/1970/1970
f 1138/1969/1969 757/1970/1970 756/1971/1971
f 756/1971/1971 755/1972/1972 1138/1969/1969
f 1138/1969/1969 755/1972/1972 762/1973/1973
f 1138/1969/1969 762/1973/1973 1137/1974/1974
f 1137/1974/1974 762/1973/1973 764/1725/1725
f 1137/1974/1974 764/1725/1725 1136/1687/1687
f 691/1726/1726 764/1725/1725 683/1975/1975
f 683/1975/1975 764/1725/1725 766/1976/1976
f 683/1975/1975 766/1976/1976 679/1977/1977
f 679/1977/1977 766/1976/1976 680/1978/1978
f 680/1978/1978 766/1976/1976 778/1979/1979
f 778/1979/1979 766/1976/1976 772/1980/1980
f 778/1979/1979 772/1980/1980 769/1981/1981
f 769/1981/1981 772/1980/1980 770/1982/1982
f 770/1982/1982 772/1980/1980 771/1983/1983
f 769/1981/1981 768/1984/1984 778/1979/1979
f 683/1975/1975 686/1985/1985 691/1726/1726
f 691/1726/1726 686/1985/1985 692/1986/1986
f 692/1986/1986 686/1985/1985 695/1987/1987
f 692/1986/1986 695/1987/1987 694/1988/1988
f 686/1985/1985 685/1989/1989 695/1987/1987
f 694/1988/1988 693/1990/1990 692/1986/1986
f 716/1936/1936 705/1940/1940 717/1991/1991
f 717/1991/1991 705/1940/1940 710/1992/1992
f 717/1991/1991 710/1992/1992 709/1993/1993
f 709/1993/1993 708/1994/1994 717/1991/1991
f 717/1991/1991 708/1994/1994 707/1995/1995
f 840/1996/1996 847/1997/1997 835/1998/1998
f 835/1998/1998 847/1997/1997 846/1999/1999
f 835/1998/1998 846/1999/1999 852/2000/2000
f 840/1996/1996 839/2001/2001 847/1997/1997
f 847/1997/1997 839/2001/2001 838/2002/2002
f 847/1997/1997 838/2002/2002 837/2003/2003
f 855/2004/2004 860/1945/1945 852/2000/2000
f 852/2000/2000 860/1945/1945 1123/1947/1947
f 852/2000/2000 1123/1947/1947 1124/2005/2005
f 854/2006/2006 864/2007/2007 855/2004/2004
f 855/2004/2004 864/2007/2007 861/2008/2008
f 855/2004/2004 861/2008/2008 860/1945/1945
f 864/2007/2007 863/2009/2009 861/2008/2008
f 861/2008/2008 863/2009/2009 862/2010/2010
f 782/1755/1755 874/1753/1753 783/2011/2011
f 783/2011/2011 874/1753/1753 879/2012/2012
f 783/2011/2011 879/2012/2012 878/2013/2013
f 878/2013/2013 877/2014/2014 783/2011/2011
f 783/2011/2011 877/2014/2014 876/2015/2015
f 783/2011/2011 876/2015/2015 784/2016/2016
f 804/1744/1744 803/2017/2017 288/1735/1735
f 288/1735/1735 803/2017/2017 820/2018/2018
f 288/1735/1735 820/2018/2018 819/2019/2019
f 288/1735/1735 819/2019/2019 1128/1736/1736
f 1128/1736/1736 819/2019/2019 818/2020/2020
f 1128/1736/1736 818/2020/2020 817/2021/2021
f 817/2021/2021 816/2022/2022 1128/1736/1736
f 1128/1736/1736 816/2022/2022 1127/2023/2023
f 1127/2023/2023 816/2022/2022 815/2024/2024
f 1127/2023/2023 815/2024/2024 828/2025/2025
f 1127/2023/2023 828/2025/2025 1126/2026/2026
f 1126/2026/2026 828/2025/2025 827/2027/2027
f 1126/2026/2026 827/2027/2027 833/2028/2028
f 835/1998/1998 1124/2005/2005 833/2028/2028
f 833/2028/2028 1124/2005/2005 1125/2029/2029
f 833/2028/2028 1125/2029/2029 1126/2026/2026
f 946/2030/2030 954/2031/2031 947/2032/2032
f 947/2032/2032 954/2031/2031 953/2033/2033
f 947/2032/2032 953/2033/2033 952/2034/2034
f 959/2035/2035 961/2036/2036 952/2034/2034
f 952/2034/2034 961/2036/2036 963/2037/2037
f 952/2034/2034 963/2037/2037 944/2038/2038
f 944/2038/2038 963/2037/2037 971/2039/2039
f 944/2038/2038 971/2039/2039 942/1809/1809
f 942/1809/1809 971/2039/2039 977/1807/1807
f 963/2037/2037 966/2040/2040 971/2039/2039
f 971/2039/2039 966/2040/2040 972/2041/2041
f 972/2041/2041 966/2040/2040 965/2042/2042
f 977/1807/1807 979/2043/2043 1146/1805/1805
f 1146/1805/1805 979/2043/2043 1145/2044/2044
f 1145/2044/2044 979/2043/2043 1144/2045/2045
f 1144/2045/2045 979/2043/2043 981/2046/2046
f 1144/2045/2045 981/2046/2046 1143/2047/2047
f 1143/2047/2047 981/2046/2046 1142/2048/2048
f 1142/2048/2048 981/2046/2046 983/1957/1957
f 1142/2048/2048 983/1957/1957 1141/1956/1956
f 987/1961/1961 986/2049/2049 995/1959/1959
f 995/1959/1959 986/2049/2049 985/2050/2050
f 994/1958/1958 1000/2051/2051 740/1938/1938
f 740/1938/1938 1000/2051/2051 1008/1939/1939
f 1000/2051/2051 1003/2052/2052 1008/1939/1939
f 1008/1939/1939 1003/2052/2052 1009/2053/2053
f 1009/2053/2053 1003/2052/2052 1010/2054/2054
f 1010/2054/2054 1003/2052/2052 1011/2055/2055
f 1011/2055/2055 1003/2052/2052 1012/2056/2056
f 1012/2056/2056 1003/2052/2052 1002/2057/2057
f 1018/1941/1941 885/1820/1820 362/1822/1822
f 940/1810/1810 888/1812/1812 933/2058/2058
f 933/2058/2058 888/1812/1812 890/2059/2059
f 933/2058/2058 890/2059/2059 896/2060/2060
f 896/2060/2060 895/2061/2061 933/2058/2058
f 933/2058/2058 895/2061/2061 901/2062/2062
f 933/2058/2058 901/2062/2062 925/2063/2063
f 925/2063/2063 901/2062/2062 915/2064/2064
f 925/2063/2063 915/2064/2064 923/2065/2065
f 901/2062/2062 906/2066/2066 915/2064/2064
f 915/2064/2064 906/2066/2066 916/2067/2067
f 916/2067/2067 906/2066/2066 910/2068/2068
f 916/2067/2067 910/2068/2068 909/2069/2069
f 908/2070/2070 918/2071/2071 909/2069/2069
f 909/2069/2069 918/2071/2071 917/2072/2072
f 909/2069/2069 917/2072/2072 916/2067/2067
f 925/2063/2063 928/2073/2073 933/2058/2058
f 933/2058/2058 928/2073/2073 934/2074/2074
f 934/2074/2074 928/2073/2073 935/2075/2075
f 935/2075/2075 928/2073/2073 927/2076/2076
f 944/2038/2038 947/2032/2032 952/2034/2034
f 1067/2077/2077 1076/2078/2078 1068/2079/2079
f 1068/2079/2079 1076/2078/2078 1075/2080/2080
f 1068/2079/2079 1075/2080/2080 1074/2081/2081
f 1074/2081/2081 1073/2082/2082 1068/2079/2079
f 1068/2079/2079 1073/2082/2082 1065/2083/2083
f 1065/2083/2083 1073/2082/2082 1057/2084/2084
f 1065/2083/2083 1057/2084/2084 1063/2085/2085
f 1073/2082/2082 1081/1946/1946 1057/2084/2084
f 1057/2084/2084 1081/1946/1946 1046/1944/1944
f 1057/2084/2084 1046/1944/1944 1058/2086/2086
f 1058/2086/2086 1046/1944/1944 1051/2087/2087
f 1058/2086/2086 1051/2087/2087 1050/2088/2088
f 1088/1954/1954 1087/2089/2089 1162/1952/1952
f 1162/1952/1952 1087/2089/2089 1094/2090/2090
f 1162/1952/1952 1094/2090/2090 1161/2091/2091
f 1161/2091/2091 1094/2090/2090 1098/2092/2092
f 1161/2091/2091 1098/2092/2092 1097/2093/2093
f 1097/2093/2093 1096/2094/2094 1161/2091/2091
f 1161/2091/2091 1096/2094/2094 1103/2095/2095
f 1161/2091/2091 1103/2095/2095 1160/2096/2096
f 1160/2096/2096 1103/2095/2095 1159/1905/1905
f 1159/1905/1905 1103/2095/2095 1105/1894/1894
f 1110/1900/1900 1109/2097/2097 1119/1898/1898
f 1026/2098/2098 1036/2099/2099 1027/1892/1892
f 1027/1892/1892 1036/2099/2099 1033/2100/2100
f 1027/1892/1892 1033/2100/2100 1032/1887/1887
f 1036/2099/2099 1035/2101/2101 1033/2100/2100
f 1033/2100/2100 1035/2101/2101 1034/2102/2102
f 1042/1830/1830 1044/1942/1942 362/1822/1822
f 1050/2088/2088 1049/2103/2103 1058/2086/2086
f 1058/2086/2086 1049/2103/2103 1048/2104/2104
f 835/1998/1998 852/2000/2000 1124/2005/2005
f 74/2105/2105 65/2106/2106 75/2107/2107
f 75/2107/2107 65/2106/2106 62/2108/2108
f 75/2107/2107 62/2108/2108 81/2109/2109
f 81/2109/2109 62/2108/2108 93/2110/2110
f 81/2109/2109 93/2110/2110 84/2111/2111
f 84/2111/2111 93/2110/2110 92/2112/2112
f 84/2111/2111 92/2112/2112 85/2113/2113
f 85/2113/2113 92/2112/2112 91/2114/2114
f 85/2113/2113 91/2114/2114 86/2115/2115
f 86/2115/2115 91/2114/2114 90/2116/2116
f 86/2115/2115 90/2116/2116 87/2117/2117
f 65/2106/2106 74/2105/2105 66/2118/2118
f 66/2118/2118 74/2105/2105 73/2119/2119
f 66/2118/2118 73/2119/2119 67/2120/2120
f 67/2120/2120 73/2119/2119 72/2121/2121
f 67/2120/2120 72/2121/2121 68/2122/2122
f 62/2108/2108 60/2123/2123 93/2110/2110
f 93/2110/2110 60/2123/2123 95/2124/2124
f 95/2124/2124 60/2123/2123 617/2125/2125
f 95/2124/2124 617/2125/2125 616/2126/2126
f 58/2127/2127 619/2128/2128 60/2123/2123
f 60/2123/2123 619/2128/2128 618/2129/2129
f 60/2123/2123 618/2129/2129 617/2125/2125
f 56/2130/2130 6/2131/2131 58/2127/2127
f 58/2127/2127 6/2131/2131 4/2132/2132
f 58/2127/2127 4/2132/2132 622/2133/2133
f 622/2133/2133 4/2132/2132 676/2134/2134
f 622/2133/2133 676/2134/2134 623/2135/2135
f 623/2135/2135 676/2134/2134 624/2136/2136
f 624/2136/2136 676/2134/2134 625/2137/2137
f 625/2137/2137 676/2134/2134 627/2138/2138
f 627/2138/2138 676/2134/2134 674/2139/2139
f 627/2138/2138 674/2139/2139 628/2140/2140
f 628/2140/2140 674/2139/2139 629/2141/2141
f 629/2141/2141 674/2139/2139 630/2142/2142
f 630/2142/2142 674/2139/2139 633/2143/2143
f 633/2143/2143 674/2139/2139 634/2144/2144
f 634/2144/2144 674/2139/2139 673/2145/2145
f 634/2144/2144 673/2145/2145 672/2146/2146
f 55/2147/2147 46/2148/2148 56/2130/2130
f 56/2130/2130 46/2148/2148 43/2149/2149
f 56/2130/2130 43/2149/2149 22/2150/2150
f 22/2150/2150 43/2149/2149 39/2151/2151
f 22/2150/2150 39/2151/2151 24/2152/2152
f 24/2152/2152 39/2151/2151 28/2153/2153
f 28/2153/2153 39/2151/2151 38/2154/2154
f 28/2153/2153 38/2154/2154 29/2155/2155
f 29/2155/2155 38/2154/2154 37/2156/2156
f 29/2155/2155 37/2156/2156 30/2157/2157
f 30/2157/2157 37/2156/2156 36/2158/2158
f 30/2157/2157 36/2158/2158 31/2159/2159
f 46/2148/2148 55/2147/2147 47/2160/2160
f 47/2160/2160 55/2147/2147 54/2161/2161
f 47/2160/2160 54/2161/2161 48/2162/2162
f 48/2162/2162 54/2161/2161 53/2163/2163
f 48/2162/2162 53/2163/2163 49/2164/2164
f 43/2149/2149 41/2165/2165 39/2151/2151
f 22/2150/2150 21/2166/2166 56/2130/2130
f 56/2130/2130 21/2166/2166 20/2167/2167
f 56/2130/2130 20/2167/2167 19/2168/2168
f 17/2169/2169 10/2170/2170 19/2168/2168
f 19/2168/2168 10/2170/2170 9/2171/2171
f 19/2168/2168 9/2171/2171 56/2130/2130
f 56/2130/2130 9/2171/2171 8/2172/2172
f 56/2130/2130 8/2172/2172 6/2131/2131
f 17/2169/2169 16/2173/2173 10/2170/2170
f 10/2170/2170 16/2173/2173 14/2174/2174
f 10/2170/2170 14/2174/2174 11/2175/2175
f 16/2173/2173 15/2176/2176 14/2174/2174
f 676/2134/2134 4/2132/2132 678/2177/2177
f 678/2177/2177 4/2132/2132 3/2178/2178
f 678/2177/2177 3/2178/2178 466/2179/2179
f 466/2179/2179 3/2178/2178 402/2180/2180
f 466/2179/2179 402/2180/2180 481/2181/2181
f 481/2181/2181 402/2180/2180 363/2182/2182
f 481/2181/2181 363/2182/2182 482/2183/2183
f 482/2183/2183 363/2182/2182 1043/2184/2184
f 482/2183/2183 1043/2184/2184 487/2185/2185
f 487/2185/2185 1043/2184/2184 488/2186/2186
f 488/2186/2186 1043/2184/2184 489/2187/2187
f 489/2187/2187 1043/2184/2184 490/2188/2188
f 490/2188/2188 1043/2184/2184 495/2189/2189
f 495/2189/2189 1043/2184/2184 1041/2190/2190
f 495/2189/2189 1041/2190/2190 496/2191/2191
f 496/2191/2191 1041/2190/2190 497/2192/2192
f 497/2192/2192 1041/2190/2190 498/2193/2193
f 498/2193/2193 1041/2190/2190 1025/2194/2194
f 498/2193/2193 1025/2194/2194 1108/2195/2195
f 1108/2195/2195 1025/2194/2194 1023/2196/2196
f 1108/2195/2195 1023/2196/2196 1022/2197/2197
f 3/2178/2178 136/2198/2198 402/2180/2180
f 402/2180/2180 136/2198/2198 404/2199/2199
f 404/2199/2199 136/2198/2198 134/2200/2200
f 404/2199/2199 134/2200/2200 406/2201/2201
f 406/2201/2201 134/2200/2200 118/2202/2202
f 406/2201/2201 118/2202/2202 439/2203/2203
f 439/2203/2203 118/2202/2202 116/2204/2204
f 439/2203/2203 116/2204/2204 440/2205/2205
f 440/2205/2205 116/2204/2204 101/2206/2206
f 440/2205/2205 101/2206/2206 1179/2207/2207
f 1179/2207/2207 101/2206/2206 99/2208/2208
f 1179/2207/2207 99/2208/2208 1178/2209/2209
f 1178/2209/2209 99/2208/2208 1177/2210/2210
f 1177/2210/2210 99/2208/2208 97/2211/2211
f 1177/2210/2210 97/2211/2211 1176/2212/2212
f 1176/2212/2212 97/2211/2211 1175/2213/2213
f 1175/2213/2213 97/2211/2211 95/2124/2124
f 1175/2213/2213 95/2124/2124 612/2214/2214
f 612/2214/2214 95/2124/2124 613/2215/2215
f 613/2215/2215 95/2124/2124 616/2126/2126
f 133/2216/2216 122/2217/2217 134/2200/2200
f 134/2200/2200 122/2217/2217 121/2218/2218
f 134/2200/2200 121/2218/2218 118/2202/2202
f 122/2217/2217 133/2216/2216 123/2219/2219
f 123/2219/2219 133/2216/2216 132/2220/2220
f 123/2219/2219 132/2220/2220 131/2221/2221
f 131/2221/2221 130/2222/2222 123/2219/2219
f 123/2219/2219 130/2222/2222 124/2223/2223
f 116/2204/2204 115/2224/2224 101/2206/2206
f 101/2206/2206 115/2224/2224 114/2225/2225
f 101/2206/2206 114/2225/2225 113/2226/2226
f 110/2227/2227 109/2228/2228 113/2226/2226
f 113/2226/2226 109/2228/2228 106/2229/2229
f 113/2226/2226 106/2229/2229 101/2206/2206
f 109/2228/2228 108/2230/2230 106/2229/2229
f 106/2229/2229 108/2230/2230 107/2231/2231
f 81/2109/2109 79/2232/2232 75/2107/2107
f 75/2107/2107 79/2232/2232 77/2233/2233
f 199/2234/2234 184/2235/2235 200/2236/2236
f 200/2236/2236 184/2235/2235 204/2237/2237
f 200/2236/2236 204/2237/2237 202/2238/2238
f 199/2234/2234 198/2239/2239 184/2235/2235
f 184/2235/2235 198/2239/2239 190/2240/2240
f 190/2240/2240 198/2239/2239 197/2241/2241
f 190/2240/2240 197/2241/2241 191/2242/2242
f 191/2242/2242 197/2241/2241 192/2243/2243
f 192/2243/2243 197/2241/2241 193/2244/2244
f 193/2244/2244 197/2241/2241 194/2245/2245
f 184/2235/2235 182/2246/2246 204/2237/2237
f 204/2237/2237 182/2246/2246 1197/2247/2247
f 204/2237/2237 1197/2247/2247 1198/2248/2248
f 1197/2247/2247 182/2246/2246 1196/2249/2249
f 1196/2249/2249 182/2246/2246 180/2250/2250
f 1196/2249/2249 180/2250/2250 1195/2251/2251
f 1195/2251/2251 180/2250/2250 1194/2252/2252
f 1194/2252/2252 180/2250/2250 178/2253/2253
f 1194/2252/2252 178/2253/2253 765/2254/2254
f 765/2254/2254 178/2253/2253 161/2255/2255
f 765/2254/2254 161/2255/2255 159/2256/2256
f 177/2257/2257 166/2258/2258 178/2253/2253
f 178/2253/2253 166/2258/2258 165/2259/2259
f 178/2253/2253 165/2259/2259 161/2255/2255
f 166/2258/2258 177/2257/2257 167/2260/2260
f 167/2260/2260 177/2257/2257 176/2261/2261
f 167/2260/2260 176/2261/2261 175/2262/2262
f 175/2262/2262 174/2263/2263 167/2260/2260
f 167/2260/2260 174/2263/2263 168/2264/2264
f 157/2265/2265 702/2266/2266 159/2256/2256
f 159/2256/2256 702/2266/2266 700/2267/2267
f 159/2256/2256 700/2267/2267 765/2254/2254
f 765/2254/2254 700/2267/2267 684/2268/2268
f 765/2254/2254 684/2268/2268 767/2269/2269
f 767/2269/2269 684/2268/2268 682/2270/2270
f 767/2269/2269 682/2270/2270 681/2271/2271
f 155/2272/2272 153/2273/2273 157/2265/2265
f 157/2265/2265 153/2273/2273 142/2274/2274
f 157/2265/2265 142/2274/2274 245/2275/2275
f 153/2273/2273 152/2276/2276 142/2274/2274
f 142/2274/2274 152/2276/2276 143/2277/2277
f 143/2277/2277 152/2276/2276 151/2278/2278
f 143/2277/2277 151/2278/2278 150/2279/2279
f 146/2280/2280 145/2281/2281 150/2279/2279
f 150/2279/2279 145/2281/2281 144/2282/2282
f 150/2279/2279 144/2282/2282 143/2277/2277
f 243/2283/2283 248/2284/2284 245/2275/2275
f 245/2275/2275 248/2284/2284 702/2266/2266
f 245/2275/2275 702/2266/2266 157/2265/2265
f 248/2284/2284 243/2283/2283 249/2285/2285
f 249/2285/2285 243/2283/2283 241/2286/2286
f 249/2285/2285 241/2286/2286 265/2287/2287
f 265/2287/2287 241/2286/2286 267/2288/2288
f 267/2288/2288 241/2286/2286 225/2289/2289
f 267/2288/2288 225/2289/2289 223/2290/2290
f 240/2291/2291 229/2292/2292 241/2286/2286
f 241/2286/2286 229/2292/2292 228/2293/2293
f 241/2286/2286 228/2293/2293 225/2289/2289
f 239/2294/2294 238/2295/2295 240/2291/2291
f 240/2291/2291 238/2295/2295 237/2296/2296
f 240/2291/2291 237/2296/2296 230/2297/2297
f 230/2297/2297 237/2296/2296 231/2298/2298
f 230/2297/2297 229/2292/2292 240/2291/2291
f 222/2299/2299 208/2300/2300 223/2290/2290
f 223/2290/2290 208/2300/2300 283/2301/2301
f 223/2290/2290 283/2301/2301 267/2288/2288
f 267/2288/2288 283/2301/2301 270/2302/2302
f 270/2302/2302 283/2301/2301 271/2303/2303
f 271/2303/2303 283/2301/2301 272/2304/2304
f 272/2304/2304 283/2301/2301 282/2305/2305
f 272/2304/2304 282/2305/2305 281/2306/2306
f 208/2300/2300 222/2299/2299 213/2307/2307
f 213/2307/2307 222/2299/2299 221/2308/2308
f 213/2307/2307 221/2308/2308 220/2309/2309
f 216/2310/2310 215/2311/2311 220/2309/2309
f 220/2309/2309 215/2311/2311 214/2312/2312
f 220/2309/2309 214/2312/2312 213/2307/2307
f 283/2301/2301 208/2300/2300 1199/2313/2313
f 1199/2313/2313 208/2300/2300 206/2314/2314
f 1199/2313/2313 206/2314/2314 1198/2248/2248
f 1198/2248/2248 206/2314/2314 204/2237/2237
f 287/2315/2315 1202/2316/2316 289/2317/2317
f 289/2317/2317 1202/2316/2316 822/2318/2318
f 289/2317/2317 822/2318/2318 821/2319/2319
f 1202/2316/2316 287/2315/2315 1201/2320/2320
f 1201/2320/2320 287/2315/2315 285/2321/2321
f 1201/2320/2320 285/2321/2321 1200/2322/2322
f 1200/2322/2322 285/2321/2321 1199/2313/2313
f 1199/2313/2313 285/2321/2321 283/2301/2301
f 281/2306/2306 280/2323/2323 272/2304/2304
f 272/2304/2304 280/2323/2323 279/2324/2324
f 272/2304/2304 279/2324/2324 273/2325/2325
f 265/2287/2287 264/2326/2326 249/2285/2285
f 249/2285/2285 264/2326/2326 263/2327/2327
f 249/2285/2285 263/2327/2327 262/2328/2328
f 259/2329/2329 258/2330/2330 262/2328/2328
f 262/2328/2328 258/2330/2330 255/2331/2331
f 262/2328/2328 255/2331/2331 249/2285/2285
f 258/2330/2330 257/2332/2332 255/2331/2331
f 255/2331/2331 257/2332/2332 256/2333/2333
f 248/2284/2284 324/2334/2334 702/2266/2266
f 702/2266/2266 324/2334/2334 873/2335/2335
f 702/2266/2266 873/2335/2335 704/2336/2336
f 704/2336/2336 873/2335/2335 363/2182/2182
f 704/2336/2336 363/2182/2182 1019/2337/2337
f 1019/2337/2337 363/2182/2182 886/2338/2338
f 886/2338/2338 363/2182/2182 361/2339/2339
f 886/2338/2338 361/2339/2339 359/2340/2340
f 873/2335/2335 324/2334/2334 875/2341/2341
f 875/2341/2341 324/2334/2334 322/2342/2342
f 875/2341/2341 322/2342/2342 800/2343/2343
f 800/2343/2343 322/2342/2342 801/2344/2344
f 801/2344/2344 322/2342/2342 802/2345/2345
f 802/2345/2345 322/2342/2342 306/2346/2346
f 802/2345/2345 306/2346/2346 809/2347/2347
f 809/2347/2347 306/2346/2346 810/2348/2348
f 810/2348/2348 306/2346/2346 304/2349/2349
f 810/2348/2348 304/2349/2349 811/2350/2350
f 811/2350/2350 304/2349/2349 812/2351/2351
f 812/2351/2351 304/2349/2349 813/2352/2352
f 813/2352/2352 304/2349/2349 289/2317/2317
f 813/2352/2352 289/2317/2317 814/2353/2353
f 814/2353/2353 289/2317/2317 821/2319/2319
f 321/2354/2354 310/2355/2355 322/2342/2342
f 322/2342/2342 310/2355/2355 309/2356/2356
f 322/2342/2342 309/2356/2356 306/2346/2346
f 320/2357/2357 319/2358/2358 321/2354/2354
f 321/2354/2354 319/2358/2358 318/2359/2359
f 321/2354/2354 318/2359/2359 311/2360/2360
f 311/2360/2360 318/2359/2359 312/2361/2361
f 311/2360/2360 310/2355/2355 321/2354/2354
f 304/2349/2349 303/2362/2362 289/2317/2317
f 289/2317/2317 303/2362/2362 302/2363/2363
f 289/2317/2317 302/2363/2363 294/2364/2364
f 294/2364/2364 302/2363/2363 301/2365/2365
f 294/2364/2364 301/2365/2365 295/2366/2366
f 295/2366/2366 301/2365/2365 296/2367/2367
f 296/2367/2367 301/2365/2365 297/2368/2368
f 297/2368/2368 301/2365/2365 298/2369/2369
f 399/2370/2370 397/2371/2371 365/2372/2372
f 365/2372/2372 397/2371/2371 396/2373/2373
f 365/2372/2372 396/2373/2373 381/2374/2374
f 381/2374/2374 396/2373/2373 395/2375/2375
f 381/2374/2374 395/2375/2375 394/2376/2376
f 394/2376/2376 391/2377/2377 381/2374/2374
f 381/2374/2374 391/2377/2377 390/2378/2378
f 381/2374/2374 390/2378/2378 389/2379/2379
f 389/2379/2379 388/2380/2380 381/2374/2374
f 381/2374/2374 388/2380/2380 385/2381/2381
f 381/2374/2374 385/2381/2381 383/2382/2382
f 381/2374/2374 380/2383/2383 365/2372/2372
f 365/2372/2372 380/2383/2383 379/2384/2384
f 365/2372/2372 379/2384/2384 378/2385/2385
f 375/2386/2386 374/2387/2387 378/2385/2385
f 378/2385/2385 374/2387/2387 373/2388/2388
f 378/2385/2385 373/2388/2388 372/2389/2389
f 372/2389/2389 371/2390/2390 378/2385/2385
f 378/2385/2385 371/2390/2390 365/2372/2372
f 399/2370/2370 365/2372/2372 400/2391/2391
f 400/2391/2391 365/2372/2372 363/2182/2182
f 400/2391/2391 363/2182/2182 401/2392/2392
f 401/2392/2392 363/2182/2182 402/2180/2180
f 358/2393/2393 348/2394/2394 359/2340/2340
f 359/2340/2340 348/2394/2394 347/2395/2395
f 359/2340/2340 347/2395/2395 346/2396/2396
f 358/2393/2393 357/2397/2397 348/2394/2394
f 348/2394/2394 357/2397/2397 356/2398/2398
f 348/2394/2394 356/2398/2398 355/2399/2399
f 355/2399/2399 349/2400/2400 348/2394/2394
f 346/2396/2396 343/2401/2401 359/2340/2340
f 359/2340/2340 343/2401/2401 887/2402/2402
f 359/2340/2340 887/2402/2402 886/2338/2338
f 343/2401/2401 341/2403/2403 887/2402/2402
f 887/2402/2402 341/2403/2403 941/2404/2404
f 887/2402/2402 941/2404/2404 889/2405/2405
f 889/2405/2405 941/2404/2404 939/2406/2406
f 889/2405/2405 939/2406/2406 891/2407/2407
f 891/2407/2407 939/2406/2406 892/2408/2408
f 892/2408/2408 939/2406/2406 902/2409/2409
f 892/2408/2408 902/2409/2409 893/2410/2410
f 893/2410/2410 902/2409/2409 894/2411/2411
f 894/2411/2411 902/2409/2409 900/2412/2412
f 894/2411/2411 900/2412/2412 899/2413/2413
f 340/2414/2414 330/2415/2415 341/2403/2403
f 341/2403/2403 330/2415/2415 978/2416/2416
f 341/2403/2403 978/2416/2416 943/2417/2417
f 943/2417/2417 978/2416/2416 976/2418/2418
f 943/2417/2417 976/2418/2418 945/2419/2419
f 945/2419/2419 976/2418/2418 964/2420/2420
f 945/2419/2419 964/2420/2420 958/2421/2421
f 958/2421/2421 964/2420/2420 962/2422/2422
f 958/2421/2421 962/2422/2422 960/2423/2423
f 340/2414/2414 339/2424/2424 330/2415/2415
f 330/2415/2415 339/2424/2424 331/2425/2425
f 331/2425/2425 339/2424/2424 338/2426/2426
f 331/2425/2425 338/2426/2426 332/2427/2427
f 332/2427/2427 338/2426/2426 333/2428/2428
f 333/2428/2428 338/2426/2426 334/2429/2429
f 334/2429/2429 338/2426/2426 335/2430/2430
f 978/2416/2416 330/2415/2415 1184/2431/2431
f 1184/2431/2431 330/2415/2415 459/2432/2432
f 1184/2431/2431 459/2432/2432 1183/2433/2433
f 1183/2433/2433 459/2432/2432 1182/2434/2434
f 1182/2434/2434 459/2432/2432 457/2435/2435
f 1182/2434/2434 457/2435/2435 456/2436/2436
f 1182/2434/2434 456/2436/2436 1181/2437/2437
f 1181/2437/2437 456/2436/2436 455/2438/2438
f 1181/2437/2437 455/2438/2438 454/2439/2439
f 454/2439/2439 450/2440/2440 1181/2437/2437
f 1181/2437/2437 450/2440/2440 1180/2441/2441
f 1180/2441/2441 450/2440/2440 449/2442/2442
f 1180/2441/2441 449/2442/2442 448/2443/2443
f 448/2443/2443 447/2444/2444 1180/2441/2441
f 1180/2441/2441 447/2444/2444 446/2445/2445
f 1180/2441/2441 446/2445/2445 1179/2207/2207
f 1179/2207/2207 446/2445/2445 440/2205/2205
f 406/2201/2201 439/2203/2203 417/2446/2446
f 417/2446/2446 439/2203/2203 438/2447/2447
f 417/2446/2446 438/2447/2447 418/2448/2448
f 418/2448/2448 438/2447/2447 420/2449/2449
f 420/2449/2449 438/2447/2447 421/2450/2450
f 421/2450/2450 438/2447/2447 437/2451/2451
f 421/2450/2450 437/2451/2451 422/2452/2452
f 422/2452/2452 437/2451/2451 436/2453/2453
f 422/2452/2452 436/2453/2453 423/2454/2454
f 423/2454/2454 436/2453/2453 435/2455/2455
f 423/2454/2454 435/2455/2455 425/2456/2456
f 425/2456/2456 435/2455/2455 426/2457/2457
f 426/2457/2457 435/2455/2455 427/2458/2458
f 427/2458/2458 435/2455/2455 428/2459/2459
f 417/2446/2446 416/2460/2460 406/2201/2201
f 406/2201/2201 416/2460/2460 415/2461/2461
f 406/2201/2201 415/2461/2461 413/2462/2462
f 413/2462/2462 412/2463/2463 406/2201/2201
f 406/2201/2201 412/2463/2463 410/2464/2464
f 410/2464/2464 412/2463/2463 411/2465/2465
f 574/2466/2466 565/2467/2467 575/2468/2468
f 575/2468/2468 565/2467/2467 564/2469/2469
f 575/2468/2468 564/2469/2469 589/2470/2470
f 589/2470/2470 564/2469/2469 563/2471/2471
f 589/2470/2470 563/2471/2471 561/2472/2472
f 574/2466/2466 573/2473/2473 565/2467/2467
f 565/2467/2467 573/2473/2473 572/2474/2474
f 565/2467/2467 572/2474/2474 571/2475/2475
f 571/2475/2475 566/2476/2476 565/2467/2467
f 559/2477/2477 1172/2478/2478 561/2472/2472
f 561/2472/2472 1172/2478/2478 594/2479/2479
f 561/2472/2472 594/2479/2479 592/2480/2480
f 1172/2478/2478 559/2477/2477 1171/2481/2481
f 1171/2481/2481 559/2477/2477 557/2482/2482
f 1171/2481/2481 557/2482/2482 1106/2483/2483
f 1106/2483/2483 557/2482/2482 504/2484/2484
f 1106/2483/2483 504/2484/2484 503/2485/2485
f 555/2486/2486 508/2487/2487 557/2482/2482
f 557/2482/2482 508/2487/2487 507/2488/2488
f 557/2482/2482 507/2488/2488 504/2484/2484
f 554/2489/2489 514/2490/2490 555/2486/2486
f 555/2486/2486 514/2490/2490 513/2491/2491
f 555/2486/2486 513/2491/2491 510/2492/2492
f 554/2489/2489 553/2493/2493 514/2490/2490
f 514/2490/2490 553/2493/2493 552/2494/2494
f 514/2490/2490 552/2494/2494 515/2495/2495
f 515/2495/2495 552/2494/2494 547/2496/2496
f 515/2495/2495 547/2496/2496 546/2497/2497
f 546/2497/2497 545/2498/2498 515/2495/2495
f 515/2495/2495 545/2498/2498 544/2499/2499
f 515/2495/2495 544/2499/2499 539/2500/2500
f 539/2500/2500 538/2501/2501 515/2495/2495
f 515/2495/2495 538/2501/2501 516/2502/2502
f 516/2502/2502 538/2501/2501 519/2503/2503
f 519/2503/2503 538/2501/2501 520/2504/2504
f 520/2504/2504 538/2501/2501 521/2505/2505
f 521/2505/2505 538/2501/2501 537/2506/2506
f 521/2505/2505 537/2506/2506 536/2507/2507
f 532/2508/2508 531/2509/2509 536/2507/2507
f 536/2507/2507 531/2509/2509 528/2510/2510
f 536/2507/2507 528/2510/2510 522/2511/2511
f 531/2509/2509 530/2512/2512 528/2510/2510
f 528/2510/2510 530/2512/2512 529/2513/2513
f 522/2511/2511 521/2505/2505 536/2507/2507
f 510/2492/2492 509/2514/2514 555/2486/2486
f 555/2486/2486 509/2514/2514 508/2487/2487
f 503/2485/2485 502/2515/2515 1106/2483/2483
f 1106/2483/2483 502/2515/2515 501/2516/2516
f 1106/2483/2483 501/2516/2516 1108/2195/2195
f 1108/2195/2195 501/2516/2516 498/2193/2193
f 481/2181/2181 480/2517/2517 466/2179/2179
f 466/2179/2179 480/2517/2517 479/2518/2518
f 466/2179/2179 479/2518/2518 477/2519/2519
f 477/2519/2519 476/2520/2520 466/2179/2179
f 466/2179/2179 476/2520/2520 475/2521/2521
f 466/2179/2179 475/2521/2521 474/2522/2522
f 472/2523/2523 471/2524/2524 474/2522/2522
f 474/2522/2522 471/2524/2524 470/2525/2525
f 474/2522/2522 470/2525/2525 469/2526/2526
f 469/2526/2526 468/2527/2527 474/2522/2522
f 474/2522/2522 468/2527/2527 467/2528/2528
f 474/2522/2522 467/2528/2528 466/2179/2179
f 672/2146/2146 671/2529/2529 634/2144/2144
f 634/2144/2144 671/2529/2529 666/2530/2530
f 634/2144/2144 666/2530/2530 665/2531/2531
f 634/2144/2144 665/2531/2531 635/2532/2532
f 635/2532/2532 665/2531/2531 664/2533/2533
f 635/2532/2532 664/2533/2533 663/2534/2534
f 663/2534/2534 658/2535/2535 635/2532/2532
f 635/2532/2532 658/2535/2535 657/2536/2536
f 635/2532/2532 657/2536/2536 636/2537/2537
f 636/2537/2537 657/2536/2536 640/2538/2538
f 640/2538/2538 657/2536/2536 641/2539/2539
f 641/2539/2539 657/2536/2536 642/2540/2540
f 642/2540/2540 657/2536/2536 643/2541/2541
f 643/2541/2541 657/2536/2536 648/2542/2542
f 648/2542/2542 657/2536/2536 649/2543/2543
f 649/2543/2543 657/2536/2536 650/2544/2544
f 650/2544/2544 657/2536/2536 656/2545/2545
f 650/2544/2544 656/2545/2545 655/2546/2546
f 655/2546/2546 651/2547/2547 650/2544/2544
f 622/2133/2133 619/2128/2128 58/2127/2127
f 1175/2213/2213 612/2214/2214 1174/2548/2548
f 1174/2548/2548 612/2214/2214 611/2549/2549
f 1174/2548/2548 611/2549/2549 610/2550/2550
f 610/2550/2550 605/2551/2551 1174/2548/2548
f 1174/2548/2548 605/2551/2551 1173/2552/2552
f 1173/2552/2552 605/2551/2551 604/2553/2553
f 1173/2552/2552 604/2553/2553 603/2554/2554
f 603/2554/2554 602/2555/2555 1173/2552/2552
f 1173/2552/2552 602/2555/2555 597/2556/2556
f 1173/2552/2552 597/2556/2556 596/2557/2557
f 1173/2552/2552 596/2557/2557 1172/2478/2478
f 1172/2478/2478 596/2557/2557 595/2558/2558
f 1172/2478/2478 595/2558/2558 594/2479/2479
f 592/2480/2480 591/2559/2559 561/2472/2472
f 561/2472/2472 591/2559/2559 590/2560/2560
f 561/2472/2472 590/2560/2560 589/2470/2470
f 738/2561/2561 729/2562/2562 739/2563/2563
f 739/2563/2563 729/2562/2562 728/2564/2564
f 739/2563/2563 728/2564/2564 725/2565/2565
f 729/2562/2562 738/2561/2561 730/2566/2566
f 730/2566/2566 738/2561/2561 737/2567/2567
f 730/2566/2566 737/2567/2567 736/2568/2568
f 736/2568/2568 731/2569/2569 730/2566/2566
f 723/2570/2570 721/2571/2571 725/2565/2565
f 725/2565/2565 721/2571/2571 739/2563/2563
f 720/2572/2572 706/2573/2573 721/2571/2571
f 721/2571/2571 706/2573/2573 1017/2574/2574
f 721/2571/2571 1017/2574/2574 741/2575/2575
f 741/2575/2575 1017/2574/2574 1001/2576/2576
f 741/2575/2575 1001/2576/2576 999/2577/2577
f 720/2572/2572 719/2578/2578 706/2573/2573
f 706/2573/2573 719/2578/2578 711/2579/2579
f 711/2579/2579 719/2578/2578 718/2580/2580
f 711/2579/2579 718/2580/2580 714/2581/2581
f 714/2581/2581 718/2580/2580 715/2582/2582
f 714/2581/2581 713/2583/2583 711/2579/2579
f 711/2579/2579 713/2583/2583 712/2584/2584
f 1017/2574/2574 706/2573/2573 1019/2337/2337
f 1019/2337/2337 706/2573/2573 704/2336/2336
f 699/2585/2585 689/2586/2586 700/2267/2267
f 700/2267/2267 689/2586/2586 688/2587/2587
f 700/2267/2267 688/2587/2587 687/2588/2588
f 699/2585/2585 698/2589/2589 689/2586/2586
f 689/2586/2586 698/2589/2589 697/2590/2590
f 689/2586/2586 697/2590/2590 696/2591/2591
f 696/2591/2591 690/2592/2592 689/2586/2586
f 687/2588/2588 684/2268/2268 700/2267/2267
f 681/2271/2271 781/2593/2593 767/2269/2269
f 767/2269/2269 781/2593/2593 780/2594/2594
f 767/2269/2269 780/2594/2594 779/2595/2595
f 777/2596/2596 776/2597/2597 779/2595/2595
f 779/2595/2595 776/2597/2597 773/2598/2598
f 779/2595/2595 773/2598/2598 767/2269/2269
f 776/2597/2597 775/2599/2599 773/2598/2598
f 773/2598/2598 775/2599/2599 774/2600/2600
f 1194/2252/2252 765/2254/2254 1193/2601/2601
f 1193/2601/2601 765/2254/2254 763/2602/2602
f 1193/2601/2601 763/2602/2602 1192/2603/2603
f 1192/2603/2603 763/2602/2602 761/2604/2604
f 1192/2603/2603 761/2604/2604 760/2605/2605
f 760/2605/2605 759/2606/2606 1192/2603/2603
f 1192/2603/2603 759/2606/2606 758/2607/2607
f 1192/2603/2603 758/2607/2607 754/2608/2608
f 1192/2603/2603 754/2608/2608 1191/2609/2609
f 1191/2609/2609 754/2608/2608 752/2610/2610
f 1191/2609/2609 752/2610/2610 1190/2611/2611
f 1190/2611/2611 752/2610/2610 751/2612/2612
f 1190/2611/2611 751/2612/2612 750/2613/2613
f 750/2613/2613 749/2614/2614 1190/2611/2611
f 1190/2611/2611 749/2614/2614 745/2615/2615
f 1190/2611/2611 745/2615/2615 743/2616/2616
f 1190/2611/2611 743/2616/2616 1189/2617/2617
f 1189/2617/2617 743/2616/2616 741/2575/2575
f 1189/2617/2617 741/2575/2575 984/2618/2618
f 984/2618/2618 741/2575/2575 999/2577/2577
f 984/2618/2618 999/2577/2577 998/2619/2619
f 741/2575/2575 739/2563/2563 721/2571/2571
f 845/2620/2620 844/2621/2621 848/2622/2622
f 848/2622/2622 844/2621/2621 841/2623/2623
f 848/2622/2622 841/2623/2623 836/2624/2624
f 844/2621/2621 843/2625/2625 841/2623/2623
f 841/2623/2623 843/2625/2625 842/2626/2626
f 834/2627/2627 1206/2628/2628 836/2624/2624
f 836/2624/2624 1206/2628/2628 853/2629/2629
f 836/2624/2624 853/2629/2629 851/2630/2630
f 832/2631/2631 1204/2632/2632 834/2627/2627
f 834/2627/2627 1204/2632/2632 1205/2633/2633
f 834/2627/2627 1205/2633/2633 1206/2628/2628
f 832/2631/2631 831/2634/2634 1204/2632/2632
f 1204/2632/2632 831/2634/2634 830/2635/2635
f 1204/2632/2632 830/2635/2635 1203/2636/2636
f 1203/2636/2636 830/2635/2635 829/2637/2637
f 1203/2636/2636 829/2637/2637 826/2638/2638
f 826/2638/2638 825/2639/2639 1203/2636/2636
f 1203/2636/2636 825/2639/2639 1202/2316/2316
f 1202/2316/2316 825/2639/2639 824/2640/2640
f 1202/2316/2316 824/2640/2640 823/2641/2641
f 823/2641/2641 822/2318/2318 1202/2316/2316
f 800/2343/2343 799/2642/2642 875/2341/2341
f 875/2341/2341 799/2642/2642 789/2643/2643
f 875/2341/2341 789/2643/2643 788/2644/2644
f 799/2642/2642 796/2645/2645 789/2643/2643
f 789/2643/2643 796/2645/2645 795/2646/2646
f 789/2643/2643 795/2646/2646 794/2647/2647
f 794/2647/2647 793/2648/2648 789/2643/2643
f 789/2643/2643 793/2648/2648 791/2649/2649
f 788/2644/2644 787/2650/2650 875/2341/2341
f 875/2341/2341 787/2650/2650 880/2651/2651
f 880/2651/2651 787/2650/2650 786/2652/2652
f 880/2651/2651 786/2652/2652 881/2653/2653
f 881/2653/2653 786/2652/2652 882/2654/2654
f 882/2654/2654 786/2652/2652 883/2655/2655
f 883/2655/2655 786/2652/2652 785/2656/2656
f 363/2182/2182 873/2335/2335 1045/2657/2657
f 1045/2657/2657 873/2335/2335 871/2658/2658
f 1045/2657/2657 871/2658/2658 1047/2659/2659
f 1047/2659/2659 871/2658/2658 869/2660/2660
f 1047/2659/2659 869/2660/2660 1082/2661/2661
f 1082/2661/2661 869/2660/2660 1165/2662/2662
f 1082/2661/2661 1165/2662/2662 1166/2663/2663
f 868/2664/2664 858/2665/2665 869/2660/2660
f 869/2660/2660 858/2665/2665 857/2666/2666
f 869/2660/2660 857/2666/2666 856/2667/2667
f 867/2668/2668 866/2669/2669 868/2664/2664
f 868/2664/2664 866/2669/2669 865/2670/2670
f 868/2664/2664 865/2670/2670 858/2665/2665
f 858/2665/2665 865/2670/2670 859/2671/2671
f 856/2667/2667 853/2629/2629 869/2660/2660
f 869/2660/2660 853/2629/2629 1165/2662/2662
f 851/2630/2630 850/2672/2672 836/2624/2624
f 836/2624/2624 850/2672/2672 849/2673/2673
f 836/2624/2624 849/2673/2673 848/2622/2622
f 945/2419/2419 958/2421/2421 948/2674/2674
f 948/2674/2674 958/2421/2421 957/2675/2675
f 948/2674/2674 957/2675/2675 949/2676/2676
f 949/2676/2676 957/2675/2675 956/2677/2677
f 949/2676/2676 956/2677/2677 950/2678/2678
f 950/2678/2678 956/2677/2677 955/2679/2679
f 950/2678/2678 955/2679/2679 951/2680/2680
f 943/2417/2417 941/2404/2404 341/2403/2403
f 938/2681/2681 929/2682/2682 939/2406/2406
f 939/2406/2406 929/2682/2682 926/2683/2683
f 939/2406/2406 926/2683/2683 905/2684/2684
f 905/2684/2684 926/2683/2683 922/2685/2685
f 905/2684/2684 922/2685/2685 907/2686/2686
f 907/2686/2686 922/2685/2685 911/2687/2687
f 911/2687/2687 922/2685/2685 921/2688/2688
f 911/2687/2687 921/2688/2688 912/2689/2689
f 912/2689/2689 921/2688/2688 913/2690/2690
f 913/2690/2690 921/2688/2688 920/2691/2691
f 913/2690/2690 920/2691/2691 919/2692/2692
f 929/2682/2682 938/2681/2681 930/2693/2693
f 930/2693/2693 938/2681/2681 937/2694/2694
f 930/2693/2693 937/2694/2694 931/2695/2695
f 931/2695/2695 937/2694/2694 936/2696/2696
f 931/2695/2695 936/2696/2696 932/2697/2697
f 926/2683/2683 924/2698/2698 922/2685/2685
f 919/2692/2692 914/2699/2699 913/2690/2690
f 905/2684/2684 904/2700/2700 939/2406/2406
f 939/2406/2406 904/2700/2700 903/2701/2701
f 939/2406/2406 903/2701/2701 902/2409/2409
f 898/2702/2702 897/2703/2703 899/2413/2413
f 899/2413/2413 897/2703/2703 894/2411/2411
f 1016/2704/2704 1005/2705/2705 1017/2574/2574
f 1017/2574/2574 1005/2705/2705 1004/2706/2706
f 1017/2574/2574 1004/2706/2706 1001/2576/2576
f 1005/2705/2705 1016/2704/2704 1006/2707/2707
f 1006/2707/2707 1016/2704/2704 1015/2708/2708
f 1006/2707/2707 1015/2708/2708 1014/2709/2709
f 1014/2709/2709 1013/2710/2710 1006/2707/2707
f 1006/2707/2707 1013/2710/2710 1007/2711/2711
f 998/2619/2619 997/2712/2712 984/2618/2618
f 984/2618/2618 997/2712/2712 989/2713/2713
f 989/2713/2713 997/2712/2712 996/2714/2714
f 989/2713/2713 996/2714/2714 990/2715/2715
f 990/2715/2715 996/2714/2714 991/2716/2716
f 991/2716/2716 996/2714/2714 992/2717/2717
f 992/2717/2717 996/2714/2714 993/2718/2718
f 1189/2617/2617 984/2618/2618 1188/2719/2719
f 1188/2719/2719 984/2618/2618 982/2720/2720
f 1188/2719/2719 982/2720/2720 1187/2721/2721
f 1187/2721/2721 982/2720/2720 1186/2722/2722
f 1186/2722/2722 982/2720/2720 980/2723/2723
f 1186/2722/2722 980/2723/2723 1185/2724/2724
f 1185/2724/2724 980/2723/2723 1184/2431/2431
f 1184/2431/2431 980/2723/2723 978/2416/2416
f 964/2420/2420 976/2418/2418 967/2725/2725
f 967/2725/2725 976/2418/2418 975/2726/2726
f 967/2725/2725 975/2726/2726 968/2727/2727
f 968/2727/2727 975/2726/2726 974/2728/2728
f 968/2727/2727 974/2728/2728 969/2729/2729
f 969/2729/2729 974/2728/2728 973/2730/2730
f 969/2729/2729 973/2730/2730 970/2731/2731
f 1079/2732/2732 1070/2733/2733 1080/2734/2734
f 1080/2734/2734 1070/2733/2733 1069/2735/2735
f 1080/2734/2734 1069/2735/2735 1066/2736/2736
f 1070/2733/2733 1079/2732/2732 1071/2737/2737
f 1071/2737/2737 1079/2732/2732 1078/2738/2738
f 1071/2737/2737 1078/2738/2738 1077/2739/2739
f 1077/2739/2739 1072/2740/2740 1071/2737/2737
f 1064/2741/2741 1062/2742/2742 1066/2736/2736
f 1066/2736/2736 1062/2742/2742 1080/2734/2734
f 1061/2743/2743 1047/2659/2659 1062/2742/2742
f 1062/2742/2742 1047/2659/2659 1082/2661/2661
f 1062/2742/2742 1082/2661/2661 1080/2734/2734
f 1061/2743/2743 1060/2744/2744 1047/2659/2659
f 1047/2659/2659 1060/2744/2744 1052/2745/2745
f 1052/2745/2745 1060/2744/2744 1059/2746/2746
f 1052/2745/2745 1059/2746/2746 1053/2747/2747
f 1053/2747/2747 1059/2746/2746 1054/2748/2748
f 1054/2748/2748 1059/2746/2746 1055/2749/2749
f 1055/2749/2749 1059/2746/2746 1056/2750/2750
f 1045/2657/2657 1043/2184/2184 363/2182/2182
f 1040/2751/2751 1030/2752/2752 1041/2190/2190
f 1041/2190/2190 1030/2752/2752 1029/2753/2753
f 1041/2190/2190 1029/2753/2753 1028/2754/2754
f 1039/2755/2755 1038/2756/2756 1040/2751/2751
f 1040/2751/2751 1038/2756/2756 1037/2757/2757
f 1040/2751/2751 1037/2757/2757 1030/2752/2752
f 1030/2752/2752 1037/2757/2757 1031/2758/2758
f 1028/2754/2754 1025/2194/2194 1041/2190/2190
f 1022/2197/2197 1122/2759/2759 1108/2195/2195
f 1108/2195/2195 1122/2759/2759 1121/2760/2760
f 1108/2195/2195 1121/2760/2760 1120/2761/2761
f 1118/2762/2762 1117/2763/2763 1120/2761/2761
f 1120/2761/2761 1117/2763/2763 1114/2764/2764
f 1120/2761/2761 1114/2764/2764 1108/2195/2195
f 1117/2763/2763 1116/2765/2765 1114/2764/2764
f 1114/2764/2764 1116/2765/2765 1115/2766/2766
f 1106/2483/2483 1104/2767/2767 1171/2481/2481
f 1171/2481/2481 1104/2767/2767 1170/2768/2768
f 1170/2768/2768 1104/2767/2767 1169/2769/2769
f 1169/2769/2769 1104/2767/2767 1102/2770/2770
f 1169/2769/2769 1102/2770/2770 1101/2771/2771
f 1101/2771/2771 1100/2772/2772 1169/2769/2769
f 1169/2769/2769 1100/2772/2772 1099/2773/2773
f 1169/2769/2769 1099/2773/2773 1095/2774/2774
f 1169/2769/2769 1095/2774/2774 1168/2775/2775
f 1168/2775/2775 1095/2774/2774 1093/2776/2776
f 1168/2775/2775 1093/2776/2776 1092/2777/2777
f 1092/2777/2777 1091/2778/2778 1168/2775/2775
f 1168/2775/2775 1091/2778/2778 1090/2779/2779
f 1168/2775/2775 1090/2779/2779 1086/2780/2780
f 1168/2775/2775 1086/2780/2780 1167/2781/2781
f 1167/2781/2781 1086/2780/2780 1084/2782/2782
f 1167/2781/2781 1084/2782/2782 1166/2663/2663
f 1166/2663/2663 1084/2782/2782 1082/2661/2661
f 1206/2628/2628 1165/2662/2662 853/2629/2629
f 1164/2783/2783 1166/2784/2784 1123/2785/2785
f 1123/2785/2785 1166/2784/2784 1165/2786/2786
f 1123/2787/2785 1165/2788/2786 1124/2789/2787
f 1124/2789/2787 1165/2788/2786 1206/2790/2788
f 1124/2789/2787 1206/2790/2788 1125/2791/2789
f 1125/2791/2789 1206/2790/2788 1205/2792/2790
f 1125/2791/2789 1205/2792/2790 1126/2793/2791
f 1126/2793/2791 1205/2792/2790 1204/2794/2792
f 1126/2793/2791 1204/2794/2792 1127/2795/2793
f 1127/2795/2793 1204/2794/2792 1203/2796/2794
f 1127/2795/2793 1203/2796/2794 1128/2797/2795
f 1128/2797/2795 1203/2796/2794 1202/2798/2796
f 1128/2797/2795 1202/2798/2796 1129/2799/2797
f 1129/2799/2797 1202/2798/2796 1201/2800/2798
f 1129/2799/2797 1201/2800/2798 1130/2801/2799
f 1130/2801/2799 1201/2800/2798 1200/2802/2800
f 1130/2801/2799 1200/2802/2800 1131/2803/2801
f 1131/2803/2801 1200/2802/2800 1199/2804/2802
f 1131/2803/2801 1199/2804/2802 1132/2805/2803
f 1132/2805/2803 1199/2804/2802 1198/2806/2804
f 1132/2805/2803 1198/2806/2804 1133/2807/2805
f 1133/2807/2805 1198/2806/2804 1197/2808/2806
f 1133/2807/2805 1197/2808/2806 1134/2809/2807
f 1134/2809/2807 1197/2808/2806 1196/2810/2808
f 1134/2809/2807 1196/2810/2808 1135/2811/2809
f 1135/2811/2809 1196/2810/2808 1195/2812/2810
f 1135/2811/2809 1195/2812/2810 1136/2813/2811
f 1136/2813/2811 1195/2812/2810 1194/2814/2812
f 1136/2813/2811 1194/2814/2812 1137/2815/2813
f 1137/2815/2813 1194/2814/2812 1193/2816/2814
f 1137/2815/2813 1193/2816/2814 1138/2817/2815
f 1138/2817/2815 1193/2816/2814 1192/2818/2816
f 1138/2817/2815 1192/2818/2816 1139/2819/2817
f 1139/2819/2817 1192/2818/2816 1191/2820/2818
f 1139/2819/2817 1191/2820/2818 1140/2821/2819
f 1140/2821/2819 1191/2820/2818 1190/2822/2820
f 1140/2821/2819 1190/2822/2820 1141/2823/2821
f 1141/2823/2821 1190/2822/2820 1189/2824/2822
f 1141/2823/2821 1189/2824/2822 1142/2825/2823
f 1142/2825/2823 1189/2824/2822 1188/2826/2824
f 1142/2825/2823 1188/2826/2824 1143/2827/2825
f 1143/2827/2825 1188/2826/2824 1187/2828/2826
f 1143/2827/2825 1187/2828/2826 1144/2829/2827
f 1144/2829/2827 1187/2828/2826 1186/2830/2828
f 1144/2829/2827 1186/2830/2828 1145/2831/2829
f 1145/2831/2829 1186/2830/2828 1185/2832/2830
f 1145/2831/2829 1185/2832/2830 1146/2833/2831
f 1146/2833/2831 1185/2832/2830 1184/2834/2832
f 1146/2833/2831 1184/2834/2832 1147/2835/2833
f 1147/2835/2833 1184/2834/2832 1183/2836/2834
f 1147/2835/2833 1183/2836/2834 1148/2837/2835
f 1148/2837/2835 1183/2836/2834 1182/2838/2836
f 1148/2837/2835 1182/2838/2836 1149/2839/2837
f 1149/2839/2837 1182/2838/2836 1181/2840/2838
f 1149/2839/2837 1181/2840/2838 1150/2841/2839
f 1150/2841/2839 1181/2840/2838 1180/2842/2840
f 1150/2841/2839 1180/2842/2840 1151/2843/2841
f 1151/2843/2841 1180/2842/2840 1179/2844/2842
f 1151/2843/2841 1179/2844/2842 1152/2845/2843
f 1152/2845/2843 1179/2844/2842 1178/2846/2844
f 1152/2845/2843 1178/2846/2844 1153/2847/2845
f 1153/2847/2845 1178/2846/2844 1177/2848/2846
f 1153/2847/2845 1177/2848/2846 1154/2849/2847
f 1154/2849/2847 1177/2848/2846 1176/2850/2848
f 1154/2849/2847 1176/2850/2848 1155/2851/2849
f 1155/2851/2849 1176/2850/2848 1175/2852/2850
f 1155/2851/2849 1175/2852/2850 1156/2853/2851
f 1156/2853/2851 1175/2852/2850 1174/2854/2852
f 1156/2853/2851 1174/2854/2852 1157/2855/2853
f 1157/2855/2853 1174/2854/2852 1173/2856/2854
f 1157/2855/2853 1173/2856/2854 1158/2857/2855
f 1158/2857/2855 1173/2856/2854 1172/2858/2856
f 1158/2857/2855 1172/2858/2856 1159/2859/2857
f 1159/2859/2857 1172/2858/2856 1171/2860/2858
f 1159/2859/2857 1171/2860/2858 1160/2861/2859
f 1160/2861/2859 1171/2860/2858 1170/2862/2860
f 1160/2861/2859 1170/2862/2860 1161/2863/2861
f 1161/2863/2861 1170/2862/2860 1169/2864/2862
f 1161/2863/2861 1169/2864/2862 1162/2865/2863
f 1162/2865/2863 1169/2864/2862 1168/2866/2864
f 1162/2865/2863 1168/2866/2864 1163/2867/2865
f 1163/2867/2865 1168/2866/2864 1167/2868/2866
f 1163/2867/2865 1167/2868/2866 1164/2783/2783
f 1164/2783/2783 1167/2868/2866 1166/2784/2784
g Body2

v 0.154694 0.913338 0.000000
v 0.162228 0.906950 0.000000
v 0.170496 0.901997 0.000000
v 0.179747 0.898959 0.000000
v 0.189515 0.896933 0.000000
v 0.189515 0.896933 0.203200
v 0.179747 0.898959 0.203200
v 0.170496 0.901997 0.203200
v 0.162228 0.906950 0.203200
v 0.154694 0.913338 0.203200
v 0.320736 0.872544 0.000000
v 0.320736 0.872544 0.203200
v 0.358063 1.073376 0.000000
v 0.358063 1.073376 0.203200
v 0.222841 1.098508 0.000000
v 0.222841 1.098508 0.203200
v 0.207667 1.101333 0.000000
v 0.192545 1.102800 0.000000
v 0.177525 1.101634 0.000000
v 0.162587 1.098325 0.000000
v 0.162587 1.098325 0.203200
v 0.177525 1.101634 0.203200
v 0.192545 1.102800 0.203200
v 0.207667 1.101333 0.203200
v 0.153085 1.089844 0.000000
v 0.145011 1.080289 0.000000
v 0.138847 1.069298 0.000000
v 0.133693 1.057547 0.000000
v 0.133693 1.057547 0.203200
v 0.138847 1.069298 0.203200
v 0.145011 1.080289 0.203200
v 0.153085 1.089844 0.203200
v 0.124892 1.059183 0.000000
v 0.124892 1.059183 0.203200
v 0.139466 1.137596 0.000000
v 0.139466 1.137596 0.203200
v 0.477519 1.074765 0.000000
v 0.477519 1.074765 0.203200
v 0.474991 1.061162 0.000000
v 0.474991 1.061162 0.203200
v 0.462948 1.062786 0.000000
v 0.451304 1.062570 0.000000
v 0.445755 1.061206 0.000000
v 0.440397 1.058954 0.000000
v 0.430007 1.052952 0.000000
v 0.430007 1.052952 0.203200
v 0.440397 1.058954 0.203200
v 0.445755 1.061206 0.203200
v 0.451304 1.062570 0.203200
v 0.462948 1.062786 0.203200
v 0.421651 1.039948 0.000000
v 0.415092 1.026185 0.000000
v 0.410867 1.011436 0.000000
v 0.407865 0.996171 0.000000
v 0.407865 0.996171 0.203200
v 0.410867 1.011436 0.203200
v 0.415092 1.026185 0.203200
v 0.421651 1.039948 0.203200
v 0.353313 0.702663 0.000000
v 0.353313 0.702663 0.203200
v 0.350731 0.687723 0.000000
v 0.349415 0.672818 0.000000
v 0.350509 0.657980 0.000000
v 0.353435 0.643193 0.000000
v 0.353435 0.643193 0.203200
v 0.350509 0.657980 0.203200
v 0.349415 0.672818 0.203200
v 0.350731 0.687723 0.203200
v 0.360977 0.633686 0.000000
v 0.365189 0.629599 0.000000
v 0.369923 0.626298 0.000000
v 0.380843 0.621893 0.000000
v 0.392827 0.619093 0.000000
v 0.392827 0.619093 0.203200
v 0.380843 0.621893 0.203200
v 0.369923 0.626298 0.203200
v 0.365189 0.629599 0.203200
v 0.360977 0.633686 0.203200
v 0.390299 0.605491 0.000000
v 0.390299 0.605491 0.203200
v 0.052246 0.668322 0.000000
v 0.052246 0.668322 0.203200
v 0.046927 0.759951 0.000000
v 0.046927 0.759951 0.203200
v 0.060929 0.757348 0.000000
v 0.060929 0.757348 0.203200
v 0.064074 0.745234 0.000000
v 0.067761 0.733323 0.000000
v 0.072460 0.721791 0.000000
v 0.077888 0.710532 0.000000
v 0.077888 0.710532 0.203200
v 0.072460 0.721791 0.203200
v 0.067761 0.733323 0.203200
v 0.064074 0.745234 0.203200
v 0.083013 0.703512 0.000000
v 0.088764 0.697173 0.000000
v 0.095561 0.691971 0.000000
v 0.102984 0.687450 0.000000
v 0.102984 0.687450 0.203200
v 0.095561 0.691971 0.203200
v 0.088764 0.697173 0.203200
v 0.083013 0.703512 0.203200
v 0.117598 0.682134 0.000000
v 0.132449 0.677653 0.000000
v 0.147598 0.674226 0.000000
v 0.162901 0.671347 0.000000
v 0.162901 0.671347 0.203200
v 0.147598 0.674226 0.203200
v 0.132449 0.677653 0.203200
v 0.117598 0.682134 0.203200
v 0.244914 0.656104 0.000000
v 0.244914 0.656104 0.203200
v 0.252082 0.654995 0.000000
v 0.259160 0.654713 0.000000
v 0.266069 0.655978 0.000000
v 0.272857 0.658360 0.000000
v 0.272857 0.658360 0.203200
v 0.266069 0.655978 0.203200
v 0.259160 0.654713 0.203200
v 0.252082 0.654995 0.203200
v 0.277656 0.663233 0.000000
v 0.281424 0.668693 0.000000
v 0.283738 0.674981 0.000000
v 0.285268 0.681714 0.000000
v 0.285268 0.681714 0.203200
v 0.283738 0.674981 0.203200
v 0.281424 0.668693 0.203200
v 0.277656 0.663233 0.203200
v 0.316497 0.849741 0.000000
v 0.316497 0.849741 0.203200
v 0.200079 0.871378 0.000000
v 0.200079 0.871378 0.203200
v 0.187908 0.873673 0.000000
v 0.175745 0.875025 0.000000
v 0.163596 0.874545 0.000000
v 0.151459 0.872551 0.000000
v 0.151459 0.872551 0.203200
v 0.163596 0.874545 0.203200
v 0.175745 0.875025 0.203200
v 0.187908 0.873673 0.203200
v 0.143186 0.865541 0.000000
v 0.136159 0.857537 0.000000
v 0.130704 0.848278 0.000000
v 0.126067 0.838366 0.000000
v 0.126067 0.838366 0.203200
v 0.130704 0.848278 0.203200
v 0.136159 0.857537 0.203200
v 0.143186 0.865541 0.203200
v 0.112065 0.840968 0.000000
v 0.112065 0.840968 0.203200
v 0.133256 0.954986 0.000000
v 0.133256 0.954986 0.203200
v 0.147258 0.952383 0.000000
v 0.147258 0.952383 0.203200
v 0.147228 0.942211 0.000000
v 0.148120 0.932239 0.000000
v 0.150756 0.922647 0.000000
v 0.150756 0.922647 0.203200
v 0.148120 0.932239 0.203200
v 0.147228 0.942211 0.203200
v 0.239111 -1.066694 0.000000
v 0.245414 -1.052128 0.000000
v 0.249719 -1.037097 0.000000
v 0.251380 -1.021450 0.000000
v 0.251648 -1.005479 0.000000
v 0.251648 -1.005479 0.203200
v 0.251380 -1.021450 0.203200
v 0.249719 -1.037097 0.203200
v 0.245414 -1.052128 0.203200
v 0.239111 -1.066694 0.203200
v 0.252226 -0.726336 0.000000
v 0.252226 -0.726336 0.203200
v -0.048419 -1.097227 0.000000
v -0.048419 -1.097227 0.203200
v -0.170919 -1.096974 0.000000
v -0.170919 -1.096974 0.203200
v -0.170890 -1.083138 0.000000
v -0.170890 -1.083138 0.203200
v -0.155677 -1.080878 0.000000
v -0.141287 -1.076807 0.000000
v -0.128394 -1.069440 0.000000
v -0.116519 -1.059831 0.000000
v -0.116519 -1.059831 0.203200
v -0.128394 -1.069440 0.203200
v -0.141287 -1.076807 0.203200
v -0.155677 -1.080878 0.203200
v -0.108458 -1.044705 0.000000
v -0.102792 -1.028901 0.000000
v -0.100456 -1.012154 0.000000
v -0.099904 -0.994902 0.000000
v -0.099904 -0.994902 0.203200
v -0.100456 -1.012154 0.203200
v -0.102792 -1.028901 0.203200
v -0.108458 -1.044705 0.203200
v -0.099326 -0.715512 0.000000
v -0.099326 -0.715512 0.203200
v -0.099517 -0.698959 0.000000
v -0.101081 -0.682703 0.000000
v -0.105253 -0.667010 0.000000
v -0.111401 -0.651744 0.000000
v -0.111401 -0.651744 0.203200
v -0.105253 -0.667010 0.203200
v -0.101081 -0.682703 0.203200
v -0.099517 -0.698959 0.203200
v -0.121304 -0.643029 0.000000
v -0.126596 -0.639463 0.000000
v -0.132289 -0.636833 0.000000
v -0.144809 -0.634212 0.000000
v -0.158159 -0.633524 0.000000
v -0.158159 -0.633524 0.203200
v -0.144809 -0.634212 0.203200
v -0.132289 -0.636833 0.203200
v -0.126596 -0.639463 0.203200
v -0.121304 -0.643029 0.203200
v -0.158130 -0.619689 0.000000
v -0.158130 -0.619689 0.203200
v -0.013269 -0.619989 0.000000
v -0.013269 -0.619989 0.203200
v -0.013298 -0.633824 0.000000
v -0.013298 -0.633824 0.203200
v -0.026479 -0.634369 0.000000
v -0.039100 -0.636541 0.000000
v -0.050687 -0.641716 0.000000
v -0.061549 -0.648999 0.000000
v -0.061549 -0.648999 0.203200
v -0.050687 -0.641716 0.203200
v -0.039100 -0.636541 0.203200
v -0.026479 -0.634369 0.203200
v -0.068553 -0.660606 0.000000
v -0.073507 -0.672861 0.000000
v -0.075579 -0.686027 0.000000
v -0.076099 -0.699684 0.000000
v -0.076099 -0.699684 0.203200
v -0.075579 -0.686027 0.203200
v -0.073507 -0.672861 0.203200
v -0.068553 -0.660606 0.203200
v -0.076793 -1.034910 0.000000
v -0.076793 -1.034910 0.203200
v 0.262243 -0.620559 0.000000
v 0.262243 -0.620559 0.203200
v 0.276860 -0.620590 0.000000
v 0.276860 -0.620590 0.203200
v 0.276056 -1.008785 0.000000
v 0.276056 -1.008785 0.203200
v 0.276287 -1.024338 0.000000
v 0.278023 -1.039504 0.000000
v 0.282616 -1.053936 0.000000
v 0.289362 -1.067815 0.000000
v 0.289362 -1.067815 0.203200
v 0.282616 -1.053936 0.203200
v 0.278023 -1.039504 0.203200
v 0.276287 -1.024338 0.203200
v 0.299936 -1.075685 0.000000
v 0.305495 -1.078898 0.000000
v 0.311375 -1.081259 0.000000
v 0.324031 -1.083597 0.000000
v 0.337344 -1.084191 0.000000
v 0.337344 -1.084191 0.203200
v 0.324031 -1.083597 0.203200
v 0.311375 -1.081259 0.203200
v 0.305495 -1.078898 0.203200
v 0.299936 -1.075685 0.203200
v 0.337316 -1.098026 0.000000
v 0.337316 -1.098026 0.203200
v 0.193268 -1.097728 0.000000
v 0.193268 -1.097728 0.203200
v 0.193297 -1.083893 0.000000
v 0.193297 -1.083893 0.203200
v 0.206265 -1.083266 0.000000
v 0.218474 -1.080799 0.000000
v 0.224061 -1.078310 0.000000
v 0.229283 -1.074936 0.000000
v 0.229283 -1.074936 0.203200
v 0.224061 -1.078310 0.203200
v 0.218474 -1.080799 0.203200
v 0.206265 -1.083266 0.203200
v -0.614315 -0.847585 0.000000
v -0.606388 -0.836247 0.000000
v -0.606388 -0.836247 0.203200
v -0.614315 -0.847585 0.203200
v -0.596095 -0.842765 0.000000
v -0.585400 -0.847457 0.000000
v -0.579777 -0.848555 0.000000
v -0.573958 -0.848761 0.000000
v -0.561986 -0.847661 0.000000
v -0.561986 -0.847661 0.203200
v -0.573958 -0.848761 0.203200
v -0.579777 -0.848555 0.203200
v -0.585400 -0.847457 0.203200
v -0.596095 -0.842765 0.203200
v -0.549021 -0.839181 0.000000
v -0.537377 -0.829278 0.000000
v -0.527439 -0.817539 0.000000
v -0.518391 -0.804841 0.000000
v -0.518391 -0.804841 0.203200
v -0.527439 -0.817539 0.203200
v -0.537377 -0.829278 0.203200
v -0.549021 -0.839181 0.203200
v -0.347788 -0.560848 0.000000
v -0.347788 -0.560848 0.203200
v -0.339071 -0.548084 0.000000
v -0.331578 -0.534812 0.000000
v -0.326419 -0.520571 0.000000
v -0.323051 -0.505587 0.000000
v -0.323051 -0.505587 0.203200
v -0.326419 -0.520571 0.203200
v -0.331578 -0.534812 0.203200
v -0.339071 -0.548084 0.203200
v -0.326054 -0.493969 0.000000
v -0.328204 -0.488570 0.000000
v -0.331122 -0.483657 0.000000
v -0.339130 -0.475201 0.000000
v -0.348730 -0.467751 0.000000
v -0.348730 -0.467751 0.203200
v -0.339130 -0.475201 0.203200
v -0.331122 -0.483657 0.203200
v -0.328204 -0.488570 0.203200
v -0.326054 -0.493969 0.203200
v -0.340802 -0.456413 0.000000
v -0.340802 -0.456413 0.203200
v -0.200074 -0.554812 0.000000
v -0.200074 -0.554812 0.203200
v -0.208002 -0.566151 0.000000
v -0.208002 -0.566151 0.203200
v -0.218260 -0.559813 0.000000
v -0.228909 -0.555319 0.000000
v -0.234500 -0.554327 0.000000
v -0.240275 -0.554203 0.000000
v -0.252136 -0.555420 0.000000
v -0.252136 -0.555420 0.203200
v -0.240275 -0.554203 0.203200
v -0.234500 -0.554327 0.203200
v -0.228909 -0.555319 0.203200
v -0.218260 -0.559813 0.203200
v -0.265141 -0.563558 0.000000
v -0.276818 -0.573160 0.000000
v -0.286750 -0.584686 0.000000
v -0.295765 -0.597223 0.000000
v -0.295765 -0.597223 0.203200
v -0.286750 -0.584686 0.203200
v -0.276818 -0.573160 0.203200
v -0.265141 -0.563558 0.203200
v -0.466368 -0.841216 0.000000
v -0.466368 -0.841216 0.203200
v -0.475068 -0.854029 0.000000
v -0.482507 -0.867356 0.000000
v -0.487549 -0.881662 0.000000
v -0.490772 -0.896710 0.000000
v -0.490772 -0.896710 0.203200
v -0.487549 -0.881662 0.203200
v -0.482507 -0.867356 0.203200
v -0.475068 -0.854029 0.203200
v -0.487913 -0.908317 0.000000
v -0.485843 -0.913723 0.000000
v -0.483012 -0.918656 0.000000
v -0.475146 -0.927154 0.000000
v -0.465659 -0.934646 0.000000
v -0.465659 -0.934646 0.203200
v -0.475146 -0.927154 0.203200
v -0.483012 -0.918656 0.203200
v -0.485843 -0.913723 0.203200
v -0.487913 -0.908317 0.203200
v -0.473587 -0.945984 0.000000
v -0.473587 -0.945984 0.203200
v 0.910334 0.697616 0.000000
v 0.888135 0.698425 0.000000
v 0.866856 0.695728 0.000000
v 0.847077 0.687325 0.000000
v 0.828177 0.675575 0.000000
v 0.828177 0.675575 0.203200
v 0.847077 0.687325 0.203200
v 0.866856 0.695728 0.203200
v 0.888135 0.698425 0.203200
v 0.910334 0.697616 0.203200
v 0.811972 0.660466 0.000000
v 0.798456 0.643743 0.000000
v 0.789609 0.624219 0.000000
v 0.783697 0.602933 0.000000
v 0.783697 0.602933 0.203200
v 0.789609 0.624219 0.203200
v 0.798456 0.643743 0.203200
v 0.811972 0.660466 0.203200
v 0.784402 0.580195 0.000000
v 0.788549 0.558522 0.000000
v 0.798070 0.538511 0.000000
v 0.810647 0.519445 0.000000
v 0.810647 0.519445 0.203200
v 0.798070 0.538511 0.203200
v 0.788549 0.558522 0.203200
v 0.784402 0.580195 0.203200
v 0.846693 0.473249 0.000000
v 0.846693 0.473249 0.203200
v 1.018647 0.607420 0.000000
v 1.018647 0.607420 0.203200
v 0.987858 0.646880 0.000000
v 0.987858 0.646880 0.203200
v 0.971697 0.664599 0.000000
v 0.953846 0.679674 0.000000
v 0.933034 0.690120 0.000000
v 0.933034 0.690120 0.203200
v 0.953846 0.679674 0.203200
v 0.971697 0.664599 0.203200
v 0.755950 0.523992 0.000000
v 0.726413 0.526754 0.000000
v 0.696870 0.527447 0.000000
v 0.667319 0.525567 0.000000
v 0.637764 0.522355 0.000000
v 0.637764 0.522355 0.203200
v 0.667319 0.525567 0.203200
v 0.696870 0.527447 0.203200
v 0.726413 0.526754 0.203200
v 0.755950 0.523992 0.203200
v 0.605679 0.518885 0.000000
v 0.573551 0.516146 0.000000
v 0.541346 0.514763 0.000000
v 0.509085 0.514337 0.000000
v 0.509085 0.514337 0.203200
v 0.541346 0.514763 0.203200
v 0.573551 0.516146 0.203200
v 0.605679 0.518885 0.203200
v 0.449008 0.591332 0.000000
v 0.449008 0.591332 0.203200
v 0.459916 0.599843 0.000000
v 0.459916 0.599843 0.203200
v 0.469471 0.591834 0.000000
v 0.479787 0.585323 0.000000
v 0.491288 0.581141 0.000000
v 0.503462 0.578280 0.000000
v 0.503462 0.578280 0.203200
v 0.491288 0.581141 0.203200
v 0.479787 0.585323 0.203200
v 0.469471 0.591834 0.203200
v 0.528651 0.577099 0.000000
v 0.553800 0.577356 0.000000
v 0.578899 0.579427 0.000000
v 0.603971 0.582439 0.000000
v 0.603971 0.582439 0.203200
v 0.578899 0.579427 0.203200
v 0.553800 0.577356 0.203200
v 0.528651 0.577099 0.203200
v 0.628055 0.585384 0.000000
v 0.652178 0.587735 0.000000
v 0.676373 0.588962 0.000000
v 0.700623 0.589354 0.000000
v 0.700623 0.589354 0.203200
v 0.676373 0.588962 0.203200
v 0.652178 0.587735 0.203200
v 0.628055 0.585384 0.203200
v 0.714869 0.588282 0.000000
v 0.728982 0.586474 0.000000
v 0.742861 0.583378 0.000000
v 0.756592 0.579461 0.000000
v 0.756592 0.579461 0.203200
v 0.742861 0.583378 0.203200
v 0.728982 0.586474 0.203200
v 0.714869 0.588282 0.203200
v 0.745840 0.621255 0.000000
v 0.743536 0.641435 0.000000
v 0.744921 0.660756 0.000000
v 0.751011 0.678979 0.000000
v 0.761198 0.696247 0.000000
v 0.788408 0.729189 0.000000
v 0.788408 0.729189 0.203200
v 0.761198 0.696247 0.203200
v 0.751011 0.678979 0.203200
v 0.744921 0.660756 0.203200
v 0.743536 0.641435 0.203200
v 0.745840 0.621255 0.203200
v 0.811021 0.742427 0.000000
v 0.822625 0.747679 0.000000
v 0.834586 0.751290 0.000000
v 0.859726 0.752912 0.000000
v 0.885806 0.750219 0.000000
v 0.885806 0.750219 0.203200
v 0.859726 0.752912 0.203200
v 0.834586 0.751290 0.203200
v 0.822625 0.747679 0.203200
v 0.811021 0.742427 0.203200
v 0.914739 0.738932 0.000000
v 0.941260 0.724124 0.000000
v 0.964064 0.703892 0.000000
v 0.984772 0.680601 0.000000
v 0.984772 0.680601 0.203200
v 0.964064 0.703892 0.203200
v 0.941260 0.724124 0.203200
v 0.914739 0.738932 0.203200
v 1.105176 0.526291 0.000000
v 1.105176 0.526291 0.203200
v 1.094268 0.517780 0.000000
v 1.094268 0.517780 0.203200
v 1.086327 0.527102 0.000000
v 1.077461 0.534786 0.000000
v 1.072394 0.537510 0.000000
v 1.066871 0.539426 0.000000
v 1.055050 0.541889 0.000000
v 1.055050 0.541889 0.203200
v 1.066871 0.539426 0.203200
v 1.072394 0.537510 0.203200
v 1.077461 0.534786 0.203200
v 1.086327 0.527102 0.203200
v 1.040563 0.537710 0.000000
v 1.026889 0.531850 0.000000
v 1.014273 0.523798 0.000000
v 1.002212 0.514597 0.000000
v 1.002212 0.514597 0.203200
v 1.014273 0.523798 0.203200
v 1.026889 0.531850 0.203200
v 1.040563 0.537710 0.203200
v 0.766207 0.330447 0.000000
v 0.766207 0.330447 0.203200
v 0.754245 0.320863 0.000000
v 0.743275 0.310452 0.000000
v 0.734187 0.298470 0.000000
v 0.726530 0.285295 0.000000
v 0.726530 0.285295 0.203200
v 0.734187 0.298470 0.203200
v 0.743275 0.310452 0.203200
v 0.754245 0.320863 0.203200
v 0.725810 0.273204 0.000000
v 0.726216 0.267360 0.000000
v 0.727528 0.261755 0.000000
v 0.732713 0.251219 0.000000
v 0.739773 0.241177 0.000000
v 0.739773 0.241177 0.203200
v 0.732713 0.251219 0.203200
v 0.727528 0.261755 0.203200
v 0.726216 0.267360 0.203200
v 0.725810 0.273204 0.203200
v 0.728866 0.232666 0.000000
v 0.728866 0.232666 0.203200
v 0.623231 0.368048 0.000000
v 0.623231 0.368048 0.203200
v 0.634138 0.376559 0.000000
v 0.634138 0.376559 0.203200
v 0.642150 0.367454 0.000000
v 0.651084 0.360015 0.000000
v 0.656177 0.357428 0.000000
v 0.661701 0.355621 0.000000
v 0.673475 0.353317 0.000000
v 0.673475 0.353317 0.203200
v 0.661701 0.355621 0.203200
v 0.656177 0.357428 0.203200
v 0.651084 0.360015 0.203200
v 0.642150 0.367454 0.203200
v 0.688299 0.357191 0.000000
v 0.702288 0.362863 0.000000
v 0.715169 0.370915 0.000000
v 0.727467 0.380220 0.000000
v 0.727467 0.380220 0.203200
v 0.715169 0.370915 0.203200
v 0.702288 0.362863 0.203200
v 0.688299 0.357191 0.203200
v 0.830973 0.460983 0.000000
v 0.830973 0.460983 0.203200
v 0.807193 0.491460 0.000000
v 0.807193 0.491460 0.203200
v 0.796336 0.502654 0.000000
v 0.784402 0.512162 0.000000
v 0.770700 0.518898 0.000000
v 0.770700 0.518898 0.203200
v 0.784402 0.512162 0.203200
v 0.796336 0.502654 0.203200
v -0.458544 0.981506 0.000000
v -0.456479 0.981117 0.000000
v -0.455457 0.981045 0.000000
v -0.454446 0.981117 0.000000
v -0.452458 0.981649 0.000000
v -0.450493 0.982465 0.000000
v -0.450493 0.982465 0.203200
v -0.452458 0.981649 0.203200
v -0.454446 0.981117 0.203200
v -0.455457 0.981045 0.203200
v -0.456479 0.981117 0.203200
v -0.458544 0.981506 0.203200
v -0.456479 0.981117 0.058057
v -0.456479 0.981117 0.145143
v -0.452458 0.981649 0.058057
v -0.452458 0.981649 0.145143
v -0.452458 0.981649 0.029029
v -0.454446 0.981117 0.029029
v -0.455457 0.981045 0.029029
v -0.456479 0.981117 0.029029
v -0.456479 0.981117 0.174171
v -0.455457 0.981045 0.174171
v -0.454446 0.981117 0.174171
v -0.452458 0.981649 0.174171
v -0.454446 0.981117 0.058057
v -0.455457 0.981045 0.058057
v -0.456479 0.981117 0.116114
v -0.452458 0.981649 0.087086
v -0.454446 0.981117 0.087086
v -0.455457 0.981045 0.087086
v -0.456479 0.981117 0.087086
v -0.452458 0.981649 0.116114
v -0.454446 0.981117 0.116114
v -0.455457 0.981045 0.116114
v -0.454446 0.981117 0.145143
v -0.455457 0.981045 0.145143
v -0.445158 0.985792 0.000000
v -0.440057 0.989435 0.000000
v -0.435248 0.993470 0.000000
v -0.430590 0.997709 0.000000
v -0.430590 0.997709 0.203200
v -0.435248 0.993470 0.203200
v -0.440057 0.989435 0.203200
v -0.445158 0.985792 0.203200
v -0.417220 1.009299 0.000000
v -0.403277 1.020051 0.000000
v -0.388331 1.029337 0.000000
v -0.372744 1.037687 0.000000
v -0.372744 1.037687 0.203200
v -0.388331 1.029337 0.203200
v -0.403277 1.020051 0.203200
v -0.417220 1.009299 0.203200
v -0.348302 1.046272 0.000000
v -0.323623 1.051298 0.000000
v -0.298534 1.050154 0.000000
v -0.273188 1.045139 0.000000
v -0.273188 1.045139 0.203200
v -0.298534 1.050154 0.203200
v -0.323623 1.051298 0.203200
v -0.348302 1.046272 0.203200
v -0.250908 1.033723 0.000000
v -0.231358 1.019416 0.000000
v -0.216220 1.000432 0.000000
v -0.203660 0.978716 0.000000
v -0.203660 0.978716 0.203200
v -0.216220 1.000432 0.203200
v -0.231358 1.019416 0.203200
v -0.250908 1.033723 0.203200
v -0.198725 0.966286 0.000000
v -0.194637 0.953636 0.000000
v -0.192001 0.940612 0.000000
v -0.190264 0.927356 0.000000
v -0.190264 0.927356 0.203200
v -0.192001 0.940612 0.203200
v -0.194637 0.953636 0.203200
v -0.198725 0.966286 0.203200
v -0.190289 0.914297 0.000000
v -0.191291 0.901373 0.000000
v -0.193889 0.888669 0.000000
v -0.197428 0.876094 0.000000
v -0.197428 0.876094 0.203200
v -0.193889 0.888669 0.203200
v -0.191291 0.901373 0.203200
v -0.190289 0.914297 0.203200
v -0.207119 0.855100 0.000000
v -0.217889 0.834702 0.000000
v -0.230044 0.815066 0.000000
v -0.242921 0.795828 0.000000
v -0.242921 0.795828 0.203200
v -0.230044 0.815066 0.203200
v -0.217889 0.834702 0.203200
v -0.207119 0.855100 0.203200
v -0.258812 0.772284 0.000000
v -0.273540 0.748132 0.000000
v -0.286042 0.722815 0.000000
v -0.296814 0.696592 0.000000
v -0.296814 0.696592 0.203200
v -0.286042 0.722815 0.203200
v -0.273540 0.748132 0.203200
v -0.258812 0.772284 0.203200
v -0.299574 0.681539 0.000000
v -0.300455 0.666602 0.000000
v -0.298071 0.651867 0.000000
v -0.293630 0.637258 0.000000
v -0.293630 0.637258 0.203200
v -0.298071 0.651867 0.203200
v -0.300455 0.666602 0.203200
v -0.299574 0.681539 0.203200
v -0.284759 0.622050 0.000000
v -0.274034 0.608874 0.000000
v -0.260134 0.599178 0.000000
v -0.244271 0.591633 0.000000
v -0.244271 0.591633 0.203200
v -0.260134 0.599178 0.203200
v -0.274034 0.608874 0.203200
v -0.284759 0.622050 0.203200
v -0.225573 0.588719 0.000000
v -0.207126 0.588540 0.000000
v -0.189071 0.592634 0.000000
v -0.171239 0.599157 0.000000
v -0.171239 0.599157 0.203200
v -0.189071 0.592634 0.203200
v -0.207126 0.588540 0.203200
v -0.225573 0.588719 0.203200
v -0.152039 0.610659 0.000000
v -0.135161 0.624396 0.000000
v -0.122125 0.641834 0.000000
v -0.111380 0.661478 0.000000
v -0.111380 0.661478 0.203200
v -0.122125 0.641834 0.203200
v -0.135161 0.624396 0.203200
v -0.152039 0.610659 0.203200
v -0.105426 0.684731 0.000000
v -0.103302 0.707866 0.000000
v -0.107327 0.730812 0.000000
v -0.114919 0.753648 0.000000
v -0.114919 0.753648 0.203200
v -0.107327 0.730812 0.203200
v -0.103302 0.707866 0.203200
v -0.105426 0.684731 0.203200
v -0.101941 0.759512 0.000000
v -0.101941 0.759512 0.203200
v -0.048829 0.641961 0.000000
v -0.048829 0.641961 0.203200
v -0.061808 0.636097 0.000000
v -0.061808 0.636097 0.203200
v -0.067005 0.641067 0.000000
v -0.069735 0.643139 0.000000
v -0.072623 0.644716 0.000000
v -0.075720 0.645637 0.000000
v -0.079029 0.645890 0.000000
v -0.086011 0.645255 0.000000
v -0.086011 0.645255 0.203200
v -0.079029 0.645890 0.203200
v -0.075720 0.645637 0.203200
v -0.072623 0.644716 0.203200
v -0.069735 0.643139 0.203200
v -0.067005 0.641067 0.203200
v -0.079029 0.645890 0.101600
v -0.075720 0.645637 0.101600
v -0.072623 0.644716 0.101600
v -0.069735 0.643139 0.101600
v -0.067005 0.641067 0.101600
v -0.091658 0.641347 0.000000
v -0.097040 0.637110 0.000000
v -0.102124 0.632503 0.000000
v -0.107058 0.627709 0.000000
v -0.107058 0.627709 0.203200
v -0.102124 0.632503 0.203200
v -0.097040 0.637110 0.203200
v -0.091658 0.641347 0.203200
v -0.122742 0.613226 0.000000
v -0.139108 0.599684 0.000000
v -0.156727 0.587873 0.000000
v -0.175218 0.577266 0.000000
v -0.175218 0.577266 0.203200
v -0.156727 0.587873 0.203200
v -0.139108 0.599684 0.203200
v -0.122742 0.613226 0.203200
v -0.200941 0.569081 0.000000
v -0.226788 0.564937 0.000000
v -0.252840 0.567518 0.000000
v -0.279015 0.574128 0.000000
v -0.279015 0.574128 0.203200
v -0.252840 0.567518 0.203200
v -0.226788 0.564937 0.203200
v -0.200941 0.569081 0.203200
v -0.303029 0.586518 0.000000
v -0.324286 0.601845 0.000000
v -0.340944 0.622075 0.000000
v -0.354841 0.645247 0.000000
v -0.354841 0.645247 0.203200
v -0.340944 0.622075 0.203200
v -0.324286 0.601845 0.203200
v -0.303029 0.586518 0.203200
v -0.361613 0.665073 0.000000
v -0.365807 0.685153 0.000000
v -0.365678 0.705661 0.000000
v -0.362941 0.726426 0.000000
v -0.362941 0.726426 0.203200
v -0.365678 0.705661 0.203200
v -0.365807 0.685153 0.203200
v -0.361613 0.665073 0.203200
v -0.351434 0.756687 0.000000
v -0.337705 0.785817 0.000000
v -0.321007 0.813434 0.000000
v -0.302739 0.840251 0.000000
v -0.302739 0.840251 0.203200
v -0.321007 0.813434 0.203200
v -0.337705 0.785817 0.203200
v -0.351434 0.756687 0.203200
v -0.287626 0.862255 0.000000
v -0.273667 0.884865 0.000000
v -0.261922 0.908637 0.000000
v -0.251913 0.933319 0.000000
v -0.251913 0.933319 0.203200
v -0.261922 0.908637 0.203200
v -0.273667 0.884865 0.203200
v -0.287626 0.862255 0.203200
v -0.249674 0.948138 0.000000
v -0.249296 0.962799 0.000000
v -0.252059 0.977192 0.000000
v -0.256732 0.991422 0.000000
v -0.256732 0.991422 0.203200
v -0.252059 0.977192 0.203200
v -0.249296 0.962799 0.203200
v -0.249674 0.948138 0.203200
v -0.264449 1.004325 0.000000
v -0.273794 1.015361 0.000000
v -0.279530 1.019659 0.000000
v -0.285897 1.023232 0.000000
v -0.299685 1.029170 0.000000
v -0.299685 1.029170 0.203200
v -0.285897 1.023232 0.203200
v -0.279530 1.019659 0.203200
v -0.273794 1.015361 0.203200
v -0.264449 1.004325 0.203200
v -0.316322 1.031248 0.000000
v -0.332705 1.031016 0.000000
v -0.348696 1.027194 0.000000
v -0.364463 1.021335 0.000000
v -0.364463 1.021335 0.203200
v -0.348696 1.027194 0.203200
v -0.332705 1.031016 0.203200
v -0.316322 1.031248 0.203200
v -0.381767 1.011560 0.000000
v -0.397190 0.999869 0.000000
v -0.409379 0.984888 0.000000
v -0.419561 0.967863 0.000000
v -0.419561 0.967863 0.203200
v -0.409379 0.984888 0.203200
v -0.397190 0.999869 0.203200
v -0.381767 1.011560 0.203200
v -0.425020 0.948008 0.000000
v -0.427493 0.928095 0.000000
v -0.425260 0.908091 0.000000
v -0.420331 0.888035 0.000000
v -0.420331 0.888035 0.203200
v -0.425260 0.908091 0.203200
v -0.427493 0.928095 0.203200
v -0.425020 0.948008 0.203200
v -0.433310 0.882171 0.000000
v -0.433310 0.882171 0.203200
v -0.479384 0.984147 0.000000
v -0.479384 0.984147 0.203200
v -0.467147 0.989676 0.000000
v -0.467147 0.989676 0.203200
v -0.465216 0.987391 0.000000
v -0.463182 0.985222 0.000000
v -0.460946 0.983273 0.000000
v -0.460946 0.983273 0.203200
v -0.463182 0.985222 0.203200
v -0.465216 0.987391 0.203200
v 0.987129 -0.606269 0.000000
v 0.987258 -0.590079 0.000000
v 0.984827 -0.574537 0.000000
v 0.978644 -0.559945 0.000000
v 0.970403 -0.545875 0.000000
v 0.970403 -0.545875 0.203200
v 0.978644 -0.559945 0.203200
v 0.984827 -0.574537 0.203200
v 0.987258 -0.590079 0.203200
v 0.987129 -0.606269 0.203200
v 0.976890 -0.539128 0.000000
v 0.976890 -0.539128 0.203200
v 1.055794 -0.614994 0.000000
v 1.055794 -0.614994 0.203200
v 1.045359 -0.625847 0.000000
v 1.045359 -0.625847 0.203200
v 1.026631 -0.632441 0.000000
v 1.009394 -0.641496 0.000000
v 0.994163 -0.653867 0.000000
v 0.979995 -0.667996 0.000000
v 0.979995 -0.667996 0.203200
v 0.994163 -0.653867 0.203200
v 1.009394 -0.641496 0.203200
v 1.026631 -0.632441 0.203200
v 0.806548 -0.848390 0.000000
v 0.806548 -0.848390 0.203200
v 0.793573 -0.862386 0.000000
v 0.782443 -0.877361 0.000000
v 0.774810 -0.894193 0.000000
v 0.769817 -0.912425 0.000000
v 0.769817 -0.912425 0.203200
v 0.774810 -0.894193 0.203200
v 0.782443 -0.877361 0.203200
v 0.793573 -0.862386 0.203200
v 0.759946 -0.922691 0.000000
v 0.759946 -0.922691 0.203200
v 0.681042 -0.846825 0.000000
v 0.681042 -0.846825 0.203200
v 0.690913 -0.836559 0.000000
v 0.690913 -0.836559 0.203200
v 0.703459 -0.845408 0.000000
v 0.716686 -0.852019 0.000000
v 0.723758 -0.853818 0.000000
v 0.731131 -0.854630 0.000000
v 0.746379 -0.854608 0.000000
v 0.746379 -0.854608 0.203200
v 0.731131 -0.854630 0.203200
v 0.723758 -0.853818 0.203200
v 0.716686 -0.852019 0.203200
v 0.703459 -0.845408 0.203200
v 0.763844 -0.847630 0.000000
v 0.780025 -0.838632 0.000000
v 0.794428 -0.826836 0.000000
v 0.807878 -0.813542 0.000000
v 0.807878 -0.813542 0.203200
v 0.794428 -0.826836 0.203200
v 0.780025 -0.838632 0.203200
v 0.763844 -0.847630 0.203200
v 0.855823 -0.763677 0.000000
v 0.855823 -0.763677 0.203200
v 0.593055 -0.511028 0.000000
v 0.593055 -0.511028 0.203200
v 0.581941 -0.500695 0.000000
v 0.570154 -0.491459 0.000000
v 0.557094 -0.484293 0.000000
v 0.543087 -0.478671 0.000000
v 0.543087 -0.478671 0.203200
v 0.557094 -0.484293 0.203200
v 0.570154 -0.491459 0.203200
v 0.581941 -0.500695 0.203200
v 0.530936 -0.479446 0.000000
v 0.525165 -0.480576 0.000000
v 0.519754 -0.482588 0.000000
v 0.509966 -0.489135 0.000000
v 0.500936 -0.497534 0.000000
v 0.500936 -0.497534 0.203200
v 0.509966 -0.489135 0.203200
v 0.519754 -0.482588 0.203200
v 0.525165 -0.480576 0.203200
v 0.530936 -0.479446 0.203200
v 0.490963 -0.487945 0.000000
v 0.490963 -0.487945 0.203200
v 0.608005 -0.366216 0.000000
v 0.608005 -0.366216 0.203200
v 0.617978 -0.375805 0.000000
v 0.617978 -0.375805 0.203200
v 0.610284 -0.384514 0.000000
v 0.604223 -0.393873 0.000000
v 0.602309 -0.398997 0.000000
v 0.601201 -0.404441 0.000000
v 0.600355 -0.415874 0.000000
v 0.600355 -0.415874 0.203200
v 0.601201 -0.404441 0.203200
v 0.602309 -0.398997 0.203200
v 0.604223 -0.393873 0.203200
v 0.610284 -0.384514 0.203200
v 0.606596 -0.429518 0.000000
v 0.614398 -0.442101 0.000000
v 0.624187 -0.453336 0.000000
v 0.635009 -0.463871 0.000000
v 0.635009 -0.463871 0.203200
v 0.624187 -0.453336 0.203200
v 0.614398 -0.442101 0.203200
v 0.606596 -0.429518 0.203200
v 0.899537 -0.718211 0.000000
v 0.899537 -0.718211 0.203200
v 0.949738 -0.666000 0.000000
v 0.949738 -0.666000 0.203200
v 0.961808 -0.652701 0.000000
v 0.972518 -0.638587 0.000000
v 0.980712 -0.622961 0.000000
v 0.980712 -0.622961 0.203200
v 0.972518 -0.638587 0.203200
v 0.961808 -0.652701 0.203200
v -0.817886 -0.534056 0.000000
v -0.794706 -0.537562 0.000000
v -0.771893 -0.537663 0.000000
v -0.749671 -0.532289 0.000000
v -0.727790 -0.523736 0.000000
v -0.727790 -0.523736 0.203200
v -0.749671 -0.532289 0.203200
v -0.771893 -0.537663 0.203200
v -0.794706 -0.537562 0.203200
v -0.817886 -0.534056 0.203200
v -0.709604 -0.512386 0.000000
v -0.693919 -0.498888 0.000000
v -0.682562 -0.481675 0.000000
v -0.673917 -0.462132 0.000000
v -0.673917 -0.462132 0.203200
v -0.682562 -0.481675 0.203200
v -0.693919 -0.498888 0.203200
v -0.709604 -0.512386 0.203200
v -0.671372 -0.439281 0.000000
v -0.672168 -0.416879 0.000000
v -0.678115 -0.395170 0.000000
v -0.686970 -0.373852 0.000000
v -0.686970 -0.373852 0.203200
v -0.678115 -0.395170 0.203200
v -0.672168 -0.416879 0.203200
v -0.671372 -0.439281 0.203200
v -0.694037 -0.360634 0.000000
v -0.701791 -0.347892 0.000000
v -0.710770 -0.335999 0.000000
v -0.720557 -0.324664 0.000000
v -0.720557 -0.324664 0.203200
v -0.710770 -0.335999 0.203200
v -0.701791 -0.347892 0.203200
v -0.694037 -0.360634 0.203200
v -0.912150 -0.420078 0.000000
v -0.912150 -0.420078 0.203200
v -0.885848 -0.472894 0.000000
v -0.885848 -0.472894 0.203200
v -0.873323 -0.493253 0.000000
v -0.858443 -0.510939 0.000000
v -0.839461 -0.523969 0.000000
v -0.839461 -0.523969 0.203200
v -0.858443 -0.510939 0.203200
v -0.873323 -0.493253 0.203200
v -0.968580 -0.316806 0.000000
v -0.962569 -0.327366 0.000000
v -0.955318 -0.336464 0.000000
v -0.950847 -0.340017 0.000000
v -0.945787 -0.342876 0.000000
v -0.934676 -0.347426 0.000000
v -0.934676 -0.347426 0.203200
v -0.945787 -0.342876 0.203200
v -0.950847 -0.340017 0.203200
v -0.955318 -0.336464 0.203200
v -0.962569 -0.327366 0.203200
v -0.968580 -0.316806 0.203200
v -0.919341 -0.346363 0.000000
v -0.904471 -0.343422 0.000000
v -0.890213 -0.338010 0.000000
v -0.876278 -0.331299 0.000000
v -0.876278 -0.331299 0.203200
v -0.890213 -0.338010 0.203200
v -0.904471 -0.343422 0.203200
v -0.919341 -0.346363 0.203200
v -0.608318 -0.197855 0.000000
v -0.608318 -0.197855 0.203200
v -0.595151 -0.190977 0.000000
v -0.582817 -0.183084 0.000000
v -0.572052 -0.173276 0.000000
v -0.562445 -0.162054 0.000000
v -0.562445 -0.162054 0.203200
v -0.572052 -0.173276 0.203200
v -0.582817 -0.183084 0.203200
v -0.595151 -0.190977 0.203200
v -0.559211 -0.150427 0.000000
v -0.558371 -0.144652 0.000000
v -0.558455 -0.138923 0.000000
v -0.561291 -0.127595 0.000000
v -0.566088 -0.116365 0.000000
v -0.566088 -0.116365 0.203200
v -0.561291 -0.127595 0.203200
v -0.558455 -0.138923 0.203200
v -0.558371 -0.144652 0.203200
v -0.559211 -0.150427 0.203200
v -0.553704 -0.110197 0.000000
v -0.553704 -0.110197 0.203200
v -0.477155 -0.263909 0.000000
v -0.477155 -0.263909 0.203200
v -0.489540 -0.270077 0.000000
v -0.489540 -0.270077 0.203200
v -0.495492 -0.259551 0.000000
v -0.502668 -0.250445 0.000000
v -0.507090 -0.246860 0.000000
v -0.512096 -0.243953 0.000000
v -0.523094 -0.239283 0.000000
v -0.523094 -0.239283 0.203200
v -0.512096 -0.243953 0.203200
v -0.507090 -0.246860 0.203200
v -0.502668 -0.250445 0.203200
v -0.495492 -0.259551 0.203200
v -0.538451 -0.240312 0.000000
v -0.553336 -0.243255 0.000000
v -0.567605 -0.248693 0.000000
v -0.581552 -0.255439 0.000000
v -0.581552 -0.255439 0.203200
v -0.567605 -0.248693 0.203200
v -0.553336 -0.243255 0.203200
v -0.538451 -0.240312 0.203200
v -0.701252 -0.315050 0.000000
v -0.701252 -0.315050 0.203200
v -0.691386 -0.330543 0.000000
v -0.681837 -0.346219 0.000000
v -0.672850 -0.362222 0.000000
v -0.664230 -0.378438 0.000000
v -0.664230 -0.378438 0.203200
v -0.672850 -0.362222 0.203200
v -0.681837 -0.346219 0.203200
v -0.691386 -0.330543 0.203200
v -0.650785 -0.408639 0.000000
v -0.640725 -0.439508 0.000000
v -0.636830 -0.471591 0.000000
v -0.637135 -0.504501 0.000000
v -0.637135 -0.504501 0.203200
v -0.636830 -0.471591 0.203200
v -0.640725 -0.439508 0.203200
v -0.650785 -0.408639 0.203200
v -0.645709 -0.529836 0.000000
v -0.651217 -0.541561 0.000000
v -0.658191 -0.552157 0.000000
v -0.666902 -0.561414 0.000000
v -0.676998 -0.569602 0.000000
v -0.699499 -0.584198 0.000000
v -0.699499 -0.584198 0.203200
v -0.676998 -0.569602 0.203200
v -0.666902 -0.561414 0.203200
v -0.658191 -0.552157 0.203200
v -0.651217 -0.541561 0.203200
v -0.645709 -0.529836 0.203200
v -0.726970 -0.593310 0.000000
v -0.740696 -0.596251 0.000000
v -0.754408 -0.597253 0.000000
v -0.768105 -0.595920 0.000000
v -0.781790 -0.592700 0.000000
v -0.809138 -0.583113 0.000000
v -0.809138 -0.583113 0.203200
v -0.781790 -0.592700 0.203200
v -0.768105 -0.595920 0.203200
v -0.754408 -0.597253 0.203200
v -0.740696 -0.596251 0.203200
v -0.726970 -0.593310 0.203200
v -0.838653 -0.562595 0.000000
v -0.864698 -0.538855 0.000000
v -0.885482 -0.510228 0.000000
v -0.903327 -0.478871 0.000000
v -0.903327 -0.478871 0.203200
v -0.885482 -0.510228 0.203200
v -0.864698 -0.538855 0.203200
v -0.838653 -0.562595 0.203200
v -0.980964 -0.322974 0.000000
v -0.980964 -0.322974 0.203200
v 0.992762 0.063274 0.000000
v 0.987338 0.055019 0.000000
v 0.983428 0.046209 0.000000
v 0.981537 0.036658 0.000000
v 0.980714 0.026716 0.000000
v 0.980714 0.026716 0.203200
v 0.981537 0.036658 0.203200
v 0.983428 0.046209 0.203200
v 0.987338 0.055019 0.203200
v 0.992762 0.063274 0.203200
v 0.972466 -0.106497 0.000000
v 0.972466 -0.106497 0.203200
v 1.176347 -0.119121 0.000000
v 1.176347 -0.119121 0.203200
v 1.184846 0.018153 0.000000
v 1.184846 0.018153 0.203200
v 1.185805 0.033559 0.000000
v 1.185421 0.048746 0.000000
v 1.182438 0.063514 0.000000
v 1.177336 0.077938 0.000000
v 1.177336 0.077938 0.203200
v 1.182438 0.063514 0.203200
v 1.185421 0.048746 0.203200
v 1.185805 0.033559 0.203200
v 1.167763 0.086338 0.000000
v 1.157297 0.093190 0.000000
v 1.145637 0.097971 0.000000
v 1.133347 0.101658 0.000000
v 1.133347 0.101658 0.203200
v 1.145637 0.097971 0.203200
v 1.157297 0.093190 0.203200
v 1.167763 0.086338 0.203200
v 1.133900 0.110593 0.000000
v 1.133900 0.110593 0.203200
v 1.213503 0.105664 0.000000
v 1.213503 0.105664 0.203200
v 1.192254 -0.237521 0.000000
v 1.192254 -0.237521 0.203200
v 1.178445 -0.236666 0.000000
v 1.178445 -0.236666 0.203200
v 1.178592 -0.224516 0.000000
v 1.176961 -0.212984 0.000000
v 1.174932 -0.207642 0.000000
v 1.172046 -0.202598 0.000000
v 1.164824 -0.193015 0.000000
v 1.164824 -0.193015 0.203200
v 1.172046 -0.202598 0.203200
v 1.174932 -0.207642 0.203200
v 1.176961 -0.212984 0.203200
v 1.178592 -0.224516 0.203200
v 1.150900 -0.186303 0.000000
v 1.136442 -0.181466 0.000000
v 1.121289 -0.179067 0.000000
v 1.105773 -0.177943 0.000000
v 1.105773 -0.177943 0.203200
v 1.121289 -0.179067 0.203200
v 1.136442 -0.181466 0.203200
v 1.150900 -0.186303 0.203200
v 0.807808 -0.159494 0.000000
v 0.807808 -0.159494 0.203200
v 0.792665 -0.158748 0.000000
v 0.777711 -0.159255 0.000000
v 0.763116 -0.162145 0.000000
v 0.748795 -0.166848 0.000000
v 0.748795 -0.166848 0.203200
v 0.763116 -0.162145 0.203200
v 0.777711 -0.159255 0.203200
v 0.792665 -0.158748 0.203200
v 0.740275 -0.175490 0.000000
v 0.736731 -0.180169 0.000000
v 0.734031 -0.185268 0.000000
v 0.730986 -0.196644 0.000000
v 0.729665 -0.208879 0.000000
v 0.729665 -0.208879 0.203200
v 0.730986 -0.196644 0.203200
v 0.734031 -0.185268 0.203200
v 0.736731 -0.180169 0.203200
v 0.740275 -0.175490 0.203200
v 0.715856 -0.208024 0.000000
v 0.715856 -0.208024 0.203200
v 0.737105 0.135161 0.000000
v 0.737105 0.135161 0.203200
v 0.827407 0.151585 0.000000
v 0.827407 0.151585 0.203200
v 0.826527 0.137370 0.000000
v 0.826527 0.137370 0.203200
v 0.814885 0.132776 0.000000
v 0.803511 0.127667 0.000000
v 0.792636 0.121600 0.000000
v 0.782120 0.114843 0.000000
v 0.782120 0.114843 0.203200
v 0.792636 0.121600 0.203200
v 0.803511 0.127667 0.203200
v 0.814885 0.132776 0.203200
v 0.775775 0.108903 0.000000
v 0.770184 0.102423 0.000000
v 0.765847 0.095044 0.000000
v 0.762262 0.087126 0.000000
v 0.762262 0.087126 0.203200
v 0.765847 0.095044 0.203200
v 0.770184 0.102423 0.203200
v 0.775775 0.108903 0.203200
v 0.758763 0.071974 0.000000
v 0.756122 0.056688 0.000000
v 0.754562 0.041236 0.000000
v 0.753566 0.025695 0.000000
v 0.753566 0.025695 0.203200
v 0.754562 0.041236 0.203200
v 0.756122 0.056688 0.203200
v 0.758763 0.071974 0.203200
v 0.748411 -0.057563 0.000000
v 0.748411 -0.057563 0.203200
v 0.748182 -0.064812 0.000000
v 0.748763 -0.071872 0.000000
v 0.750859 -0.078576 0.000000
v 0.754049 -0.085023 0.000000
v 0.754049 -0.085023 0.203200
v 0.750859 -0.078576 0.203200
v 0.748763 -0.071872 0.203200
v 0.748182 -0.064812 0.203200
v 0.759469 -0.089194 0.000000
v 0.765347 -0.092270 0.000000
v 0.771869 -0.093802 0.000000
v 0.778739 -0.094502 0.000000
v 0.778739 -0.094502 0.203200
v 0.771869 -0.093802 0.203200
v 0.765347 -0.092270 0.203200
v 0.759469 -0.089194 0.203200
v 0.949316 -0.105064 0.000000
v 0.949316 -0.105064 0.203200
v 0.956634 0.013122 0.000000
v 0.956634 0.013122 0.203200
v 0.957431 0.025482 0.000000
v 0.957294 0.037719 0.000000
v 0.955340 0.049719 0.000000
v 0.951885 0.061524 0.000000
v 0.951885 0.061524 0.203200
v 0.955340 0.049719 0.203200
v 0.957294 0.037719 0.203200
v 0.957431 0.025482 0.203200
v 0.943921 0.068883 0.000000
v 0.935122 0.074885 0.000000
v 0.925267 0.079173 0.000000
v 0.914865 0.082570 0.000000
v 0.914865 0.082570 0.203200
v 0.925267 0.079173 0.203200
v 0.935122 0.074885 0.203200
v 0.943921 0.068883 0.203200
v 0.915745 0.096785 0.000000
v 0.915745 0.096785 0.203200
v 1.031494 0.089618 0.000000
v 1.031494 0.089618 0.203200
v 1.030614 0.075403 0.000000
v 1.030614 0.075403 0.203200
v 1.020512 0.074196 0.000000
v 1.010723 0.072098 0.000000
v 1.001523 0.068314 0.000000
v 1.001523 0.068314 0.203200
v 1.010723 0.072098 0.203200
v 1.020512 0.074196 0.203200
v -0.930764 0.382784 0.000000
v -0.926689 0.367114 0.000000
v -0.920309 0.352735 0.000000
v -0.910553 0.340246 0.000000
v -0.898944 0.328795 0.000000
v -0.898944 0.328795 0.203200
v -0.910553 0.340246 0.203200
v -0.920309 0.352735 0.203200
v -0.926689 0.367114 0.203200
v -0.930764 0.382784 0.203200
v -0.903459 0.320597 0.000000
v -0.903459 0.320597 0.203200
v -0.999341 0.373399 0.000000
v -0.999341 0.373399 0.203200
v -0.992079 0.386587 0.000000
v -0.992079 0.386587 0.203200
v -0.975702 0.397813 0.000000
v -0.961403 0.411029 0.000000
v -0.949903 0.426928 0.000000
v -0.939885 0.444248 0.000000
v -0.939885 0.444248 0.203200
v -0.949903 0.426928 0.203200
v -0.961403 0.411029 0.203200
v -0.975702 0.397813 0.203200
v -0.819166 0.663458 0.000000
v -0.819166 0.663458 0.203200
v -0.810266 0.680341 0.000000
v -0.803401 0.697690 0.000000
v -0.800395 0.715925 0.000000
v -0.800302 0.734828 0.000000
v -0.800302 0.734828 0.203200
v -0.800395 0.715925 0.203200
v -0.803401 0.697690 0.203200
v -0.810266 0.680341 0.203200
v -0.793432 0.747304 0.000000
v -0.793432 0.747304 0.203200
v -0.697550 0.694501 0.000000
v -0.697550 0.694501 0.203200
v -0.704420 0.682026 0.000000
v -0.704420 0.682026 0.203200
v -0.718832 0.687318 0.000000
v -0.733321 0.690272 0.000000
v -0.740618 0.690174 0.000000
v -0.747949 0.689047 0.000000
v -0.762669 0.685070 0.000000
v -0.762669 0.685070 0.203200
v -0.747949 0.689047 0.203200
v -0.740618 0.690174 0.203200
v -0.733321 0.690272 0.203200
v -0.718832 0.687318 0.203200
v -0.777727 0.673801 0.000000
v -0.791020 0.660913 0.000000
v -0.801870 0.645785 0.000000
v -0.811412 0.629457 0.000000
v -0.811412 0.629457 0.203200
v -0.801870 0.645785 0.203200
v -0.791020 0.660913 0.203200
v -0.777727 0.673801 0.203200
v -0.844781 0.568863 0.000000
v -0.844781 0.568863 0.203200
v -0.525473 0.393020 0.000000
v -0.525473 0.393020 0.203200
v -0.512059 0.385924 0.000000
v -0.498280 0.380061 0.000000
v -0.483808 0.376528 0.000000
v -0.468822 0.374731 0.000000
v -0.468822 0.374731 0.203200
v -0.483808 0.376528 0.203200
v -0.498280 0.380061 0.203200
v -0.512059 0.385924 0.203200
v -0.457288 0.378631 0.000000
v -0.452008 0.381220 0.000000
v -0.447304 0.384566 0.000000
v -0.439549 0.393428 0.000000
v -0.433007 0.403882 0.000000
v -0.433007 0.403882 0.203200
v -0.439549 0.393428 0.203200
v -0.447304 0.384566 0.203200
v -0.452008 0.381220 0.203200
v -0.457288 0.378631 0.203200
v -0.420888 0.397208 0.000000
v -0.420888 0.397208 0.203200
v -0.502349 0.249286 0.000000
v -0.502349 0.249286 0.203200
v -0.514468 0.255960 0.000000
v -0.514468 0.255960 0.203200
v -0.509296 0.266367 0.000000
v -0.505870 0.276978 0.000000
v -0.505351 0.282423 0.000000
v -0.505693 0.287968 0.000000
v -0.507842 0.299229 0.000000
v -0.507842 0.299229 0.203200
v -0.505693 0.287968 0.203200
v -0.505351 0.282423 0.203200
v -0.505870 0.276978 0.203200
v -0.509296 0.266367 0.203200
v -0.517408 0.310787 0.000000
v -0.528207 0.320915 0.000000
v -0.540575 0.329228 0.000000
v -0.553759 0.336594 0.000000
v -0.553759 0.336594 0.203200
v -0.540575 0.329228 0.203200
v -0.528207 0.320915 0.203200
v -0.517408 0.310787 0.203200
v -0.875206 0.513615 0.000000
v -0.875206 0.513615 0.203200
v -0.910146 0.450168 0.000000
v -0.910146 0.450168 0.203200
v -0.918353 0.434195 0.000000
v -0.925035 0.417785 0.000000
v -0.928896 0.400569 0.000000
v -0.928896 0.400569 0.203200
v -0.925035 0.417785 0.203200
v -0.918353 0.434195 0.203200
v -1.172000 0.014792 0.000000
v -1.157866 0.203395 0.000000
v -1.115780 0.387786 0.000000
v -1.046682 0.563844 0.000000
v -0.952116 0.727637 0.000000
v -0.834194 0.875507 0.000000
v -0.695550 1.004150 0.000000
v -0.539282 1.110692 0.000000
v -0.368880 1.192753 0.000000
v -0.188150 1.248501 0.000000
v -0.001130 1.276689 0.000000
v 0.188002 1.276689 0.000000
v 0.375022 1.248501 0.000000
v 0.555752 1.192753 0.000000
v 0.726154 1.110692 0.000000
v 0.882423 1.004150 0.000000
v 1.021067 0.875507 0.000000
v 1.138989 0.727637 0.000000
v 1.233555 0.563844 0.000000
v 1.302653 0.387786 0.000000
v 1.344739 0.203395 0.000000
v 1.358872 0.014792 0.000000
v 1.344739 -0.173812 0.000000
v 1.302653 -0.358202 0.000000
v 1.233555 -0.534261 0.000000
v 1.138989 -0.698054 0.000000
v 1.021067 -0.845924 0.000000
v 0.882423 -0.974566 0.000000
v 0.726154 -1.081108 0.000000
v 0.555752 -1.163170 0.000000
v 0.375022 -1.218917 0.000000
v 0.188002 -1.247106 0.000000
v -0.001130 -1.247106 0.000000
v -0.188150 -1.218917 0.000000
v -0.368880 -1.163170 0.000000
v -0.539282 -1.081108 0.000000
v -0.695550 -0.974566 0.000000
v -0.834194 -0.845924 0.000000
v -0.952116 -0.698054 0.000000
v -1.046682 -0.534261 0.000000
v -1.115780 -0.358202 0.000000
v -1.157866 -0.173812 0.000000
v -0.203200 -0.203200 0.635000
v -0.233807 -0.322934 0.635000
v -0.256720 -0.437066 0.635000
v -0.280782 -0.540088 0.635000
v -0.313305 -0.634275 0.635000
v -0.344473 -0.742406 0.635000
v -0.363574 -0.875118 0.635000
v -0.370313 -1.019234 0.635000
v -0.366663 -1.164037 0.635000
v -0.366663 -1.164037 0.457200
v -0.370313 -1.019234 0.457200
v -0.363574 -0.875118 0.457200
v -0.344473 -0.742406 0.457200
v -0.313305 -0.634275 0.457200
v -0.280782 -0.540088 0.457200
v -0.256720 -0.437066 0.457200
v -0.233807 -0.322934 0.457200
v -0.203200 -0.203200 0.457200
v -0.265115 -1.198786 0.635000
v -0.265115 -1.198786 0.457200
v -0.169836 -1.014778 0.635000
v -0.131384 -0.927463 0.635000
v -0.099614 -0.843957 0.635000
v -0.074632 -0.764930 0.635000
v -0.056287 -0.690968 0.635000
v -0.044243 -0.622303 0.635000
v -0.038100 -0.558800 0.635000
v -0.038100 -0.558800 0.457200
v -0.044243 -0.622303 0.457200
v -0.056287 -0.690968 0.457200
v -0.074632 -0.764930 0.457200
v -0.099614 -0.843957 0.457200
v -0.131384 -0.927463 0.457200
v -0.169836 -1.014778 0.457200
v 0.015951 -0.606106 0.635000
v 0.070324 -0.643959 0.635000
v 0.124999 -0.672428 0.635000
v 0.179918 -0.691705 0.635000
v 0.234973 -0.702177 0.635000
v 0.289983 -0.704487 0.635000
v 0.398775 -0.688428 0.635000
v 0.503659 -0.651391 0.635000
v 0.601895 -0.597540 0.635000
v 0.691055 -0.525558 0.635000
v 0.768651 -0.434071 0.635000
v 0.831901 -0.326895 0.635000
v 0.878636 -0.211535 0.635000
v 0.908591 -0.094519 0.635000
v 0.922809 0.021297 0.635000
v 0.920628 0.136614 0.635000
v 0.897968 0.254209 0.635000
v 0.850836 0.374870 0.635000
v 0.780583 0.492895 0.635000
v 0.694196 0.597239 0.635000
v 0.599282 0.678607 0.635000
v 0.499369 0.735657 0.635000
v 0.393877 0.773605 0.635000
v 0.281031 0.798256 0.635000
v 0.160528 0.812256 0.635000
v 0.035568 0.814750 0.635000
v -0.086735 0.802374 0.635000
v -0.199272 0.772189 0.635000
v -0.300150 0.725006 0.635000
v -0.392583 0.664687 0.635000
v -0.478797 0.593037 0.635000
v -0.556165 0.507695 0.635000
v -0.619773 0.407456 0.635000
v -0.666141 0.297831 0.635000
v -0.693920 0.188743 0.635000
v -0.693920 0.188743 0.457200
v -0.666141 0.297831 0.457200
v -0.619773 0.407456 0.457200
v -0.556165 0.507695 0.457200
v -0.478797 0.593037 0.457200
v -0.392583 0.664687 0.457200
v -0.300150 0.725006 0.457200
v -0.199272 0.772189 0.457200
v -0.086735 0.802374 0.457200
v 0.035568 0.814750 0.457200
v 0.160528 0.812256 0.457200
v 0.281031 0.798256 0.457200
v 0.393877 0.773605 0.457200
v 0.499369 0.735657 0.457200
v 0.599282 0.678607 0.457200
v 0.694196 0.597239 0.457200
v 0.780583 0.492895 0.457200
v 0.850836 0.374870 0.457200
v 0.897968 0.254209 0.457200
v 0.920628 0.136614 0.457200
v 0.922809 0.021297 0.457200
v 0.908591 -0.094519 0.457200
v 0.878636 -0.211535 0.457200
v 0.831901 -0.326895 0.457200
v 0.768651 -0.434071 0.457200
v 0.691055 -0.525558 0.457200
v 0.601895 -0.597540 0.457200
v 0.503659 -0.651391 0.457200
v 0.398775 -0.688428 0.457200
v 0.289983 -0.704487 0.457200
v 0.234973 -0.702177 0.457200
v 0.179918 -0.691705 0.457200
v 0.124999 -0.672428 0.457200
v 0.070324 -0.643959 0.457200
v 0.015951 -0.606106 0.457200
v -0.699453 0.103736 0.635000
v -0.697712 0.023604 0.635000
v -0.697712 0.023604 0.457200
v -0.699453 0.103736 0.457200
v -0.683143 -0.071379 0.635000
v -0.649315 -0.172676 0.635000
v -0.591012 -0.274294 0.635000
v -0.552548 -0.315615 0.635000
v -0.531404 -0.331594 0.635000
v -0.509340 -0.343726 0.635000
v -0.486739 -0.351671 0.635000
v -0.464095 -0.355321 0.635000
v -0.442024 -0.354860 0.635000
v -0.421263 -0.350800 0.635000
v -0.402626 -0.343919 0.635000
v -0.386913 -0.335121 0.635000
v -0.374828 -0.325310 0.635000
v -0.370318 -0.320270 0.635000
v -0.366891 -0.315241 0.635000
v -0.364565 -0.310268 0.635000
v -0.363339 -0.305372 0.635000
v -0.363188 -0.300545 0.635000
v -0.364064 -0.295755 0.635000
v -0.365900 -0.290941 0.635000
v -0.368610 -0.286027 0.635000
v -0.376254 -0.275527 0.635000
v -0.397380 -0.249149 0.635000
v -0.420902 -0.211800 0.635000
v -0.442177 -0.162404 0.635000
v -0.458586 -0.103251 0.635000
v -0.473201 0.027046 0.635000
v -0.471379 0.089824 0.635000
v -0.463736 0.147874 0.635000
v -0.431782 0.249265 0.635000
v -0.379633 0.336489 0.635000
v -0.311454 0.414206 0.635000
v -0.231895 0.480769 0.635000
v -0.142940 0.530914 0.635000
v -0.044195 0.560009 0.635000
v 0.062057 0.569005 0.635000
v 0.168373 0.565086 0.635000
v 0.267647 0.552257 0.635000
v 0.359200 0.522439 0.635000
v 0.402866 0.497270 0.635000
v 0.444979 0.464655 0.635000
v 0.520634 0.383302 0.635000
v 0.576707 0.296012 0.635000
v 0.609470 0.212098 0.635000
v 0.625302 0.123273 0.635000
v 0.630603 0.022078 0.635000
v 0.624088 -0.083518 0.635000
v 0.602557 -0.179947 0.635000
v 0.568331 -0.261642 0.635000
v 0.527308 -0.330456 0.635000
v 0.483132 -0.388528 0.635000
v 0.483132 -0.388528 0.457200
v 0.527308 -0.330456 0.457200
v 0.568331 -0.261642 0.457200
v 0.602557 -0.179947 0.457200
v 0.624088 -0.083518 0.457200
v 0.630603 0.022078 0.457200
v 0.625302 0.123273 0.457200
v 0.609470 0.212098 0.457200
v 0.576707 0.296012 0.457200
v 0.520634 0.383302 0.457200
v 0.444979 0.464655 0.457200
v 0.402866 0.497270 0.457200
v 0.359200 0.522439 0.457200
v 0.267647 0.552257 0.457200
v 0.168373 0.565086 0.457200
v 0.062057 0.569005 0.457200
v -0.044195 0.560009 0.457200
v -0.142940 0.530914 0.457200
v -0.231895 0.480769 0.457200
v -0.311454 0.414206 0.457200
v -0.379633 0.336489 0.457200
v -0.431782 0.249265 0.457200
v -0.463736 0.147874 0.457200
v -0.471379 0.089824 0.457200
v -0.473201 0.027046 0.457200
v -0.458586 -0.103251 0.457200
v -0.442177 -0.162404 0.457200
v -0.420902 -0.211800 0.457200
v -0.397380 -0.249149 0.457200
v -0.376254 -0.275527 0.457200
v -0.368610 -0.286027 0.457200
v -0.365900 -0.290941 0.457200
v -0.364064 -0.295755 0.457200
v -0.363188 -0.300545 0.457200
v -0.363339 -0.305372 0.457200
v -0.364565 -0.310268 0.457200
v -0.366891 -0.315241 0.457200
v -0.370318 -0.320270 0.457200
v -0.374828 -0.325310 0.457200
v -0.386913 -0.335121 0.457200
v -0.402626 -0.343919 0.457200
v -0.421263 -0.350800 0.457200
v -0.442024 -0.354860 0.457200
v -0.464095 -0.355321 0.457200
v -0.486739 -0.351671 0.457200
v -0.509340 -0.343726 0.457200
v -0.531404 -0.331594 0.457200
v -0.552548 -0.315615 0.457200
v -0.591012 -0.274294 0.457200
v -0.649315 -0.172676 0.457200
v -0.683143 -0.071379 0.457200
v 0.452989 -0.415104 0.635000
v 0.416373 -0.438259 0.635000
v 0.348404 -0.472274 0.635000
v 0.318935 -0.480893 0.635000
v 0.287262 -0.482858 0.635000
v 0.217036 -0.473059 0.635000
v 0.152505 -0.454206 0.635000
v 0.120370 -0.437318 0.635000
v 0.088548 -0.412216 0.635000
v 0.074206 -0.396448 0.635000
v 0.061898 -0.378726 0.635000
v 0.052254 -0.359335 0.635000
v 0.045652 -0.338664 0.635000
v 0.041332 -0.295419 0.635000
v 0.045837 -0.252900 0.635000
v 0.082509 -0.102621 0.635000
v 0.131410 0.060067 0.635000
v 0.138098 0.097530 0.635000
v 0.138893 0.135545 0.635000
v 0.126783 0.203913 0.635000
v 0.117481 0.228478 0.635000
v 0.106469 0.247497 0.635000
v 0.092880 0.263932 0.635000
v 0.076200 0.279400 0.635000
v 0.076200 0.279400 0.457200
v 0.092880 0.263932 0.457200
v 0.106469 0.247497 0.457200
v 0.117481 0.228478 0.457200
v 0.126783 0.203913 0.457200
v 0.138893 0.135545 0.457200
v 0.138098 0.097530 0.457200
v 0.131410 0.060067 0.457200
v 0.082509 -0.102621 0.457200
v 0.045837 -0.252900 0.457200
v 0.041332 -0.295419 0.457200
v 0.045652 -0.338664 0.457200
v 0.052254 -0.359335 0.457200
v 0.061898 -0.378726 0.457200
v 0.074206 -0.396448 0.457200
v 0.088548 -0.412216 0.457200
v 0.120370 -0.437318 0.457200
v 0.152505 -0.454206 0.457200
v 0.217036 -0.473059 0.457200
v 0.287262 -0.482858 0.457200
v 0.318935 -0.480893 0.457200
v 0.348404 -0.472274 0.457200
v 0.416373 -0.438259 0.457200
v 0.452989 -0.415104 0.457200
v 0.064981 0.289951 0.635000
v 0.052171 0.298938 0.635000
v 0.021856 0.312102 0.635000
v -0.014190 0.318354 0.635000
v -0.054397 0.316509 0.635000
v -0.096162 0.304951 0.635000
v -0.136532 0.282413 0.635000
v -0.172956 0.248821 0.635000
v -0.203667 0.205560 0.635000
v -0.227617 0.155000 0.635000
v -0.244329 0.099929 0.635000
v -0.256217 -0.013172 0.635000
v -0.252045 -0.066880 0.635000
v -0.241645 -0.116791 0.635000
v -0.225305 -0.162292 0.635000
v -0.225305 -0.162292 0.457200
v -0.241645 -0.116791 0.457200
v -0.252045 -0.066880 0.457200
v -0.256217 -0.013172 0.457200
v -0.244329 0.099929 0.457200
v -0.227617 0.155000 0.457200
v -0.203667 0.205560 0.457200
v -0.172956 0.248821 0.457200
v -0.136532 0.282413 0.457200
v -0.096162 0.304951 0.457200
v -0.054397 0.316509 0.457200
v -0.014190 0.318354 0.457200
v 0.021856 0.312102 0.457200
v 0.052171 0.298938 0.457200
v 0.064981 0.289951 0.457200
v -0.333146 -1.176576 0.635000
v -0.299287 -1.188162 0.635000
v -0.078256 -1.238943 0.635000
v 0.112520 -1.250501 0.635000
v 0.302860 -1.233195 0.635000
v 0.488423 -1.187421 0.635000
v 0.664976 -1.114222 0.635000
v 0.828491 -1.015268 0.635000
v 0.975238 -0.892818 0.635000
v 1.101870 -0.749663 0.635000
v 1.205498 -0.589070 0.635000
v 1.283757 -0.414701 0.635000
v 1.334864 -0.230536 0.635000
v 1.357652 -0.040773 0.635000
v 1.351601 0.150256 0.635000
v 1.316849 0.338196 0.635000
v 1.254189 0.518758 0.635000
v 1.165050 0.687824 0.635000
v 1.051467 0.841536 0.635000
v 0.916028 0.976390 0.635000
v 0.761826 1.089308 0.635000
v 0.592376 1.177714 0.635000
v 0.411544 1.239592 0.635000
v 0.223456 1.273531 0.635000
v 0.032402 1.278755 0.635000
v -0.157259 1.255147 0.635000
v -0.341202 1.203244 0.635000
v -0.515231 1.124230 0.635000
v -0.675374 1.019908 0.635000
v -0.817980 0.892658 0.635000
v -0.939794 0.745383 0.635000
v -1.038039 0.581441 0.635000
v -1.110474 0.404573 0.635000
v -1.155445 0.218814 0.635000
v -1.171927 0.028401 0.635000
v -1.159544 -0.162323 0.635000
v -1.118578 -0.349007 0.635000
v -1.049965 -0.527392 0.635000
v -0.955269 -0.693408 0.635000
v -0.836650 -0.843270 0.635000
v -0.696814 -0.973557 0.635000
v -0.538951 -1.081299 0.635000
vt -0.038535 0.000000 0.000000
vt -0.028901 0.000000 0.000000
vt -0.038535 0.203200 0.000000
vt -0.028901 0.203200 0.000000
vt -0.019267 0.000000 0.000000
vt -0.019267 0.203200 0.000000
vt -0.009634 0.000000 0.000000
vt -0.009634 0.203200 0.000000
vt -0.000000 0.000000 0.000000
vt -0.000000 0.203200 0.000000
vt -0.133468 0.000000 0.000000
vt -0.000000 0.000000 0.000000
vt -0.133468 0.203200 0.000000
vt -0.000000 0.203200 0.000000
vt -0.204271 0.000000 0.000000
vt -0.000000 0.000000 0.000000
vt -0.204271 0.203200 0.000000
vt -0.000000 0.203200 0.000000
vt -0.137537 0.000000 0.000000
vt -0.000000 0.000000 0.000000
vt -0.137537 0.203200 0.000000
vt -0.000000 0.203200 0.000000
vt -0.060330 0.000000 0.000000
vt -0.045247 0.000000 0.000000
vt -0.060330 0.203200 0.000000
vt -0.045247 0.203200 0.000000
vt -0.030165 0.000000 0.000000
vt -0.030165 0.203200 0.000000
vt -0.015082 0.000000 0.000000
vt -0.015082 0.203200 0.000000
vt -0.000000 0.000000 0.000000
vt -0.000000 0.203200 0.000000
vt -0.050018 0.000000 0.000000
vt -0.037513 0.000000 0.000000
vt -0.050018 0.203200 0.000000
vt -0.037513 0.203200 0.000000
vt -0.025009 0.000000 0.000000
vt -0.025009 0.203200 0.000000
vt -0.012504 0.000000 0.000000
vt -0.012504 0.203200 0.000000
vt -0.000000 0.000000 0.000000
vt -0.000000 0.203200 0.000000
vt -0.008952 0.000000 0.000000
vt 0.000000 0.000000 0.000000
vt -0.008952 0.203200 0.000000
vt 0.000000 0.203200 0.000000
vt -0.079755 0.000000 0.000000
vt 0.000000 0.000000 0.000000
vt -0.079755 0.203200 0.000000
vt 0.000000 0.203200 0.000000
vt -0.343842 0.000000 0.000000
vt -0.000000 0.000000 0.000000
vt -0.343842 0.203200 0.000000
vt -0.000000 0.203200 0.000000
vt -0.013835 0.000000 0.000000
vt -0.000000 0.000000 0.000000
vt -0.013835 0.203200 0.000000
vt -0.000000 0.203200 0.000000
vt -0.045788 0.000000 0.000000
vt -0.034341 0.000000 0.000000
vt -0.045788 0.203200 0.000000
vt -0.034341 0.203200 0.000000
vt -0.022894 0.000000 0.000000
vt -0.022894 0.203200 0.000000
vt -0.017171 0.000000 0.000000
vt -0.017171 0.203200 0.000000
vt -0.011447 0.000000 0.000000
vt -0.011447 0.203200 0.000000
vt -0.000000 0.000000 0.000000
vt -0.000000 0.203200 0.000000
vt -0.060991 0.000000 0.000000
vt -0.045744 0.000000 0.000000
vt -0.060991 0.203200 0.000000
vt -0.045744 0.203200 0.000000
vt -0.030496 0.000000 0.000000
vt -0.030496 0.203200 0.000000
vt -0.015248 0.000000 0.000000
vt -0.015248 0.203200 0.000000
vt -0.000000 0.000000 0.000000
vt -0.000000 0.203200 0.000000
vt -0.298535 0.000000 0.000000
vt -0.000000 0.000000 0.000000
vt -0.298535 0.203200 0.000000
vt -0.000000 0.203200 0.000000
vt -0.059513 0.000000 0.000000
vt -0.044634 0.000000 0.000000
vt -0.059513 0.203200 0.000000
vt -0.044634 0.203200 0.000000
vt -0.029756 0.000000 0.000000
vt -0.029756 0.203200 0.000000
vt -0.014878 0.000000 0.000000
vt -0.014878 0.203200 0.000000
vt -0.000000 0.000000 0.000000
vt -0.000000 0.203200 0.000000
vt -0.046244 0.000000 0.000000
vt -0.034683 0.000000 0.000000
vt -0.046244 0.203200 0.000000
vt -0.034683 0.203200 0.000000
vt -0.028902 0.000000 0.000000
vt -0.028902 0.203200 0.000000
vt -0.023122 0.000000 0.000000
vt -0.023122 0.203200 0.000000
vt -0.011561 0.000000 0.000000
vt -0.011561 0.203200 0.000000
vt -0.000000 0.000000 0.000000
vt -0.000000 0.203200 0.000000
vt -0.013835 0.000000 0.000000
vt 0.000000 0.000000 0.000000
vt -0.013835 0.203200 0.000000
vt 0.000000 0.203200 0.000000
vt -0.343842 0.000000 0.000000
vt 0.000000 0.000000 0.000000
vt -0.343842 0.203200 0.000000
vt 0.000000 0.203200 0.000000
vt -0.091783 0.000000 0.000000
vt -0.000000 0.000000 0.000000
vt -0.091783 0.203200 0.000000
vt -0.000000 0.203200 0.000000
vt -0.014242 0.000000 0.000000
vt -0.000000 0.000000 0.000000
vt -0.014242 0.203200 0.000000
vt -0.000000 0.203200 0.000000
vt -0.049801 0.000000 0.000000
vt -0.037350 0.000000 0.000000
vt -0.049801 0.203200 0.000000
vt -0.037350 0.203200 0.000000
vt -0.024900 0.000000 0.000000
vt -0.024900 0.203200 0.000000
vt -0.012450 0.000000 0.000000
vt -0.012450 0.203200 0.000000
vt -0.000000 0.000000 0.000000
vt -0.000000 0.203200 0.000000
vt -0.034096 0.000000 0.000000
vt -0.025572 0.000000 0.000000
vt -0.034096 0.203200 0.000000
vt -0.025572 0.203200 0.000000
vt -0.017048 0.000000 0.000000
vt -0.017048 0.203200 0.000000
vt -0.008524 0.000000 0.000000
vt -0.008524 0.203200 0.000000
vt -0.000000 0.000000 0.000000
vt -0.000000 0.203200 0.000000
vt -0.062054 0.000000 0.000000
vt -0.046540 0.000000 0.000000
vt -0.062054 0.203200 0.000000
vt -0.046540 0.203200 0.000000
vt -0.031027 0.000000 0.000000
vt -0.031027 0.203200 0.000000
vt -0.015513 0.000000 0.000000
vt -0.015513 0.203200 0.000000
vt -0.000000 0.000000 0.000000
vt -0.000000 0.203200 0.000000
vt -0.083417 0.000000 0.000000
vt -0.000000 0.000000 0.000000
vt -0.083417 0.203200 0.000000
vt -0.000000 0.203200 0.000000
vt -0.028061 0.000000 0.000000
vt -0.021045 0.000000 0.000000
vt -0.028061 0.203200 0.000000
vt -0.021045 0.203200 0.000000
vt -0.014030 0.000000 0.000000
vt -0.014030 0.203200 0.000000
vt -0.007015 0.000000 0.000000
vt -0.007015 0.203200 0.000000
vt -0.000000 0.000000 0.000000
vt -0.000000 0.203200 0.000000
vt -0.026470 0.000000 0.000000
vt -0.019852 0.000000 0.000000
vt -0.026470 0.203200 0.000000
vt -0.019852 0.203200 0.000000
vt -0.013235 0.000000 0.000000
vt -0.013235 0.203200 0.000000
vt -0.006617 0.000000 0.000000
vt -0.006617 0.203200 0.000000
vt -0.000000 0.000000 0.000000
vt -0.000000 0.203200 0.000000
vt -0.170904 0.000000 0.000000
vt 0.000000 0.000000 0.000000
vt -0.170904 0.203200 0.000000
vt 0.000000 0.203200 0.000000
vt -0.118412 0.000000 0.000000
vt -0.000000 0.000000 0.000000
vt -0.118412 0.203200 0.000000
vt -0.000000 0.203200 0.000000
vt -0.048683 0.000000 0.000000
vt -0.036512 0.000000 0.000000
vt -0.048683 0.203200 0.000000
vt -0.036512 0.203200 0.000000
vt -0.024342 0.000000 0.000000
vt -0.024342 0.203200 0.000000
vt -0.012171 0.000000 0.000000
vt -0.012171 0.203200 0.000000
vt -0.000000 0.000000 0.000000
vt -0.000000 0.203200 0.000000
vt -0.042634 0.000000 0.000000
vt -0.031975 0.000000 0.000000
vt -0.042634 0.203200 0.000000
vt -0.031975 0.203200 0.000000
vt -0.021317 0.000000 0.000000
vt -0.021317 0.203200 0.000000
vt -0.010658 0.000000 0.000000
vt -0.010658 0.203200 0.000000
vt -0.000000 0.000000 0.000000
vt -0.000000 0.203200 0.000000
vt -0.014242 0.000000 0.000000
vt 0.000000 0.000000 0.000000
vt -0.014242 0.203200 0.000000
vt 0.000000 0.203200 0.000000
vt -0.115970 0.000000 0.000000
vt -0.000000 0.000000 0.000000
vt -0.115970 0.203200 0.000000
vt -0.000000 0.203200 0.000000
vt -0.014242 0.000000 0.000000
vt -0.000000 0.000000 0.000000
vt -0.014242 0.203200 0.000000
vt -0.000000 0.203200 0.000000
vt -0.039778 0.000000 0.000000
vt -0.029834 0.000000 0.000000
vt -0.039778 0.203200 0.000000
vt -0.029834 0.203200 0.000000
vt -0.019889 0.000000 0.000000
vt -0.019889 0.203200 0.000000
vt -0.009945 0.000000 0.000000
vt -0.009945 0.203200 0.000000
vt -0.000000 0.000000 0.000000
vt -0.000000 0.203200 0.000000
vt -0.114965 -0.080840 0.000000
vt -0.114995 -0.070667 0.000000
vt -0.128967 -0.083443 0.000000
vt -0.114103 -0.060695 0.000000
vt -0.111466 -0.051103 0.000000
vt -0.107529 -0.041795 0.000000
vt -0.119037 0.006002 0.000000
vt -0.126064 0.014006 0.000000
vt -0.150158 0.030575 0.000000
vt -0.131519 0.023266 0.000000
vt -0.136156 0.033178 0.000000
vt -0.110764 -0.001008 0.000000
vt -0.099995 -0.035407 0.000000
vt -0.098627 -0.003001 0.000000
vt -0.091727 -0.030454 0.000000
vt -0.086478 -0.003481 0.000000
vt -0.082476 -0.027416 0.000000
vt -0.074314 -0.002130 0.000000
vt -0.072708 -0.025390 0.000000
vt -0.062144 0.000165 0.000000
vt 0.058513 -0.001001 0.000000
vt 0.054275 0.021803 0.000000
vt 0.091090 0.168880 0.000000
vt 0.023045 0.189829 0.000000
vt 0.088508 0.183820 0.000000
vt 0.087192 0.198725 0.000000
vt 0.145642 -0.124628 0.000000
vt 0.095840 -0.201832 0.000000
vt 0.148644 -0.139893 0.000000
vt 0.152869 -0.154641 0.000000
vt 0.159428 -0.168404 0.000000
vt 0.167784 -0.181408 0.000000
vt 0.178174 -0.187411 0.000000
vt 0.183532 -0.189662 0.000000
vt 0.215296 -0.203221 0.000000
vt 0.189081 -0.191026 0.000000
vt 0.200725 -0.191243 0.000000
vt 0.212768 -0.189619 0.000000
vt -0.122757 -0.266052 0.000000
vt -0.039382 -0.226965 0.000000
vt -0.054556 -0.229790 0.000000
vt -0.069677 -0.231256 0.000000
vt -0.084698 -0.230091 0.000000
vt -0.099635 -0.226782 0.000000
vt -0.109138 -0.218301 0.000000
vt -0.117212 -0.208746 0.000000
vt -0.137331 -0.187640 0.000000
vt -0.123376 -0.197755 0.000000
vt -0.128529 -0.186004 0.000000
vt 0.021515 0.196563 0.000000
vt 0.088286 0.213563 0.000000
vt 0.019201 0.202850 0.000000
vt 0.091212 0.228350 0.000000
vt 0.015433 0.208310 0.000000
vt 0.010634 0.213183 0.000000
vt 0.098754 0.237858 0.000000
vt 0.003846 0.215565 0.000000
vt 0.102967 0.241945 0.000000
vt 0.128076 0.266052 0.000000
vt 0.107700 0.245245 0.000000
vt 0.118620 0.249651 0.000000
vt 0.130604 0.252450 0.000000
vt -0.209977 0.203221 0.000000
vt -0.017309 0.215440 0.000000
vt -0.010141 0.216548 0.000000
vt -0.003063 0.216830 0.000000
vt -0.215296 0.111592 0.000000
vt -0.194462 0.138220 0.000000
vt -0.189762 0.149752 0.000000
vt -0.184335 0.161012 0.000000
vt -0.201294 0.114195 0.000000
vt -0.198149 0.126309 0.000000
vt -0.179210 0.168032 0.000000
vt -0.173459 0.174370 0.000000
vt -0.166662 0.179572 0.000000
vt -0.159239 0.184094 0.000000
vt -0.144624 0.189409 0.000000
vt -0.129774 0.193890 0.000000
vt -0.114625 0.197317 0.000000
vt -0.099322 0.200197 0.000000
vt -0.062531 0.000000 0.000000
vt -0.046899 0.000000 0.000000
vt -0.062531 0.203200 0.000000
vt -0.046899 0.203200 0.000000
vt -0.031266 0.000000 0.000000
vt -0.031266 0.203200 0.000000
vt -0.015633 0.000000 0.000000
vt -0.015633 0.203200 0.000000
vt -0.000000 0.000000 0.000000
vt -0.000000 0.203200 0.000000
vt -0.279143 0.000000 0.000000
vt 0.000000 0.000000 0.000000
vt -0.279143 0.203200 0.000000
vt 0.000000 0.203200 0.000000
vt -0.477438 0.000000 0.000000
vt 0.000000 0.000000 0.000000
vt -0.477438 0.203200 0.000000
vt 0.000000 0.203200 0.000000
vt -0.122500 0.000000 0.000000
vt -0.000000 0.000000 0.000000
vt -0.122500 0.203200 0.000000
vt -0.000000 0.203200 0.000000
vt -0.013835 0.000000 0.000000
vt -0.000000 0.000000 0.000000
vt -0.013835 0.203200 0.000000
vt -0.000000 0.203200 0.000000
vt -0.059192 0.000000 0.000000
vt -0.044394 0.000000 0.000000
vt -0.059192 0.203200 0.000000
vt -0.044394 0.203200 0.000000
vt -0.029596 0.000000 0.000000
vt -0.029596 0.203200 0.000000
vt -0.014798 0.000000 0.000000
vt -0.014798 0.203200 0.000000
vt -0.000000 0.000000 0.000000
vt -0.000000 0.203200 0.000000
vt -0.067068 0.000000 0.000000
vt -0.050301 0.000000 0.000000
vt -0.067068 0.203200 0.000000
vt -0.050301 0.203200 0.000000
vt -0.033534 0.000000 0.000000
vt -0.033534 0.203200 0.000000
vt -0.016767 0.000000 0.000000
vt -0.016767 0.203200 0.000000
vt -0.000000 0.000000 0.000000
vt -0.000000 0.203200 0.000000
vt -0.279391 0.000000 0.000000
vt -0.000000 0.000000 0.000000
vt -0.279391 0.203200 0.000000
vt -0.000000 0.203200 0.000000
vt -0.064947 0.000000 0.000000
vt -0.048711 0.000000 0.000000
vt -0.064947 0.203200 0.000000
vt -0.048711 0.203200 0.000000
vt -0.032474 0.000000 0.000000
vt -0.032474 0.203200 0.000000
vt -0.016237 0.000000 0.000000
vt -0.016237 0.203200 0.000000
vt -0.000000 0.000000 0.000000
vt -0.000000 0.203200 0.000000
vt -0.050246 0.000000 0.000000
vt -0.037684 0.000000 0.000000
vt -0.050246 0.203200 0.000000
vt -0.037684 0.203200 0.000000
vt -0.031404 0.000000 0.000000
vt -0.031404 0.203200 0.000000
vt -0.025123 0.000000 0.000000
vt -0.025123 0.203200 0.000000
vt -0.012561 0.000000 0.000000
vt -0.012561 0.203200 0.000000
vt -0.000000 0.000000 0.000000
vt -0.000000 0.203200 0.000000
vt -0.013835 0.000000 0.000000
vt -0.000000 0.000000 0.000000
vt -0.013835 0.203200 0.000000
vt -0.000000 0.203200 0.000000
vt -0.144861 0.000000 0.000000
vt 0.000000 0.000000 0.000000
vt -0.144861 0.203200 0.000000
vt -0.000000 0.203200 0.000000
vt -0.013835 0.000000 0.000000
vt -0.000000 0.000000 0.000000
vt -0.013835 0.203200 0.000000
vt 0.000000 0.203200 0.000000
vt -0.050626 0.000000 0.000000
vt -0.037970 0.000000 0.000000
vt -0.050626 0.203200 0.000000
vt -0.037970 0.203200 0.000000
vt -0.025313 0.000000 0.000000
vt -0.025313 0.203200 0.000000
vt -0.012657 0.000000 0.000000
vt -0.012657 0.203200 0.000000
vt -0.000000 0.000000 0.000000
vt -0.000000 0.203200 0.000000
vt -0.052772 0.000000 0.000000
vt -0.039579 0.000000 0.000000
vt -0.052772 0.203200 0.000000
vt -0.039579 0.203200 0.000000
vt -0.026386 0.000000 0.000000
vt -0.026386 0.203200 0.000000
vt -0.013193 0.000000 0.000000
vt -0.013193 0.203200 0.000000
vt -0.000000 0.000000 0.000000
vt -0.000000 0.203200 0.000000
vt -0.335227 0.000000 0.000000
vt -0.000000 0.000000 0.000000
vt -0.335227 0.203200 0.000000
vt -0.000000 0.203200 0.000000
vt -0.535381 0.000000 0.000000
vt 0.000000 0.000000 0.000000
vt -0.535381 0.203200 0.000000
vt 0.000000 0.203200 0.000000
vt -0.014617 0.000000 0.000000
vt 0.000000 0.000000 0.000000
vt -0.014617 0.203200 0.000000
vt 0.000000 0.203200 0.000000
vt -0.388196 0.000000 0.000000
vt -0.000000 0.000000 0.000000
vt -0.388196 0.203200 0.000000
vt -0.000000 0.203200 0.000000
vt -0.060571 0.000000 0.000000
vt -0.045428 0.000000 0.000000
vt -0.060571 0.203200 0.000000
vt -0.045428 0.203200 0.000000
vt -0.030285 0.000000 0.000000
vt -0.030285 0.203200 0.000000
vt -0.015143 0.000000 0.000000
vt -0.015143 0.203200 0.000000
vt -0.000000 0.000000 0.000000
vt -0.000000 0.203200 0.000000
vt -0.050753 0.000000 0.000000
vt -0.038065 0.000000 0.000000
vt -0.050753 0.203200 0.000000
vt -0.038065 0.203200 0.000000
vt -0.031720 0.000000 0.000000
vt -0.031720 0.203200 0.000000
vt -0.025376 0.000000 0.000000
vt -0.025376 0.203200 0.000000
vt -0.012688 0.000000 0.000000
vt -0.012688 0.203200 0.000000
vt -0.000000 0.000000 0.000000
vt -0.000000 0.203200 0.000000
vt -0.013835 0.000000 0.000000
vt -0.000000 0.000000 0.000000
vt -0.013835 0.203200 0.000000
vt -0.000000 0.203200 0.000000
vt -0.144048 0.000000 0.000000
vt -0.000000 0.000000 0.000000
vt -0.144048 0.203200 0.000000
vt -0.000000 0.203200 0.000000
vt -0.013835 0.000000 0.000000
vt -0.000000 0.000000 0.000000
vt -0.013835 0.203200 0.000000
vt -0.000000 0.203200 0.000000
vt -0.048998 0.000000 0.000000
vt -0.036748 0.000000 0.000000
vt -0.048998 0.203200 0.000000
vt -0.036748 0.203200 0.000000
vt -0.024499 0.000000 0.000000
vt -0.024499 0.203200 0.000000
vt -0.018374 0.000000 0.000000
vt -0.018374 0.203200 0.000000
vt -0.012249 0.000000 0.000000
vt -0.012249 0.203200 0.000000
vt -0.000000 0.000000 0.000000
vt -0.000000 0.203200 0.000000
vt 0.110084 0.225035 0.000000
vt 0.123052 0.224409 0.000000
vt 0.110056 0.238870 0.000000
vt 0.135261 0.221942 0.000000
vt 0.254103 0.239168 0.000000
vt 0.222283 0.220040 0.000000
vt 0.228162 0.222402 0.000000
vt 0.140848 0.219452 0.000000
vt 0.216724 0.216827 0.000000
vt 0.146070 0.216079 0.000000
vt 0.206150 0.208957 0.000000
vt 0.155898 0.207836 0.000000
vt 0.199403 0.195079 0.000000
vt 0.162201 0.193271 0.000000
vt 0.194810 0.180647 0.000000
vt 0.166506 0.178240 0.000000
vt 0.193074 0.165480 0.000000
vt 0.168167 0.162593 0.000000
vt 0.192844 0.149927 0.000000
vt 0.168436 0.146621 0.000000
vt 0.169013 -0.132521 0.000000
vt -0.131632 0.238370 0.000000
vt -0.160006 0.176053 0.000000
vt 0.179030 -0.238298 0.000000
vt 0.193647 -0.238268 0.000000
vt -0.254132 0.238116 0.000000
vt -0.224500 0.217949 0.000000
vt -0.211606 0.210583 0.000000
vt -0.199732 0.200974 0.000000
vt -0.254103 0.224281 0.000000
vt -0.238890 0.222021 0.000000
vt -0.191671 0.185848 0.000000
vt -0.186005 0.170044 0.000000
vt -0.183668 0.153297 0.000000
vt -0.183117 0.136045 0.000000
vt -0.159312 -0.159173 0.000000
vt -0.182539 -0.143345 0.000000
vt -0.182729 -0.159898 0.000000
vt -0.158792 -0.172830 0.000000
vt -0.184293 -0.176155 0.000000
vt -0.156720 -0.185996 0.000000
vt -0.188466 -0.191847 0.000000
vt -0.151765 -0.198251 0.000000
vt -0.194614 -0.207113 0.000000
vt -0.144761 -0.209858 0.000000
vt -0.204517 -0.215828 0.000000
vt -0.133900 -0.217141 0.000000
vt -0.209808 -0.219394 0.000000
vt -0.122313 -0.222317 0.000000
vt -0.215501 -0.222024 0.000000
vt -0.241343 -0.239168 0.000000
vt -0.228021 -0.224646 0.000000
vt -0.241371 -0.225333 0.000000
vt -0.096482 -0.238869 0.000000
vt -0.109692 -0.224489 0.000000
vt -0.096510 -0.225034 0.000000
vt 0.240818 0.224740 0.000000
vt 0.254132 0.225333 0.000000
vt -0.013835 0.000000 0.000000
vt -0.000000 0.000000 0.000000
vt -0.013835 0.203200 0.000000
vt -0.000000 0.203200 0.000000
vt -0.045913 0.000000 0.000000
vt -0.034434 0.000000 0.000000
vt -0.045913 0.203200 0.000000
vt -0.034434 0.203200 0.000000
vt -0.022956 0.000000 0.000000
vt -0.022956 0.203200 0.000000
vt -0.017217 0.000000 0.000000
vt -0.017217 0.203200 0.000000
vt -0.011478 0.000000 0.000000
vt -0.011478 0.203200 0.000000
vt -0.000000 0.000000 0.000000
vt -0.000000 0.203200 0.000000
vt -0.061155 0.000000 0.000000
vt -0.045866 0.000000 0.000000
vt -0.061155 0.203200 0.000000
vt -0.045866 0.203200 0.000000
vt -0.030577 0.000000 0.000000
vt -0.030577 0.203200 0.000000
vt -0.015289 0.000000 0.000000
vt -0.015289 0.203200 0.000000
vt -0.000000 0.000000 0.000000
vt -0.000000 0.203200 0.000000
vt -0.297721 0.000000 0.000000
vt -0.000000 0.000000 0.000000
vt -0.297721 0.203200 0.000000
vt -0.000000 0.203200 0.000000
vt -0.060594 0.000000 0.000000
vt -0.045446 0.000000 0.000000
vt -0.060594 0.203200 0.000000
vt -0.045446 0.203200 0.000000
vt -0.030297 0.000000 0.000000
vt -0.030297 0.203200 0.000000
vt -0.015149 0.000000 0.000000
vt -0.015149 0.203200 0.000000
vt -0.000000 0.000000 0.000000
vt -0.000000 0.203200 0.000000
vt -0.045781 0.000000 0.000000
vt -0.034335 0.000000 0.000000
vt -0.045781 0.203200 0.000000
vt -0.034335 0.203200 0.000000
vt -0.028613 0.000000 0.000000
vt -0.028613 0.203200 0.000000
vt -0.022890 0.000000 0.000000
vt -0.022890 0.203200 0.000000
vt -0.011445 0.000000 0.000000
vt -0.011445 0.203200 0.000000
vt -0.000000 0.000000 0.000000
vt -0.000000 0.203200 0.000000
vt -0.013835 0.000000 0.000000
vt -0.000000 0.000000 0.000000
vt -0.013835 0.203200 0.000000
vt -0.000000 0.203200 0.000000
vt -0.171718 0.000000 0.000000
vt 0.000000 0.000000 0.000000
vt -0.171718 0.203200 0.000000
vt -0.000000 0.203200 0.000000
vt -0.013835 0.000000 0.000000
vt -0.000000 0.000000 0.000000
vt -0.013835 0.203200 0.000000
vt -0.000000 0.203200 0.000000
vt -0.045471 0.000000 0.000000
vt -0.034103 0.000000 0.000000
vt -0.045471 0.203200 0.000000
vt -0.034103 0.203200 0.000000
vt -0.022735 0.000000 0.000000
vt -0.022735 0.203200 0.000000
vt -0.017052 0.000000 0.000000
vt -0.017052 0.203200 0.000000
vt -0.011368 0.000000 0.000000
vt -0.011368 0.203200 0.000000
vt -0.000000 0.000000 0.000000
vt -0.000000 0.203200 0.000000
vt -0.060469 0.000000 0.000000
vt -0.045352 0.000000 0.000000
vt -0.060469 0.203200 0.000000
vt -0.045352 0.203200 0.000000
vt -0.030235 0.000000 0.000000
vt -0.030235 0.203200 0.000000
vt -0.015117 0.000000 0.000000
vt -0.015117 0.203200 0.000000
vt -0.000000 0.000000 0.000000
vt -0.000000 0.203200 0.000000
vt -0.297721 0.000000 0.000000
vt -0.000000 0.000000 0.000000
vt -0.297721 0.203200 0.000000
vt -0.000000 0.203200 0.000000
vt -0.060671 0.000000 0.000000
vt -0.045503 0.000000 0.000000
vt -0.060671 0.203200 0.000000
vt -0.045503 0.203200 0.000000
vt -0.030335 0.000000 0.000000
vt -0.030335 0.203200 0.000000
vt -0.015168 0.000000 0.000000
vt -0.015168 0.203200 0.000000
vt -0.000000 0.000000 0.000000
vt -0.000000 0.203200 0.000000
vt -0.045538 0.000000 0.000000
vt -0.034153 0.000000 0.000000
vt -0.045538 0.203200 0.000000
vt -0.034153 0.203200 0.000000
vt -0.028461 0.000000 0.000000
vt -0.028461 0.203200 0.000000
vt -0.022769 0.000000 0.000000
vt -0.022769 0.203200 0.000000
vt -0.011384 0.000000 0.000000
vt -0.011384 0.203200 0.000000
vt -0.000000 0.000000 0.000000
vt -0.000000 0.203200 0.000000
vt -0.013835 0.000000 0.000000
vt -0.000000 0.000000 0.000000
vt -0.013835 0.203200 0.000000
vt -0.000000 0.203200 0.000000
vt -0.171718 0.000000 0.000000
vt 0.000000 0.000000 0.000000
vt -0.171718 0.203200 0.000000
vt 0.000000 0.203200 0.000000
vt -0.207121 0.146386 0.000000
vt -0.172582 0.147356 0.000000
vt -0.066392 0.244786 0.000000
vt -0.078648 0.212524 0.000000
vt -0.075818 0.217458 0.000000
vt -0.199193 0.135048 0.000000
vt -0.188900 0.141566 0.000000
vt -0.178205 0.146258 0.000000
vt -0.166763 0.147562 0.000000
vt -0.080718 0.207118 0.000000
vt -0.154791 0.146462 0.000000
vt -0.083577 0.195512 0.000000
vt -0.141826 0.137983 0.000000
vt -0.080354 0.180464 0.000000
vt -0.130183 0.128079 0.000000
vt -0.075312 0.166158 0.000000
vt -0.120244 0.116340 0.000000
vt -0.067874 0.152830 0.000000
vt -0.111196 0.103642 0.000000
vt -0.059174 0.140017 0.000000
vt 0.059407 -0.140351 0.000000
vt 0.111430 -0.103976 0.000000
vt 0.068123 -0.153115 0.000000
vt 0.120444 -0.116513 0.000000
vt 0.075616 -0.166387 0.000000
vt 0.130376 -0.128039 0.000000
vt 0.080776 -0.180628 0.000000
vt 0.142053 -0.137641 0.000000
vt 0.084144 -0.195612 0.000000
vt 0.155058 -0.145779 0.000000
vt 0.081141 -0.207229 0.000000
vt 0.166919 -0.146995 0.000000
vt 0.078990 -0.212628 0.000000
vt 0.172695 -0.146872 0.000000
vt 0.066392 -0.244786 0.000000
vt 0.207121 -0.146386 0.000000
vt 0.076073 -0.217542 0.000000
vt 0.068064 -0.225997 0.000000
vt 0.058464 -0.233447 0.000000
vt 0.199193 -0.135048 0.000000
vt 0.188935 -0.141386 0.000000
vt 0.178286 -0.145880 0.000000
vt -0.067951 0.225956 0.000000
vt -0.058464 0.233447 0.000000
vt -0.085065 0.000000 0.000000
vt -0.063798 0.000000 0.000000
vt -0.085065 0.203200 0.000000
vt -0.063798 0.203200 0.000000
vt -0.042532 0.000000 0.000000
vt -0.042532 0.203200 0.000000
vt -0.021266 0.000000 0.000000
vt -0.021266 0.203200 0.000000
vt -0.000000 0.000000 0.000000
vt -0.000000 0.203200 0.000000
vt -0.085189 0.000000 0.000000
vt -0.063892 0.000000 0.000000
vt -0.085189 0.203200 0.000000
vt -0.063892 0.203200 0.000000
vt -0.042595 0.000000 0.000000
vt -0.042595 0.203200 0.000000
vt -0.021297 0.000000 0.000000
vt -0.021297 0.203200 0.000000
vt -0.000000 0.000000 0.000000
vt -0.000000 0.203200 0.000000
vt -0.087746 0.000000 0.000000
vt -0.065809 0.000000 0.000000
vt -0.087746 0.203200 0.000000
vt -0.065809 0.203200 0.000000
vt -0.043873 0.000000 0.000000
vt -0.043873 0.203200 0.000000
vt -0.021936 0.000000 0.000000
vt -0.021936 0.203200 0.000000
vt -0.000000 0.000000 0.000000
vt -0.000000 0.203200 0.000000
vt -0.058596 0.000000 0.000000
vt -0.000000 0.000000 0.000000
vt -0.058596 0.203200 0.000000
vt -0.000000 0.203200 0.000000
vt -0.218106 0.000000 0.000000
vt -0.000000 0.000000 0.000000
vt -0.218106 0.203200 0.000000
vt -0.000000 0.203200 0.000000
vt -0.050050 0.000000 0.000000
vt -0.000000 0.000000 0.000000
vt -0.050050 0.203200 0.000000
vt -0.000000 0.203200 0.000000
vt -0.092665 0.000000 0.000000
vt -0.069499 0.000000 0.000000
vt -0.092665 0.203200 0.000000
vt -0.069499 0.203200 0.000000
vt -0.046332 0.000000 0.000000
vt -0.046332 0.203200 0.000000
vt -0.023166 0.000000 0.000000
vt -0.023166 0.203200 0.000000
vt -0.000000 0.000000 0.000000
vt -0.000000 0.203200 0.000000
vt -0.118230 0.000000 0.000000
vt -0.088673 0.000000 0.000000
vt -0.118230 0.203200 0.000000
vt -0.088673 0.203200 0.000000
vt -0.059115 0.000000 0.000000
vt -0.059115 0.203200 0.000000
vt -0.029558 0.000000 0.000000
vt -0.029558 0.203200 0.000000
vt -0.000000 0.000000 0.000000
vt -0.000000 0.203200 0.000000
vt -0.128932 0.000000 0.000000
vt -0.096699 0.000000 0.000000
vt -0.128932 0.203200 0.000000
vt -0.096699 0.203200 0.000000
vt -0.064466 0.000000 0.000000
vt -0.064466 0.203200 0.000000
vt -0.032233 0.000000 0.000000
vt -0.032233 0.203200 0.000000
vt -0.000000 0.000000 0.000000
vt -0.000000 0.203200 0.000000
vt -0.097659 0.000000 0.000000
vt -0.000000 0.000000 0.000000
vt -0.097659 0.203200 0.000000
vt -0.000000 0.203200 0.000000
vt -0.013835 0.000000 0.000000
vt -0.000000 0.000000 0.000000
vt -0.013835 0.203200 0.000000
vt -0.000000 0.203200 0.000000
vt -0.048599 0.000000 0.000000
vt -0.036449 0.000000 0.000000
vt -0.048599 0.203200 0.000000
vt -0.036449 0.203200 0.000000
vt -0.024299 0.000000 0.000000
vt -0.024299 0.203200 0.000000
vt -0.012150 0.000000 0.000000
vt -0.012150 0.203200 0.000000
vt -0.000000 0.000000 0.000000
vt -0.000000 0.203200 0.000000
vt -0.100613 0.000000 0.000000
vt -0.075460 0.000000 0.000000
vt -0.100613 0.203200 0.000000
vt -0.075460 0.203200 0.000000
vt -0.050306 0.000000 0.000000
vt -0.050306 0.203200 0.000000
vt -0.025153 0.000000 0.000000
vt -0.025153 0.203200 0.000000
vt -0.000000 0.000000 0.000000
vt -0.000000 0.203200 0.000000
vt -0.096904 0.000000 0.000000
vt -0.072678 0.000000 0.000000
vt -0.096904 0.203200 0.000000
vt -0.072678 0.203200 0.000000
vt -0.048452 0.000000 0.000000
vt -0.048452 0.203200 0.000000
vt -0.024226 0.000000 0.000000
vt -0.024226 0.203200 0.000000
vt -0.000000 0.000000 0.000000
vt -0.000000 0.203200 0.000000
vt -0.056838 0.000000 0.000000
vt -0.042629 0.000000 0.000000
vt -0.056838 0.203200 0.000000
vt -0.042629 0.203200 0.000000
vt -0.028419 0.000000 0.000000
vt -0.028419 0.203200 0.000000
vt -0.014210 0.000000 0.000000
vt -0.014210 0.203200 0.000000
vt -0.000000 0.000000 0.000000
vt -0.000000 0.203200 0.000000
vt -0.153155 0.000000 0.000000
vt -0.114866 0.000000 0.000000
vt -0.153155 0.203200 0.000000
vt -0.114866 0.203200 0.000000
vt -0.095722 0.000000 0.000000
vt -0.095722 0.203200 0.000000
vt -0.076577 0.000000 0.000000
vt -0.076577 0.203200 0.000000
vt -0.057433 0.000000 0.000000
vt -0.057433 0.203200 0.000000
vt -0.038289 0.000000 0.000000
vt -0.038289 0.203200 0.000000
vt -0.000000 0.000000 0.000000
vt -0.000000 0.203200 0.000000
vt -0.099642 0.000000 0.000000
vt -0.074732 0.000000 0.000000
vt -0.099642 0.203200 0.000000
vt -0.074732 0.203200 0.000000
vt -0.062276 0.000000 0.000000
vt -0.062276 0.203200 0.000000
vt -0.049821 0.000000 0.000000
vt -0.049821 0.203200 0.000000
vt -0.024911 0.000000 0.000000
vt -0.024911 0.203200 0.000000
vt -0.000000 0.000000 0.000000
vt -0.000000 0.203200 0.000000
vt -0.121023 0.000000 0.000000
vt -0.090767 0.000000 0.000000
vt -0.121023 0.203200 0.000000
vt -0.090767 0.203200 0.000000
vt -0.060511 0.000000 0.000000
vt -0.060511 0.203200 0.000000
vt -0.030256 0.000000 0.000000
vt -0.030256 0.203200 0.000000
vt -0.000000 0.000000 0.000000
vt -0.000000 0.203200 0.000000
vt -0.195726 0.000000 0.000000
vt -0.000000 0.000000 0.000000
vt -0.195726 0.203200 0.000000
vt -0.000000 0.203200 0.000000
vt -0.013835 0.000000 0.000000
vt -0.000000 0.000000 0.000000
vt -0.013835 0.203200 0.000000
vt -0.000000 0.203200 0.000000
vt -0.046109 0.000000 0.000000
vt -0.034582 0.000000 0.000000
vt -0.046109 0.203200 0.000000
vt -0.034582 0.203200 0.000000
vt -0.023054 0.000000 0.000000
vt -0.023054 0.203200 0.000000
vt -0.017291 0.000000 0.000000
vt -0.017291 0.203200 0.000000
vt -0.011527 0.000000 0.000000
vt -0.011527 0.203200 0.000000
vt -0.000000 0.000000 0.000000
vt -0.000000 0.203200 0.000000
vt -0.059513 0.000000 0.000000
vt -0.044635 0.000000 0.000000
vt -0.059513 0.203200 0.000000
vt -0.044635 0.203200 0.000000
vt -0.029756 0.000000 0.000000
vt -0.029756 0.203200 0.000000
vt -0.014878 0.000000 0.000000
vt -0.014878 0.203200 0.000000
vt -0.000000 0.000000 0.000000
vt -0.000000 0.203200 0.000000
vt -0.299349 0.000000 0.000000
vt -0.000000 0.000000 0.000000
vt -0.299349 0.203200 0.000000
vt -0.000000 0.203200 0.000000
vt -0.060151 0.000000 0.000000
vt -0.045113 0.000000 0.000000
vt -0.060151 0.203200 0.000000
vt -0.045113 0.203200 0.000000
vt -0.030075 0.000000 0.000000
vt -0.030075 0.203200 0.000000
vt -0.015038 0.000000 0.000000
vt -0.015038 0.203200 0.000000
vt -0.000000 0.000000 0.000000
vt -0.000000 0.203200 0.000000
vt -0.046121 0.000000 0.000000
vt -0.034591 0.000000 0.000000
vt -0.046121 0.203200 0.000000
vt -0.034591 0.203200 0.000000
vt -0.028826 0.000000 0.000000
vt -0.028826 0.203200 0.000000
vt -0.023060 0.000000 0.000000
vt -0.023060 0.203200 0.000000
vt -0.011530 0.000000 0.000000
vt -0.011530 0.203200 0.000000
vt -0.000000 0.000000 0.000000
vt -0.000000 0.203200 0.000000
vt -0.013835 0.000000 0.000000
vt -0.000000 0.000000 0.000000
vt -0.013835 0.203200 0.000000
vt -0.000000 0.203200 0.000000
vt -0.171718 0.000000 0.000000
vt -0.000000 0.000000 0.000000
vt -0.171718 0.203200 0.000000
vt -0.000000 0.203200 0.000000
vt -0.013835 0.000000 0.000000
vt -0.000000 0.000000 0.000000
vt -0.013835 0.203200 0.000000
vt -0.000000 0.203200 0.000000
vt -0.045738 0.000000 0.000000
vt -0.034303 0.000000 0.000000
vt -0.045738 0.203200 0.000000
vt -0.034303 0.203200 0.000000
vt -0.022869 0.000000 0.000000
vt -0.022869 0.203200 0.000000
vt -0.017152 0.000000 0.000000
vt -0.017152 0.203200 0.000000
vt -0.011434 0.000000 0.000000
vt -0.011434 0.203200 0.000000
vt -0.000000 0.000000 0.000000
vt -0.000000 0.203200 0.000000
vt -0.060368 0.000000 0.000000
vt -0.045276 0.000000 0.000000
vt -0.060368 0.203200 0.000000
vt -0.045276 0.203200 0.000000
vt -0.030184 0.000000 0.000000
vt -0.030184 0.203200 0.000000
vt -0.015092 0.000000 0.000000
vt -0.015092 0.203200 0.000000
vt -0.000000 0.000000 0.000000
vt -0.000000 0.203200 0.000000
vt -0.131287 0.000000 0.000000
vt -0.000000 0.000000 0.000000
vt -0.131287 0.203200 0.000000
vt -0.000000 0.203200 0.000000
vt -0.038657 0.000000 0.000000
vt -0.000000 0.000000 0.000000
vt -0.038657 0.203200 0.000000
vt -0.000000 0.203200 0.000000
vt -0.060698 0.000000 0.000000
vt -0.045523 0.000000 0.000000
vt -0.060698 0.203200 0.000000
vt -0.045523 0.203200 0.000000
vt -0.030349 0.000000 0.000000
vt -0.030349 0.203200 0.000000
vt -0.015174 0.000000 0.000000
vt -0.015174 0.203200 0.000000
vt -0.000000 0.000000 0.000000
vt -0.000000 0.203200 0.000000
vt 0.019244 -0.007791 0.000000
vt 0.033555 -0.024582 0.000000
vt 0.030101 0.003403 0.000000
vt 0.069601 0.021614 0.000000
vt 0.053881 0.033880 0.000000
vt 0.225120 -0.019734 0.000000
vt -0.010885 0.164416 0.000000
vt 0.007310 -0.017299 0.000000
vt 0.020978 -0.043648 0.000000
vt -0.006392 -0.024035 0.000000
vt -0.021142 -0.029129 0.000000
vt -0.050679 -0.031891 0.000000
vt -0.020500 -0.084598 0.000000
vt 0.011457 -0.063659 0.000000
vt -0.080222 -0.032584 0.000000
vt -0.062223 -0.093419 0.000000
vt -0.048110 -0.091611 0.000000
vt -0.034231 -0.088515 0.000000
vt -0.109773 -0.030704 0.000000
vt -0.100719 -0.094099 0.000000
vt -0.076469 -0.094491 0.000000
vt -0.124914 -0.092872 0.000000
vt -0.139328 -0.027492 0.000000
vt -0.149037 -0.090521 0.000000
vt -0.173121 -0.087576 0.000000
vt -0.171413 -0.024022 0.000000
vt -0.198193 -0.084564 0.000000
vt -0.203541 -0.021283 0.000000
vt -0.223292 -0.082493 0.000000
vt -0.235746 -0.019900 0.000000
vt -0.248441 -0.082236 0.000000
vt -0.268007 -0.019474 0.000000
vt -0.273630 -0.083417 0.000000
vt -0.285804 -0.086278 0.000000
vt -0.297305 -0.090460 0.000000
vt -0.328084 -0.096469 0.000000
vt -0.307621 -0.096971 0.000000
vt -0.317176 -0.104979 0.000000
vt -0.031252 -0.126392 0.000000
vt 0.006605 -0.108070 0.000000
vt 0.007310 -0.085332 0.000000
vt 0.012517 -0.129356 0.000000
vt -0.033556 -0.146572 0.000000
vt 0.021364 -0.148880 0.000000
vt -0.032171 -0.165892 0.000000
vt -0.026081 -0.184116 0.000000
vt 0.034880 -0.165603 0.000000
vt -0.015894 -0.201384 0.000000
vt 0.051085 -0.180712 0.000000
vt 0.011316 -0.234326 0.000000
vt 0.069985 -0.192462 0.000000
vt 0.033929 -0.247564 0.000000
vt 0.045533 -0.252816 0.000000
vt 0.089764 -0.200865 0.000000
vt 0.057494 -0.256427 0.000000
vt 0.082634 -0.258049 0.000000
vt 0.108714 -0.255356 0.000000
vt 0.111043 -0.203562 0.000000
vt 0.137647 -0.244069 0.000000
vt 0.133242 -0.202753 0.000000
vt 0.164168 -0.229261 0.000000
vt 0.155942 -0.195257 0.000000
vt 0.186972 -0.209029 0.000000
vt 0.176754 -0.184811 0.000000
vt 0.207680 -0.185738 0.000000
vt 0.194605 -0.169736 0.000000
vt 0.210766 -0.152017 0.000000
vt 0.241555 -0.112557 0.000000
vt 0.328084 -0.031428 0.000000
vt 0.295302 -0.042647 0.000000
vt 0.300369 -0.039923 0.000000
vt 0.309235 -0.032239 0.000000
vt 0.317176 -0.022917 0.000000
vt 0.289779 -0.044563 0.000000
vt 0.277958 -0.047026 0.000000
vt 0.263471 -0.042847 0.000000
vt 0.249797 -0.036987 0.000000
vt 0.237181 -0.028935 0.000000
vt -0.022847 0.174000 0.000000
vt -0.061923 0.123948 0.000000
vt -0.049625 0.114643 0.000000
vt -0.074804 0.132000 0.000000
vt -0.033817 0.184411 0.000000
vt -0.088792 0.137672 0.000000
vt -0.042905 0.196393 0.000000
vt -0.103617 0.141546 0.000000
vt -0.050562 0.209568 0.000000
vt -0.115391 0.139242 0.000000
vt -0.051282 0.221659 0.000000
vt -0.120915 0.137435 0.000000
vt -0.050876 0.227503 0.000000
vt -0.153861 0.126815 0.000000
vt -0.048226 0.262197 0.000000
vt -0.049563 0.233108 0.000000
vt -0.044379 0.243644 0.000000
vt -0.037319 0.253686 0.000000
vt -0.142954 0.118304 0.000000
vt -0.134942 0.127409 0.000000
vt -0.126008 0.134848 0.000000
vt -0.006087 0.000000 0.000000
vt -0.006087 0.029029 0.000000
vt -0.008116 0.000000 0.000000
vt -0.006087 0.058057 0.000000
vt -0.006087 0.087086 0.000000
vt -0.005072 0.058057 0.000000
vt -0.005072 0.087086 0.000000
vt -0.004058 0.058057 0.000000
vt -0.004058 0.087086 0.000000
vt -0.002029 0.058057 0.000000
vt -0.002029 0.087086 0.000000
vt -0.000000 0.000000 0.000000
vt -0.000000 0.203200 0.000000
vt -0.005072 0.000000 0.000000
vt -0.005072 0.029029 0.000000
vt -0.004058 0.000000 0.000000
vt -0.004058 0.029029 0.000000
vt -0.002029 0.000000 0.000000
vt -0.002029 0.029029 0.000000
vt -0.002029 0.203200 0.000000
vt -0.002029 0.174171 0.000000
vt -0.002029 0.145143 0.000000
vt -0.002029 0.116114 0.000000
vt -0.004058 0.145143 0.000000
vt -0.004058 0.116114 0.000000
vt -0.005072 0.145143 0.000000
vt -0.005072 0.116114 0.000000
vt -0.006087 0.145143 0.000000
vt -0.006087 0.116114 0.000000
vt -0.008116 0.203200 0.000000
vt -0.004058 0.203200 0.000000
vt -0.004058 0.174171 0.000000
vt -0.005072 0.203200 0.000000
vt -0.005072 0.174171 0.000000
vt -0.006087 0.203200 0.000000
vt -0.006087 0.174171 0.000000
vt -0.025076 0.000000 0.000000
vt -0.018807 0.000000 0.000000
vt -0.025076 0.203200 0.000000
vt -0.018807 0.203200 0.000000
vt -0.012538 0.000000 0.000000
vt -0.012538 0.203200 0.000000
vt -0.006269 0.000000 0.000000
vt -0.006269 0.203200 0.000000
vt -0.000000 0.000000 0.000000
vt -0.000000 0.203200 0.000000
vt -0.070318 0.000000 0.000000
vt -0.052739 0.000000 0.000000
vt -0.070318 0.203200 0.000000
vt -0.052739 0.203200 0.000000
vt -0.035159 0.000000 0.000000
vt -0.035159 0.203200 0.000000
vt -0.017580 0.000000 0.000000
vt -0.017580 0.203200 0.000000
vt -0.000000 0.000000 0.000000
vt -0.000000 0.203200 0.000000
vt -0.099845 0.000000 0.000000
vt -0.074884 0.000000 0.000000
vt -0.099845 0.203200 0.000000
vt -0.074884 0.203200 0.000000
vt -0.049922 0.000000 0.000000
vt -0.049922 0.203200 0.000000
vt -0.024961 0.000000 0.000000
vt -0.024961 0.203200 0.000000
vt -0.000000 0.000000 0.000000
vt -0.000000 0.203200 0.000000
vt -0.096161 0.000000 0.000000
vt -0.072121 0.000000 0.000000
vt -0.096161 0.203200 0.000000
vt -0.072121 0.203200 0.000000
vt -0.048081 0.000000 0.000000
vt -0.048081 0.203200 0.000000
vt -0.024040 0.000000 0.000000
vt -0.024040 0.203200 0.000000
vt -0.000000 0.000000 0.000000
vt -0.000000 0.203200 0.000000
vt -0.053079 0.000000 0.000000
vt -0.039809 0.000000 0.000000
vt -0.053079 0.203200 0.000000
vt -0.039809 0.203200 0.000000
vt -0.026540 0.000000 0.000000
vt -0.026540 0.203200 0.000000
vt -0.013270 0.000000 0.000000
vt -0.013270 0.203200 0.000000
vt -0.000000 0.000000 0.000000
vt -0.000000 0.203200 0.000000
vt -0.051760 0.000000 0.000000
vt -0.038820 0.000000 0.000000
vt -0.051760 0.203200 0.000000
vt -0.038820 0.203200 0.000000
vt -0.025880 0.000000 0.000000
vt -0.025880 0.203200 0.000000
vt -0.012940 0.000000 0.000000
vt -0.012940 0.203200 0.000000
vt -0.000000 0.000000 0.000000
vt -0.000000 0.203200 0.000000
vt -0.092275 0.000000 0.000000
vt -0.069206 0.000000 0.000000
vt -0.092275 0.203200 0.000000
vt -0.069206 0.203200 0.000000
vt -0.046138 0.000000 0.000000
vt -0.046138 0.203200 0.000000
vt -0.023069 0.000000 0.000000
vt -0.023069 0.203200 0.000000
vt -0.000000 0.000000 0.000000
vt -0.000000 0.203200 0.000000
vt -0.112954 0.000000 0.000000
vt -0.084715 0.000000 0.000000
vt -0.112954 0.203200 0.000000
vt -0.084715 0.203200 0.000000
vt -0.056477 0.000000 0.000000
vt -0.056477 0.203200 0.000000
vt -0.028238 0.000000 0.000000
vt -0.028238 0.203200 0.000000
vt -0.000000 0.000000 0.000000
vt -0.000000 0.203200 0.000000
vt -0.059425 0.000000 0.000000
vt -0.044569 0.000000 0.000000
vt -0.059425 0.203200 0.000000
vt -0.044569 0.203200 0.000000
vt -0.029712 0.000000 0.000000
vt -0.029712 0.203200 0.000000
vt -0.014856 0.000000 0.000000
vt -0.014856 0.203200 0.000000
vt -0.000000 0.000000 0.000000
vt -0.000000 0.203200 0.000000
vt -0.067221 0.000000 0.000000
vt -0.050416 0.000000 0.000000
vt -0.067221 0.203200 0.000000
vt -0.050416 0.203200 0.000000
vt -0.033610 0.000000 0.000000
vt -0.033610 0.203200 0.000000
vt -0.016805 0.000000 0.000000
vt -0.016805 0.203200 0.000000
vt -0.000000 0.000000 0.000000
vt -0.000000 0.203200 0.000000
vt -0.073430 0.000000 0.000000
vt -0.055072 0.000000 0.000000
vt -0.073430 0.203200 0.000000
vt -0.055072 0.203200 0.000000
vt -0.036715 0.000000 0.000000
vt -0.036715 0.203200 0.000000
vt -0.018357 0.000000 0.000000
vt -0.018357 0.203200 0.000000
vt -0.000000 0.000000 0.000000
vt -0.000000 0.203200 0.000000
vt -0.086412 0.000000 0.000000
vt -0.064809 0.000000 0.000000
vt -0.086412 0.203200 0.000000
vt -0.064809 0.203200 0.000000
vt -0.043206 0.000000 0.000000
vt -0.043206 0.203200 0.000000
vt -0.021603 0.000000 0.000000
vt -0.021603 0.203200 0.000000
vt -0.000000 0.000000 0.000000
vt -0.000000 0.203200 0.000000
vt -0.092244 0.000000 0.000000
vt -0.069183 0.000000 0.000000
vt -0.092244 0.203200 0.000000
vt -0.069183 0.203200 0.000000
vt -0.046122 0.000000 0.000000
vt -0.046122 0.203200 0.000000
vt -0.023061 0.000000 0.000000
vt -0.023061 0.203200 0.000000
vt -0.000000 0.000000 0.000000
vt -0.000000 0.203200 0.000000
vt -0.014242 0.000000 0.000000
vt -0.000000 0.000000 0.000000
vt -0.014242 0.203200 0.000000
vt -0.000000 0.203200 0.000000
vt -0.128992 0.000000 0.000000
vt 0.000000 0.000000 0.000000
vt -0.128992 0.203200 0.000000
vt 0.000000 0.203200 0.000000
vt -0.014242 0.000000 0.000000
vt -0.000000 0.000000 0.000000
vt -0.014242 0.203200 0.000000
vt -0.000000 0.203200 0.000000
vt -0.025967 0.203200 0.000000
vt -0.025967 0.000000 0.000000
vt -0.019475 0.101600 0.000000
vt -0.019475 0.000000 0.000000
vt -0.016229 0.000000 0.000000
vt -0.016229 0.101600 0.000000
vt -0.012983 0.000000 0.000000
vt -0.012983 0.101600 0.000000
vt -0.009738 0.000000 0.000000
vt -0.009738 0.101600 0.000000
vt -0.006492 0.000000 0.000000
vt -0.006492 0.101600 0.000000
vt -0.000000 0.000000 0.000000
vt -0.000000 0.203200 0.000000
vt -0.006492 0.203200 0.000000
vt -0.009738 0.203200 0.000000
vt -0.012983 0.203200 0.000000
vt -0.016229 0.203200 0.000000
vt -0.019475 0.203200 0.000000
vt -0.027409 0.000000 0.000000
vt -0.020557 0.000000 0.000000
vt -0.027409 0.203200 0.000000
vt -0.020557 0.203200 0.000000
vt -0.013705 0.000000 0.000000
vt -0.013705 0.203200 0.000000
vt -0.006852 0.000000 0.000000
vt -0.006852 0.203200 0.000000
vt -0.000000 0.000000 0.000000
vt -0.000000 0.203200 0.000000
vt -0.084806 0.000000 0.000000
vt -0.063604 0.000000 0.000000
vt -0.084806 0.203200 0.000000
vt -0.063604 0.203200 0.000000
vt -0.042403 0.000000 0.000000
vt -0.042403 0.203200 0.000000
vt -0.021201 0.000000 0.000000
vt -0.021201 0.203200 0.000000
vt -0.000000 0.000000 0.000000
vt -0.000000 0.203200 0.000000
vt -0.103844 0.000000 0.000000
vt -0.077883 0.000000 0.000000
vt -0.103844 0.203200 0.000000
vt -0.077883 0.203200 0.000000
vt -0.051922 0.000000 0.000000
vt -0.051922 0.203200 0.000000
vt -0.025961 0.000000 0.000000
vt -0.025961 0.203200 0.000000
vt -0.000000 0.000000 0.000000
vt -0.000000 0.203200 0.000000
vt -0.103959 0.000000 0.000000
vt -0.077969 0.000000 0.000000
vt -0.103959 0.203200 0.000000
vt -0.077969 0.203200 0.000000
vt -0.051980 0.000000 0.000000
vt -0.051980 0.203200 0.000000
vt -0.025990 0.000000 0.000000
vt -0.025990 0.203200 0.000000
vt -0.000000 0.000000 0.000000
vt -0.000000 0.203200 0.000000
vt -0.081582 0.000000 0.000000
vt -0.061187 0.000000 0.000000
vt -0.081582 0.203200 0.000000
vt -0.061187 0.203200 0.000000
vt -0.040791 0.000000 0.000000
vt -0.040791 0.203200 0.000000
vt -0.020396 0.000000 0.000000
vt -0.020396 0.203200 0.000000
vt -0.000000 0.000000 0.000000
vt -0.000000 0.203200 0.000000
vt -0.128797 0.000000 0.000000
vt -0.096598 0.000000 0.000000
vt -0.128797 0.203200 0.000000
vt -0.096598 0.203200 0.000000
vt -0.064398 0.000000 0.000000
vt -0.064398 0.203200 0.000000
vt -0.032199 0.000000 0.000000
vt -0.032199 0.203200 0.000000
vt -0.000000 0.000000 0.000000
vt -0.000000 0.203200 0.000000
vt -0.106073 0.000000 0.000000
vt -0.079555 0.000000 0.000000
vt -0.106073 0.203200 0.000000
vt -0.079555 0.203200 0.000000
vt -0.053036 0.000000 0.000000
vt -0.053036 0.203200 0.000000
vt -0.026518 0.000000 0.000000
vt -0.026518 0.203200 0.000000
vt -0.000000 0.000000 0.000000
vt -0.000000 0.203200 0.000000
vt -0.058303 0.000000 0.000000
vt -0.043727 0.000000 0.000000
vt -0.058303 0.203200 0.000000
vt -0.043727 0.203200 0.000000
vt -0.029152 0.000000 0.000000
vt -0.029152 0.203200 0.000000
vt -0.014576 0.000000 0.000000
vt -0.014576 0.203200 0.000000
vt -0.000000 0.000000 0.000000
vt -0.000000 0.203200 0.000000
vt -0.057185 0.000000 0.000000
vt -0.042888 0.000000 0.000000
vt -0.057185 0.203200 0.000000
vt -0.042888 0.203200 0.000000
vt -0.028592 0.000000 0.000000
vt -0.028592 0.203200 0.000000
vt -0.021444 0.000000 0.000000
vt -0.021444 0.203200 0.000000
vt -0.014296 0.000000 0.000000
vt -0.014296 0.203200 0.000000
vt -0.000000 0.000000 0.000000
vt -0.000000 0.203200 0.000000
vt -0.065260 0.000000 0.000000
vt -0.048945 0.000000 0.000000
vt -0.065260 0.203200 0.000000
vt -0.048945 0.203200 0.000000
vt -0.032630 0.000000 0.000000
vt -0.032630 0.203200 0.000000
vt -0.016315 0.000000 0.000000
vt -0.016315 0.203200 0.000000
vt -0.000000 0.000000 0.000000
vt -0.000000 0.203200 0.000000
vt -0.076784 0.000000 0.000000
vt -0.057588 0.000000 0.000000
vt -0.076784 0.203200 0.000000
vt -0.057588 0.203200 0.000000
vt -0.038392 0.000000 0.000000
vt -0.038392 0.203200 0.000000
vt -0.019196 0.000000 0.000000
vt -0.019196 0.203200 0.000000
vt -0.000000 0.000000 0.000000
vt -0.000000 0.203200 0.000000
vt -0.079841 0.000000 0.000000
vt -0.059881 0.000000 0.000000
vt -0.079841 0.203200 0.000000
vt -0.059881 0.203200 0.000000
vt -0.039921 0.000000 0.000000
vt -0.039921 0.203200 0.000000
vt -0.019960 0.000000 0.000000
vt -0.019960 0.203200 0.000000
vt -0.000000 0.000000 0.000000
vt -0.000000 0.203200 0.000000
vt -0.014242 0.000000 0.000000
vt -0.000000 0.000000 0.000000
vt -0.014242 0.203200 0.000000
vt -0.000000 0.203200 0.000000
vt -0.111901 0.000000 0.000000
vt 0.000000 0.000000 0.000000
vt -0.111901 0.203200 0.000000
vt 0.000000 0.203200 0.000000
vt -0.013428 0.000000 0.000000
vt -0.000000 0.000000 0.000000
vt -0.013428 0.203200 0.000000
vt -0.000000 0.203200 0.000000
vt -0.011869 0.000000 0.000000
vt -0.008902 0.000000 0.000000
vt -0.011869 0.203200 0.000000
vt -0.008902 0.203200 0.000000
vt -0.005935 0.000000 0.000000
vt -0.005935 0.203200 0.000000
vt -0.002967 0.000000 0.000000
vt -0.002967 0.203200 0.000000
vt -0.000000 0.000000 0.000000
vt -0.000000 0.203200 0.000000
vt -0.203040 -0.181746 0.000000
vt -0.201110 -0.179462 0.000000
vt -0.215277 -0.176217 0.000000
vt -0.199075 -0.177292 0.000000
vt -0.196839 -0.175343 0.000000
vt -0.194437 -0.173576 0.000000
vt -0.163387 -0.120165 0.000000
vt -0.169203 -0.074241 0.000000
vt -0.161153 -0.100161 0.000000
vt -0.156224 -0.080105 0.000000
vt -0.192372 -0.173187 0.000000
vt -0.160913 -0.140078 0.000000
vt -0.191350 -0.173115 0.000000
vt -0.190340 -0.173187 0.000000
vt -0.188351 -0.173719 0.000000
vt -0.186387 -0.174535 0.000000
vt -0.155454 -0.159933 0.000000
vt -0.181051 -0.177862 0.000000
vt -0.175951 -0.181505 0.000000
vt -0.171141 -0.185540 0.000000
vt -0.166483 -0.189779 0.000000
vt -0.145272 -0.176958 0.000000
vt -0.153113 -0.201369 0.000000
vt -0.133083 -0.191939 0.000000
vt -0.139171 -0.212121 0.000000
vt -0.117661 -0.203630 0.000000
vt -0.124224 -0.221407 0.000000
vt -0.108637 -0.229757 0.000000
vt -0.084195 -0.238342 0.000000
vt -0.084589 -0.219264 0.000000
vt -0.100356 -0.213405 0.000000
vt -0.068599 -0.223086 0.000000
vt -0.059516 -0.243368 0.000000
vt -0.052215 -0.223318 0.000000
vt -0.034427 -0.242225 0.000000
vt -0.035578 -0.221240 0.000000
vt -0.021790 -0.215302 0.000000
vt -0.009081 -0.237209 0.000000
vt -0.015423 -0.211729 0.000000
vt -0.009687 -0.207431 0.000000
vt 0.013198 -0.225793 0.000000
vt -0.000343 -0.196395 0.000000
vt 0.032749 -0.211486 0.000000
vt 0.007375 -0.183492 0.000000
vt 0.047886 -0.192502 0.000000
vt 0.012047 -0.169262 0.000000
vt 0.060447 -0.170786 0.000000
vt 0.014810 -0.154869 0.000000
vt 0.065382 -0.158356 0.000000
vt 0.014432 -0.140208 0.000000
vt 0.069470 -0.145706 0.000000
vt 0.072105 -0.132682 0.000000
vt 0.012194 -0.125389 0.000000
vt 0.073842 -0.119426 0.000000
vt 0.073817 -0.106367 0.000000
vt 0.072816 -0.093443 0.000000
vt 0.002184 -0.100707 0.000000
vt 0.070217 -0.080739 0.000000
vt 0.066679 -0.068164 0.000000
vt 0.056988 -0.047170 0.000000
vt -0.009560 -0.076935 0.000000
vt 0.046217 -0.026772 0.000000
vt -0.023519 -0.054325 0.000000
vt 0.034063 -0.007136 0.000000
vt 0.021186 0.012102 0.000000
vt -0.038633 -0.032321 0.000000
vt 0.005295 0.035646 0.000000
vt -0.056901 -0.005504 0.000000
vt -0.009433 0.059798 0.000000
vt -0.073599 0.022113 0.000000
vt -0.021936 0.085115 0.000000
vt -0.087327 0.051243 0.000000
vt -0.032708 0.111338 0.000000
vt -0.098835 0.081504 0.000000
vt -0.101571 0.102269 0.000000
vt -0.035468 0.126391 0.000000
vt -0.101700 0.122777 0.000000
vt -0.097507 0.142857 0.000000
vt -0.036349 0.141328 0.000000
vt -0.090734 0.162683 0.000000
vt -0.033964 0.156063 0.000000
vt -0.076838 0.185855 0.000000
vt -0.029523 0.170672 0.000000
vt -0.060180 0.206084 0.000000
vt -0.020653 0.185879 0.000000
vt -0.038922 0.221412 0.000000
vt -0.009928 0.199056 0.000000
vt -0.014908 0.233802 0.000000
vt 0.003972 0.208752 0.000000
vt 0.011267 0.240412 0.000000
vt 0.019836 0.216297 0.000000
vt 0.037319 0.242993 0.000000
vt 0.038534 0.219211 0.000000
vt 0.056981 0.219389 0.000000
vt 0.063165 0.238849 0.000000
vt 0.075036 0.215296 0.000000
vt 0.088889 0.230664 0.000000
vt 0.092868 0.208773 0.000000
vt 0.107380 0.220057 0.000000
vt 0.112068 0.197271 0.000000
vt 0.124999 0.208246 0.000000
vt 0.128946 0.183534 0.000000
vt 0.141365 0.194704 0.000000
vt 0.141982 0.166096 0.000000
vt 0.157048 0.180221 0.000000
vt 0.161982 0.175427 0.000000
vt 0.152727 0.146452 0.000000
vt 0.167067 0.170820 0.000000
vt 0.172449 0.166583 0.000000
vt 0.178095 0.162675 0.000000
vt 0.158681 0.123199 0.000000
vt 0.185077 0.162040 0.000000
vt 0.188387 0.162293 0.000000
vt 0.160805 0.100064 0.000000
vt 0.191484 0.163214 0.000000
vt 0.215277 0.165968 0.000000
vt 0.194371 0.164791 0.000000
vt 0.197101 0.166863 0.000000
vt 0.202298 0.171833 0.000000
vt 0.162166 0.048418 0.000000
vt 0.156780 0.077118 0.000000
vt 0.149187 0.054282 0.000000
vt -0.062703 0.000000 0.000000
vt -0.047027 0.000000 0.000000
vt -0.062703 0.203200 0.000000
vt -0.047027 0.203200 0.000000
vt -0.031352 0.000000 0.000000
vt -0.031352 0.203200 0.000000
vt -0.015676 0.000000 0.000000
vt -0.015676 0.203200 0.000000
vt -0.000000 0.000000 0.000000
vt -0.000000 0.203200 0.000000
vt -0.009359 0.000000 0.000000
vt -0.000000 0.000000 0.000000
vt -0.009359 0.203200 0.000000
vt -0.000000 0.203200 0.000000
vt -0.109460 0.000000 0.000000
vt 0.000000 0.000000 0.000000
vt -0.109460 0.203200 0.000000
vt 0.000000 0.203200 0.000000
vt -0.015056 0.000000 0.000000
vt -0.000000 0.000000 0.000000
vt -0.015056 0.203200 0.000000
vt -0.000000 0.203200 0.000000
vt -0.077841 0.000000 0.000000
vt -0.058381 0.000000 0.000000
vt -0.077841 0.203200 0.000000
vt -0.058381 0.203200 0.000000
vt -0.038921 0.000000 0.000000
vt -0.038921 0.203200 0.000000
vt -0.019460 0.000000 0.000000
vt -0.019460 0.203200 0.000000
vt -0.000000 0.000000 0.000000
vt -0.000000 0.203200 0.000000
vt -0.250252 0.000000 0.000000
vt -0.000000 0.000000 0.000000
vt -0.250252 0.203200 0.000000
vt -0.000000 0.203200 0.000000
vt -0.073908 0.000000 0.000000
vt -0.055431 0.000000 0.000000
vt -0.073908 0.203200 0.000000
vt -0.055431 0.203200 0.000000
vt -0.036954 0.000000 0.000000
vt -0.036954 0.203200 0.000000
vt -0.018477 0.000000 0.000000
vt -0.018477 0.203200 0.000000
vt -0.000000 0.000000 0.000000
vt -0.000000 0.203200 0.000000
vt -0.014242 0.000000 0.000000
vt -0.000000 0.000000 0.000000
vt -0.014242 0.203200 0.000000
vt -0.000000 0.203200 0.000000
vt -0.109460 0.000000 0.000000
vt -0.000000 0.000000 0.000000
vt -0.109460 0.203200 0.000000
vt -0.000000 0.203200 0.000000
vt -0.014242 0.000000 0.000000
vt -0.000000 0.000000 0.000000
vt -0.014242 0.203200 0.000000
vt -0.000000 0.203200 0.000000
vt -0.058357 0.000000 0.000000
vt -0.043768 0.000000 0.000000
vt -0.058357 0.203200 0.000000
vt -0.043768 0.203200 0.000000
vt -0.029179 0.000000 0.000000
vt -0.029179 0.203200 0.000000
vt -0.021884 0.000000 0.000000
vt -0.021884 0.203200 0.000000
vt -0.014589 0.000000 0.000000
vt -0.014589 0.203200 0.000000
vt -0.000000 0.000000 0.000000
vt -0.000000 0.203200 0.000000
vt -0.073991 0.000000 0.000000
vt -0.055493 0.000000 0.000000
vt -0.073991 0.203200 0.000000
vt -0.055493 0.203200 0.000000
vt -0.036995 0.000000 0.000000
vt -0.036995 0.203200 0.000000
vt -0.018498 0.000000 0.000000
vt -0.018498 0.203200 0.000000
vt -0.000000 0.000000 0.000000
vt -0.000000 0.203200 0.000000
vt -0.069175 0.000000 0.000000
vt -0.000000 0.000000 0.000000
vt -0.069175 0.203200 0.000000
vt -0.000000 0.203200 0.000000
vt -0.364525 0.000000 0.000000
vt -0.000000 0.000000 0.000000
vt -0.364525 0.203200 0.000000
vt -0.000000 0.203200 0.000000
vt -0.059568 0.000000 0.000000
vt -0.044676 0.000000 0.000000
vt -0.059568 0.203200 0.000000
vt -0.044676 0.203200 0.000000
vt -0.029784 0.000000 0.000000
vt -0.029784 0.203200 0.000000
vt -0.014892 0.000000 0.000000
vt -0.014892 0.203200 0.000000
vt -0.000000 0.000000 0.000000
vt -0.000000 0.203200 0.000000
vt -0.046232 0.000000 0.000000
vt -0.034674 0.000000 0.000000
vt -0.046232 0.203200 0.000000
vt -0.034674 0.203200 0.000000
vt -0.028895 0.000000 0.000000
vt -0.028895 0.203200 0.000000
vt -0.023116 0.000000 0.000000
vt -0.023116 0.203200 0.000000
vt -0.011558 0.000000 0.000000
vt -0.011558 0.203200 0.000000
vt -0.000000 0.000000 0.000000
vt -0.000000 0.203200 0.000000
vt -0.013835 0.000000 0.000000
vt -0.000000 0.000000 0.000000
vt -0.013835 0.203200 0.000000
vt -0.000000 0.203200 0.000000
vt -0.168869 0.000000 0.000000
vt 0.000000 0.000000 0.000000
vt -0.168869 0.203200 0.000000
vt 0.000000 0.203200 0.000000
vt -0.013835 0.000000 0.000000
vt -0.000000 0.000000 0.000000
vt -0.013835 0.203200 0.000000
vt -0.000000 0.203200 0.000000
vt -0.043841 0.000000 0.000000
vt -0.032881 0.000000 0.000000
vt -0.043841 0.203200 0.000000
vt -0.032881 0.203200 0.000000
vt -0.021921 0.000000 0.000000
vt -0.021921 0.203200 0.000000
vt -0.016441 0.000000 0.000000
vt -0.016441 0.203200 0.000000
vt -0.010960 0.000000 0.000000
vt -0.010960 0.203200 0.000000
vt -0.000000 0.000000 0.000000
vt -0.000000 0.203200 0.000000
vt -0.059248 0.000000 0.000000
vt -0.044436 0.000000 0.000000
vt -0.059248 0.203200 0.000000
vt -0.044436 0.203200 0.000000
vt -0.029624 0.000000 0.000000
vt -0.029624 0.203200 0.000000
vt -0.014812 0.000000 0.000000
vt -0.014812 0.203200 0.000000
vt -0.000000 0.000000 0.000000
vt -0.000000 0.203200 0.000000
vt -0.366966 0.000000 0.000000
vt -0.000000 0.000000 0.000000
vt -0.366966 0.203200 0.000000
vt -0.000000 0.203200 0.000000
vt -0.072431 0.000000 0.000000
vt -0.000000 0.000000 0.000000
vt -0.072431 0.203200 0.000000
vt -0.000000 0.203200 0.000000
vt -0.070498 0.000000 0.000000
vt -0.052873 0.000000 0.000000
vt -0.070498 0.203200 0.000000
vt -0.052873 0.203200 0.000000
vt -0.035249 0.000000 0.000000
vt -0.035249 0.203200 0.000000
vt -0.017624 0.000000 0.000000
vt -0.017624 0.203200 0.000000
vt -0.000000 0.000000 0.000000
vt -0.000000 0.203200 0.000000
vt 0.126159 0.073758 0.000000
vt 0.176360 0.021546 0.000000
vt 0.206617 0.023542 0.000000
vt 0.188429 0.008248 0.000000
vt 0.199139 -0.005867 0.000000
vt 0.220784 0.009414 0.000000
vt 0.207333 -0.021492 0.000000
vt 0.236015 -0.002958 0.000000
vt 0.213751 -0.038184 0.000000
vt 0.253253 -0.012013 0.000000
vt 0.213879 -0.054374 0.000000
vt 0.271980 -0.018607 0.000000
vt 0.282415 -0.029460 0.000000
vt 0.211448 -0.069916 0.000000
vt 0.203511 -0.105325 0.000000
vt 0.205265 -0.084508 0.000000
vt 0.197024 -0.098579 0.000000
vt 0.082444 0.119223 0.000000
vt 0.033169 0.203937 0.000000
vt 0.034500 0.169088 0.000000
vt 0.021049 0.182382 0.000000
vt 0.006647 0.194178 0.000000
vt 0.020195 0.217933 0.000000
vt -0.009535 0.203176 0.000000
vt 0.009064 0.232908 0.000000
vt -0.027000 0.210154 0.000000
vt 0.001432 0.249739 0.000000
vt -0.042247 0.210177 0.000000
vt -0.003561 0.267971 0.000000
vt -0.013432 0.278238 0.000000
vt -0.092337 0.202372 0.000000
vt -0.056693 0.207566 0.000000
vt -0.049620 0.209364 0.000000
vt -0.082466 0.192106 0.000000
vt -0.069920 0.200955 0.000000
vt -0.180324 -0.133425 0.000000
vt -0.138369 -0.180583 0.000000
vt -0.191438 -0.143758 0.000000
vt -0.149192 -0.191117 0.000000
vt -0.203225 -0.152995 0.000000
vt -0.158980 -0.202353 0.000000
vt -0.216284 -0.160160 0.000000
vt -0.166783 -0.214936 0.000000
vt -0.230292 -0.165783 0.000000
vt -0.173023 -0.228579 0.000000
vt -0.242443 -0.165008 0.000000
vt -0.172177 -0.240012 0.000000
vt -0.248214 -0.163877 0.000000
vt -0.171070 -0.245456 0.000000
vt -0.282415 -0.156508 0.000000
vt -0.165374 -0.278238 0.000000
vt -0.253624 -0.161866 0.000000
vt -0.263412 -0.155318 0.000000
vt -0.272442 -0.146919 0.000000
vt -0.155400 -0.268649 0.000000
vt -0.163095 -0.259939 0.000000
vt -0.169156 -0.250580 0.000000
vt -0.090690 0.000000 0.000000
vt -0.068017 0.000000 0.000000
vt -0.090690 0.203200 0.000000
vt -0.068017 0.203200 0.000000
vt -0.045345 0.000000 0.000000
vt -0.045345 0.203200 0.000000
vt -0.022672 0.000000 0.000000
vt -0.022672 0.203200 0.000000
vt -0.000000 0.000000 0.000000
vt -0.000000 0.203200 0.000000
vt -0.081848 0.000000 0.000000
vt -0.061386 0.000000 0.000000
vt -0.081848 0.203200 0.000000
vt -0.061386 0.203200 0.000000
vt -0.040924 0.000000 0.000000
vt -0.040924 0.203200 0.000000
vt -0.020462 0.000000 0.000000
vt -0.020462 0.203200 0.000000
vt -0.000000 0.000000 0.000000
vt -0.000000 0.203200 0.000000
vt -0.089258 0.000000 0.000000
vt -0.066944 0.000000 0.000000
vt -0.089258 0.203200 0.000000
vt -0.066944 0.203200 0.000000
vt -0.044629 0.000000 0.000000
vt -0.044629 0.203200 0.000000
vt -0.022315 0.000000 0.000000
vt -0.022315 0.203200 0.000000
vt -0.000000 0.000000 0.000000
vt -0.000000 0.203200 0.000000
vt -0.059565 0.000000 0.000000
vt -0.044674 0.000000 0.000000
vt -0.059565 0.203200 0.000000
vt -0.044674 0.203200 0.000000
vt -0.029782 0.000000 0.000000
vt -0.029782 0.203200 0.000000
vt -0.014891 0.000000 0.000000
vt -0.014891 0.203200 0.000000
vt -0.000000 0.000000 0.000000
vt -0.000000 0.203200 0.000000
vt -0.214037 0.000000 0.000000
vt -0.000000 0.000000 0.000000
vt -0.214037 0.203200 0.000000
vt -0.000000 0.203200 0.000000
vt -0.059003 0.000000 0.000000
vt -0.000000 0.000000 0.000000
vt -0.059003 0.203200 0.000000
vt -0.000000 0.203200 0.000000
vt -0.091446 0.000000 0.000000
vt -0.068585 0.000000 0.000000
vt -0.091446 0.203200 0.000000
vt -0.068585 0.203200 0.000000
vt -0.045723 0.000000 0.000000
vt -0.045723 0.203200 0.000000
vt -0.022862 0.000000 0.000000
vt -0.022862 0.203200 0.000000
vt -0.000000 0.000000 0.000000
vt -0.000000 0.203200 0.000000
vt -0.045739 0.000000 0.000000
vt -0.034304 0.000000 0.000000
vt -0.045739 0.203200 0.000000
vt -0.034304 0.203200 0.000000
vt -0.022870 0.000000 0.000000
vt -0.022870 0.203200 0.000000
vt -0.017152 0.000000 0.000000
vt -0.017152 0.203200 0.000000
vt -0.011435 0.000000 0.000000
vt -0.011435 0.203200 0.000000
vt -0.000000 0.000000 0.000000
vt -0.000000 0.203200 0.000000
vt -0.060627 0.000000 0.000000
vt -0.045470 0.000000 0.000000
vt -0.060627 0.203200 0.000000
vt -0.045470 0.203200 0.000000
vt -0.030313 0.000000 0.000000
vt -0.030313 0.203200 0.000000
vt -0.015157 0.000000 0.000000
vt -0.015157 0.203200 0.000000
vt -0.000000 0.000000 0.000000
vt -0.000000 0.203200 0.000000
vt -0.299349 0.000000 0.000000
vt -0.000000 0.000000 0.000000
vt -0.299349 0.203200 0.000000
vt -0.000000 0.203200 0.000000
vt -0.058227 0.000000 0.000000
vt -0.043670 0.000000 0.000000
vt -0.058227 0.203200 0.000000
vt -0.043670 0.203200 0.000000
vt -0.029113 0.000000 0.000000
vt -0.029113 0.203200 0.000000
vt -0.014557 0.000000 0.000000
vt -0.014557 0.203200 0.000000
vt -0.000000 0.000000 0.000000
vt -0.000000 0.203200 0.000000
vt -0.045881 0.000000 0.000000
vt -0.034411 0.000000 0.000000
vt -0.045881 0.203200 0.000000
vt -0.034411 0.203200 0.000000
vt -0.028675 0.000000 0.000000
vt -0.028675 0.203200 0.000000
vt -0.022940 0.000000 0.000000
vt -0.022940 0.203200 0.000000
vt -0.011470 0.000000 0.000000
vt -0.011470 0.203200 0.000000
vt -0.000000 0.000000 0.000000
vt -0.000000 0.203200 0.000000
vt -0.013835 0.000000 0.000000
vt 0.000000 0.000000 0.000000
vt -0.013835 0.203200 0.000000
vt 0.000000 0.203200 0.000000
vt -0.171718 0.000000 0.000000
vt -0.000000 0.000000 0.000000
vt -0.171718 0.203200 0.000000
vt -0.000000 0.203200 0.000000
vt -0.013835 0.000000 0.000000
vt -0.000000 0.000000 0.000000
vt -0.013835 0.203200 0.000000
vt -0.000000 0.203200 0.000000
vt -0.045599 0.000000 0.000000
vt -0.034199 0.000000 0.000000
vt -0.045599 0.203200 0.000000
vt -0.034199 0.203200 0.000000
vt -0.022799 0.000000 0.000000
vt -0.022799 0.203200 0.000000
vt -0.017099 0.000000 0.000000
vt -0.017099 0.203200 0.000000
vt -0.011400 0.000000 0.000000
vt -0.011400 0.203200 0.000000
vt -0.000000 0.000000 0.000000
vt -0.000000 0.203200 0.000000
vt -0.060696 0.000000 0.000000
vt -0.045522 0.000000 0.000000
vt -0.060696 0.203200 0.000000
vt -0.045522 0.203200 0.000000
vt -0.030348 0.000000 0.000000
vt -0.030348 0.203200 0.000000
vt -0.015174 0.000000 0.000000
vt -0.015174 0.203200 0.000000
vt -0.000000 0.000000 0.000000
vt -0.000000 0.203200 0.000000
vt -0.133722 0.000000 0.000000
vt -0.000000 0.000000 0.000000
vt -0.133722 0.203200 0.000000
vt -0.000000 0.203200 0.000000
vt -0.073408 0.000000 0.000000
vt -0.055056 0.000000 0.000000
vt -0.073408 0.203200 0.000000
vt -0.055056 0.203200 0.000000
vt -0.036704 0.000000 0.000000
vt -0.036704 0.203200 0.000000
vt -0.018352 0.000000 0.000000
vt -0.018352 0.203200 0.000000
vt -0.000000 0.000000 0.000000
vt -0.000000 0.203200 0.000000
vt -0.128990 0.000000 0.000000
vt -0.096742 0.000000 0.000000
vt -0.128990 0.203200 0.000000
vt -0.096742 0.203200 0.000000
vt -0.064495 0.000000 0.000000
vt -0.064495 0.203200 0.000000
vt -0.032247 0.000000 0.000000
vt -0.032247 0.203200 0.000000
vt -0.000000 0.000000 0.000000
vt -0.000000 0.203200 0.000000
vt -0.101204 0.000000 0.000000
vt -0.075903 0.000000 0.000000
vt -0.101204 0.203200 0.000000
vt -0.075903 0.203200 0.000000
vt -0.063252 0.000000 0.000000
vt -0.063252 0.203200 0.000000
vt -0.050602 0.000000 0.000000
vt -0.050602 0.203200 0.000000
vt -0.037951 0.000000 0.000000
vt -0.037951 0.203200 0.000000
vt -0.025301 0.000000 0.000000
vt -0.025301 0.203200 0.000000
vt -0.000000 0.000000 0.000000
vt -0.000000 0.203200 0.000000
vt -0.109646 0.000000 0.000000
vt -0.082235 0.000000 0.000000
vt -0.109646 0.203200 0.000000
vt -0.082235 0.203200 0.000000
vt -0.068529 0.000000 0.000000
vt -0.068529 0.203200 0.000000
vt -0.054823 0.000000 0.000000
vt -0.054823 0.203200 0.000000
vt -0.041117 0.000000 0.000000
vt -0.041117 0.203200 0.000000
vt -0.027412 0.000000 0.000000
vt -0.027412 0.203200 0.000000
vt -0.000000 0.000000 0.000000
vt -0.000000 0.203200 0.000000
vt -0.140524 0.000000 0.000000
vt -0.105393 0.000000 0.000000
vt -0.140524 0.203200 0.000000
vt -0.105393 0.203200 0.000000
vt -0.070262 0.000000 0.000000
vt -0.070262 0.203200 0.000000
vt -0.035131 0.000000 0.000000
vt -0.035131 0.203200 0.000000
vt -0.000000 0.000000 0.000000
vt -0.000000 0.203200 0.000000
vt -0.174159 0.000000 0.000000
vt -0.000000 0.000000 0.000000
vt -0.174159 0.203200 0.000000
vt -0.000000 0.203200 0.000000
vt -0.013835 0.000000 0.000000
vt -0.000000 0.000000 0.000000
vt -0.013835 0.203200 0.000000
vt -0.000000 0.203200 0.000000
vt -0.239520 -0.040320 0.000000
vt -0.233510 -0.029760 0.000000
vt -0.251904 -0.034153 0.000000
vt -0.226258 -0.020663 0.000000
vt -0.221787 -0.017110 0.000000
vt -0.183090 0.062951 0.000000
vt -0.216727 -0.014251 0.000000
vt -0.205616 -0.009701 0.000000
vt -0.190281 -0.010764 0.000000
vt -0.175411 -0.013705 0.000000
vt -0.161153 -0.019116 0.000000
vt -0.147218 -0.025828 0.000000
vt 0.008503 -0.032463 0.000000
vt 0.120742 -0.159272 0.000000
vt 0.027808 -0.042076 0.000000
vt 0.147508 -0.101687 0.000000
vt 0.161455 -0.108434 0.000000
vt 0.133908 -0.166150 0.000000
vt 0.175724 -0.113872 0.000000
vt 0.146242 -0.174043 0.000000
vt 0.190609 -0.116815 0.000000
vt 0.157008 -0.183851 0.000000
vt 0.205966 -0.117844 0.000000
vt 0.166615 -0.195073 0.000000
vt 0.169849 -0.206699 0.000000
vt 0.216964 -0.113174 0.000000
vt 0.170688 -0.212475 0.000000
vt 0.221970 -0.110267 0.000000
vt 0.175356 -0.246929 0.000000
vt 0.251904 -0.093218 0.000000
vt 0.170605 -0.218204 0.000000
vt 0.167769 -0.229531 0.000000
vt 0.162971 -0.240762 0.000000
vt 0.239520 -0.087050 0.000000
vt 0.233568 -0.097576 0.000000
vt 0.226392 -0.106682 0.000000
vt 0.018289 -0.021128 0.000000
vt 0.037674 -0.026584 0.000000
vt 0.027269 -0.009235 0.000000
vt 0.047223 -0.010908 0.000000
vt 0.035023 0.003508 0.000000
vt 0.056210 0.005095 0.000000
vt 0.042090 0.016725 0.000000
vt 0.064830 0.021311 0.000000
vt 0.050944 0.038043 0.000000
vt 0.078275 0.051513 0.000000
vt 0.056891 0.059752 0.000000
vt 0.088335 0.082381 0.000000
vt 0.057687 0.082154 0.000000
vt 0.055142 0.105005 0.000000
vt 0.092229 0.114464 0.000000
vt 0.046498 0.124548 0.000000
vt 0.091925 0.147374 0.000000
vt 0.035141 0.141762 0.000000
vt 0.083351 0.172709 0.000000
vt 0.077842 0.184435 0.000000
vt 0.019456 0.155259 0.000000
vt 0.070868 0.195030 0.000000
vt 0.062158 0.204287 0.000000
vt 0.052062 0.212475 0.000000
vt 0.001269 0.166610 0.000000
vt 0.029561 0.227071 0.000000
vt 0.002089 0.236183 0.000000
vt -0.020611 0.175163 0.000000
vt -0.011636 0.239124 0.000000
vt -0.025349 0.240127 0.000000
vt -0.042834 0.180536 0.000000
vt -0.039046 0.238793 0.000000
vt -0.052730 0.235573 0.000000
vt -0.065646 0.180436 0.000000
vt -0.080079 0.225986 0.000000
vt -0.088826 0.176929 0.000000
vt -0.109593 0.205469 0.000000
vt -0.110402 0.166842 0.000000
vt -0.135638 0.181728 0.000000
vt -0.129384 0.153812 0.000000
vt -0.156422 0.153101 0.000000
vt -0.144263 0.136126 0.000000
vt -0.174267 0.121744 0.000000
vt -0.156788 0.115767 0.000000
vt -0.038535 0.000000 0.000000
vt -0.028901 0.000000 0.000000
vt -0.038535 0.203200 0.000000
vt -0.028901 0.203200 0.000000
vt -0.019267 0.000000 0.000000
vt -0.019267 0.203200 0.000000
vt -0.009634 0.000000 0.000000
vt -0.009634 0.203200 0.000000
vt -0.000000 0.000000 0.000000
vt -0.000000 0.203200 0.000000
vt -0.133468 0.000000 0.000000
vt 0.000000 0.000000 0.000000
vt -0.133468 0.203200 0.000000
vt -0.000000 0.203200 0.000000
vt -0.204271 0.000000 0.000000
vt 0.000000 0.000000 0.000000
vt -0.204271 0.203200 0.000000
vt 0.000000 0.203200 0.000000
vt -0.137537 0.000000 0.000000
vt -0.000000 0.000000 0.000000
vt -0.137537 0.203200 0.000000
vt -0.000000 0.203200 0.000000
vt -0.060330 0.000000 0.000000
vt -0.045247 0.000000 0.000000
vt -0.060330 0.203200 0.000000
vt -0.045247 0.203200 0.000000
vt -0.030165 0.000000 0.000000
vt -0.030165 0.203200 0.000000
vt -0.015082 0.000000 0.000000
vt -0.015082 0.203200 0.000000
vt -0.000000 0.000000 0.000000
vt -0.000000 0.203200 0.000000
vt -0.050018 0.000000 0.000000
vt -0.037513 0.000000 0.000000
vt -0.050018 0.203200 0.000000
vt -0.037513 0.203200 0.000000
vt -0.025009 0.000000 0.000000
vt -0.025009 0.203200 0.000000
vt -0.012504 0.000000 0.000000
vt -0.012504 0.203200 0.000000
vt -0.000000 0.000000 0.000000
vt -0.000000 0.203200 0.000000
vt -0.008952 0.000000 0.000000
vt -0.000000 0.000000 0.000000
vt -0.008952 0.203200 0.000000
vt -0.000000 0.203200 0.000000
vt -0.079755 0.000000 0.000000
vt -0.000000 0.000000 0.000000
vt -0.079755 0.203200 0.000000
vt -0.000000 0.203200 0.000000
vt -0.343842 0.000000 0.000000
vt -0.000000 0.000000 0.000000
vt -0.343842 0.203200 0.000000
vt 0.000000 0.203200 0.000000
vt -0.013835 0.000000 0.000000
vt -0.000000 0.000000 0.000000
vt -0.013835 0.203200 0.000000
vt -0.000000 0.203200 0.000000
vt -0.045788 0.000000 0.000000
vt -0.034341 0.000000 0.000000
vt -0.045788 0.203200 0.000000
vt -0.034341 0.203200 0.000000
vt -0.022894 0.000000 0.000000
vt -0.022894 0.203200 0.000000
vt -0.017171 0.000000 0.000000
vt -0.017171 0.203200 0.000000
vt -0.011447 0.000000 0.000000
vt -0.011447 0.203200 0.000000
vt -0.000000 0.000000 0.000000
vt -0.000000 0.203200 0.000000
vt -0.060991 0.000000 0.000000
vt -0.045744 0.000000 0.000000
vt -0.060991 0.203200 0.000000
vt -0.045744 0.203200 0.000000
vt -0.030496 0.000000 0.000000
vt -0.030496 0.203200 0.000000
vt -0.015248 0.000000 0.000000
vt -0.015248 0.203200 0.000000
vt -0.000000 0.000000 0.000000
vt -0.000000 0.203200 0.000000
vt -0.298535 0.000000 0.000000
vt -0.000000 0.000000 0.000000
vt -0.298535 0.203200 0.000000
vt -0.000000 0.203200 0.000000
vt -0.059513 0.000000 0.000000
vt -0.044634 0.000000 0.000000
vt -0.059513 0.203200 0.000000
vt -0.044634 0.203200 0.000000
vt -0.029756 0.000000 0.000000
vt -0.029756 0.203200 0.000000
vt -0.014878 0.000000 0.000000
vt -0.014878 0.203200 0.000000
vt -0.000000 0.000000 0.000000
vt -0.000000 0.203200 0.000000
vt -0.046244 0.000000 0.000000
vt -0.034683 0.000000 0.000000
vt -0.046244 0.203200 0.000000
vt -0.034683 0.203200 0.000000
vt -0.028902 0.000000 0.000000
vt -0.028902 0.203200 0.000000
vt -0.023122 0.000000 0.000000
vt -0.023122 0.203200 0.000000
vt -0.011561 0.000000 0.000000
vt -0.011561 0.203200 0.000000
vt -0.000000 0.000000 0.000000
vt -0.000000 0.203200 0.000000
vt -0.013835 0.000000 0.000000
vt -0.000000 0.000000 0.000000
vt -0.013835 0.203200 0.000000
vt -0.000000 0.203200 0.000000
vt -0.343842 0.000000 0.000000
vt 0.000000 0.000000 0.000000
vt -0.343842 0.203200 0.000000
vt 0.000000 0.203200 0.000000
vt -0.091783 0.000000 0.000000
vt 0.000000 0.000000 0.000000
vt -0.091783 0.203200 0.000000
vt 0.000000 0.203200 0.000000
vt -0.014242 0.000000 0.000000
vt -0.000000 0.000000 0.000000
vt -0.014242 0.203200 0.000000
vt -0.000000 0.203200 0.000000
vt -0.049801 0.000000 0.000000
vt -0.037350 0.000000 0.000000
vt -0.049801 0.203200 0.000000
vt -0.037350 0.203200 0.000000
vt -0.024900 0.000000 0.000000
vt -0.024900 0.203200 0.000000
vt -0.012450 0.000000 0.000000
vt -0.012450 0.203200 0.000000
vt -0.000000 0.000000 0.000000
vt -0.000000 0.203200 0.000000
vt -0.034096 0.000000 0.000000
vt -0.025572 0.000000 0.000000
vt -0.034096 0.203200 0.000000
vt -0.025572 0.203200 0.000000
vt -0.017048 0.000000 0.000000
vt -0.017048 0.203200 0.000000
vt -0.008524 0.000000 0.000000
vt -0.008524 0.203200 0.000000
vt -0.000000 0.000000 0.000000
vt -0.000000 0.203200 0.000000
vt -0.062054 0.000000 0.000000
vt -0.046540 0.000000 0.000000
vt -0.062054 0.203200 0.000000
vt -0.046540 0.203200 0.000000
vt -0.031027 0.000000 0.000000
vt -0.031027 0.203200 0.000000
vt -0.015513 0.000000 0.000000
vt -0.015513 0.203200 0.000000
vt -0.000000 0.000000 0.000000
vt -0.000000 0.203200 0.000000
vt -0.083417 0.000000 0.000000
vt -0.000000 0.000000 0.000000
vt -0.083417 0.203200 0.000000
vt -0.000000 0.203200 0.000000
vt -0.028061 0.000000 0.000000
vt -0.021045 0.000000 0.000000
vt -0.028061 0.203200 0.000000
vt -0.021045 0.203200 0.000000
vt -0.014030 0.000000 0.000000
vt -0.014030 0.203200 0.000000
vt -0.007015 0.000000 0.000000
vt -0.007015 0.203200 0.000000
vt -0.000000 0.000000 0.000000
vt -0.000000 0.203200 0.000000
vt -0.026470 0.000000 0.000000
vt -0.019852 0.000000 0.000000
vt -0.026470 0.203200 0.000000
vt -0.019852 0.203200 0.000000
vt -0.013235 0.000000 0.000000
vt -0.013235 0.203200 0.000000
vt -0.006617 0.000000 0.000000
vt -0.006617 0.203200 0.000000
vt -0.000000 0.000000 0.000000
vt -0.000000 0.203200 0.000000
vt -0.170904 0.000000 0.000000
vt 0.000000 0.000000 0.000000
vt -0.170904 0.203200 0.000000
vt 0.000000 0.203200 0.000000
vt -0.118412 0.000000 0.000000
vt -0.000000 0.000000 0.000000
vt -0.118412 0.203200 0.000000
vt -0.000000 0.203200 0.000000
vt -0.048683 0.000000 0.000000
vt -0.036512 0.000000 0.000000
vt -0.048683 0.203200 0.000000
vt -0.036512 0.203200 0.000000
vt -0.024342 0.000000 0.000000
vt -0.024342 0.203200 0.000000
vt -0.012171 0.000000 0.000000
vt -0.012171 0.203200 0.000000
vt -0.000000 0.000000 0.000000
vt -0.000000 0.203200 0.000000
vt -0.042634 0.000000 0.000000
vt -0.031975 0.000000 0.000000
vt -0.042634 0.203200 0.000000
vt -0.031975 0.203200 0.000000
vt -0.021317 0.000000 0.000000
vt -0.021317 0.203200 0.000000
vt -0.010658 0.000000 0.000000
vt -0.010658 0.203200 0.000000
vt -0.000000 0.000000 0.000000
vt -0.000000 0.203200 0.000000
vt -0.014242 0.000000 0.000000
vt -0.000000 0.000000 0.000000
vt -0.014242 0.203200 0.000000
vt -0.000000 0.203200 0.000000
vt -0.115970 0.000000 0.000000
vt -0.000000 0.000000 0.000000
vt -0.115970 0.203200 0.000000
vt -0.000000 0.203200 0.000000
vt -0.014242 0.000000 0.000000
vt -0.000000 0.000000 0.000000
vt -0.014242 0.203200 0.000000
vt -0.000000 0.203200 0.000000
vt -0.039778 0.000000 0.000000
vt -0.029834 0.000000 0.000000
vt -0.039778 0.203200 0.000000
vt -0.029834 0.203200 0.000000
vt -0.019889 0.000000 0.000000
vt -0.019889 0.203200 0.000000
vt -0.009945 0.000000 0.000000
vt -0.009945 0.203200 0.000000
vt -0.000000 0.000000 0.000000
vt -0.000000 0.203200 0.000000
vt 0.065934 -0.118371 0.000000
vt 0.055833 -0.117164 0.000000
vt 0.066814 -0.132586 0.000000
vt 0.046044 -0.115066 0.000000
vt 0.036843 -0.111282 0.000000
vt 0.028083 -0.106242 0.000000
vt -0.020759 -0.111851 0.000000
vt -0.029558 -0.117853 0.000000
vt -0.048935 -0.139753 0.000000
vt -0.039412 -0.122141 0.000000
vt -0.049815 -0.125538 0.000000
vt -0.012795 -0.104492 0.000000
vt 0.022659 -0.097987 0.000000
vt -0.009340 -0.092687 0.000000
vt 0.018748 -0.089177 0.000000
vt -0.007386 -0.080687 0.000000
vt 0.016858 -0.079626 0.000000
vt 0.016035 -0.069684 0.000000
vt 0.007787 0.063529 0.000000
vt -0.008046 -0.056090 0.000000
vt -0.007248 -0.068450 0.000000
vt 0.211667 0.076153 0.000000
vt 0.141093 0.134975 0.000000
vt -0.156871 0.116526 0.000000
vt -0.015363 0.062096 0.000000
vt -0.185940 0.051534 0.000000
vt -0.172014 0.115780 0.000000
vt -0.186969 0.116287 0.000000
vt 0.220167 -0.061121 0.000000
vt 0.248823 -0.148632 0.000000
vt 0.227574 0.194553 0.000000
vt 0.210253 0.164674 0.000000
vt 0.212281 0.170016 0.000000
vt 0.213913 0.181548 0.000000
vt 0.213766 0.193698 0.000000
vt 0.221125 -0.076527 0.000000
vt 0.220742 -0.091714 0.000000
vt 0.217758 -0.106482 0.000000
vt 0.212657 -0.120906 0.000000
vt 0.203083 -0.129306 0.000000
vt 0.192617 -0.136158 0.000000
vt 0.169221 -0.153561 0.000000
vt 0.180958 -0.140939 0.000000
vt 0.168667 -0.144626 0.000000
vt 0.207367 0.159630 0.000000
vt 0.200145 0.150047 0.000000
vt 0.186221 0.143335 0.000000
vt 0.171762 0.138498 0.000000
vt 0.156609 0.136099 0.000000
vt -0.192810 0.050834 0.000000
vt -0.201563 0.119177 0.000000
vt -0.199333 0.049302 0.000000
vt -0.215885 0.123880 0.000000
vt -0.205210 0.046226 0.000000
vt -0.210631 0.042055 0.000000
vt -0.224405 0.132522 0.000000
vt -0.213821 0.035608 0.000000
vt -0.227949 0.137201 0.000000
vt -0.215916 0.028904 0.000000
vt -0.248823 0.165056 0.000000
vt -0.216498 0.021844 0.000000
vt -0.216269 0.014595 0.000000
vt -0.227574 -0.178129 0.000000
vt -0.211114 -0.068663 0.000000
vt -0.210117 -0.084204 0.000000
vt -0.208558 -0.099656 0.000000
vt -0.205916 -0.114942 0.000000
vt -0.202418 -0.130094 0.000000
vt -0.198833 -0.138012 0.000000
vt -0.194496 -0.145391 0.000000
vt -0.188904 -0.151871 0.000000
vt -0.182559 -0.157811 0.000000
vt -0.172044 -0.164568 0.000000
vt -0.161169 -0.170635 0.000000
vt -0.137273 -0.194553 0.000000
vt -0.149795 -0.175744 0.000000
vt -0.138153 -0.180338 0.000000
vt -0.230649 0.142300 0.000000
vt -0.233694 0.153676 0.000000
vt -0.235015 0.165911 0.000000
vt -0.062703 0.000000 0.000000
vt -0.047027 0.000000 0.000000
vt -0.062703 0.203200 0.000000
vt -0.047027 0.203200 0.000000
vt -0.031352 0.000000 0.000000
vt -0.031352 0.203200 0.000000
vt -0.015676 0.000000 0.000000
vt -0.015676 0.203200 0.000000
vt -0.000000 0.000000 0.000000
vt -0.000000 0.203200 0.000000
vt -0.009359 0.000000 0.000000
vt -0.000000 0.000000 0.000000
vt -0.009359 0.203200 0.000000
vt -0.000000 0.203200 0.000000
vt -0.109460 0.000000 0.000000
vt 0.000000 0.000000 0.000000
vt -0.109460 0.203200 0.000000
vt 0.000000 0.203200 0.000000
vt -0.015056 0.000000 0.000000
vt -0.000000 0.000000 0.000000
vt -0.015056 0.203200 0.000000
vt -0.000000 0.203200 0.000000
vt -0.077841 0.000000 0.000000
vt -0.058381 0.000000 0.000000
vt -0.077841 0.203200 0.000000
vt -0.058381 0.203200 0.000000
vt -0.038921 0.000000 0.000000
vt -0.038921 0.203200 0.000000
vt -0.019460 0.000000 0.000000
vt -0.019460 0.203200 0.000000
vt -0.000000 0.000000 0.000000
vt -0.000000 0.203200 0.000000
vt -0.250252 0.000000 0.000000
vt -0.000000 0.000000 0.000000
vt -0.250252 0.203200 0.000000
vt -0.000000 0.203200 0.000000
vt -0.073908 0.000000 0.000000
vt -0.055431 0.000000 0.000000
vt -0.073908 0.203200 0.000000
vt -0.055431 0.203200 0.000000
vt -0.036954 0.000000 0.000000
vt -0.036954 0.203200 0.000000
vt -0.018477 0.000000 0.000000
vt -0.018477 0.203200 0.000000
vt -0.000000 0.000000 0.000000
vt -0.000000 0.203200 0.000000
vt -0.014242 0.000000 0.000000
vt -0.000000 0.000000 0.000000
vt -0.014242 0.203200 0.000000
vt -0.000000 0.203200 0.000000
vt -0.109460 0.000000 0.000000
vt -0.000000 0.000000 0.000000
vt -0.109460 0.203200 0.000000
vt -0.000000 0.203200 0.000000
vt -0.014242 0.000000 0.000000
vt -0.000000 0.000000 0.000000
vt -0.014242 0.203200 0.000000
vt -0.000000 0.203200 0.000000
vt -0.058357 0.000000 0.000000
vt -0.043768 0.000000 0.000000
vt -0.058357 0.203200 0.000000
vt -0.043768 0.203200 0.000000
vt -0.029179 0.000000 0.000000
vt -0.029179 0.203200 0.000000
vt -0.021884 0.000000 0.000000
vt -0.021884 0.203200 0.000000
vt -0.014589 0.000000 0.000000
vt -0.014589 0.203200 0.000000
vt -0.000000 0.000000 0.000000
vt -0.000000 0.203200 0.000000
vt -0.073991 0.000000 0.000000
vt -0.055493 0.000000 0.000000
vt -0.073991 0.203200 0.000000
vt -0.055493 0.203200 0.000000
vt -0.036995 0.000000 0.000000
vt -0.036995 0.203200 0.000000
vt -0.018498 0.000000 0.000000
vt -0.018498 0.203200 0.000000
vt -0.000000 0.000000 0.000000
vt -0.000000 0.203200 0.000000
vt -0.069175 0.000000 0.000000
vt -0.000000 0.000000 0.000000
vt -0.069175 0.203200 0.000000
vt -0.000000 0.203200 0.000000
vt -0.364525 0.000000 0.000000
vt -0.000000 0.000000 0.000000
vt -0.364525 0.203200 0.000000
vt -0.000000 0.203200 0.000000
vt -0.059568 0.000000 0.000000
vt -0.044676 0.000000 0.000000
vt -0.059568 0.203200 0.000000
vt -0.044676 0.203200 0.000000
vt -0.029784 0.000000 0.000000
vt -0.029784 0.203200 0.000000
vt -0.014892 0.000000 0.000000
vt -0.014892 0.203200 0.000000
vt -0.000000 0.000000 0.000000
vt -0.000000 0.203200 0.000000
vt -0.046232 0.000000 0.000000
vt -0.034674 0.000000 0.000000
vt -0.046232 0.203200 0.000000
vt -0.034674 0.203200 0.000000
vt -0.028895 0.000000 0.000000
vt -0.028895 0.203200 0.000000
vt -0.023116 0.000000 0.000000
vt -0.023116 0.203200 0.000000
vt -0.011558 0.000000 0.000000
vt -0.011558 0.203200 0.000000
vt -0.000000 0.000000 0.000000
vt -0.000000 0.203200 0.000000
vt -0.013835 0.000000 0.000000
vt 0.000000 0.000000 0.000000
vt -0.013835 0.203200 0.000000
vt -0.000000 0.203200 0.000000
vt -0.168869 0.000000 0.000000
vt 0.000000 0.000000 0.000000
vt -0.168869 0.203200 0.000000
vt 0.000000 0.203200 0.000000
vt -0.013835 0.000000 0.000000
vt -0.000000 0.000000 0.000000
vt -0.013835 0.203200 0.000000
vt -0.000000 0.203200 0.000000
vt -0.043841 0.000000 0.000000
vt -0.032881 0.000000 0.000000
vt -0.043841 0.203200 0.000000
vt -0.032881 0.203200 0.000000
vt -0.021921 0.000000 0.000000
vt -0.021921 0.203200 0.000000
vt -0.016441 0.000000 0.000000
vt -0.016441 0.203200 0.000000
vt -0.010960 0.000000 0.000000
vt -0.010960 0.203200 0.000000
vt -0.000000 0.000000 0.000000
vt -0.000000 0.203200 0.000000
vt -0.059248 0.000000 0.000000
vt -0.044436 0.000000 0.000000
vt -0.059248 0.203200 0.000000
vt -0.044436 0.203200 0.000000
vt -0.029624 0.000000 0.000000
vt -0.029624 0.203200 0.000000
vt -0.014812 0.000000 0.000000
vt -0.014812 0.203200 0.000000
vt -0.000000 0.000000 0.000000
vt -0.000000 0.203200 0.000000
vt -0.366966 0.000000 0.000000
vt -0.000000 0.000000 0.000000
vt -0.366966 0.203200 0.000000
vt -0.000000 0.203200 0.000000
vt -0.072431 0.000000 0.000000
vt -0.000000 0.000000 0.000000
vt -0.072431 0.203200 0.000000
vt -0.000000 0.203200 0.000000
vt -0.070498 0.000000 0.000000
vt -0.052873 0.000000 0.000000
vt -0.070498 0.203200 0.000000
vt -0.052873 0.203200 0.000000
vt -0.035249 0.000000 0.000000
vt -0.035249 0.203200 0.000000
vt -0.017624 0.000000 0.000000
vt -0.017624 0.203200 0.000000
vt -0.000000 0.000000 0.000000
vt -0.000000 0.203200 0.000000
vt -0.165091 -0.015320 0.000000
vt -0.200031 0.048126 0.000000
vt -0.229770 0.054047 0.000000
vt -0.208238 0.064100 0.000000
vt -0.239788 0.071367 0.000000
vt -0.214920 0.080510 0.000000
vt -0.251289 0.087265 0.000000
vt -0.218781 0.097726 0.000000
vt -0.220649 0.115511 0.000000
vt -0.216574 0.131181 0.000000
vt -0.281964 0.111708 0.000000
vt -0.265588 0.100482 0.000000
vt -0.289226 0.124896 0.000000
vt -0.210194 0.145560 0.000000
vt -0.200438 0.158049 0.000000
vt -0.188830 0.169500 0.000000
vt -0.193344 0.177698 0.000000
vt -0.134666 -0.070568 0.000000
vt -0.109051 -0.165163 0.000000
vt -0.101297 -0.131163 0.000000
vt -0.091755 -0.147490 0.000000
vt -0.080905 -0.162618 0.000000
vt -0.100151 -0.182046 0.000000
vt -0.067612 -0.175506 0.000000
vt -0.093286 -0.199395 0.000000
vt -0.052554 -0.186775 0.000000
vt -0.090281 -0.217630 0.000000
vt -0.037834 -0.190752 0.000000
vt -0.090187 -0.236533 0.000000
vt -0.083317 -0.249009 0.000000
vt 0.012565 -0.196206 0.000000
vt -0.023206 -0.191977 0.000000
vt -0.030503 -0.191879 0.000000
vt 0.005695 -0.183731 0.000000
vt -0.008717 -0.189023 0.000000
vt 0.184642 0.105275 0.000000
vt 0.156355 0.161701 0.000000
vt 0.198056 0.112371 0.000000
vt 0.169540 0.169067 0.000000
vt 0.211835 0.118234 0.000000
vt 0.181908 0.177379 0.000000
vt 0.226306 0.121767 0.000000
vt 0.192707 0.187508 0.000000
vt 0.241293 0.123564 0.000000
vt 0.202273 0.199066 0.000000
vt 0.252827 0.119664 0.000000
vt 0.204421 0.210327 0.000000
vt 0.258107 0.117075 0.000000
vt 0.204764 0.215872 0.000000
vt 0.289226 0.101086 0.000000
vt 0.207766 0.249009 0.000000
vt 0.262811 0.113729 0.000000
vt 0.270566 0.104867 0.000000
vt 0.277108 0.094412 0.000000
vt 0.195647 0.242335 0.000000
vt 0.200819 0.231928 0.000000
vt 0.204245 0.221317 0.000000
vt -0.086310 0.884167 0.000000
vt -0.053791 0.927419 0.000000
vt -0.096079 0.882141 0.000000
vt -0.053822 0.937592 0.000000
vt -0.129405 1.083716 0.000000
vt -0.040257 1.042756 0.000000
vt -0.114231 1.086542 0.000000
vt -0.045411 1.054506 0.000000
vt -0.099109 1.088008 0.000000
vt -0.051575 1.065498 0.000000
vt -0.084089 1.086843 0.000000
vt -0.059649 1.075053 0.000000
vt -0.069151 1.083533 0.000000
vt -0.054684 0.917447 0.000000
vt -0.077060 0.887205 0.000000
vt -0.057320 0.907855 0.000000
vt -0.068791 0.892159 0.000000
vt -0.061258 0.898546 0.000000
vt -0.039820 0.940194 0.000000
vt -0.031456 1.044392 0.000000
vt 0.288073 0.938844 0.000000
vt 0.292161 0.951494 0.000000
vt -0.018628 0.826176 0.000000
vt 0.283700 0.912564 0.000000
vt 0.285438 0.925820 0.000000
vt -0.032630 0.823574 0.000000
vt 0.032507 0.742557 0.000000
vt 0.046509 0.745159 0.000000
vt 0.283726 0.899506 0.000000
vt 0.195377 0.744720 0.000000
vt 0.284727 0.886581 0.000000
vt 0.287325 0.873877 0.000000
vt 0.290864 0.861302 0.000000
vt 0.300555 0.840309 0.000000
vt 0.208356 0.738856 0.000000
vt 0.311326 0.819910 0.000000
vt 0.323480 0.800274 0.000000
vt 0.336357 0.781036 0.000000
vt 0.352248 0.757493 0.000000
vt 0.366976 0.733340 0.000000
vt 0.200763 0.716020 0.000000
vt 0.196738 0.693075 0.000000
vt -0.037268 0.833486 0.000000
vt -0.094472 0.858881 0.000000
vt -0.106643 0.856587 0.000000
vt -0.069465 0.656555 0.000000
vt -0.191832 0.666923 0.000000
vt -0.151478 0.641312 0.000000
vt -0.158646 0.640203 0.000000
vt -0.190301 0.660189 0.000000
vt -0.165724 0.639922 0.000000
vt -0.187987 0.653901 0.000000
vt -0.172633 0.641186 0.000000
vt -0.184220 0.648441 0.000000
vt -0.179420 0.643569 0.000000
vt -0.082309 0.860233 0.000000
vt -0.042722 0.842746 0.000000
vt -0.070160 0.859753 0.000000
vt -0.049750 0.850750 0.000000
vt -0.058023 0.857759 0.000000
vt -0.223061 0.834949 0.000000
vt -0.054161 0.659434 0.000000
vt -0.039013 0.662861 0.000000
vt -0.024162 0.667342 0.000000
vt -0.009548 0.672658 0.000000
vt 0.020976 0.706999 0.000000
vt 0.025675 0.718532 0.000000
vt 0.029362 0.730443 0.000000
vt -0.002125 0.677179 0.000000
vt 0.010424 0.688720 0.000000
vt 0.015548 0.695740 0.000000
vt 0.004672 0.682382 0.000000
vt 0.142266 0.627170 0.000000
vt 0.041190 0.653530 0.000000
vt 0.155244 0.621306 0.000000
vt -0.415649 0.499546 0.000000
vt 0.250163 0.573082 0.000000
vt -0.529795 0.353256 0.000000
vt 0.268654 0.562474 0.000000
vt 0.514325 0.382417 0.000000
vt 0.294378 0.554290 0.000000
vt 0.320224 0.550145 0.000000
vt 0.346276 0.552726 0.000000
vt 0.372451 0.559336 0.000000
vt 0.396465 0.571726 0.000000
vt 0.526444 0.389091 0.000000
vt 0.417722 0.587054 0.000000
vt 0.434381 0.607283 0.000000
vt 0.448277 0.630456 0.000000
vt 0.618909 0.378228 0.000000
vt 0.797856 0.667234 0.000000
vt 0.938217 0.554071 0.000000
vt 0.904848 0.614666 0.000000
vt -0.296863 0.590699 0.000000
vt -0.355572 0.576540 0.000000
vt -0.299391 0.604302 0.000000
vt -0.366479 0.585051 0.000000
vt -0.259877 0.687871 0.000000
vt -0.667762 0.681455 0.000000
vt -0.314429 0.981380 0.000000
vt -0.694972 0.714398 0.000000
vt -0.381555 1.046371 0.000000
vt -0.632718 1.095900 0.000000
vt -0.384083 1.059973 0.000000
vt -0.462316 1.177961 0.000000
vt -0.281586 1.233709 0.000000
vt -0.046030 1.122804 0.000000
vt -0.094566 1.261898 0.000000
vt 0.094566 1.261898 0.000000
vt 0.309657 0.985640 0.000000
vt 0.297096 0.963925 0.000000
vt -0.287407 0.607101 0.000000
vt -0.255979 0.658027 0.000000
vt -0.257295 0.672931 0.000000
vt -0.257073 0.643189 0.000000
vt -0.276487 0.611507 0.000000
vt -0.271753 0.614807 0.000000
vt -0.267541 0.618894 0.000000
vt -0.259999 0.628402 0.000000
vt -0.317431 0.996644 0.000000
vt -0.321656 1.011393 0.000000
vt -0.328215 1.025156 0.000000
vt -0.336571 1.038160 0.000000
vt -0.346961 1.044163 0.000000
vt -0.369512 1.047994 0.000000
vt -0.352318 1.046414 0.000000
vt -0.357868 1.047778 0.000000
vt -0.264626 1.058584 0.000000
vt -0.227300 0.857753 0.000000
vt -0.157944 -1.036242 0.000000
vt -0.099861 -1.098684 0.000000
vt -0.158212 -1.020270 0.000000
vt 0.141855 -1.112019 0.000000
vt -0.158790 -0.741128 0.000000
vt -0.156283 -1.051889 0.000000
vt -0.112829 -1.098058 0.000000
vt -0.151978 -1.066920 0.000000
vt -0.125038 -1.095591 0.000000
vt -0.130624 -1.093101 0.000000
vt -0.135846 -1.089728 0.000000
vt -0.145674 -1.081485 0.000000
vt -0.099832 -1.112519 0.000000
vt 0.094566 -1.261898 0.000000
vt 0.281586 -1.233709 0.000000
vt -0.094566 -1.261898 0.000000
vt -0.243879 -1.112817 0.000000
vt -0.281586 -1.233709 0.000000
vt -0.462316 -1.177961 0.000000
vt -0.243908 -1.098982 0.000000
vt -0.587606 -0.861617 0.000000
vt -0.182620 -1.023576 0.000000
vt -0.183424 -0.635381 0.000000
vt -0.230595 -1.098389 0.000000
vt -0.184587 -1.054296 0.000000
vt -0.182850 -1.039129 0.000000
vt -0.189179 -1.068728 0.000000
vt -0.217938 -1.096051 0.000000
vt -0.212059 -1.093689 0.000000
vt -0.206500 -1.090476 0.000000
vt -0.195926 -1.082606 0.000000
vt -0.168807 -0.635351 0.000000
vt -0.397527 -0.502737 0.000000
vt -0.407500 -0.512326 0.000000
vt -0.499619 -0.525820 0.000000
vt -0.597477 -0.851351 0.000000
vt -0.762387 -0.778468 0.000000
vt -0.714442 -0.828333 0.000000
vt 0.170229 -1.049702 0.000000
vt 0.169535 -0.714476 0.000000
vt 0.106734 -0.648615 0.000000
vt 0.106705 -0.634780 0.000000
vt 0.169015 -0.700819 0.000000
vt 0.119915 -0.649160 0.000000
vt 0.166943 -0.687653 0.000000
vt 0.161989 -0.675398 0.000000
vt 0.154985 -0.663791 0.000000
vt 0.144123 -0.656508 0.000000
vt 0.132537 -0.651332 0.000000
vt 0.251566 -0.634480 0.000000
vt 0.293510 -0.569604 0.000000
vt 0.301438 -0.580942 0.000000
vt 0.251595 -0.648316 0.000000
vt 0.389201 -0.612015 0.000000
vt 0.559804 -0.856007 0.000000
vt 0.192762 -0.730304 0.000000
vt 0.193341 -1.009694 0.000000
vt 0.238245 -0.649003 0.000000
vt 0.194517 -0.697494 0.000000
vt 0.192953 -0.713751 0.000000
vt 0.225725 -0.651625 0.000000
vt 0.220032 -0.654255 0.000000
vt 0.214740 -0.657821 0.000000
vt 0.198689 -0.681802 0.000000
vt 0.204837 -0.666536 0.000000
vt 0.193892 -1.026946 0.000000
vt 0.264326 -1.097930 0.000000
vt 0.559095 -0.949438 0.000000
vt 0.568504 -0.868820 0.000000
vt 0.575943 -0.882148 0.000000
vt 0.580985 -0.896454 0.000000
vt 0.568582 -0.941946 0.000000
vt 0.576449 -0.933448 0.000000
vt 0.249113 -1.095670 0.000000
vt 0.196228 -1.043693 0.000000
vt 0.201894 -1.059497 0.000000
vt 0.209955 -1.074623 0.000000
vt 0.221830 -1.084232 0.000000
vt 0.234723 -1.091598 0.000000
vt 0.462316 -1.177961 0.000000
vt 0.264355 -1.111765 0.000000
vt 0.707752 -0.862376 0.000000
vt 0.927630 -0.860715 0.000000
vt 0.699824 -0.851038 0.000000
vt 0.834132 -0.611042 0.000000
vt 0.820407 -0.608102 0.000000
vt 0.788987 -0.989358 0.000000
vt 0.567023 -0.960776 0.000000
vt 0.632718 -1.095900 0.000000
vt 0.579279 -0.928514 0.000000
vt 0.581349 -0.923108 0.000000
vt 0.584208 -0.911502 0.000000
vt 0.380187 -0.599477 0.000000
vt 0.370255 -0.587951 0.000000
vt 0.358578 -0.578349 0.000000
vt 0.345572 -0.570211 0.000000
vt 0.333711 -0.568995 0.000000
vt 0.311696 -0.574604 0.000000
vt 0.327936 -0.569118 0.000000
vt 0.322345 -0.570110 0.000000
vt 0.434238 -0.471204 0.000000
vt 0.570592 -0.278701 0.000000
vt -0.514569 -0.381007 0.000000
vt -0.622420 -0.222816 0.000000
vt -0.643669 0.120369 0.000000
vt -0.635430 0.217875 0.000000
vt -0.646337 0.226385 0.000000
vt 0.582976 -0.284868 0.000000
vt 0.442166 -0.482543 0.000000
vt 0.734161 -0.454300 0.000000
vt 0.730267 -0.486382 0.000000
vt 0.730571 -0.519292 0.000000
vt 0.441224 -0.575640 0.000000
vt 0.739145 -0.544627 0.000000
vt 0.744654 -0.556353 0.000000
vt 0.611827 -0.819632 0.000000
vt 0.751628 -0.566949 0.000000
vt 0.760338 -0.576205 0.000000
vt 0.770434 -0.584394 0.000000
vt 0.792935 -0.598990 0.000000
vt 0.432566 -0.489993 0.000000
vt 0.425015 -0.549603 0.000000
vt 0.432508 -0.562875 0.000000
vt 0.424558 -0.498448 0.000000
vt 0.421640 -0.503362 0.000000
vt 0.419490 -0.508761 0.000000
vt 0.419855 -0.535363 0.000000
vt 0.416487 -0.520378 0.000000
vt 0.620875 -0.832331 0.000000
vt 0.630814 -0.844070 0.000000
vt 0.689531 -0.857556 0.000000
vt 0.642457 -0.853973 0.000000
vt 0.678836 -0.862248 0.000000
vt 0.673213 -0.863346 0.000000
vt 0.667394 -0.863553 0.000000
vt 0.655422 -0.862453 0.000000
vt -0.512242 0.504093 0.000000
vt -0.544328 0.507564 0.000000
vt -0.540702 0.361767 0.000000
vt -0.573883 0.510775 0.000000
vt -0.634031 0.365428 0.000000
vt -0.603434 0.512655 0.000000
vt -0.632977 0.511962 0.000000
vt -0.662514 0.509201 0.000000
vt -0.677264 0.504107 0.000000
vt -0.690966 0.497371 0.000000
vt -0.702899 0.487863 0.000000
vt -0.713757 0.476668 0.000000
vt -0.737537 0.446191 0.000000
vt -0.621733 0.356123 0.000000
vt -0.608852 0.348072 0.000000
vt -0.594863 0.342400 0.000000
vt -0.580039 0.338525 0.000000
vt -0.568265 0.340829 0.000000
vt -0.562741 0.342637 0.000000
vt -0.557647 0.345223 0.000000
vt -0.548714 0.352662 0.000000
vt -0.480115 0.501355 0.000000
vt -0.447909 0.499972 0.000000
vt -0.639277 0.236427 0.000000
vt -0.640751 0.283679 0.000000
vt -0.649838 0.295660 0.000000
vt -0.660809 0.306071 0.000000
vt -0.634092 0.246963 0.000000
vt -0.632780 0.252568 0.000000
vt -0.632373 0.258412 0.000000
vt -0.633094 0.270504 0.000000
vt -0.672770 0.315656 0.000000
vt -0.733971 0.136794 0.000000
vt -0.908776 0.499805 0.000000
vt -0.822309 0.081993 0.000000
vt -0.733091 0.122579 0.000000
vt -0.821429 0.067778 0.000000
vt -0.721449 0.117984 0.000000
vt -0.710075 0.112876 0.000000
vt -0.665327 0.057182 0.000000
vt -0.699200 0.106808 0.000000
vt -0.688684 0.100051 0.000000
vt -0.668826 0.072335 0.000000
vt -0.672411 0.080253 0.000000
vt -0.920837 0.509006 0.000000
vt -1.000832 0.502989 0.000000
vt -1.040464 0.095801 0.000000
vt -0.938057 0.074826 0.000000
vt -1.039911 0.086866 0.000000
vt -0.937177 0.060612 0.000000
vt -1.091410 0.003362 0.000000
vt -0.887278 0.011924 0.000000
vt -1.082910 -0.133912 0.000000
vt -0.879030 -0.121289 0.000000
vt -0.933453 0.517058 0.000000
vt -0.992891 0.512310 0.000000
vt -0.947127 0.522919 0.000000
vt -0.984025 0.519995 0.000000
vt -0.978958 0.522718 0.000000
vt -0.973435 0.524635 0.000000
vt -0.961614 0.527097 0.000000
vt -1.209216 0.372994 0.000000
vt -1.011740 0.511500 0.000000
vt -1.140119 0.549052 0.000000
vt -1.045552 0.712846 0.000000
vt -0.891336 0.665809 0.000000
vt -0.870628 0.689101 0.000000
vt -0.927630 0.860715 0.000000
vt -0.847823 0.709333 0.000000
vt -0.821303 0.724140 0.000000
vt -0.792370 0.735427 0.000000
vt -0.788987 0.989358 0.000000
vt -0.766290 0.738121 0.000000
vt -0.741149 0.736499 0.000000
vt -0.729189 0.732888 0.000000
vt -0.717585 0.727636 0.000000
vt -0.485463 0.564635 0.000000
vt -0.657575 0.664187 0.000000
vt -0.510535 0.567647 0.000000
vt -0.534619 0.570593 0.000000
vt -0.558742 0.572943 0.000000
vt -0.651485 0.645964 0.000000
vt -0.582937 0.574170 0.000000
vt -0.650100 0.626643 0.000000
vt -0.607187 0.574563 0.000000
vt -0.652403 0.606463 0.000000
vt -0.621433 0.573491 0.000000
vt -0.635545 0.571682 0.000000
vt -0.649425 0.568586 0.000000
vt -0.663156 0.564670 0.000000
vt -0.460364 0.562565 0.000000
vt -0.435215 0.562307 0.000000
vt -0.410026 0.563489 0.000000
vt -0.397852 0.566349 0.000000
vt -0.376034 0.577042 0.000000
vt -0.386351 0.570531 0.000000
vt 0.545894 0.966858 0.000000
vt 0.554382 0.968481 0.000000
vt 0.543930 0.967673 0.000000
vt 0.556618 0.970430 0.000000
vt 0.538594 0.971000 0.000000
vt 0.558653 0.972600 0.000000
vt 0.560583 0.974884 0.000000
vt 0.547883 0.966325 0.000000
vt 0.548893 0.966254 0.000000
vt 0.549915 0.966325 0.000000
vt 0.551980 0.966715 0.000000
vt 0.572820 0.969355 0.000000
vt 0.632718 1.095900 0.000000
vt 0.510656 0.994507 0.000000
vt 0.524026 0.982917 0.000000
vt 0.788987 0.989358 0.000000
vt 0.526746 0.867379 0.000000
vt 0.790986 0.679710 0.000000
vt 0.456378 0.711634 0.000000
vt 0.459114 0.690869 0.000000
vt 0.513767 0.873243 0.000000
vt 0.431142 0.771025 0.000000
vt 0.444870 0.741896 0.000000
vt 0.518696 0.893299 0.000000
vt 0.367103 0.870074 0.000000
vt 0.381062 0.847464 0.000000
vt 0.396176 0.825460 0.000000
vt 0.520930 0.913303 0.000000
vt 0.518456 0.933216 0.000000
vt 0.355359 0.893846 0.000000
vt 0.512997 0.953072 0.000000
vt 0.502815 0.970096 0.000000
vt 0.490626 0.985077 0.000000
vt 0.475204 0.996768 0.000000
vt 0.457899 1.006543 0.000000
vt 0.442132 1.012402 0.000000
vt 0.345349 0.918527 0.000000
vt 0.343111 0.933347 0.000000
vt 0.342733 0.948007 0.000000
vt 0.345496 0.962400 0.000000
vt 0.426141 1.016225 0.000000
vt 0.409758 1.016456 0.000000
vt 0.393121 1.014378 0.000000
vt 0.379333 1.008441 0.000000
vt 0.357886 0.989533 0.000000
vt 0.350168 0.976630 0.000000
vt 0.372966 1.004868 0.000000
vt 0.367230 1.000569 0.000000
vt 0.414444 0.798642 0.000000
vt 0.459243 0.670362 0.000000
vt 0.455049 0.650281 0.000000
vt 0.232544 0.584892 0.000000
vt 0.216178 0.598434 0.000000
vt 0.200495 0.612917 0.000000
vt 0.195561 0.617712 0.000000
vt 0.190476 0.622319 0.000000
vt 0.185094 0.626556 0.000000
vt 0.179448 0.630464 0.000000
vt 0.172465 0.631098 0.000000
vt 0.169156 0.630845 0.000000
vt 0.166059 0.629924 0.000000
vt 0.163172 0.628347 0.000000
vt 0.160442 0.626275 0.000000
vt 0.198862 0.669939 0.000000
vt 0.204816 0.646686 0.000000
vt 0.215561 0.627042 0.000000
vt 0.379478 0.708023 0.000000
vt 0.228597 0.609604 0.000000
vt 0.245475 0.595867 0.000000
vt 0.264675 0.584366 0.000000
vt 0.282507 0.577842 0.000000
vt 0.390250 0.681800 0.000000
vt 0.393011 0.666748 0.000000
vt 0.393891 0.651811 0.000000
vt 0.391507 0.637075 0.000000
vt 0.387066 0.622467 0.000000
vt 0.378195 0.607259 0.000000
vt 0.367471 0.594083 0.000000
vt 0.353570 0.584386 0.000000
vt 0.300562 0.573749 0.000000
vt 0.319009 0.573927 0.000000
vt 0.337707 0.576841 0.000000
vt 0.281586 1.233709 0.000000
vt 0.324794 1.004624 0.000000
vt 0.344345 1.018932 0.000000
vt 0.366624 1.030347 0.000000
vt 0.462316 1.177961 0.000000
vt 0.391970 1.035363 0.000000
vt 0.417059 1.036506 0.000000
vt 0.441738 1.031481 0.000000
vt 0.466180 1.022895 0.000000
vt 0.481767 1.014545 0.000000
vt 0.496714 1.005259 0.000000
vt 0.528684 0.978679 0.000000
vt 0.533494 0.974643 0.000000
vt -0.885208 -0.574737 0.000000
vt -0.879082 -0.653378 0.000000
vt -0.876967 -0.560666 0.000000
vt -0.868371 -0.667493 0.000000
vt -0.856302 -0.680791 0.000000
vt -0.887276 -0.637753 0.000000
vt -0.891391 -0.589329 0.000000
vt -0.893822 -0.604871 0.000000
vt -0.893693 -0.621061 0.000000
vt -0.806101 -0.733003 0.000000
vt -0.541573 -0.478662 0.000000
vt -0.530751 -0.468128 0.000000
vt -0.524542 -0.390596 0.000000
vt -0.636229 -0.223671 0.000000
vt -0.883453 -0.553920 0.000000
vt -0.714372 -0.174286 0.000000
vt -1.012336 -0.192735 0.000000
vt -0.520962 -0.456892 0.000000
vt -0.516848 -0.399306 0.000000
vt -0.513160 -0.444309 0.000000
vt -0.507765 -0.419233 0.000000
vt -0.506919 -0.430666 0.000000
vt -0.508873 -0.413789 0.000000
vt -0.510787 -0.408665 0.000000
vt -0.416530 -0.503926 0.000000
vt -0.463658 -0.499085 0.000000
vt -0.476718 -0.506250 0.000000
vt -0.488505 -0.515487 0.000000
vt -0.426318 -0.497379 0.000000
vt -0.431729 -0.495368 0.000000
vt -0.437500 -0.494237 0.000000
vt -0.449650 -0.493462 0.000000
vt -0.700992 -0.841627 0.000000
vt -0.686589 -0.853423 0.000000
vt -0.670408 -0.862421 0.000000
vt -0.652942 -0.869399 0.000000
vt -0.637695 -0.869422 0.000000
vt -0.610022 -0.860200 0.000000
vt -0.630322 -0.868609 0.000000
vt -0.623250 -0.866811 0.000000
vt -0.632718 -1.095900 0.000000
vt -0.666510 -0.937482 0.000000
vt -0.788987 -0.989358 0.000000
vt -0.676381 -0.927216 0.000000
vt -0.681374 -0.908984 0.000000
vt -0.689006 -0.892153 0.000000
vt -0.700137 -0.877178 0.000000
vt -0.713112 -0.863182 0.000000
vt -0.927630 -0.860715 0.000000
vt -0.886559 -0.682787 0.000000
vt -1.045552 -0.712846 0.000000
vt -0.900726 -0.668659 0.000000
vt -0.915957 -0.656287 0.000000
vt -0.933195 -0.647232 0.000000
vt -0.951923 -0.640638 0.000000
vt -0.962358 -0.629785 0.000000
vt -1.140119 -0.549052 0.000000
vt -1.085009 -0.251458 0.000000
vt -1.027853 -0.193858 0.000000
vt 1.028112 -0.362217 0.000000
vt 1.039223 -0.357668 0.000000
vt 1.012777 -0.361154 0.000000
vt 1.056006 -0.342158 0.000000
vt 1.062016 -0.331598 0.000000
vt 1.044283 -0.354808 0.000000
vt 1.048754 -0.351256 0.000000
vt 1.074400 -0.337765 0.000000
vt 1.251302 -0.188603 0.000000
vt 0.701754 -0.212646 0.000000
vt 0.969714 -0.346091 0.000000
vt 0.996763 -0.493663 0.000000
vt 1.140119 -0.549052 0.000000
vt 1.209216 -0.372994 0.000000
vt 0.978918 -0.525020 0.000000
vt 0.958134 -0.553647 0.000000
vt 1.045552 -0.712846 0.000000
vt 0.932089 -0.577387 0.000000
vt 0.902575 -0.597905 0.000000
vt 0.875226 -0.607491 0.000000
vt 0.861542 -0.610712 0.000000
vt 0.847845 -0.612045 0.000000
vt 0.744221 -0.423431 0.000000
vt 0.674988 -0.270231 0.000000
vt 0.661041 -0.263484 0.000000
vt 0.757666 -0.393229 0.000000
vt 0.766286 -0.377013 0.000000
vt 0.775273 -0.361010 0.000000
vt 0.784822 -0.345334 0.000000
vt 0.794688 -0.329842 0.000000
vt 0.646772 -0.258046 0.000000
vt 0.588928 -0.274343 0.000000
vt 0.631887 -0.255104 0.000000
vt 0.596104 -0.265237 0.000000
vt 0.600526 -0.261652 0.000000
vt 0.605532 -0.258745 0.000000
vt 0.616530 -0.254074 0.000000
vt 0.595785 0.234495 0.000000
vt 0.647140 -0.124989 0.000000
vt 0.607904 0.241168 0.000000
vt 0.659525 -0.131157 0.000000
vt 0.996895 0.305805 0.000000
vt 1.265436 -0.000000 0.000000
vt 1.251302 0.188603 0.000000
vt 0.654727 -0.142387 0.000000
vt 0.665488 -0.188067 0.000000
vt 0.676254 -0.197875 0.000000
vt 0.688588 -0.205769 0.000000
vt 0.651891 -0.153714 0.000000
vt 0.651808 -0.159444 0.000000
vt 0.652647 -0.165219 0.000000
vt 0.655881 -0.176846 0.000000
vt 0.983649 -0.352802 0.000000
vt 0.997907 -0.358214 0.000000
vt -0.927076 0.059405 0.000000
vt -0.888101 0.021867 0.000000
vt -0.917287 0.057306 0.000000
vt -0.889991 0.031418 0.000000
vt -0.908087 0.053523 0.000000
vt -0.893902 0.040227 0.000000
vt -0.899326 0.048482 0.000000
vt -0.831831 0.064381 0.000000
vt -0.863995 0.010690 0.000000
vt -0.863198 -0.001670 0.000000
vt -0.660130 0.010904 0.000000
vt -0.685303 -0.109294 0.000000
vt -0.654975 -0.072354 0.000000
vt -0.654746 -0.079604 0.000000
vt -0.678433 -0.108594 0.000000
vt -0.655327 -0.086663 0.000000
vt -0.657423 -0.093368 0.000000
vt -0.671911 -0.107062 0.000000
vt -0.666033 -0.103986 0.000000
vt -0.863858 0.022927 0.000000
vt -0.841685 0.060093 0.000000
vt -0.861903 0.034928 0.000000
vt -0.850485 0.054091 0.000000
vt -0.858449 0.046732 0.000000
vt -0.855880 -0.119855 0.000000
vt -0.660613 -0.099815 0.000000
vt -0.661126 0.026444 0.000000
vt -0.662685 0.041897 0.000000
vt -0.676748 0.087631 0.000000
vt -0.682339 0.094111 0.000000
vt -0.637550 -0.211435 0.000000
vt -0.684275 -0.174047 0.000000
vt -0.699229 -0.173540 0.000000
vt -0.669680 -0.176937 0.000000
vt -0.640594 -0.200060 0.000000
vt -0.643295 -0.194960 0.000000
vt -0.646839 -0.190282 0.000000
vt -0.655359 -0.181640 0.000000
vt -1.043006 -0.196258 0.000000
vt -1.085156 -0.239307 0.000000
vt -1.057464 -0.201094 0.000000
vt -1.083525 -0.227776 0.000000
vt -1.081496 -0.222433 0.000000
vt -1.078610 -0.217389 0.000000
vt -1.071388 -0.207807 0.000000
vt -1.209216 -0.372994 0.000000
vt -1.098818 -0.252313 0.000000
vt -1.251302 -0.188603 0.000000
vt -1.265436 -0.000000 0.000000
vt -1.120067 0.090872 0.000000
vt -1.251302 0.188603 0.000000
vt -1.092369 0.018767 0.000000
vt -1.052201 0.083180 0.000000
vt -1.091985 0.033955 0.000000
vt -1.063860 0.078399 0.000000
vt -1.089002 0.048722 0.000000
vt -1.074326 0.071547 0.000000
vt -1.083900 0.063146 0.000000
vt 1.003989 0.325454 0.000000
vt 1.018471 0.402993 0.000000
vt 0.992381 0.314003 0.000000
vt 1.011789 0.419403 0.000000
vt 1.003582 0.435377 0.000000
vt 1.022332 0.385777 0.000000
vt 1.013745 0.337943 0.000000
vt 1.020125 0.352322 0.000000
vt 1.024200 0.367992 0.000000
vt 0.968643 0.498823 0.000000
vt 0.647196 0.321802 0.000000
vt 0.634011 0.314436 0.000000
vt 0.621643 0.306124 0.000000
vt 0.602733 0.251576 0.000000
vt 0.610844 0.295995 0.000000
vt 0.599306 0.262187 0.000000
vt 0.598787 0.267631 0.000000
vt 0.599130 0.273177 0.000000
vt 0.601278 0.284438 0.000000
vt 0.532986 0.378637 0.000000
vt 0.577245 0.361736 0.000000
vt 0.591716 0.365269 0.000000
vt 0.605496 0.371132 0.000000
vt 0.540740 0.369774 0.000000
vt 0.545444 0.366428 0.000000
vt 0.550724 0.363840 0.000000
vt 0.562258 0.359939 0.000000
vt 0.895306 0.630994 0.000000
vt 0.884456 0.646122 0.000000
vt 0.871163 0.659009 0.000000
vt 0.856105 0.670278 0.000000
vt 0.841385 0.674255 0.000000
vt 0.812268 0.672526 0.000000
vt 0.834054 0.675383 0.000000
vt 0.826757 0.675480 0.000000
vt 0.886868 0.732512 0.000000
vt 0.927630 0.860715 0.000000
vt 1.045552 0.712846 0.000000
vt 0.893739 0.720037 0.000000
vt 0.893832 0.701133 0.000000
vt 0.896837 0.682899 0.000000
vt 0.903702 0.665549 0.000000
vt 0.912602 0.648666 0.000000
vt 1.140119 0.549052 0.000000
vt 1.033321 0.429456 0.000000
vt 1.043339 0.412136 0.000000
vt 1.054840 0.396238 0.000000
vt 1.069139 0.383021 0.000000
vt 1.085515 0.371795 0.000000
vt 1.209216 0.372994 0.000000
vt 1.092777 0.358607 0.000000
vt 0.803040 -0.527178 0.000000
vt 0.821227 -0.538528 0.000000
vt 0.966759 -0.508044 0.000000
vt 0.843107 -0.547081 0.000000
vt 0.951880 -0.525731 0.000000
vt 0.932898 -0.538761 0.000000
vt 0.865330 -0.552454 0.000000
vt 0.888142 -0.552354 0.000000
vt 0.911322 -0.548848 0.000000
vt 0.979284 -0.487685 0.000000
vt 0.775998 -0.496466 0.000000
vt 0.787355 -0.513680 0.000000
vt 1.005586 -0.434870 0.000000
vt 0.787473 -0.375426 0.000000
vt 0.780406 -0.388644 0.000000
vt 0.771552 -0.409962 0.000000
vt 0.813993 -0.339456 0.000000
vt 0.804206 -0.350790 0.000000
vt 0.795227 -0.362684 0.000000
vt 0.765605 -0.431671 0.000000
vt 0.764809 -0.454072 0.000000
vt 0.767354 -0.476924 0.000000
vt -0.000000 0.000000 0.000000
vt 0.102772 0.000000 0.000000
vt -0.000000 0.177800 0.000000
vt 0.102772 0.177800 0.000000
vt 0.205543 0.000000 0.000000
vt 0.205543 0.177800 0.000000
vt 0.308315 0.000000 0.000000
vt 0.308315 0.177800 0.000000
vt 0.411087 0.000000 0.000000
vt 0.411087 0.177800 0.000000
vt 0.513858 0.000000 0.000000
vt 0.513858 0.177800 0.000000
vt 0.616630 0.000000 0.000000
vt 0.616630 0.177800 0.000000
vt 0.719402 0.000000 0.000000
vt 0.719402 0.177800 0.000000
vt 0.822173 0.000000 0.000000
vt 0.822173 0.177800 0.000000
vt -0.107328 0.000000 0.000000
vt -0.000000 0.000000 0.000000
vt -0.107328 0.177800 0.000000
vt -0.000000 0.177800 0.000000
vt -0.689475 0.000000 0.000000
vt -0.517106 0.000000 0.000000
vt -0.689475 0.177800 0.000000
vt -0.517106 0.177800 0.000000
vt -0.430922 0.000000 0.000000
vt -0.430922 0.177800 0.000000
vt -0.344738 0.000000 0.000000
vt -0.344738 0.177800 0.000000
vt -0.258553 0.000000 0.000000
vt -0.258553 0.177800 0.000000
vt -0.172369 0.000000 0.000000
vt -0.172369 0.177800 0.000000
vt -0.086184 0.000000 0.000000
vt -0.086184 0.177800 0.000000
vt -0.000000 0.000000 0.000000
vt -0.000000 0.177800 0.000000
vt -4.665352 0.000000 0.000000
vt -4.596144 0.000000 0.000000
vt -4.665352 0.177800 0.000000
vt -4.596144 0.177800 0.000000
vt -4.526935 0.000000 0.000000
vt -4.526935 0.177800 0.000000
vt -4.457727 0.000000 0.000000
vt -4.457727 0.177800 0.000000
vt -4.388519 0.000000 0.000000
vt -4.388519 0.177800 0.000000
vt -4.319311 0.000000 0.000000
vt -4.319311 0.177800 0.000000
vt -4.250102 0.000000 0.000000
vt -4.250102 0.177800 0.000000
vt -4.111686 0.000000 0.000000
vt -4.111686 0.177800 0.000000
vt -3.973269 0.000000 0.000000
vt -3.973269 0.177800 0.000000
vt -3.834853 0.000000 0.000000
vt -3.834853 0.177800 0.000000
vt -3.696436 0.000000 0.000000
vt -3.696436 0.177800 0.000000
vt -3.558020 0.000000 0.000000
vt -3.558020 0.177800 0.000000
vt -3.419603 0.000000 0.000000
vt -3.419603 0.177800 0.000000
vt -3.281187 0.000000 0.000000
vt -3.281187 0.177800 0.000000
vt -3.142770 0.000000 0.000000
vt -3.142770 0.177800 0.000000
vt -3.004354 0.000000 0.000000
vt -3.004354 0.177800 0.000000
vt -2.865937 0.000000 0.000000
vt -2.865937 0.177800 0.000000
vt -2.727521 0.000000 0.000000
vt -2.727521 0.177800 0.000000
vt -2.589104 0.000000 0.000000
vt -2.589104 0.177800 0.000000
vt -2.450688 0.000000 0.000000
vt -2.450688 0.177800 0.000000
vt -2.312271 0.000000 0.000000
vt -2.312271 0.177800 0.000000
vt -2.173855 0.000000 0.000000
vt -2.173855 0.177800 0.000000
vt -2.035438 0.000000 0.000000
vt -2.035438 0.177800 0.000000
vt -1.897021 0.000000 0.000000
vt -1.897021 0.177800 0.000000
vt -1.758605 0.000000 0.000000
vt -1.758605 0.177800 0.000000
vt -1.620188 0.000000 0.000000
vt -1.620188 0.177800 0.000000
vt -1.481772 0.000000 0.000000
vt -1.481772 0.177800 0.000000
vt -1.343355 0.000000 0.000000
vt -1.343355 0.177800 0.000000
vt -1.204939 0.000000 0.000000
vt -1.204939 0.177800 0.000000
vt -1.066522 0.000000 0.000000
vt -1.066522 0.177800 0.000000
vt -0.928106 0.000000 0.000000
vt -0.928106 0.177800 0.000000
vt -0.789689 0.000000 0.000000
vt -0.789689 0.177800 0.000000
vt -0.651273 0.000000 0.000000
vt -0.651273 0.177800 0.000000
vt -0.512856 0.000000 0.000000
vt -0.512856 0.177800 0.000000
vt -0.374440 0.000000 0.000000
vt -0.374440 0.177800 0.000000
vt -0.236023 0.000000 0.000000
vt -0.236023 0.177800 0.000000
vt -3.321678 0.000000 0.000000
vt -3.239436 0.000000 0.000000
vt -3.321678 0.177800 0.000000
vt -3.239436 0.177800 0.000000
vt -3.157194 0.000000 0.000000
vt -3.157194 0.177800 0.000000
vt -3.162590 0.000000 0.000000
vt -3.264609 0.177800 0.000000
vt -3.162590 0.177800 0.000000
vt -3.060571 0.000000 0.000000
vt -3.060571 0.177800 0.000000
vt -2.958552 0.000000 0.000000
vt -2.958552 0.177800 0.000000
vt -2.907543 0.000000 0.000000
vt -2.907543 0.177800 0.000000
vt -2.882038 0.000000 0.000000
vt -2.882038 0.177800 0.000000
vt -2.856533 0.000000 0.000000
vt -2.856533 0.177800 0.000000
vt -2.831028 0.000000 0.000000
vt -2.831028 0.177800 0.000000
vt -2.805524 0.000000 0.000000
vt -2.805524 0.177800 0.000000
vt -2.780019 0.000000 0.000000
vt -2.780019 0.177800 0.000000
vt -2.754514 0.000000 0.000000
vt -2.754514 0.177800 0.000000
vt -2.729009 0.000000 0.000000
vt -2.729009 0.177800 0.000000
vt -2.703504 0.000000 0.000000
vt -2.703504 0.177800 0.000000
vt -2.678000 0.000000 0.000000
vt -2.678000 0.177800 0.000000
vt -2.665247 0.000000 0.000000
vt -2.665247 0.177800 0.000000
vt -2.652495 0.000000 0.000000
vt -2.652495 0.177800 0.000000
vt -2.639743 0.000000 0.000000
vt -2.639743 0.177800 0.000000
vt -2.626990 0.000000 0.000000
vt -2.626990 0.177800 0.000000
vt -2.614238 0.000000 0.000000
vt -2.614238 0.177800 0.000000
vt -2.601485 0.000000 0.000000
vt -2.601485 0.177800 0.000000
vt -2.588733 0.000000 0.000000
vt -2.588733 0.177800 0.000000
vt -2.575981 0.000000 0.000000
vt -2.575981 0.177800 0.000000
vt -2.550476 0.000000 0.000000
vt -2.550476 0.177800 0.000000
vt -2.499466 0.000000 0.000000
vt -2.499466 0.177800 0.000000
vt -2.448457 0.000000 0.000000
vt -2.448457 0.177800 0.000000
vt -2.397447 0.000000 0.000000
vt -2.397447 0.177800 0.000000
vt -2.346438 0.000000 0.000000
vt -2.346438 0.177800 0.000000
vt -2.244419 0.000000 0.000000
vt -2.244419 0.177800 0.000000
vt -2.193409 0.000000 0.000000
vt -2.193409 0.177800 0.000000
vt -2.142400 0.000000 0.000000
vt -2.142400 0.177800 0.000000
vt -2.040381 0.000000 0.000000
vt -2.040381 0.177800 0.000000
vt -1.938362 0.000000 0.000000
vt -1.938362 0.177800 0.000000
vt -1.836343 0.000000 0.000000
vt -1.836343 0.177800 0.000000
vt -1.734324 0.000000 0.000000
vt -1.734324 0.177800 0.000000
vt -1.632305 0.000000 0.000000
vt -1.632305 0.177800 0.000000
vt -1.530286 0.000000 0.000000
vt -1.530286 0.177800 0.000000
vt -1.428267 0.000000 0.000000
vt -1.428267 0.177800 0.000000
vt -1.326247 0.000000 0.000000
vt -1.326247 0.177800 0.000000
vt -1.224228 0.000000 0.000000
vt -1.224228 0.177800 0.000000
vt -1.122209 0.000000 0.000000
vt -1.122209 0.177800 0.000000
vt -1.071200 0.000000 0.000000
vt -1.071200 0.177800 0.000000
vt -1.020190 0.000000 0.000000
vt -1.020190 0.177800 0.000000
vt -0.918171 0.000000 0.000000
vt -0.918171 0.177800 0.000000
vt -0.816152 0.000000 0.000000
vt -0.816152 0.177800 0.000000
vt -0.714133 0.000000 0.000000
vt -0.714133 0.177800 0.000000
vt -0.612114 0.000000 0.000000
vt -0.612114 0.177800 0.000000
vt -0.510095 0.000000 0.000000
vt -0.510095 0.177800 0.000000
vt -0.408076 0.000000 0.000000
vt -0.408076 0.177800 0.000000
vt -0.306057 0.000000 0.000000
vt -0.306057 0.177800 0.000000
vt -0.204038 0.000000 0.000000
vt -0.204038 0.177800 0.000000
vt -0.102019 0.000000 0.000000
vt -0.102019 0.177800 0.000000
vt -0.000000 0.000000 0.000000
vt -0.000000 0.177800 0.000000
vt -1.334913 0.000000 0.000000
vt -1.293197 0.000000 0.000000
vt -1.334913 0.177800 0.000000
vt -1.293197 0.177800 0.000000
vt -1.251481 0.000000 0.000000
vt -1.251481 0.177800 0.000000
vt -1.168049 0.000000 0.000000
vt -1.168049 0.177800 0.000000
vt -1.126333 0.000000 0.000000
vt -1.126333 0.177800 0.000000
vt -1.084617 0.000000 0.000000
vt -1.084617 0.177800 0.000000
vt -1.001185 0.000000 0.000000
vt -1.001185 0.177800 0.000000
vt -0.917753 0.000000 0.000000
vt -0.917753 0.177800 0.000000
vt -0.876037 0.000000 0.000000
vt -0.876037 0.177800 0.000000
vt -0.834321 0.000000 0.000000
vt -0.834321 0.177800 0.000000
vt -0.813463 0.000000 0.000000
vt -0.813463 0.177800 0.000000
vt -0.792605 0.000000 0.000000
vt -0.792605 0.177800 0.000000
vt -0.771747 0.000000 0.000000
vt -0.771747 0.177800 0.000000
vt -0.750889 0.000000 0.000000
vt -0.750889 0.177800 0.000000
vt -0.709173 0.000000 0.000000
vt -0.709173 0.177800 0.000000
vt -0.667456 0.000000 0.000000
vt -0.667456 0.177800 0.000000
vt -0.500592 0.000000 0.000000
vt -0.500592 0.177800 0.000000
vt -0.333728 0.000000 0.000000
vt -0.333728 0.177800 0.000000
vt -0.292012 0.000000 0.000000
vt -0.292012 0.177800 0.000000
vt -0.250296 0.000000 0.000000
vt -0.250296 0.177800 0.000000
vt -0.166864 0.000000 0.000000
vt -0.166864 0.177800 0.000000
vt -0.125148 0.000000 0.000000
vt -0.125148 0.177800 0.000000
vt -0.083432 0.000000 0.000000
vt -0.083432 0.177800 0.000000
vt -0.041716 0.000000 0.000000
vt -0.041716 0.177800 0.000000
vt -0.000000 0.000000 0.000000
vt -0.000000 0.177800 0.000000
vt 0.027369 0.000000 0.000000
vt -0.000000 0.177800 0.000000
vt 0.027369 0.177800 0.000000
vt 0.054738 0.000000 0.000000
vt 0.054738 0.177800 0.000000
vt 0.109477 0.000000 0.000000
vt 0.109477 0.177800 0.000000
vt 0.164215 0.000000 0.000000
vt 0.164215 0.177800 0.000000
vt 0.218954 0.000000 0.000000
vt 0.218954 0.177800 0.000000
vt 0.273692 0.000000 0.000000
vt 0.273692 0.177800 0.000000
vt 0.328431 0.000000 0.000000
vt 0.328431 0.177800 0.000000
vt 0.383169 0.000000 0.000000
vt 0.383169 0.177800 0.000000
vt 0.437907 0.000000 0.000000
vt 0.437907 0.177800 0.000000
vt 0.492646 0.000000 0.000000
vt 0.492646 0.177800 0.000000
vt 0.547384 0.000000 0.000000
vt 0.547384 0.177800 0.000000
vt 0.656861 0.000000 0.000000
vt 0.656861 0.177800 0.000000
vt 0.711600 0.000000 0.000000
vt 0.711600 0.177800 0.000000
vt 0.766338 0.000000 0.000000
vt 0.766338 0.177800 0.000000
vt 0.821076 0.000000 0.000000
vt 0.821076 0.177800 0.000000
vt 0.875815 0.000000 0.000000
vt 0.875815 0.177800 0.000000
vt 0.047432 -0.481280 0.000000
vt 0.090556 -0.503431 0.000000
vt 0.036212 -0.470729 0.000000
vt -0.026480 -0.326875 0.000000
vt -0.014371 -0.395242 0.000000
vt 0.060241 -0.490267 0.000000
vt 0.126603 -0.509683 0.000000
vt -0.025685 -0.288860 0.000000
vt -0.018998 -0.251396 0.000000
vt 0.166809 -0.507838 0.000000
vt 0.208575 -0.496281 0.000000
vt 0.248945 -0.473742 0.000000
vt 0.285368 -0.440151 0.000000
vt 0.316080 -0.396889 0.000000
vt 0.340029 -0.346330 0.000000
vt 0.029904 -0.088708 0.000000
vt 0.356741 -0.291258 0.000000
vt 0.368629 -0.178157 0.000000
vt 0.364458 -0.124449 0.000000
vt 0.354057 -0.074539 0.000000
vt 0.337718 -0.029038 0.000000
vt 0.315612 0.011871 0.000000
vt 0.066576 0.061571 0.000000
vt 0.071080 0.104090 0.000000
vt 0.346220 0.131605 0.000000
vt 0.066760 0.147335 0.000000
vt 0.150512 0.367471 0.000000
vt 0.060158 0.168006 0.000000
vt 0.050515 0.187397 0.000000
vt 0.038206 0.205119 0.000000
vt 0.023865 0.220887 0.000000
vt 0.096462 0.414777 0.000000
vt -0.007958 0.245989 0.000000
vt 0.042088 0.452630 0.000000
vt -0.040093 0.262876 0.000000
vt -0.012587 0.481099 0.000000
vt -0.104624 0.281730 0.000000
vt -0.067506 0.500376 0.000000
vt -0.122561 0.510848 0.000000
vt 0.369132 0.245736 0.000000
vt 0.393195 0.348759 0.000000
vt 0.156655 0.430974 0.000000
vt 0.168699 0.499639 0.000000
vt 0.425718 0.442945 0.000000
vt 0.187044 0.573601 0.000000
vt 0.456885 0.551077 0.000000
vt 0.212027 0.652628 0.000000
vt 0.243796 0.736134 0.000000
vt 0.475986 0.683788 0.000000
vt 0.282248 0.823449 0.000000
vt 0.482725 0.827905 0.000000
vt 0.377527 1.007456 0.000000
vt 0.479075 0.972708 0.000000
vt -0.174850 0.291528 0.000000
vt -0.177571 0.513158 0.000000
vt -0.206522 0.289564 0.000000
vt -0.286363 0.497099 0.000000
vt -0.235991 0.280945 0.000000
vt -0.303961 0.246930 0.000000
vt -0.391247 0.460062 0.000000
vt -0.340576 0.223775 0.000000
vt -0.489482 0.406211 0.000000
vt -0.370719 0.197199 0.000000
vt -0.414896 0.139127 0.000000
vt -0.578643 0.334229 0.000000
vt -0.455919 0.070313 0.000000
vt -0.656239 0.242741 0.000000
vt -0.490145 -0.011382 0.000000
vt -0.719489 0.135566 0.000000
vt -0.766224 0.020206 0.000000
vt -0.511676 -0.107811 0.000000
vt -0.796179 -0.096811 0.000000
vt -0.518191 -0.213408 0.000000
vt -0.810397 -0.212626 0.000000
vt -0.808216 -0.327944 0.000000
vt -0.512889 -0.314603 0.000000
vt -0.785556 -0.445539 0.000000
vt -0.497058 -0.403427 0.000000
vt -0.738424 -0.566199 0.000000
vt -0.464295 -0.487341 0.000000
vt -0.668171 -0.684225 0.000000
vt -0.581784 -0.788568 0.000000
vt -0.408222 -0.574631 0.000000
vt -0.486870 -0.869937 0.000000
vt -0.332567 -0.655984 0.000000
vt -0.386956 -0.926986 0.000000
vt -0.290454 -0.688599 0.000000
vt -0.246787 -0.713769 0.000000
vt -0.281465 -0.964934 0.000000
vt -0.155235 -0.743586 0.000000
vt -0.168619 -0.989585 0.000000
vt -0.055960 -0.756415 0.000000
vt -0.048116 -1.003585 0.000000
vt 0.050355 -0.760334 0.000000
vt 0.076844 -1.006079 0.000000
vt 0.156607 -0.751338 0.000000
vt 0.199148 -0.993703 0.000000
vt 0.255352 -0.722243 0.000000
vt 0.311685 -0.963518 0.000000
vt 0.412563 -0.916335 0.000000
vt 0.344307 -0.672098 0.000000
vt 0.504996 -0.856016 0.000000
vt 0.423866 -0.605535 0.000000
vt 0.591209 -0.784366 0.000000
vt 0.492045 -0.527818 0.000000
vt 0.668578 -0.699024 0.000000
vt 0.544194 -0.440594 0.000000
vt 0.732186 -0.598785 0.000000
vt 0.778553 -0.489160 0.000000
vt 0.576149 -0.339204 0.000000
vt 0.806332 -0.380073 0.000000
vt 0.583792 -0.281153 0.000000
vt 0.811866 -0.295065 0.000000
vt 0.810124 -0.214933 0.000000
vt 0.585613 -0.218375 0.000000
vt 0.795555 -0.119950 0.000000
vt 0.570999 -0.088078 0.000000
vt 0.761727 -0.018653 0.000000
vt 0.703425 0.082965 0.000000
vt 0.554589 -0.028925 0.000000
vt 0.664960 0.124286 0.000000
vt 0.533315 0.020471 0.000000
vt 0.643817 0.140265 0.000000
vt 0.621752 0.152397 0.000000
vt 0.599151 0.160342 0.000000
vt 0.576507 0.163992 0.000000
vt 0.509793 0.057820 0.000000
vt 0.554436 0.163531 0.000000
vt 0.533675 0.159471 0.000000
vt 0.515039 0.152590 0.000000
vt 0.488666 0.084198 0.000000
vt 0.499325 0.143792 0.000000
vt 0.487240 0.133981 0.000000
vt 0.481022 0.094698 0.000000
vt 0.482731 0.128941 0.000000
vt 0.478312 0.099612 0.000000
vt 0.479303 0.123912 0.000000
vt 0.476477 0.104425 0.000000
vt 0.476977 0.118939 0.000000
vt 0.475600 0.109216 0.000000
vt 0.475751 0.114042 0.000000
vt -0.005069 -0.419807 0.000000
vt 0.005943 -0.438826 0.000000
vt 0.019533 -0.455261 0.000000
vt -0.460099 -1.178829 0.000000
vt -0.426582 -1.191368 0.000000
vt -0.358551 -1.213577 0.000000
vt -0.392724 -1.202953 0.000000
vt -0.463749 -1.034026 0.000000
vt -0.632387 -1.096091 0.000000
vt -0.457010 -0.889909 0.000000
vt -0.790250 -0.988349 0.000000
vt -0.437909 -0.757198 0.000000
vt -0.930086 -0.858061 0.000000
vt -0.602776 -0.358518 0.000000
vt -0.624841 -0.346386 0.000000
vt -0.406741 -0.649066 0.000000
vt -0.580175 -0.366463 0.000000
vt -0.557531 -0.370113 0.000000
vt -0.374219 -0.554880 0.000000
vt -0.535460 -0.369652 0.000000
vt -0.514699 -0.365592 0.000000
vt -0.350156 -0.451857 0.000000
vt -0.496063 -0.358710 0.000000
vt -0.480349 -0.349913 0.000000
vt -0.468264 -0.340101 0.000000
vt -0.463755 -0.335062 0.000000
vt -0.327244 -0.337726 0.000000
vt -0.460327 -0.330033 0.000000
vt -0.458001 -0.325060 0.000000
vt -0.456775 -0.320163 0.000000
vt -0.456624 -0.315337 0.000000
vt -0.457501 -0.310546 0.000000
vt -0.459336 -0.305733 0.000000
vt -0.296636 -0.217992 0.000000
vt -0.462046 -0.300819 0.000000
vt -0.318742 -0.177083 0.000000
vt -0.469690 -0.290319 0.000000
vt -0.490816 -0.263941 0.000000
vt -0.514339 -0.226592 0.000000
vt -0.335081 -0.131582 0.000000
vt -0.535613 -0.177196 0.000000
vt -0.345482 -0.081672 0.000000
vt -0.552023 -0.118042 0.000000
vt -0.349653 -0.027964 0.000000
vt -0.566637 0.012255 0.000000
vt -0.337765 0.085137 0.000000
vt -0.564816 0.075032 0.000000
vt -0.557173 0.133083 0.000000
vt -0.321053 0.140209 0.000000
vt -0.525218 0.234473 0.000000
vt -0.297104 0.190768 0.000000
vt -0.473069 0.321697 0.000000
vt -0.266392 0.234030 0.000000
vt -0.404890 0.399414 0.000000
vt -0.229969 0.267621 0.000000
vt -0.325331 0.465977 0.000000
vt -0.189599 0.290160 0.000000
vt -0.236376 0.516123 0.000000
vt -0.147833 0.301717 0.000000
vt -0.137631 0.545218 0.000000
vt -0.107627 0.303562 0.000000
vt -0.031379 0.554213 0.000000
vt -0.071580 0.297310 0.000000
vt -0.041265 0.284146 0.000000
vt 0.074936 0.550294 0.000000
vt -0.028456 0.275160 0.000000
vt -0.017236 0.264608 0.000000
vt 0.174211 0.537465 0.000000
vt -0.000557 0.249141 0.000000
vt 0.013033 0.232705 0.000000
vt 0.024045 0.213686 0.000000
vt 0.309430 0.482478 0.000000
vt 0.265764 0.507648 0.000000
vt 0.351543 0.449863 0.000000
vt 0.033347 0.189121 0.000000
vt 0.427198 0.368510 0.000000
vt 0.483271 0.281220 0.000000
vt 0.045456 0.120754 0.000000
vt 0.516034 0.197306 0.000000
vt 0.531865 0.108482 0.000000
vt 0.044662 0.082739 0.000000
vt 0.537167 0.007287 0.000000
vt 0.037974 0.045275 0.000000
vt 0.530652 -0.098309 0.000000
vt 0.509121 -0.194739 0.000000
vt -0.010928 -0.117413 0.000000
vt 0.474895 -0.276434 0.000000
vt 0.433872 -0.345248 0.000000
vt 0.389695 -0.403320 0.000000
vt 0.359553 -0.429896 0.000000
vt 0.322937 -0.453051 0.000000
vt -0.047600 -0.267692 0.000000
vt 0.254968 -0.487065 0.000000
vt 0.193826 -0.497649 0.000000
vt 0.225498 -0.495685 0.000000
vt -0.052104 -0.310211 0.000000
vt 0.026934 -0.452110 0.000000
vt 0.059069 -0.468997 0.000000
vt 0.123600 -0.487851 0.000000
vt -0.047784 -0.353456 0.000000
vt -0.041182 -0.374126 0.000000
vt -0.031539 -0.393517 0.000000
vt -0.019230 -0.411240 0.000000
vt -0.004888 -0.427008 0.000000
vt -1.048705 -0.708200 0.000000
vt -0.645984 -0.330407 0.000000
vt -0.684449 -0.289086 0.000000
vt -1.143401 -0.542183 0.000000
vt -0.742751 -0.187468 0.000000
vt -1.212015 -0.363798 0.000000
vt -1.252980 -0.177115 0.000000
vt -0.776579 -0.086171 0.000000
vt -0.791148 0.008812 0.000000
vt -1.265363 0.013609 0.000000
vt -0.792890 0.088944 0.000000
vt -1.248881 0.204022 0.000000
vt -0.787356 0.173952 0.000000
vt -1.203910 0.389782 0.000000
vt -0.759577 0.283039 0.000000
vt -1.131476 0.566650 0.000000
vt -0.713210 0.392664 0.000000
vt -1.033231 0.730591 0.000000
vt -0.649602 0.492904 0.000000
vt -0.911416 0.877867 0.000000
vt -0.572233 0.578245 0.000000
vt -0.768810 1.005117 0.000000
vt -0.486020 0.649895 0.000000
vt -0.608667 1.109438 0.000000
vt -0.393587 0.710214 0.000000
vt -0.292708 0.757397 0.000000
vt -0.434639 1.188452 0.000000
vt -0.180172 0.787582 0.000000
vt -0.250696 1.240355 0.000000
vt -0.057868 0.799958 0.000000
vt -0.061034 1.263964 0.000000
vt 0.067092 0.797464 0.000000
vt 0.130020 1.258739 0.000000
vt 0.187595 0.783464 0.000000
vt 0.318108 1.224800 0.000000
vt 0.300441 0.758813 0.000000
vt 0.498940 1.162922 0.000000
vt 0.405933 0.720866 0.000000
vt 0.668389 1.074516 0.000000
vt 0.505846 0.663816 0.000000
vt 0.822592 0.961598 0.000000
vt 0.600760 0.582447 0.000000
vt 0.958030 0.826745 0.000000
vt 0.687147 0.478104 0.000000
vt 1.071614 0.673032 0.000000
vt 0.757400 0.360078 0.000000
vt 1.160753 0.503966 0.000000
vt 0.804532 0.239418 0.000000
vt 1.223413 0.323404 0.000000
vt 0.827192 0.121823 0.000000
vt 1.258165 0.135465 0.000000
vt 0.829373 0.006506 0.000000
vt 1.264216 -0.055565 0.000000
vt 0.815155 -0.109310 0.000000
vt 1.241428 -0.245327 0.000000
vt 0.785200 -0.226327 0.000000
vt 1.190321 -0.429493 0.000000
vt 0.738465 -0.341686 0.000000
vt 1.112061 -0.603861 0.000000
vt 0.675215 -0.448862 0.000000
vt 1.008434 -0.764455 0.000000
vt 0.597619 -0.540350 0.000000
vt 0.881802 -0.907609 0.000000
vt 0.508458 -0.612332 0.000000
vt 0.735054 -1.030060 0.000000
vt 0.410223 -0.666183 0.000000
vt 0.571539 -1.129014 0.000000
vt 0.305339 -0.703219 0.000000
vt 0.394987 -1.202212 0.000000
vt 0.196547 -0.719278 0.000000
vt 0.209424 -1.247987 0.000000
vt 0.141537 -0.716968 0.000000
vt 0.019083 -1.265292 0.000000
vt 0.086482 -0.706497 0.000000
vt -0.193051 -0.858749 0.000000
vt 0.031563 -0.687220 0.000000
vt -0.168068 -0.779722 0.000000
vt -0.023112 -0.658751 0.000000
vt -0.149723 -0.705760 0.000000
vt -0.077486 -0.620898 0.000000
vt -0.137679 -0.637095 0.000000
vt -0.131536 -0.573592 0.000000
vt -0.224820 -0.942254 0.000000
vt -0.263272 -1.029570 0.000000
vt -0.171692 -1.253735 0.000000
vt -0.358551 -1.213577 0.000000
vt -0.457200 -2.458634 0.000000
vt -0.635000 -2.458634 0.000000
vt -0.000000 -2.461015 0.000000
vt -0.635000 -2.649942 0.000000
vt -0.000000 -2.650323 0.000000
vt -0.000000 -2.839632 0.000000
vt -0.635000 -2.841249 0.000000
vt -0.000000 -3.028941 0.000000
vt -0.635000 -3.032557 0.000000
vt -0.000000 -3.218250 0.000000
vt -0.635000 -3.223864 0.000000
vt -0.000000 -3.407559 0.000000
vt -0.635000 -3.415172 0.000000
vt -0.000000 -3.596868 0.000000
vt -0.635000 -3.606479 0.000000
vt -0.000000 -3.786176 0.000000
vt -0.635000 -3.797787 0.000000
vt -0.000000 -3.975485 0.000000
vt 0.000000 3.975485 0.000000
vt -0.635000 4.153183 0.000000
vt -0.635000 3.961876 0.000000
vt -0.000000 3.786176 0.000000
vt -0.635000 3.770568 0.000000
vt -0.000000 3.596868 0.000000
vt -0.635000 3.579261 0.000000
vt -0.000000 3.407559 0.000000
vt -0.635000 3.387953 0.000000
vt -0.000000 3.218250 0.000000
vt -0.635000 3.196646 0.000000
vt -0.000000 3.028941 0.000000
vt -0.635000 3.005338 0.000000
vt -0.000000 2.839632 0.000000
vt -0.635000 2.814031 0.000000
vt -0.000000 2.650323 0.000000
vt -0.635000 2.622723 0.000000
vt -0.000000 2.461015 0.000000
vt -0.635000 2.431415 0.000000
vt -0.000000 2.271706 0.000000
vt -0.635000 2.240108 0.000000
vt -0.000000 2.082397 0.000000
vt -0.635000 2.048800 0.000000
vt -0.000000 1.893088 0.000000
vt -0.635000 1.857493 0.000000
vt -0.000000 1.703779 0.000000
vt -0.635000 1.666185 0.000000
vt -0.000000 1.514471 0.000000
vt -0.635000 1.474878 0.000000
vt -0.000000 1.325162 0.000000
vt -0.635000 1.283570 0.000000
vt -0.000000 1.135853 0.000000
vt -0.635000 1.092262 0.000000
vt -0.000000 0.946544 0.000000
vt -0.635000 0.900955 0.000000
vt -0.000000 0.757235 0.000000
vt -0.635000 0.709647 0.000000
vt -0.000000 0.567926 0.000000
vt -0.635000 0.518340 0.000000
vt -0.000000 0.378618 0.000000
vt -0.635000 0.327032 0.000000
vt -0.000000 0.189309 0.000000
vt -0.635000 0.135725 0.000000
vt -0.000000 0.000000 0.000000
vt -0.635000 -0.055583 0.000000
vt -0.000000 -0.189309 0.000000
vt -0.635000 -0.246890 0.000000
vt -0.000000 -0.378618 0.000000
vt -0.635000 -0.438198 0.000000
vt -0.000000 -0.567926 0.000000
vt -0.635000 -0.629506 0.000000
vt -0.000000 -0.757235 0.000000
vt -0.635000 -0.820813 0.000000
vt -0.000000 -0.946544 0.000000
vt -0.635000 -1.012121 0.000000
vt -0.000000 -1.135853 0.000000
vt -0.635000 -1.203428 0.000000
vt -0.000000 -1.325162 0.000000
vt -0.635000 -1.394736 0.000000
vt -0.000000 -1.514471 0.000000
vt -0.635000 -1.586043 0.000000
vt -0.000000 -1.703779 0.000000
vt -0.635000 -1.777351 0.000000
vt -0.000000 -1.893088 0.000000
vt -0.635000 -1.968659 0.000000
vt -0.000000 -2.082397 0.000000
vt -0.635000 -2.159966 0.000000
vt -0.000000 -2.271706 0.000000
vt -0.457200 -2.351274 0.000000
vt -0.635000 -2.422847 0.000000
vt -0.635000 -2.351274 0.000000
vt -0.635000 -2.387060 0.000000
vt -0.753641 0.672534 0.000000
vt -0.839597 0.675328 0.000000
vt -0.734741 0.660784 0.000000
vt -0.860410 0.664882 0.000000
vt -0.878261 0.649807 0.000000
vt -0.773420 0.680936 0.000000
vt -0.794698 0.683633 0.000000
vt -0.816898 0.682824 0.000000
vt -0.718536 0.645675 0.000000
vt -0.894422 0.632088 0.000000
vt -0.705020 0.628951 0.000000
vt -0.696172 0.609427 0.000000
vt -0.690261 0.588141 0.000000
vt -0.690966 0.565404 0.000000
vt -0.695113 0.543730 0.000000
vt -0.704633 0.523719 0.000000
vt -0.717211 0.504654 0.000000
vt -0.925211 0.592629 0.000000
vt -0.753257 0.458457 0.000000
vn -0.666825 -0.745215 0.000000
vn -0.604374 -0.796701 0.000000
vn -0.666825 -0.745215 0.000000
vn -0.604374 -0.796701 0.000000
vn -0.402852 -0.915265 0.000000
vn -0.402852 -0.915265 0.000000
vn -0.239148 -0.970983 0.000000
vn -0.239148 -0.970983 0.000000
vn -0.185216 -0.982698 0.000000
vn -0.185216 -0.982698 0.000000
vn -0.182732 -0.983163 0.000000
vn -0.182732 -0.983163 0.000000
vn -0.182732 -0.983163 0.000000
vn -0.182732 -0.983163 0.000000
vn 0.983163 -0.182732 -0.000000
vn 0.983163 -0.182732 -0.000000
vn 0.983163 -0.182732 -0.000000
vn 0.983163 -0.182732 -0.000000
vn 0.182732 0.983163 -0.000000
vn 0.182732 0.983163 -0.000000
vn 0.182732 0.983163 -0.000000
vn 0.182732 0.983163 -0.000000
vn 0.197050 0.980393 -0.000000
vn 0.154637 0.987971 -0.000000
vn 0.197050 0.980393 -0.000000
vn 0.154637 0.987971 -0.000000
vn 0.022172 0.999754 -0.000000
vn 0.022172 0.999754 -0.000000
vn -0.169453 0.985538 -0.000000
vn -0.169453 0.985538 -0.000000
vn -0.239262 0.970955 -0.000000
vn -0.239262 0.970955 -0.000000
vn -0.648425 0.761279 -0.000000
vn -0.700075 0.714069 -0.000000
vn -0.648425 0.761279 -0.000000
vn -0.700075 0.714069 -0.000000
vn -0.828362 0.560193 -0.000000
vn -0.828362 0.560193 -0.000000
vn -0.902390 0.430920 -0.000000
vn -0.902390 0.430920 -0.000000
vn -0.922062 0.387042 -0.000000
vn -0.922062 0.387042 -0.000000
vn 0.182732 0.983163 -0.000000
vn 0.182732 0.983163 -0.000000
vn 0.182732 0.983163 -0.000000
vn 0.182732 0.983163 -0.000000
vn 0.983163 -0.182732 -0.000000
vn 0.983163 -0.182732 -0.000000
vn 0.983163 -0.182732 -0.000000
vn 0.983163 -0.182732 -0.000000
vn -0.182732 -0.983163 0.000000
vn -0.182732 -0.983163 0.000000
vn -0.182732 -0.983163 0.000000
vn -0.182732 -0.983163 0.000000
vn -0.983163 0.182732 -0.000000
vn -0.983163 0.182732 -0.000000
vn -0.983163 0.182732 -0.000000
vn -0.983163 0.182732 -0.000000
vn 0.157410 0.987533 -0.000000
vn 0.084515 0.996422 -0.000000
vn 0.157410 0.987533 -0.000000
vn 0.084515 0.996422 -0.000000
vn -0.152871 0.988246 -0.000000
vn -0.152871 0.988246 -0.000000
vn -0.321901 0.946773 -0.000000
vn -0.321901 0.946773 -0.000000
vn -0.441823 0.897102 -0.000000
vn -0.441823 0.897102 -0.000000
vn -0.527818 0.849357 -0.000000
vn -0.527818 0.849357 -0.000000
vn -0.829742 0.558147 -0.000000
vn -0.863482 0.504380 -0.000000
vn -0.829742 0.558147 -0.000000
vn -0.863482 0.504380 -0.000000
vn -0.939011 0.343888 -0.000000
vn -0.939011 0.343888 -0.000000
vn -0.975418 0.220363 -0.000000
vn -0.975418 0.220363 -0.000000
vn -0.983788 0.179337 -0.000000
vn -0.983788 0.179337 -0.000000
vn -0.983163 0.182732 -0.000000
vn -0.983163 0.182732 -0.000000
vn -0.983163 0.182732 -0.000000
vn -0.983163 0.182732 -0.000000
vn -0.982977 0.183731 -0.000000
vn -0.989692 0.143211 -0.000000
vn -0.982977 0.183731 -0.000000
vn -0.989692 0.143211 -0.000000
vn -0.999847 0.017469 -0.000000
vn -0.999847 0.017469 -0.000000
vn -0.988088 -0.153891 0.000000
vn -0.988088 -0.153891 0.000000
vn -0.976854 -0.213907 0.000000
vn -0.976854 -0.213907 0.000000
vn -0.803554 -0.595232 0.000000
vn -0.739250 -0.673431 0.000000
vn -0.803554 -0.595232 0.000000
vn -0.739250 -0.673431 0.000000
vn -0.642648 -0.766162 0.000000
vn -0.642648 -0.766162 0.000000
vn -0.496792 -0.867870 0.000000
vn -0.496792 -0.867870 0.000000
vn -0.275649 -0.961258 0.000000
vn -0.275649 -0.961258 0.000000
vn -0.203820 -0.979008 0.000000
vn -0.203820 -0.979008 0.000000
vn -0.983163 0.182732 -0.000000
vn -0.983163 0.182732 -0.000000
vn -0.983163 0.182732 -0.000000
vn -0.983163 0.182732 -0.000000
vn 0.182732 0.983163 -0.000000
vn 0.182732 0.983163 -0.000000
vn 0.182732 0.983163 -0.000000
vn 0.182732 0.983163 -0.000000
vn 0.998319 0.057956 -0.000000
vn 0.998319 0.057956 -0.000000
vn 0.998319 0.057956 -0.000000
vn 0.998319 0.057956 -0.000000
vn -0.182732 -0.983163 0.000000
vn -0.182732 -0.983163 0.000000
vn -0.182732 -0.983163 0.000000
vn -0.182732 -0.983163 0.000000
vn -0.969817 -0.243835 0.000000
vn -0.963944 -0.266107 0.000000
vn -0.969817 -0.243835 0.000000
vn -0.963944 -0.266107 0.000000
vn -0.943112 -0.332475 0.000000
vn -0.943112 -0.332475 0.000000
vn -0.909651 -0.415372 0.000000
vn -0.909651 -0.415372 0.000000
vn -0.896224 -0.443602 0.000000
vn -0.896224 -0.443602 0.000000
vn -0.817830 -0.575460 0.000000
vn -0.786534 -0.617546 0.000000
vn -0.817830 -0.575460 0.000000
vn -0.786534 -0.617546 0.000000
vn -0.676883 -0.736091 0.000000
vn -0.676883 -0.736091 0.000000
vn -0.549789 -0.835304 0.000000
vn -0.549789 -0.835304 0.000000
vn -0.505309 -0.862938 0.000000
vn -0.505309 -0.862938 0.000000
vn -0.350706 -0.936486 0.000000
vn -0.323898 -0.946092 0.000000
vn -0.350706 -0.936486 0.000000
vn -0.323898 -0.946092 0.000000
vn -0.250336 -0.968159 0.000000
vn -0.250336 -0.968159 0.000000
vn -0.196825 -0.980439 0.000000
vn -0.196825 -0.980439 0.000000
vn -0.178934 -0.983861 0.000000
vn -0.178934 -0.983861 0.000000
vn -0.182732 -0.983163 0.000000
vn -0.182732 -0.983163 0.000000
vn -0.182732 -0.983163 0.000000
vn -0.182732 -0.983163 0.000000
vn -0.171006 -0.985270 0.000000
vn -0.115926 -0.993258 0.000000
vn -0.171006 -0.985270 0.000000
vn -0.115926 -0.993258 0.000000
vn 0.058133 -0.998309 -0.000000
vn 0.058133 -0.998309 -0.000000
vn 0.281944 -0.959431 -0.000000
vn 0.281944 -0.959431 -0.000000
vn 0.355080 -0.934836 -0.000000
vn 0.355080 -0.934836 -0.000000
vn 0.692580 -0.721341 -0.000000
vn 0.751313 -0.659947 -0.000000
vn 0.692580 -0.721341 -0.000000
vn 0.751313 -0.659947 -0.000000
vn 0.893885 -0.448296 -0.000000
vn 0.893885 -0.448296 -0.000000
vn 0.964924 -0.262528 -0.000000
vn 0.964924 -0.262528 -0.000000
vn 0.979510 -0.201398 -0.000000
vn 0.979510 -0.201398 -0.000000
vn 0.983163 -0.182732 -0.000000
vn 0.983163 -0.182732 -0.000000
vn 0.983163 -0.182732 -0.000000
vn 0.983163 -0.182732 -0.000000
vn 0.182732 0.983163 -0.000000
vn 0.182732 0.983163 -0.000000
vn 0.182732 0.983163 -0.000000
vn 0.182732 0.983163 -0.000000
vn 0.197467 0.980310 -0.000000
vn 0.160639 0.987013 -0.000000
vn 0.197467 0.980310 -0.000000
vn 0.160639 0.987013 -0.000000
vn 0.046519 0.998917 -0.000000
vn 0.046519 0.998917 -0.000000
vn -0.120368 0.992729 -0.000000
vn -0.120368 0.992729 -0.000000
vn -0.182635 0.983181 -0.000000
vn -0.182635 0.983181 -0.000000
vn -0.627608 0.778529 -0.000000
vn -0.683509 0.729942 -0.000000
vn -0.627608 0.778529 -0.000000
vn -0.683509 0.729942 -0.000000
vn -0.817676 0.575678 -0.000000
vn -0.817676 0.575678 -0.000000
vn -0.892123 0.451793 -0.000000
vn -0.892123 0.451793 -0.000000
vn -0.912217 0.409708 -0.000000
vn -0.912217 0.409708 -0.000000
vn 0.182732 0.983163 -0.000000
vn 0.182732 0.983163 -0.000000
vn 0.182732 0.983163 -0.000000
vn 0.182732 0.983163 -0.000000
vn 0.983163 -0.182732 -0.000000
vn 0.983163 -0.182732 -0.000000
vn 0.983163 -0.182732 -0.000000
vn 0.983163 -0.182732 -0.000000
vn -0.182732 -0.983163 0.000000
vn -0.182732 -0.983163 0.000000
vn -0.182732 -0.983163 0.000000
vn -0.182732 -0.983163 0.000000
vn -0.999837 0.018054 -0.000000
vn -0.999624 -0.027410 0.000000
vn -0.999837 0.018054 -0.000000
vn -0.999624 -0.027410 0.000000
vn -0.985946 -0.167064 0.000000
vn -0.985946 -0.167064 0.000000
vn -0.937250 -0.348659 0.000000
vn -0.937250 -0.348659 0.000000
vn -0.912299 -0.409525 0.000000
vn -0.912299 -0.409525 0.000000
vn 0.000000 0.000000 -1.000000
vn 0.000000 0.000000 -1.000000
vn 0.000000 0.000000 -1.000000
vn 0.000000 0.000000 -1.000000
vn 0.000000 0.000000 -1.000000
vn 0.000000 0.000000 -1.000000
vn 0.000000 0.000000 -1.000000
vn 0.000000 0.000000 -1.000000
vn 0.000000 0.000000 -1.000000
vn 0.000000 0.000000 -1.000000
vn 0.000000 0.000000 -1.000000
vn 0.000000 0.000000 -1.000000
vn 0.000000 0.000000 -1.000000
vn 0.000000 0.000000 -1.000000
vn 0.000000 0.000000 -1.000000
vn 0.000000 0.000000 -1.000000
vn 0.000000 0.000000 -1.000000
vn 0.000000 0.000000 -1.000000
vn 0.000000 0.000000 -1.000000
vn 0.000000 0.000000 -1.000000
vn 0.000000 0.000000 -1.000000
vn 0.000000 0.000000 -1.000000
vn 0.000000 0.000000 -1.000000
vn 0.000000 0.000000 -1.000000
vn 0.000000 0.000000 -1.000000
vn 0.000000 0.000000 -1.000000
vn 0.000000 0.000000 -1.000000
vn 0.000000 0.000000 -1.000000
vn 0.000000 0.000000 -1.000000
vn 0.000000 0.000000 -1.000000
vn 0.000000 0.000000 -1.000000
vn 0.000000 0.000000 -1.000000
vn 0.000000 0.000000 -1.000000
vn 0.000000 0.000000 -1.000000
vn 0.000000 0.000000 -1.000000
vn 0.000000 0.000000 -1.000000
vn 0.000000 0.000000 -1.000000
vn 0.000000 0.000000 -1.000000
vn 0.000000 0.000000 -1.000000
vn 0.000000 0.000000 -1.000000
vn 0.000000 0.000000 -1.000000
vn 0.000000 0.000000 -1.000000
vn 0.000000 0.000000 -1.000000
vn 0.000000 0.000000 -1.000000
vn 0.000000 0.000000 -1.000000
vn 0.000000 0.000000 -1.000000
vn 0.000000 0.000000 -1.000000
vn 0.000000 0.000000 -1.000000
vn 0.000000 0.000000 -1.000000
vn 0.000000 0.000000 -1.000000
vn 0.000000 0.000000 -1.000000
vn 0.000000 0.000000 -1.000000
vn 0.000000 0.000000 -1.000000
vn 0.000000 0.000000 -1.000000
vn 0.000000 0.000000 -1.000000
vn 0.000000 0.000000 -1.000000
vn 0.000000 0.000000 -1.000000
vn 0.000000 0.000000 -1.000000
vn 0.000000 0.000000 -1.000000
vn 0.000000 0.000000 -1.000000
vn 0.000000 0.000000 -1.000000
vn 0.000000 0.000000 -1.000000
vn 0.000000 0.000000 -1.000000
vn 0.000000 0.000000 -1.000000
vn 0.000000 0.000000 -1.000000
vn 0.000000 0.000000 -1.000000
vn 0.000000 0.000000 -1.000000
vn 0.000000 0.000000 -1.000000
vn 0.000000 0.000000 -1.000000
vn 0.000000 0.000000 -1.000000
vn 0.000000 0.000000 -1.000000
vn 0.000000 0.000000 -1.000000
vn 0.000000 0.000000 -1.000000
vn 0.000000 0.000000 -1.000000
vn 0.000000 0.000000 -1.000000
vn 0.000000 0.000000 -1.000000
vn 0.000000 0.000000 -1.000000
vn 0.000000 0.000000 -1.000000
vn 0.000000 0.000000 -1.000000
vn 0.000000 0.000000 -1.000000
vn 0.909024 -0.416744 -0.000000
vn 0.934087 -0.357044 -0.000000
vn 0.909024 -0.416744 -0.000000
vn 0.934087 -0.357044 -0.000000
vn 0.983575 -0.180498 -0.000000
vn 0.983575 -0.180498 -0.000000
vn 0.998936 -0.046120 -0.000000
vn 0.998936 -0.046120 -0.000000
vn 0.999997 -0.002242 -0.000000
vn 0.999997 -0.002242 -0.000000
vn 0.999998 -0.002070 -0.000000
vn 0.999998 -0.002070 -0.000000
vn 0.999998 -0.002070 -0.000000
vn 0.999998 -0.002070 -0.000000
vn -0.776835 0.629704 -0.000000
vn -0.776835 0.629704 -0.000000
vn -0.776835 0.629704 -0.000000
vn -0.776835 0.629704 -0.000000
vn 0.002070 0.999998 -0.000000
vn 0.002070 0.999998 -0.000000
vn 0.002070 0.999998 -0.000000
vn 0.002070 0.999998 -0.000000
vn 0.999998 -0.002070 -0.000000
vn 0.999998 -0.002070 -0.000000
vn 0.999998 -0.002070 -0.000000
vn 0.999998 -0.002070 -0.000000
vn 0.126561 -0.991959 -0.000000
vn 0.188287 -0.982114 -0.000000
vn 0.126561 -0.991959 -0.000000
vn 0.188287 -0.982114 -0.000000
vn 0.377132 -0.926159 -0.000000
vn 0.377132 -0.926159 -0.000000
vn 0.587100 -0.809515 -0.000000
vn 0.587100 -0.809515 -0.000000
vn 0.648952 -0.760830 -0.000000
vn 0.648952 -0.760830 -0.000000
vn 0.871113 -0.491082 -0.000000
vn 0.904117 -0.427285 -0.000000
vn 0.871113 -0.491082 -0.000000
vn 0.904117 -0.427285 -0.000000
vn 0.973646 -0.228064 -0.000000
vn 0.973646 -0.228064 -0.000000
vn 0.997756 -0.066954 -0.000000
vn 0.997756 -0.066954 -0.000000
vn 0.999893 -0.014641 -0.000000
vn 0.999893 -0.014641 -0.000000
vn 0.999998 -0.002070 -0.000000
vn 0.999998 -0.002070 -0.000000
vn 0.999998 -0.002070 -0.000000
vn 0.999998 -0.002070 -0.000000
vn 0.999997 -0.002296 -0.000000
vn 0.999224 0.039384 -0.000000
vn 0.999997 -0.002296 -0.000000
vn 0.999224 0.039384 -0.000000
vn 0.985988 0.166816 -0.000000
vn 0.985988 0.166816 -0.000000
vn 0.942204 0.335038 -0.000000
vn 0.942204 0.335038 -0.000000
vn 0.919788 0.392416 -0.000000
vn 0.919788 0.392416 -0.000000
vn 0.684862 0.728673 -0.000000
vn 0.608454 0.793589 -0.000000
vn 0.684862 0.728673 -0.000000
vn 0.608454 0.793589 -0.000000
vn 0.498116 0.867111 -0.000000
vn 0.498116 0.867111 -0.000000
vn 0.336901 0.941540 -0.000000
vn 0.336901 0.941540 -0.000000
vn 0.101381 0.994848 -0.000000
vn 0.101381 0.994848 -0.000000
vn 0.027093 0.999633 -0.000000
vn 0.027093 0.999633 -0.000000
vn 0.999998 -0.002070 -0.000000
vn 0.999998 -0.002070 -0.000000
vn 0.999998 -0.002070 -0.000000
vn 0.999998 -0.002070 -0.000000
vn -0.002070 -0.999998 0.000000
vn -0.002070 -0.999998 0.000000
vn -0.002070 -0.999998 0.000000
vn -0.002070 -0.999998 0.000000
vn -0.999998 0.002070 -0.000000
vn -0.999998 0.002070 -0.000000
vn -0.999998 0.002070 -0.000000
vn -0.999998 0.002070 -0.000000
vn -0.020614 0.999788 -0.000000
vn -0.083380 0.996518 -0.000000
vn -0.020614 0.999788 -0.000000
vn -0.083380 0.996518 -0.000000
vn -0.278764 0.960360 -0.000000
vn -0.278764 0.960360 -0.000000
vn -0.509582 0.860422 -0.000000
vn -0.509582 0.860422 -0.000000
vn -0.579450 0.815008 -0.000000
vn -0.579450 0.815008 -0.000000
vn -0.842629 0.538495 -0.000000
vn -0.882045 0.471166 -0.000000
vn -0.842629 0.538495 -0.000000
vn -0.882045 0.471166 -0.000000
vn -0.966918 0.255087 -0.000000
vn -0.966918 0.255087 -0.000000
vn -0.997058 0.076649 -0.000000
vn -0.997058 0.076649 -0.000000
vn -0.999819 0.019009 -0.000000
vn -0.999819 0.019009 -0.000000
vn -0.999998 0.002070 -0.000000
vn -0.999998 0.002070 -0.000000
vn -0.999998 0.002070 -0.000000
vn -0.999998 0.002070 -0.000000
vn 0.773938 -0.633262 -0.000000
vn 0.773938 -0.633262 -0.000000
vn 0.773938 -0.633262 -0.000000
vn 0.773938 -0.633262 -0.000000
vn -0.002070 -0.999998 0.000000
vn -0.002070 -0.999998 0.000000
vn -0.002070 -0.999998 0.000000
vn -0.002070 -0.999998 0.000000
vn -0.999998 0.002070 -0.000000
vn -0.999998 0.002070 -0.000000
vn -0.999998 0.002070 -0.000000
vn -0.999998 0.002070 -0.000000
vn -0.999999 0.001324 -0.000000
vn -0.998875 -0.047426 0.000000
vn -0.999999 0.001324 -0.000000
vn -0.998875 -0.047426 0.000000
vn -0.980293 -0.197551 0.000000
vn -0.980293 -0.197551 0.000000
vn -0.919376 -0.393379 0.000000
vn -0.919376 -0.393379 0.000000
vn -0.888735 -0.458421 0.000000
vn -0.888735 -0.458421 0.000000
vn -0.620614 -0.784116 0.000000
vn -0.547053 -0.837098 0.000000
vn -0.620614 -0.784116 0.000000
vn -0.547053 -0.837098 0.000000
vn -0.444225 -0.895915 0.000000
vn -0.444225 -0.895915 0.000000
vn -0.298881 -0.954291 0.000000
vn -0.298881 -0.954291 0.000000
vn -0.089376 -0.995998 0.000000
vn -0.089376 -0.995998 0.000000
vn -0.022532 -0.999746 0.000000
vn -0.022532 -0.999746 0.000000
vn -0.999998 0.002070 -0.000000
vn -0.999998 0.002070 -0.000000
vn -0.999998 0.002070 -0.000000
vn -0.999998 0.002070 -0.000000
vn 0.002070 0.999998 -0.000000
vn 0.002070 0.999998 -0.000000
vn 0.002070 0.999998 -0.000000
vn 0.002070 0.999998 -0.000000
vn 0.999998 -0.002070 -0.000000
vn 0.999998 -0.002070 -0.000000
vn 0.999998 -0.002070 -0.000000
vn 0.999998 -0.002070 -0.000000
vn 0.024398 -0.999702 -0.000000
vn 0.097059 -0.995279 -0.000000
vn 0.024398 -0.999702 -0.000000
vn 0.097059 -0.995279 -0.000000
vn 0.326661 -0.945142 -0.000000
vn 0.326661 -0.945142 -0.000000
vn 0.483497 -0.875346 -0.000000
vn 0.483497 -0.875346 -0.000000
vn 0.591210 -0.806518 -0.000000
vn 0.591210 -0.806518 -0.000000
vn 0.666567 -0.745445 -0.000000
vn 0.666567 -0.745445 -0.000000
vn 0.000000 0.000000 -1.000000
vn 0.000000 0.000000 -1.000000
vn 0.000000 0.000000 -1.000000
vn 0.000000 0.000000 -1.000000
vn 0.000000 0.000000 -1.000000
vn 0.000000 0.000000 -1.000000
vn 0.000000 0.000000 -1.000000
vn 0.000000 0.000000 -1.000000
vn 0.000000 0.000000 -1.000000
vn 0.000000 0.000000 -1.000000
vn 0.000000 0.000000 -1.000000
vn 0.000000 0.000000 -1.000000
vn 0.000000 0.000000 -1.000000
vn 0.000000 0.000000 -1.000000
vn 0.000000 0.000000 -1.000000
vn 0.000000 0.000000 -1.000000
vn 0.000000 0.000000 -1.000000
vn 0.000000 0.000000 -1.000000
vn 0.000000 0.000000 -1.000000
vn 0.000000 0.000000 -1.000000
vn 0.000000 0.000000 -1.000000
vn 0.000000 0.000000 -1.000000
vn 0.000000 0.000000 -1.000000
vn 0.000000 0.000000 -1.000000
vn 0.000000 0.000000 -1.000000
vn 0.000000 0.000000 -1.000000
vn 0.000000 0.000000 -1.000000
vn 0.000000 0.000000 -1.000000
vn 0.000000 0.000000 -1.000000
vn 0.000000 0.000000 -1.000000
vn 0.000000 0.000000 -1.000000
vn 0.000000 0.000000 -1.000000
vn 0.000000 0.000000 -1.000000
vn 0.000000 0.000000 -1.000000
vn 0.000000 0.000000 -1.000000
vn 0.000000 0.000000 -1.000000
vn 0.000000 0.000000 -1.000000
vn 0.000000 0.000000 -1.000000
vn 0.000000 0.000000 -1.000000
vn 0.000000 0.000000 -1.000000
vn 0.000000 0.000000 -1.000000
vn 0.000000 0.000000 -1.000000
vn 0.000000 0.000000 -1.000000
vn 0.000000 0.000000 -1.000000
vn 0.000000 0.000000 -1.000000
vn 0.000000 0.000000 -1.000000
vn 0.000000 0.000000 -1.000000
vn 0.000000 0.000000 -1.000000
vn 0.000000 0.000000 -1.000000
vn 0.000000 0.000000 -1.000000
vn 0.000000 0.000000 -1.000000
vn 0.000000 0.000000 -1.000000
vn 0.000000 0.000000 -1.000000
vn 0.000000 0.000000 -1.000000
vn 0.000000 0.000000 -1.000000
vn 0.000000 0.000000 -1.000000
vn 0.000000 0.000000 -1.000000
vn 0.000000 0.000000 -1.000000
vn 0.819534 -0.573030 -0.000000
vn 0.819534 -0.573030 -0.000000
vn 0.819534 -0.573030 -0.000000
vn 0.819534 -0.573030 -0.000000
vn -0.555004 -0.831847 0.000000
vn -0.493068 -0.869991 0.000000
vn -0.555004 -0.831847 0.000000
vn -0.493068 -0.869991 0.000000
vn -0.276227 -0.961093 0.000000
vn -0.276227 -0.961093 0.000000
vn -0.105764 -0.994391 0.000000
vn -0.105764 -0.994391 0.000000
vn 0.024875 -0.999691 -0.000000
vn 0.024875 -0.999691 -0.000000
vn 0.123697 -0.992320 -0.000000
vn 0.123697 -0.992320 -0.000000
vn 0.529722 -0.848171 -0.000000
vn 0.582232 -0.813023 -0.000000
vn 0.529722 -0.848171 -0.000000
vn 0.582232 -0.813023 -0.000000
vn 0.715501 -0.698612 -0.000000
vn 0.715501 -0.698612 -0.000000
vn 0.798117 -0.602503 -0.000000
vn 0.798117 -0.602503 -0.000000
vn 0.822274 -0.569092 -0.000000
vn 0.822274 -0.569092 -0.000000
vn 0.819534 -0.573030 -0.000000
vn 0.819534 -0.573030 -0.000000
vn 0.819534 -0.573030 -0.000000
vn 0.819534 -0.573030 -0.000000
vn 0.817878 -0.575392 -0.000000
vn 0.841350 -0.540491 -0.000000
vn 0.817878 -0.575392 -0.000000
vn 0.841350 -0.540491 -0.000000
vn 0.904090 -0.427342 -0.000000
vn 0.904090 -0.427342 -0.000000
vn 0.965465 -0.260532 -0.000000
vn 0.965465 -0.260532 -0.000000
vn 0.980050 -0.198751 -0.000000
vn 0.980050 -0.198751 -0.000000
vn 0.975722 0.219013 -0.000000
vn 0.949486 0.313809 -0.000000
vn 0.975722 0.219013 -0.000000
vn 0.949486 0.313809 -0.000000
vn 0.900840 0.434151 -0.000000
vn 0.900840 0.434151 -0.000000
vn 0.811921 0.583767 -0.000000
vn 0.811921 0.583767 -0.000000
vn 0.651337 0.758788 -0.000000
vn 0.651337 0.758788 -0.000000
vn 0.593897 0.804541 -0.000000
vn 0.593897 0.804541 -0.000000
vn 0.819534 -0.573030 -0.000000
vn 0.819534 -0.573030 -0.000000
vn 0.819534 -0.573030 -0.000000
vn 0.819534 -0.573030 -0.000000
vn -0.573030 -0.819534 0.000000
vn -0.573030 -0.819534 0.000000
vn -0.573030 -0.819534 0.000000
vn -0.573030 -0.819534 0.000000
vn -0.819534 0.573030 -0.000000
vn -0.819534 0.573030 -0.000000
vn -0.819534 0.573030 -0.000000
vn -0.819534 0.573030 -0.000000
vn 0.546138 0.837695 -0.000000
vn 0.482546 0.875871 -0.000000
vn 0.546138 0.837695 -0.000000
vn 0.482546 0.875871 -0.000000
vn 0.260195 0.965556 -0.000000
vn 0.260195 0.965556 -0.000000
vn 0.089864 0.995954 -0.000000
vn 0.089864 0.995954 -0.000000
vn -0.037255 0.999306 -0.000000
vn -0.037255 0.999306 -0.000000
vn -0.133315 0.991074 -0.000000
vn -0.133315 0.991074 -0.000000
vn -0.512222 0.858853 -0.000000
vn -0.566613 0.823984 -0.000000
vn -0.512222 0.858853 -0.000000
vn -0.566613 0.823984 -0.000000
vn -0.706664 0.707549 -0.000000
vn -0.706664 0.707549 -0.000000
vn -0.794648 0.607071 -0.000000
vn -0.794648 0.607071 -0.000000
vn -0.820217 0.572053 -0.000000
vn -0.820217 0.572053 -0.000000
vn -0.819534 0.573030 -0.000000
vn -0.819534 0.573030 -0.000000
vn -0.819534 0.573030 -0.000000
vn -0.819534 0.573030 -0.000000
vn -0.819195 0.573516 -0.000000
vn -0.843169 0.537648 -0.000000
vn -0.819195 0.573516 -0.000000
vn -0.843169 0.537648 -0.000000
vn -0.906993 0.421146 -0.000000
vn -0.906993 0.421146 -0.000000
vn -0.967961 0.251101 -0.000000
vn -0.967961 0.251101 -0.000000
vn -0.982038 0.188684 -0.000000
vn -0.982038 0.188684 -0.000000
vn -0.978060 -0.208322 0.000000
vn -0.953322 -0.301956 0.000000
vn -0.978060 -0.208322 0.000000
vn -0.953322 -0.301956 0.000000
vn -0.907007 -0.421116 0.000000
vn -0.907007 -0.421116 0.000000
vn -0.820042 -0.572303 0.000000
vn -0.820042 -0.572303 0.000000
vn -0.658447 -0.752627 0.000000
vn -0.658447 -0.752627 0.000000
vn -0.600332 -0.799751 0.000000
vn -0.600332 -0.799751 0.000000
vn -0.819534 0.573030 -0.000000
vn -0.819534 0.573030 -0.000000
vn -0.819534 0.573030 -0.000000
vn -0.819534 0.573030 -0.000000
vn 0.573030 0.819534 -0.000000
vn 0.573030 0.819534 -0.000000
vn 0.573030 0.819534 -0.000000
vn 0.573030 0.819534 -0.000000
vn 0.000000 0.000000 -1.000000
vn 0.000000 0.000000 -1.000000
vn 0.000000 0.000000 -1.000000
vn 0.000000 0.000000 -1.000000
vn 0.000000 0.000000 -1.000000
vn 0.000000 0.000000 -1.000000
vn 0.000000 0.000000 -1.000000
vn 0.000000 0.000000 -1.000000
vn 0.000000 0.000000 -1.000000
vn 0.000000 0.000000 -1.000000
vn 0.000000 0.000000 -1.000000
vn 0.000000 0.000000 -1.000000
vn 0.000000 0.000000 -1.000000
vn 0.000000 0.000000 -1.000000
vn 0.000000 0.000000 -1.000000
vn 0.000000 0.000000 -1.000000
vn 0.000000 0.000000 -1.000000
vn 0.000000 0.000000 -1.000000
vn 0.000000 0.000000 -1.000000
vn 0.000000 0.000000 -1.000000
vn 0.000000 0.000000 -1.000000
vn 0.000000 0.000000 -1.000000
vn 0.000000 0.000000 -1.000000
vn 0.000000 0.000000 -1.000000
vn 0.000000 0.000000 -1.000000
vn 0.000000 0.000000 -1.000000
vn 0.000000 0.000000 -1.000000
vn 0.000000 0.000000 -1.000000
vn 0.000000 0.000000 -1.000000
vn 0.000000 0.000000 -1.000000
vn 0.000000 0.000000 -1.000000
vn 0.000000 0.000000 -1.000000
vn 0.000000 0.000000 -1.000000
vn 0.000000 0.000000 -1.000000
vn 0.000000 0.000000 -1.000000
vn 0.000000 0.000000 -1.000000
vn 0.000000 0.000000 -1.000000
vn 0.000000 0.000000 -1.000000
vn 0.000000 0.000000 -1.000000
vn 0.000000 0.000000 -1.000000
vn 0.000000 0.000000 -1.000000
vn 0.000000 0.000000 -1.000000
vn 0.000000 0.000000 -1.000000
vn 0.000000 0.000000 -1.000000
vn 0.062212 0.998063 -0.000000
vn -0.016433 0.999865 -0.000000
vn 0.062212 0.998063 -0.000000
vn -0.016433 0.999865 -0.000000
vn -0.263891 0.964553 -0.000000
vn -0.263891 0.964553 -0.000000
vn -0.484652 0.874707 -0.000000
vn -0.484652 0.874707 -0.000000
vn -0.548710 0.836013 -0.000000
vn -0.548710 0.836013 -0.000000
vn -0.665277 0.746597 -0.000000
vn -0.714787 0.699342 -0.000000
vn -0.665277 0.746597 -0.000000
vn -0.714787 0.699342 -0.000000
vn -0.848392 0.529368 -0.000000
vn -0.848392 0.529368 -0.000000
vn -0.948810 0.315847 -0.000000
vn -0.948810 0.315847 -0.000000
vn -0.969857 0.243675 -0.000000
vn -0.969857 0.243675 -0.000000
vn -0.999984 -0.005718 0.000000
vn -0.996591 -0.082502 0.000000
vn -0.999984 -0.005718 0.000000
vn -0.996591 -0.082502 0.000000
vn -0.948140 -0.317853 0.000000
vn -0.948140 -0.317853 0.000000
vn -0.858858 -0.512214 0.000000
vn -0.858858 -0.512214 0.000000
vn -0.822254 -0.569121 0.000000
vn -0.822254 -0.569121 0.000000
vn -0.788397 -0.615166 0.000000
vn -0.788397 -0.615166 0.000000
vn -0.788397 -0.615166 0.000000
vn -0.788397 -0.615166 0.000000
vn 0.615166 -0.788397 -0.000000
vn 0.615166 -0.788397 -0.000000
vn 0.615166 -0.788397 -0.000000
vn 0.615166 -0.788397 -0.000000
vn 0.788397 0.615166 -0.000000
vn 0.788397 0.615166 -0.000000
vn 0.788397 0.615166 -0.000000
vn 0.788397 0.615166 -0.000000
vn 0.752795 0.658255 -0.000000
vn 0.709495 0.704711 -0.000000
vn 0.752795 0.658255 -0.000000
vn 0.709495 0.704711 -0.000000
vn 0.555669 0.831403 -0.000000
vn 0.555669 0.831403 -0.000000
vn 0.358653 0.933471 -0.000000
vn 0.358653 0.933471 -0.000000
vn 0.291154 0.956676 -0.000000
vn 0.291154 0.956676 -0.000000
vn 0.104904 0.994482 -0.000000
vn 0.069347 0.997593 -0.000000
vn 0.104904 0.994482 -0.000000
vn 0.069347 0.997593 -0.000000
vn -0.026044 0.999661 -0.000000
vn -0.026044 0.999661 -0.000000
vn -0.093240 0.995644 -0.000000
vn -0.093240 0.995644 -0.000000
vn -0.115397 0.993319 -0.000000
vn -0.115397 0.993319 -0.000000
vn -0.111299 0.993787 -0.000000
vn -0.100012 0.994986 -0.000000
vn -0.111299 0.993787 -0.000000
vn -0.100012 0.994986 -0.000000
vn -0.066023 0.997818 -0.000000
vn -0.066023 0.997818 -0.000000
vn -0.023161 0.999732 -0.000000
vn -0.023161 0.999732 -0.000000
vn -0.008235 0.999966 -0.000000
vn -0.008235 0.999966 -0.000000
vn 0.788397 0.615166 -0.000000
vn 0.788397 0.615166 -0.000000
vn 0.788397 0.615166 -0.000000
vn 0.788397 0.615166 -0.000000
vn 0.615166 -0.788397 -0.000000
vn 0.615166 -0.788397 -0.000000
vn 0.615166 -0.788397 -0.000000
vn 0.615166 -0.788397 -0.000000
vn -0.658906 -0.752225 0.000000
vn -0.607870 -0.794037 0.000000
vn -0.658906 -0.752225 0.000000
vn -0.607870 -0.794037 0.000000
vn -0.434885 -0.900486 0.000000
vn -0.434885 -0.900486 0.000000
vn -0.266268 -0.963899 0.000000
vn -0.266268 -0.963899 0.000000
vn -0.210086 -0.977683 0.000000
vn -0.210086 -0.977683 0.000000
vn -0.056544 -0.998400 0.000000
vn -0.027410 -0.999624 0.000000
vn -0.056544 -0.998400 0.000000
vn -0.027410 -0.999624 0.000000
vn 0.051112 -0.998693 -0.000000
vn 0.051112 -0.998693 -0.000000
vn 0.106962 -0.994263 -0.000000
vn 0.106962 -0.994263 -0.000000
vn 0.125420 -0.992104 -0.000000
vn 0.125420 -0.992104 -0.000000
vn 0.125444 -0.992101 -0.000000
vn 0.113265 -0.993565 -0.000000
vn 0.125444 -0.992101 -0.000000
vn 0.113265 -0.993565 -0.000000
vn 0.076560 -0.997065 -0.000000
vn 0.076560 -0.997065 -0.000000
vn 0.027805 -0.999613 -0.000000
vn 0.027805 -0.999613 -0.000000
vn 0.010364 -0.999946 -0.000000
vn 0.010364 -0.999946 -0.000000
vn -0.066400 -0.997793 0.000000
vn -0.092377 -0.995724 0.000000
vn -0.066400 -0.997793 0.000000
vn -0.092377 -0.995724 0.000000
vn -0.170421 -0.985371 0.000000
vn -0.170421 -0.985371 0.000000
vn -0.255568 -0.966791 0.000000
vn -0.255568 -0.966791 0.000000
vn -0.283563 -0.958954 0.000000
vn -0.283563 -0.958954 0.000000
vn 0.959445 0.281895 -0.000000
vn 0.983807 0.179231 -0.000000
vn 0.959445 0.281895 -0.000000
vn 0.983807 0.179231 -0.000000
vn 0.999438 0.033535 -0.000000
vn 0.999438 0.033535 -0.000000
vn 0.981778 -0.190033 -0.000000
vn 0.981778 -0.190033 -0.000000
vn 0.904065 -0.427395 -0.000000
vn 0.904065 -0.427395 -0.000000
vn 0.820259 -0.571992 -0.000000
vn 0.820259 -0.571992 -0.000000
vn 0.745941 -0.666012 -0.000000
vn 0.745941 -0.666012 -0.000000
vn 0.528188 -0.849127 -0.000000
vn 0.456953 -0.889491 -0.000000
vn 0.528188 -0.849127 -0.000000
vn 0.456953 -0.889491 -0.000000
vn 0.358883 -0.933383 -0.000000
vn 0.358883 -0.933383 -0.000000
vn 0.209470 -0.977815 -0.000000
vn 0.209470 -0.977815 -0.000000
vn -0.048654 -0.998816 0.000000
vn -0.048654 -0.998816 0.000000
vn -0.128995 -0.991645 0.000000
vn -0.128995 -0.991645 0.000000
vn -0.342641 -0.939467 0.000000
vn -0.405050 -0.914295 0.000000
vn -0.342641 -0.939467 0.000000
vn -0.405050 -0.914295 0.000000
vn -0.584419 -0.811452 0.000000
vn -0.584419 -0.811452 0.000000
vn -0.720967 -0.692969 0.000000
vn -0.720967 -0.692969 0.000000
vn -0.759929 -0.650006 0.000000
vn -0.759929 -0.650006 0.000000
vn -0.788397 -0.615166 0.000000
vn -0.788397 -0.615166 0.000000
vn -0.788397 -0.615166 0.000000
vn -0.788397 -0.615166 0.000000
vn -0.615166 0.788397 -0.000000
vn -0.615166 0.788397 -0.000000
vn -0.615166 0.788397 -0.000000
vn -0.615166 0.788397 -0.000000
vn 0.776451 0.630178 -0.000000
vn 0.728617 0.684921 -0.000000
vn 0.776451 0.630178 -0.000000
vn 0.728617 0.684921 -0.000000
vn 0.548427 0.836199 -0.000000
vn 0.548427 0.836199 -0.000000
vn 0.394468 0.918910 -0.000000
vn 0.394468 0.918910 -0.000000
vn 0.269579 0.962978 -0.000000
vn 0.269579 0.962978 -0.000000
vn 0.171749 0.985141 -0.000000
vn 0.171749 0.985141 -0.000000
vn -0.257276 0.966338 -0.000000
vn -0.316944 0.948444 -0.000000
vn -0.257276 0.966338 -0.000000
vn -0.316944 0.948444 -0.000000
vn -0.476823 0.878999 -0.000000
vn -0.476823 0.878999 -0.000000
vn -0.584346 0.811505 -0.000000
vn -0.584346 0.811505 -0.000000
vn -0.617363 0.786679 -0.000000
vn -0.617363 0.786679 -0.000000
vn -0.615166 0.788397 -0.000000
vn -0.615166 0.788397 -0.000000
vn -0.615166 0.788397 -0.000000
vn -0.615166 0.788397 -0.000000
vn -0.614555 0.788874 -0.000000
vn -0.646641 0.762795 -0.000000
vn -0.614555 0.788874 -0.000000
vn -0.646641 0.762795 -0.000000
vn -0.738126 0.674663 -0.000000
vn -0.738126 0.674663 -0.000000
vn -0.843239 0.537538 -0.000000
vn -0.843239 0.537538 -0.000000
vn -0.874617 0.484815 -0.000000
vn -0.874617 0.484815 -0.000000
vn -0.995740 0.092201 -0.000000
vn -0.999967 -0.008175 0.000000
vn -0.995740 0.092201 -0.000000
vn -0.999967 -0.008175 0.000000
vn -0.990051 -0.140710 0.000000
vn -0.990051 -0.140710 0.000000
vn -0.949373 -0.314152 0.000000
vn -0.949373 -0.314152 0.000000
vn -0.845914 -0.533319 0.000000
vn -0.845914 -0.533319 0.000000
vn -0.803757 -0.594958 0.000000
vn -0.803757 -0.594958 0.000000
vn -0.615166 0.788397 -0.000000
vn -0.615166 0.788397 -0.000000
vn -0.615166 0.788397 -0.000000
vn -0.615166 0.788397 -0.000000
vn 0.788397 0.615166 -0.000000
vn 0.788397 0.615166 -0.000000
vn 0.788397 0.615166 -0.000000
vn 0.788397 0.615166 -0.000000
vn 0.615166 -0.788397 -0.000000
vn 0.615166 -0.788397 -0.000000
vn 0.615166 -0.788397 -0.000000
vn 0.615166 -0.788397 -0.000000
vn -0.766630 -0.642089 0.000000
vn -0.716702 -0.697379 0.000000
vn -0.766630 -0.642089 0.000000
vn -0.716702 -0.697379 0.000000
vn -0.529201 -0.848496 0.000000
vn -0.529201 -0.848496 0.000000
vn -0.375100 -0.926984 0.000000
vn -0.375100 -0.926984 0.000000
vn -0.255021 -0.966935 0.000000
vn -0.255021 -0.966935 0.000000
vn -0.161179 -0.986925 0.000000
vn -0.161179 -0.986925 0.000000
vn 0.232073 -0.972698 -0.000000
vn 0.294564 -0.955632 -0.000000
vn 0.232073 -0.972698 -0.000000
vn 0.294564 -0.955632 -0.000000
vn 0.464243 -0.885708 -0.000000
vn 0.464243 -0.885708 -0.000000
vn 0.579682 -0.814842 -0.000000
vn 0.579682 -0.814842 -0.000000
vn 0.614929 -0.788582 -0.000000
vn 0.614929 -0.788582 -0.000000
vn 0.615166 -0.788397 -0.000000
vn 0.615166 -0.788397 -0.000000
vn 0.615166 -0.788397 -0.000000
vn 0.615166 -0.788397 -0.000000
vn 0.788397 0.615166 -0.000000
vn 0.788397 0.615166 -0.000000
vn 0.788397 0.615166 -0.000000
vn 0.788397 0.615166 -0.000000
vn 0.732085 0.681213 -0.000000
vn 0.687968 0.725741 -0.000000
vn 0.732085 0.681213 -0.000000
vn 0.687968 0.725741 -0.000000
vn 0.534053 0.845451 -0.000000
vn 0.534053 0.845451 -0.000000
vn 0.364752 0.931105 -0.000000
vn 0.364752 0.931105 -0.000000
vn 0.307356 0.951595 -0.000000
vn 0.307356 0.951595 -0.000000
vn 0.000000 0.000000 -1.000000
vn 0.000000 0.000000 -1.000000
vn 0.000000 0.000000 -1.000000
vn 0.000000 0.000000 -1.000000
vn 0.000000 0.000000 -1.000000
vn 0.000000 0.000000 -1.000000
vn 0.000000 0.000000 -1.000000
vn 0.000000 0.000000 -1.000000
vn 0.000000 0.000000 -1.000000
vn 0.000000 0.000000 -1.000000
vn 0.000000 0.000000 -1.000000
vn 0.000000 0.000000 -1.000000
vn 0.000000 0.000000 -1.000000
vn 0.000000 0.000000 -1.000000
vn 0.000000 0.000000 -1.000000
vn 0.000000 0.000000 -1.000000
vn 0.000000 0.000000 -1.000000
vn 0.000000 0.000000 -1.000000
vn 0.000000 0.000000 -1.000000
vn 0.000000 0.000000 -1.000000
vn 0.000000 0.000000 -1.000000
vn 0.000000 0.000000 -1.000000
vn 0.000000 0.000000 -1.000000
vn 0.000000 0.000000 -1.000000
vn 0.000000 0.000000 -1.000000
vn 0.000000 0.000000 -1.000000
vn 0.000000 0.000000 -1.000000
vn 0.000000 0.000000 -1.000000
vn 0.000000 0.000000 -1.000000
vn 0.000000 0.000000 -1.000000
vn 0.000000 0.000000 -1.000000
vn 0.000000 0.000000 -1.000000
vn 0.000000 0.000000 -1.000000
vn 0.000000 0.000000 -1.000000
vn 0.000000 0.000000 -1.000000
vn 0.000000 0.000000 -1.000000
vn 0.000000 0.000000 -1.000000
vn 0.000000 0.000000 -1.000000
vn 0.000000 0.000000 -1.000000
vn 0.000000 0.000000 -1.000000
vn 0.000000 0.000000 -1.000000
vn 0.000000 0.000000 -1.000000
vn 0.000000 0.000000 -1.000000
vn 0.000000 0.000000 -1.000000
vn 0.000000 0.000000 -1.000000
vn 0.000000 0.000000 -1.000000
vn 0.000000 0.000000 -1.000000
vn 0.000000 0.000000 -1.000000
vn 0.000000 0.000000 -1.000000
vn 0.000000 0.000000 -1.000000
vn 0.000000 0.000000 -1.000000
vn 0.000000 0.000000 -1.000000
vn 0.000000 0.000000 -1.000000
vn 0.000000 0.000000 -1.000000
vn 0.000000 0.000000 -1.000000
vn 0.000000 0.000000 -1.000000
vn 0.000000 0.000000 -1.000000
vn 0.000000 0.000000 -1.000000
vn 0.000000 0.000000 -1.000000
vn 0.000000 0.000000 -1.000000
vn 0.000000 0.000000 -1.000000
vn 0.000000 0.000000 -1.000000
vn 0.000000 0.000000 -1.000000
vn 0.000000 0.000000 -1.000000
vn 0.000000 0.000000 -1.000000
vn 0.000000 0.000000 -1.000000
vn 0.000000 0.000000 -1.000000
vn 0.000000 0.000000 -1.000000
vn 0.000000 0.000000 -1.000000
vn 0.000000 0.000000 -1.000000
vn 0.000000 0.000000 -1.000000
vn 0.000000 0.000000 -1.000000
vn 0.000000 0.000000 -1.000000
vn 0.000000 0.000000 -1.000000
vn 0.000000 0.000000 -1.000000
vn 0.000000 0.000000 -1.000000
vn 0.000000 0.000000 -1.000000
vn 0.000000 0.000000 -1.000000
vn 0.000000 0.000000 -1.000000
vn 0.000000 0.000000 -1.000000
vn 0.000000 0.000000 -1.000000
vn 0.000000 0.000000 -1.000000
vn 0.000000 0.000000 -1.000000
vn 0.000000 0.000000 -1.000000
vn 0.000000 0.000000 -1.000000
vn 0.000000 0.000000 -1.000000
vn 0.000000 0.000000 -1.000000
vn 0.000000 0.000000 -1.000000
vn 0.000000 0.000000 -1.000000
vn 0.000000 0.000000 -1.000000
vn 0.000000 0.000000 -1.000000
vn 0.000000 0.000000 -1.000000
vn 0.000000 0.000000 -1.000000
vn 0.000000 0.000000 -1.000000
vn 0.000000 0.000000 -1.000000
vn 0.000000 0.000000 -1.000000
vn 0.000000 0.000000 -1.000000
vn 0.000000 0.000000 -1.000000
vn 0.000000 0.000000 -1.000000
vn -0.124759 -0.992187 0.000000
vn -0.124759 -0.992187 0.000000
vn -0.214621 -0.976697 0.000000
vn -0.124759 -0.992187 0.000000
vn -0.124759 -0.992187 0.000000
vn -0.006111 -0.999981 0.000000
vn -0.006111 -0.999981 0.000000
vn 0.145847 -0.989307 -0.000000
vn 0.145847 -0.989307 -0.000000
vn 0.343340 -0.939211 -0.000000
vn 0.343340 -0.939211 -0.000000
vn 0.402758 -0.915306 -0.000000
vn 0.402758 -0.915306 -0.000000
vn -0.006111 -0.999981 0.000000
vn -0.006111 -0.999981 0.000000
vn 0.145847 -0.989307 -0.000000
vn 0.145847 -0.989307 -0.000000
vn 0.343340 -0.939211 -0.000000
vn 0.343340 -0.939211 -0.000000
vn 0.343340 -0.939211 -0.000000
vn 0.343340 -0.939211 -0.000000
vn 0.343340 -0.939211 -0.000000
vn 0.343340 -0.939211 -0.000000
vn 0.145847 -0.989307 -0.000000
vn 0.145847 -0.989307 -0.000000
vn -0.006111 -0.999981 0.000000
vn -0.006111 -0.999981 0.000000
vn -0.124759 -0.992187 0.000000
vn -0.124759 -0.992187 0.000000
vn -0.214621 -0.976697 0.000000
vn 0.145847 -0.989307 -0.000000
vn 0.145847 -0.989307 -0.000000
vn -0.006111 -0.999981 0.000000
vn -0.006111 -0.999981 0.000000
vn -0.124759 -0.992187 0.000000
vn -0.124759 -0.992187 0.000000
vn 0.520030 -0.854148 -0.000000
vn 0.547160 -0.837028 -0.000000
vn 0.520030 -0.854148 -0.000000
vn 0.547160 -0.837028 -0.000000
vn 0.616713 -0.787188 -0.000000
vn 0.616713 -0.787188 -0.000000
vn 0.663065 -0.748562 -0.000000
vn 0.663065 -0.748562 -0.000000
vn 0.677900 -0.735154 -0.000000
vn 0.677900 -0.735154 -0.000000
vn 0.662153 -0.749368 -0.000000
vn 0.640521 -0.767941 -0.000000
vn 0.662153 -0.749368 -0.000000
vn 0.640521 -0.767941 -0.000000
vn 0.571960 -0.820282 -0.000000
vn 0.571960 -0.820282 -0.000000
vn 0.490889 -0.871222 -0.000000
vn 0.490889 -0.871222 -0.000000
vn 0.462844 -0.886440 -0.000000
vn 0.462844 -0.886440 -0.000000
vn 0.352058 -0.935978 -0.000000
vn 0.288869 -0.957369 -0.000000
vn 0.352058 -0.935978 -0.000000
vn 0.288869 -0.957369 -0.000000
vn 0.082478 -0.996593 -0.000000
vn 0.082478 -0.996593 -0.000000
vn -0.145864 -0.989305 0.000000
vn -0.145864 -0.989305 0.000000
vn -0.217623 -0.976033 0.000000
vn -0.217623 -0.976033 0.000000
vn -0.433412 -0.901196 0.000000
vn -0.501268 -0.865292 0.000000
vn -0.433412 -0.901196 0.000000
vn -0.501268 -0.865292 0.000000
vn -0.695016 -0.718995 0.000000
vn -0.695016 -0.718995 0.000000
vn -0.840356 -0.542034 0.000000
vn -0.840356 -0.542034 0.000000
vn -0.877266 -0.480004 0.000000
vn -0.877266 -0.480004 0.000000
vn -0.925384 -0.379032 0.000000
vn -0.937215 -0.348753 0.000000
vn -0.925384 -0.379032 0.000000
vn -0.937215 -0.348753 0.000000
vn -0.966989 -0.254819 0.000000
vn -0.966989 -0.254819 0.000000
vn -0.988267 -0.152733 0.000000
vn -0.988267 -0.152733 0.000000
vn -0.992946 -0.118568 0.000000
vn -0.992946 -0.118568 0.000000
vn -0.999945 -0.010509 0.000000
vn -0.999637 0.026940 -0.000000
vn -0.999945 -0.010509 0.000000
vn -0.999637 0.026940 -0.000000
vn -0.990125 0.140185 -0.000000
vn -0.990125 0.140185 -0.000000
vn -0.968849 0.247654 -0.000000
vn -0.968849 0.247654 -0.000000
vn -0.959289 0.282428 -0.000000
vn -0.959289 0.282428 -0.000000
vn -0.911690 0.410879 -0.000000
vn -0.900198 0.435480 -0.000000
vn -0.911690 0.410879 -0.000000
vn -0.900198 0.435480 -0.000000
vn -0.865564 0.500798 -0.000000
vn -0.865564 0.500798 -0.000000
vn -0.837549 0.546363 -0.000000
vn -0.837549 0.546363 -0.000000
vn -0.827718 0.561145 -0.000000
vn -0.827718 0.561145 -0.000000
vn -0.824563 0.565770 -0.000000
vn -0.837345 0.546675 -0.000000
vn -0.824563 0.565770 -0.000000
vn -0.837345 0.546675 -0.000000
vn -0.873265 0.487246 -0.000000
vn -0.873265 0.487246 -0.000000
vn -0.915870 0.401475 -0.000000
vn -0.915870 0.401475 -0.000000
vn -0.929357 0.369183 -0.000000
vn -0.929357 0.369183 -0.000000
vn -0.979835 0.199810 -0.000000
vn -0.990052 0.140703 -0.000000
vn -0.979835 0.199810 -0.000000
vn -0.990052 0.140703 -0.000000
vn -0.998935 -0.046146 0.000000
vn -0.998935 -0.046146 0.000000
vn -0.968687 -0.248284 0.000000
vn -0.968687 -0.248284 0.000000
vn -0.950211 -0.311606 0.000000
vn -0.950211 -0.311606 0.000000
vn -0.875949 -0.482404 0.000000
vn -0.837284 -0.546768 0.000000
vn -0.875949 -0.482404 0.000000
vn -0.837284 -0.546768 0.000000
vn -0.683299 -0.730139 0.000000
vn -0.683299 -0.730139 0.000000
vn -0.477360 -0.878708 0.000000
vn -0.477360 -0.878708 0.000000
vn -0.405696 -0.914008 0.000000
vn -0.405696 -0.914008 0.000000
vn -0.177015 -0.984208 0.000000
vn -0.106919 -0.994268 0.000000
vn -0.177015 -0.984208 0.000000
vn -0.106919 -0.994268 0.000000
vn 0.112653 -0.993634 -0.000000
vn 0.112653 -0.993634 -0.000000
vn 0.303975 -0.952680 -0.000000
vn 0.303975 -0.952680 -0.000000
vn 0.362827 -0.931857 -0.000000
vn 0.362827 -0.931857 -0.000000
vn 0.494008 -0.869457 -0.000000
vn 0.553531 -0.832828 -0.000000
vn 0.494008 -0.869457 -0.000000
vn 0.553531 -0.832828 -0.000000
vn 0.722121 -0.691767 -0.000000
vn 0.722121 -0.691767 -0.000000
vn 0.854214 -0.519922 -0.000000
vn 0.854214 -0.519922 -0.000000
vn 0.887984 -0.459875 -0.000000
vn 0.887984 -0.459875 -0.000000
vn 0.962144 -0.272542 -0.000000
vn 0.980302 -0.197506 -0.000000
vn 0.962144 -0.272542 -0.000000
vn 0.980302 -0.197506 -0.000000
vn 0.998962 0.045556 -0.000000
vn 0.998962 0.045556 -0.000000
vn 0.962974 0.269596 -0.000000
vn 0.962974 0.269596 -0.000000
vn 0.941237 0.337748 -0.000000
vn 0.941237 0.337748 -0.000000
vn 0.411741 -0.911301 -0.000000
vn 0.411741 -0.911301 -0.000000
vn 0.411741 -0.911301 -0.000000
vn 0.411741 -0.911301 -0.000000
vn -0.911301 -0.411741 0.000000
vn -0.911301 -0.411741 0.000000
vn -0.911301 -0.411741 0.000000
vn -0.911301 -0.411741 0.000000
vn -0.411741 0.911301 -0.000000
vn -0.411741 0.911301 -0.000000
vn -0.411741 0.911301 -0.000000
vn -0.411741 0.911301 -0.000000
vn 0.711338 0.702851 -0.000000
vn 0.711338 0.702851 -0.000000
vn 0.647028 0.762466 -0.000000
vn 0.647028 0.762466 -0.000000
vn 0.551720 0.834029 -0.000000
vn 0.551720 0.834029 -0.000000
vn 0.392902 0.919580 -0.000000
vn 0.392902 0.919580 -0.000000
vn 0.171019 0.985268 -0.000000
vn 0.171019 0.985268 -0.000000
vn -0.003815 0.999993 -0.000000
vn -0.003815 0.999993 -0.000000
vn -0.131460 0.991321 -0.000000
vn -0.131460 0.991321 -0.000000
vn -0.003815 0.999993 -0.000000
vn 0.171019 0.985268 -0.000000
vn 0.392902 0.919580 -0.000000
vn 0.551720 0.834029 -0.000000
vn 0.647028 0.762466 -0.000000
vn -0.560224 0.828341 -0.000000
vn -0.586802 0.809731 -0.000000
vn -0.560224 0.828341 -0.000000
vn -0.586802 0.809731 -0.000000
vn -0.649458 0.760398 -0.000000
vn -0.649458 0.760398 -0.000000
vn -0.688517 0.725220 -0.000000
vn -0.688517 0.725220 -0.000000
vn -0.701057 0.713105 -0.000000
vn -0.701057 0.713105 -0.000000
vn -0.685011 0.728533 -0.000000
vn -0.665049 0.746800 -0.000000
vn -0.685011 0.728533 -0.000000
vn -0.665049 0.746800 -0.000000
vn -0.601715 0.798711 -0.000000
vn -0.601715 0.798711 -0.000000
vn -0.517627 0.855606 -0.000000
vn -0.517627 0.855606 -0.000000
vn -0.487493 0.873127 -0.000000
vn -0.487493 0.873127 -0.000000
vn -0.325837 0.945426 -0.000000
vn -0.256522 0.966538 -0.000000
vn -0.325837 0.945426 -0.000000
vn -0.256522 0.966538 -0.000000
vn -0.029923 0.999552 -0.000000
vn -0.029923 0.999552 -0.000000
vn 0.197562 0.980290 -0.000000
vn 0.197562 0.980290 -0.000000
vn 0.267813 0.963471 -0.000000
vn 0.267813 0.963471 -0.000000
vn 0.437296 0.899317 -0.000000
vn 0.500991 0.865453 -0.000000
vn 0.437296 0.899317 -0.000000
vn 0.500991 0.865453 -0.000000
vn 0.683960 0.729519 -0.000000
vn 0.683960 0.729519 -0.000000
vn 0.831660 0.555285 -0.000000
vn 0.831660 0.555285 -0.000000
vn 0.869603 0.493752 -0.000000
vn 0.869603 0.493752 -0.000000
vn 0.939663 0.342102 -0.000000
vn 0.958621 0.284685 -0.000000
vn 0.939663 0.342102 -0.000000
vn 0.958621 0.284685 -0.000000
vn 0.994964 0.100238 -0.000000
vn 0.994964 0.100238 -0.000000
vn 0.995947 -0.089937 -0.000000
vn 0.995947 -0.089937 -0.000000
vn 0.988584 -0.150673 -0.000000
vn 0.988584 -0.150673 -0.000000
vn 0.939212 -0.343339 -0.000000
vn 0.925178 -0.379533 -0.000000
vn 0.939212 -0.343339 -0.000000
vn 0.925178 -0.379533 -0.000000
vn 0.878380 -0.477963 -0.000000
vn 0.878380 -0.477963 -0.000000
vn 0.836460 -0.548028 -0.000000
vn 0.836460 -0.548028 -0.000000
vn 0.821385 -0.570374 -0.000000
vn 0.821385 -0.570374 -0.000000
vn 0.819690 -0.572807 -0.000000
vn 0.833351 -0.552744 -0.000000
vn 0.819690 -0.572807 -0.000000
vn 0.833351 -0.552744 -0.000000
vn 0.871659 -0.490112 -0.000000
vn 0.871659 -0.490112 -0.000000
vn 0.917025 -0.398830 -0.000000
vn 0.917025 -0.398830 -0.000000
vn 0.931299 -0.364256 -0.000000
vn 0.931299 -0.364256 -0.000000
vn 0.985579 -0.169213 -0.000000
vn 0.994047 -0.108951 -0.000000
vn 0.985579 -0.169213 -0.000000
vn 0.994047 -0.108951 -0.000000
vn 0.996758 0.080458 -0.000000
vn 0.996758 0.080458 -0.000000
vn 0.962325 0.271903 -0.000000
vn 0.962325 0.271903 -0.000000
vn 0.943447 0.331523 -0.000000
vn 0.943447 0.331523 -0.000000
vn 0.871199 0.490930 -0.000000
vn 0.829775 0.558099 -0.000000
vn 0.871199 0.490930 -0.000000
vn 0.829775 0.558099 -0.000000
vn 0.663138 0.748497 -0.000000
vn 0.663138 0.748497 -0.000000
vn 0.539044 0.842278 -0.000000
vn 0.539044 0.842278 -0.000000
vn 0.445524 0.895270 -0.000000
vn 0.445524 0.895270 -0.000000
vn 0.370681 0.928760 -0.000000
vn 0.370681 0.928760 -0.000000
vn 0.146136 0.989264 -0.000000
vn 0.078771 0.996893 -0.000000
vn 0.146136 0.989264 -0.000000
vn 0.078771 0.996893 -0.000000
vn -0.130252 0.991481 -0.000000
vn -0.130252 0.991481 -0.000000
vn -0.310801 0.950475 -0.000000
vn -0.310801 0.950475 -0.000000
vn -0.366616 0.930372 -0.000000
vn -0.366616 0.930372 -0.000000
vn -0.472906 0.881113 -0.000000
vn -0.529648 0.848218 -0.000000
vn -0.472906 0.881113 -0.000000
vn -0.529648 0.848218 -0.000000
vn -0.692174 0.721731 -0.000000
vn -0.692174 0.721731 -0.000000
vn -0.833099 0.553124 -0.000000
vn -0.833099 0.553124 -0.000000
vn -0.869872 0.493277 -0.000000
vn -0.869872 0.493277 -0.000000
vn -0.957786 0.287483 -0.000000
vn -0.975696 0.219127 -0.000000
vn -0.957786 0.287483 -0.000000
vn -0.975696 0.219127 -0.000000
vn -1.000000 0.000678 -0.000000
vn -1.000000 0.000678 -0.000000
vn -0.980365 -0.197193 0.000000
vn -0.980365 -0.197193 0.000000
vn -0.965898 -0.258925 0.000000
vn -0.965898 -0.258925 0.000000
vn -0.411741 0.911301 -0.000000
vn -0.411741 0.911301 -0.000000
vn -0.411741 0.911301 -0.000000
vn -0.411741 0.911301 -0.000000
vn 0.911301 0.411741 -0.000000
vn 0.911301 0.411741 -0.000000
vn 0.911301 0.411741 -0.000000
vn 0.911301 0.411741 -0.000000
vn 0.411741 -0.911301 -0.000000
vn 0.411741 -0.911301 -0.000000
vn 0.411741 -0.911301 -0.000000
vn 0.411741 -0.911301 -0.000000
vn -0.769230 -0.638972 0.000000
vn -0.752606 -0.658472 0.000000
vn -0.769230 -0.638972 0.000000
vn -0.752606 -0.658472 0.000000
vn -0.699263 -0.714864 0.000000
vn -0.699263 -0.714864 0.000000
vn -0.615097 -0.788451 0.000000
vn -0.615097 -0.788451 0.000000
vn -0.581167 -0.813784 0.000000
vn -0.581167 -0.813784 0.000000
vn 0.000000 0.000000 -1.000000
vn 0.000000 0.000000 -1.000000
vn 0.000000 0.000000 -1.000000
vn 0.000000 0.000000 -1.000000
vn 0.000000 0.000000 -1.000000
vn 0.000000 0.000000 -1.000000
vn 0.000000 0.000000 -1.000000
vn 0.000000 0.000000 -1.000000
vn 0.000000 0.000000 -1.000000
vn 0.000000 0.000000 -1.000000
vn 0.000000 0.000000 -1.000000
vn 0.000000 0.000000 -1.000000
vn 0.000000 0.000000 -1.000000
vn 0.000000 0.000000 -1.000000
vn 0.000000 0.000000 -1.000000
vn 0.000000 0.000000 -1.000000
vn 0.000000 0.000000 -1.000000
vn 0.000000 0.000000 -1.000000
vn 0.000000 0.000000 -1.000000
vn 0.000000 0.000000 -1.000000
vn 0.000000 0.000000 -1.000000
vn 0.000000 0.000000 -1.000000
vn 0.000000 0.000000 -1.000000
vn 0.000000 0.000000 -1.000000
vn 0.000000 0.000000 -1.000000
vn 0.000000 0.000000 -1.000000
vn 0.000000 0.000000 -1.000000
vn 0.000000 0.000000 -1.000000
vn 0.000000 0.000000 -1.000000
vn 0.000000 0.000000 -1.000000
vn 0.000000 0.000000 -1.000000
vn 0.000000 0.000000 -1.000000
vn 0.000000 0.000000 -1.000000
vn 0.000000 0.000000 -1.000000
vn 0.000000 0.000000 -1.000000
vn 0.000000 0.000000 -1.000000
vn 0.000000 0.000000 -1.000000
vn 0.000000 0.000000 -1.000000
vn 0.000000 0.000000 -1.000000
vn 0.000000 0.000000 -1.000000
vn 0.000000 0.000000 -1.000000
vn 0.000000 0.000000 -1.000000
vn 0.000000 0.000000 -1.000000
vn 0.000000 0.000000 -1.000000
vn 0.000000 0.000000 -1.000000
vn 0.000000 0.000000 -1.000000
vn 0.000000 0.000000 -1.000000
vn 0.000000 0.000000 -1.000000
vn 0.000000 0.000000 -1.000000
vn 0.000000 0.000000 -1.000000
vn 0.000000 0.000000 -1.000000
vn 0.000000 0.000000 -1.000000
vn 0.000000 0.000000 -1.000000
vn 0.000000 0.000000 -1.000000
vn 0.000000 0.000000 -1.000000
vn 0.000000 0.000000 -1.000000
vn 0.000000 0.000000 -1.000000
vn 0.000000 0.000000 -1.000000
vn 0.000000 0.000000 -1.000000
vn 0.000000 0.000000 -1.000000
vn 0.000000 0.000000 -1.000000
vn 0.000000 0.000000 -1.000000
vn 0.000000 0.000000 -1.000000
vn 0.000000 0.000000 -1.000000
vn 0.000000 0.000000 -1.000000
vn 0.000000 0.000000 -1.000000
vn 0.000000 0.000000 -1.000000
vn 0.000000 0.000000 -1.000000
vn 0.000000 0.000000 -1.000000
vn 0.000000 0.000000 -1.000000
vn 0.000000 0.000000 -1.000000
vn 0.000000 0.000000 -1.000000
vn 0.000000 0.000000 -1.000000
vn 0.000000 0.000000 -1.000000
vn 0.000000 0.000000 -1.000000
vn 0.000000 0.000000 -1.000000
vn 0.000000 0.000000 -1.000000
vn 0.000000 0.000000 -1.000000
vn 0.000000 0.000000 -1.000000
vn 0.000000 0.000000 -1.000000
vn 0.000000 0.000000 -1.000000
vn 0.000000 0.000000 -1.000000
vn 0.000000 0.000000 -1.000000
vn 0.000000 0.000000 -1.000000
vn 0.000000 0.000000 -1.000000
vn 0.000000 0.000000 -1.000000
vn 0.000000 0.000000 -1.000000
vn 0.000000 0.000000 -1.000000
vn 0.000000 0.000000 -1.000000
vn 0.000000 0.000000 -1.000000
vn 0.000000 0.000000 -1.000000
vn 0.000000 0.000000 -1.000000
vn 0.000000 0.000000 -1.000000
vn 0.000000 0.000000 -1.000000
vn 0.000000 0.000000 -1.000000
vn 0.000000 0.000000 -1.000000
vn 0.000000 0.000000 -1.000000
vn 0.000000 0.000000 -1.000000
vn 0.000000 0.000000 -1.000000
vn 0.000000 0.000000 -1.000000
vn 0.000000 0.000000 -1.000000
vn 0.000000 0.000000 -1.000000
vn 0.000000 0.000000 -1.000000
vn 0.000000 0.000000 -1.000000
vn 0.000000 0.000000 -1.000000
vn 0.000000 0.000000 -1.000000
vn 0.000000 0.000000 -1.000000
vn 0.000000 0.000000 -1.000000
vn 0.000000 0.000000 -1.000000
vn 0.000000 0.000000 -1.000000
vn 0.000000 0.000000 -1.000000
vn 0.000000 0.000000 -1.000000
vn 0.000000 0.000000 -1.000000
vn 0.000000 0.000000 -1.000000
vn 0.000000 0.000000 -1.000000
vn 0.000000 0.000000 -1.000000
vn 0.000000 0.000000 -1.000000
vn 0.000000 0.000000 -1.000000
vn 0.000000 0.000000 -1.000000
vn 0.000000 0.000000 -1.000000
vn 0.000000 0.000000 -1.000000
vn 0.000000 0.000000 -1.000000
vn 0.999417 -0.034154 -0.000000
vn 0.998965 0.045484 -0.000000
vn 0.999417 -0.034154 -0.000000
vn 0.998965 0.045484 -0.000000
vn 0.958531 0.284989 -0.000000
vn 0.958531 0.284989 -0.000000
vn 0.883434 0.468556 -0.000000
vn 0.883434 0.468556 -0.000000
vn 0.852238 0.523154 -0.000000
vn 0.852238 0.523154 -0.000000
vn 0.720851 -0.693090 -0.000000
vn 0.720851 -0.693090 -0.000000
vn 0.720851 -0.693090 -0.000000
vn 0.720851 -0.693090 -0.000000
vn -0.693090 -0.720851 0.000000
vn -0.693090 -0.720851 0.000000
vn -0.693090 -0.720851 0.000000
vn -0.693090 -0.720851 0.000000
vn -0.720851 0.693090 -0.000000
vn -0.720851 0.693090 -0.000000
vn -0.720851 0.693090 -0.000000
vn -0.720851 0.693090 -0.000000
vn -0.309572 0.950876 -0.000000
vn -0.377256 0.926109 -0.000000
vn -0.309572 0.950876 -0.000000
vn -0.377256 0.926109 -0.000000
vn -0.560448 0.828189 -0.000000
vn -0.560448 0.828189 -0.000000
vn -0.682024 0.731329 -0.000000
vn -0.682024 0.731329 -0.000000
vn -0.717761 0.696289 -0.000000
vn -0.717761 0.696289 -0.000000
vn -0.720851 0.693090 -0.000000
vn -0.720851 0.693090 -0.000000
vn -0.720851 0.693090 -0.000000
vn -0.720851 0.693090 -0.000000
vn -0.721325 0.692596 -0.000000
vn -0.757066 0.653338 -0.000000
vn -0.721325 0.692596 -0.000000
vn -0.757066 0.653338 -0.000000
vn -0.854624 0.519247 -0.000000
vn -0.854624 0.519247 -0.000000
vn -0.949229 0.314587 -0.000000
vn -0.949229 0.314587 -0.000000
vn -0.971004 0.239062 -0.000000
vn -0.971004 0.239062 -0.000000
vn -0.720851 0.693090 -0.000000
vn -0.720851 0.693090 -0.000000
vn -0.720851 0.693090 -0.000000
vn -0.720851 0.693090 -0.000000
vn 0.693090 0.720851 -0.000000
vn 0.693090 0.720851 -0.000000
vn 0.693090 0.720851 -0.000000
vn 0.693090 0.720851 -0.000000
vn 0.720851 -0.693090 -0.000000
vn 0.720851 -0.693090 -0.000000
vn 0.720851 -0.693090 -0.000000
vn 0.720851 -0.693090 -0.000000
vn -0.595772 -0.803154 0.000000
vn -0.535700 -0.844408 0.000000
vn -0.595772 -0.803154 0.000000
vn -0.535700 -0.844408 0.000000
vn -0.325370 -0.945587 0.000000
vn -0.325370 -0.945587 0.000000
vn -0.170472 -0.985363 0.000000
vn -0.170472 -0.985363 0.000000
vn -0.057082 -0.998370 0.000000
vn -0.057082 -0.998370 0.000000
vn 0.030031 -0.999549 -0.000000
vn 0.030031 -0.999549 -0.000000
vn 0.351497 -0.936189 -0.000000
vn 0.409993 -0.912089 -0.000000
vn 0.351497 -0.936189 -0.000000
vn 0.409993 -0.912089 -0.000000
vn 0.570209 -0.821500 -0.000000
vn 0.570209 -0.821500 -0.000000
vn 0.680745 -0.732520 -0.000000
vn 0.680745 -0.732520 -0.000000
vn 0.713715 -0.700436 -0.000000
vn 0.713715 -0.700436 -0.000000
vn 0.720851 -0.693090 -0.000000
vn 0.720851 -0.693090 -0.000000
vn 0.720851 -0.693090 -0.000000
vn 0.720851 -0.693090 -0.000000
vn 0.693090 0.720851 -0.000000
vn 0.693090 0.720851 -0.000000
vn 0.693090 0.720851 -0.000000
vn 0.693090 0.720851 -0.000000
vn 0.690949 0.722903 -0.000000
vn 0.660237 0.751057 -0.000000
vn 0.690949 0.722903 -0.000000
vn 0.660237 0.751057 -0.000000
vn 0.558914 0.829226 -0.000000
vn 0.558914 0.829226 -0.000000
vn 0.409466 0.912325 -0.000000
vn 0.409466 0.912325 -0.000000
vn 0.353977 0.935254 -0.000000
vn 0.353977 0.935254 -0.000000
vn -0.030744 0.999527 -0.000000
vn -0.131403 0.991329 -0.000000
vn -0.030744 0.999527 -0.000000
vn -0.131403 0.991329 -0.000000
vn -0.262656 0.964889 -0.000000
vn -0.262656 0.964889 -0.000000
vn -0.432884 0.901450 -0.000000
vn -0.432884 0.901450 -0.000000
vn -0.642456 0.766322 -0.000000
vn -0.642456 0.766322 -0.000000
vn -0.699228 0.714899 -0.000000
vn -0.699228 0.714899 -0.000000
vn 0.693090 0.720851 -0.000000
vn 0.693090 0.720851 -0.000000
vn 0.693090 0.720851 -0.000000
vn 0.693090 0.720851 -0.000000
vn 0.720851 -0.693090 -0.000000
vn 0.720851 -0.693090 -0.000000
vn 0.720851 -0.693090 -0.000000
vn 0.720851 -0.693090 -0.000000
vn -0.693090 -0.720851 0.000000
vn -0.693090 -0.720851 0.000000
vn -0.693090 -0.720851 0.000000
vn -0.693090 -0.720851 0.000000
vn -0.733667 0.679509 -0.000000
vn -0.780483 0.625177 -0.000000
vn -0.733667 0.679509 -0.000000
vn -0.780483 0.625177 -0.000000
vn -0.903358 0.428887 -0.000000
vn -0.903358 0.428887 -0.000000
vn -0.963470 0.267817 -0.000000
vn -0.963470 0.267817 -0.000000
vn -0.990141 0.140076 -0.000000
vn -0.990141 0.140076 -0.000000
vn -0.999139 0.041481 -0.000000
vn -0.999139 0.041481 -0.000000
vn -0.917943 -0.396712 0.000000
vn -0.890872 -0.454254 0.000000
vn -0.917943 -0.396712 0.000000
vn -0.890872 -0.454254 0.000000
vn -0.798004 -0.602652 0.000000
vn -0.798004 -0.602652 0.000000
vn -0.716697 -0.697385 0.000000
vn -0.716697 -0.697385 0.000000
vn -0.687779 -0.725920 0.000000
vn -0.687779 -0.725920 0.000000
vn -0.693090 -0.720851 0.000000
vn -0.693090 -0.720851 0.000000
vn -0.693090 -0.720851 0.000000
vn -0.693090 -0.720851 0.000000
vn 0.720851 -0.693090 -0.000000
vn 0.720851 -0.693090 -0.000000
vn 0.720851 -0.693090 -0.000000
vn 0.720851 -0.693090 -0.000000
vn 0.730760 -0.682634 -0.000000
vn 0.759691 -0.650284 -0.000000
vn 0.730760 -0.682634 -0.000000
vn 0.759691 -0.650284 -0.000000
vn 0.839449 -0.543439 -0.000000
vn 0.839449 -0.543439 -0.000000
vn 0.918887 -0.394520 -0.000000
vn 0.918887 -0.394520 -0.000000
vn 0.940071 -0.340978 -0.000000
vn 0.940071 -0.340978 -0.000000
vn 0.000000 0.000000 -1.000000
vn 0.000000 0.000000 -1.000000
vn 0.000000 0.000000 -1.000000
vn 0.000000 0.000000 -1.000000
vn 0.000000 0.000000 -1.000000
vn 0.000000 0.000000 -1.000000
vn 0.000000 0.000000 -1.000000
vn 0.000000 0.000000 -1.000000
vn 0.000000 0.000000 -1.000000
vn 0.000000 0.000000 -1.000000
vn 0.000000 0.000000 -1.000000
vn 0.000000 0.000000 -1.000000
vn 0.000000 0.000000 -1.000000
vn 0.000000 0.000000 -1.000000
vn 0.000000 0.000000 -1.000000
vn 0.000000 0.000000 -1.000000
vn 0.000000 0.000000 -1.000000
vn 0.000000 0.000000 -1.000000
vn 0.000000 0.000000 -1.000000
vn 0.000000 0.000000 -1.000000
vn 0.000000 0.000000 -1.000000
vn 0.000000 0.000000 -1.000000
vn 0.000000 0.000000 -1.000000
vn 0.000000 0.000000 -1.000000
vn 0.000000 0.000000 -1.000000
vn 0.000000 0.000000 -1.000000
vn 0.000000 0.000000 -1.000000
vn 0.000000 0.000000 -1.000000
vn 0.000000 0.000000 -1.000000
vn 0.000000 0.000000 -1.000000
vn 0.000000 0.000000 -1.000000
vn 0.000000 0.000000 -1.000000
vn 0.000000 0.000000 -1.000000
vn 0.000000 0.000000 -1.000000
vn 0.000000 0.000000 -1.000000
vn 0.000000 0.000000 -1.000000
vn 0.000000 0.000000 -1.000000
vn 0.000000 0.000000 -1.000000
vn 0.000000 0.000000 -1.000000
vn 0.000000 0.000000 -1.000000
vn 0.000000 0.000000 -1.000000
vn 0.000000 0.000000 -1.000000
vn 0.000000 0.000000 -1.000000
vn 0.000000 0.000000 -1.000000
vn 0.000000 0.000000 -1.000000
vn 0.000000 0.000000 -1.000000
vn 0.000000 0.000000 -1.000000
vn 0.000000 0.000000 -1.000000
vn 0.000000 0.000000 -1.000000
vn 0.000000 0.000000 -1.000000
vn 0.000000 0.000000 -1.000000
vn 0.000000 0.000000 -1.000000
vn 0.000000 0.000000 -1.000000
vn 0.000000 0.000000 -1.000000
vn 0.000000 0.000000 -1.000000
vn 0.000000 0.000000 -1.000000
vn 0.000000 0.000000 -1.000000
vn -0.172670 -0.984980 0.000000
vn -0.102289 -0.994755 0.000000
vn -0.172670 -0.984980 0.000000
vn -0.102289 -0.994755 0.000000
vn 0.120112 -0.992760 -0.000000
vn 0.120112 -0.992760 -0.000000
vn 0.322483 -0.946575 -0.000000
vn 0.322483 -0.946575 -0.000000
vn 0.384261 -0.923225 -0.000000
vn 0.384261 -0.923225 -0.000000
vn 0.508717 -0.860934 -0.000000
vn 0.570897 -0.821021 -0.000000
vn 0.508717 -0.860934 -0.000000
vn 0.570897 -0.821021 -0.000000
vn 0.747112 -0.664698 -0.000000
vn 0.747112 -0.664698 -0.000000
vn 0.891254 -0.453505 -0.000000
vn 0.891254 -0.453505 -0.000000
vn 0.924909 -0.380187 -0.000000
vn 0.924909 -0.380187 -0.000000
vn 0.990969 -0.134089 -0.000000
vn 0.998021 -0.062884 -0.000000
vn 0.990969 -0.134089 -0.000000
vn 0.998021 -0.062884 -0.000000
vn 0.987451 0.157927 -0.000000
vn 0.987451 0.157927 -0.000000
vn 0.938582 0.345056 -0.000000
vn 0.938582 0.345056 -0.000000
vn 0.915512 0.402291 -0.000000
vn 0.915512 0.402291 -0.000000
vn 0.886156 0.463387 -0.000000
vn 0.872990 0.487739 -0.000000
vn 0.886156 0.463387 -0.000000
vn 0.872990 0.487739 -0.000000
vn 0.829116 0.559076 -0.000000
vn 0.829116 0.559076 -0.000000
vn 0.770968 0.636874 -0.000000
vn 0.770968 0.636874 -0.000000
vn 0.749761 0.661708 -0.000000
vn 0.749761 0.661708 -0.000000
vn -0.445782 0.895141 -0.000000
vn -0.445782 0.895141 -0.000000
vn -0.445782 0.895141 -0.000000
vn -0.445782 0.895141 -0.000000
vn -0.895141 -0.445782 0.000000
vn -0.895141 -0.445782 0.000000
vn -0.895141 -0.445782 0.000000
vn -0.895141 -0.445782 0.000000
vn -0.863853 -0.503745 0.000000
vn -0.825519 -0.564375 0.000000
vn -0.863853 -0.503745 0.000000
vn -0.825519 -0.564375 0.000000
vn -0.676190 -0.736728 0.000000
vn -0.676190 -0.736728 0.000000
vn -0.471332 -0.881956 0.000000
vn -0.471332 -0.881956 0.000000
vn -0.399684 -0.916653 0.000000
vn -0.399684 -0.916653 0.000000
vn -0.880940 -0.473228 0.000000
vn -0.843117 -0.537730 0.000000
vn -0.880940 -0.473228 0.000000
vn -0.843117 -0.537730 0.000000
vn -0.689097 -0.724669 0.000000
vn -0.689097 -0.724669 0.000000
vn -0.551625 -0.834092 0.000000
vn -0.551625 -0.834092 0.000000
vn -0.439192 -0.898393 0.000000
vn -0.439192 -0.898393 0.000000
vn -0.349102 -0.937085 0.000000
vn -0.349102 -0.937085 0.000000
vn 0.048299 -0.998833 -0.000000
vn 0.111217 -0.993796 -0.000000
vn 0.048299 -0.998833 -0.000000
vn 0.111217 -0.993796 -0.000000
vn 0.285581 -0.958355 -0.000000
vn 0.285581 -0.958355 -0.000000
vn 0.408143 -0.912918 -0.000000
vn 0.408143 -0.912918 -0.000000
vn 0.446552 -0.894758 -0.000000
vn 0.446552 -0.894758 -0.000000
vn 0.445782 -0.895141 -0.000000
vn 0.445782 -0.895141 -0.000000
vn 0.445782 -0.895141 -0.000000
vn 0.445782 -0.895141 -0.000000
vn 0.450177 -0.892940 -0.000000
vn 0.488511 -0.872558 -0.000000
vn 0.450177 -0.892940 -0.000000
vn 0.488511 -0.872558 -0.000000
vn 0.600462 -0.799653 -0.000000
vn 0.600462 -0.799653 -0.000000
vn 0.732120 -0.681175 -0.000000
vn 0.732120 -0.681175 -0.000000
vn 0.772783 -0.634671 -0.000000
vn 0.772783 -0.634671 -0.000000
vn 0.954274 -0.298933 -0.000000
vn 0.979131 -0.203232 -0.000000
vn 0.954274 -0.298933 -0.000000
vn 0.979131 -0.203232 -0.000000
vn 0.997283 -0.073660 -0.000000
vn 0.997283 -0.073660 -0.000000
vn 0.994495 0.104781 -0.000000
vn 0.994495 0.104781 -0.000000
vn 0.938500 0.345278 -0.000000
vn 0.938500 0.345278 -0.000000
vn 0.909548 0.415599 -0.000000
vn 0.909548 0.415599 -0.000000
vn 0.445782 -0.895141 -0.000000
vn 0.445782 -0.895141 -0.000000
vn 0.445782 -0.895141 -0.000000
vn 0.445782 -0.895141 -0.000000
vn -0.895141 -0.445782 0.000000
vn -0.895141 -0.445782 0.000000
vn -0.895141 -0.445782 0.000000
vn -0.895141 -0.445782 0.000000
vn -0.445782 0.895141 -0.000000
vn -0.445782 0.895141 -0.000000
vn -0.445782 0.895141 -0.000000
vn -0.445782 0.895141 -0.000000
vn 0.882063 0.471132 -0.000000
vn 0.845060 0.534671 -0.000000
vn 0.882063 0.471132 -0.000000
vn 0.845060 0.534671 -0.000000
vn 0.695042 0.718969 -0.000000
vn 0.695042 0.718969 -0.000000
vn 0.560759 0.827979 -0.000000
vn 0.560759 0.827979 -0.000000
vn 0.450237 0.892909 -0.000000
vn 0.450237 0.892909 -0.000000
vn 0.361428 0.932400 -0.000000
vn 0.361428 0.932400 -0.000000
vn -0.045611 0.998959 -0.000000
vn -0.109735 0.993961 -0.000000
vn -0.045611 0.998959 -0.000000
vn -0.109735 0.993961 -0.000000
vn -0.286486 0.958084 -0.000000
vn -0.286486 0.958084 -0.000000
vn -0.409623 0.912255 -0.000000
vn -0.409623 0.912255 -0.000000
vn -0.448178 0.893944 -0.000000
vn -0.448178 0.893944 -0.000000
vn -0.445782 0.895141 -0.000000
vn -0.445782 0.895141 -0.000000
vn -0.445782 0.895141 -0.000000
vn -0.445782 0.895141 -0.000000
vn -0.841710 -0.539930 0.000000
vn -0.847042 -0.531527 0.000000
vn -0.841710 -0.539930 0.000000
vn -0.847042 -0.531527 0.000000
vn -0.862548 -0.505975 0.000000
vn -0.862548 -0.505975 0.000000
vn -0.879347 -0.476181 0.000000
vn -0.879347 -0.476181 0.000000
vn -0.884787 -0.465995 0.000000
vn -0.884787 -0.465995 0.000000
vn -0.906563 -0.422070 0.000000
vn -0.926925 -0.375246 0.000000
vn -0.906563 -0.422070 0.000000
vn -0.926925 -0.375246 0.000000
vn -0.974484 -0.224459 0.000000
vn -0.974484 -0.224459 0.000000
vn -0.999433 -0.033682 0.000000
vn -0.999433 -0.033682 0.000000
vn -0.999537 0.030435 -0.000000
vn -0.999537 0.030435 -0.000000
vn -0.956061 0.293168 -0.000000
vn -0.926562 0.376142 -0.000000
vn -0.956061 0.293168 -0.000000
vn -0.926562 0.376142 -0.000000
vn -0.876642 0.481143 -0.000000
vn -0.876642 0.481143 -0.000000
vn -0.783320 0.621618 -0.000000
vn -0.783320 0.621618 -0.000000
vn -0.674581 0.738201 -0.000000
vn -0.674581 0.738201 -0.000000
vn -0.590086 0.807340 -0.000000
vn -0.590086 0.807340 -0.000000
vn -0.521306 0.853370 -0.000000
vn -0.521306 0.853370 -0.000000
vn -0.341176 0.940000 -0.000000
vn -0.259834 0.965653 -0.000000
vn -0.341176 0.940000 -0.000000
vn -0.259834 0.965653 -0.000000
vn -0.149853 0.988708 -0.000000
vn -0.149853 0.988708 -0.000000
vn 0.013126 0.999914 -0.000000
vn 0.013126 0.999914 -0.000000
vn 0.171402 0.985201 -0.000000
vn 0.171402 0.985201 -0.000000
vn 0.277708 0.960665 -0.000000
vn 0.277708 0.960665 -0.000000
vn 0.356268 0.934384 -0.000000
vn 0.356268 0.934384 -0.000000
vn 0.553112 0.833107 -0.000000
vn 0.605841 0.795586 -0.000000
vn 0.553112 0.833107 -0.000000
vn 0.605841 0.795586 -0.000000
vn 0.750091 0.661335 -0.000000
vn 0.750091 0.661335 -0.000000
vn 0.850556 0.525885 -0.000000
vn 0.850556 0.525885 -0.000000
vn 0.877857 0.478922 -0.000000
vn 0.877857 0.478922 -0.000000
vn 0.895141 0.445782 -0.000000
vn 0.895141 0.445782 -0.000000
vn 0.895141 0.445782 -0.000000
vn 0.895141 0.445782 -0.000000
vn 0.445782 -0.895141 -0.000000
vn 0.445782 -0.895141 -0.000000
vn 0.445782 -0.895141 -0.000000
vn 0.445782 -0.895141 -0.000000
vn 0.000000 0.000000 -1.000000
vn 0.000000 0.000000 -1.000000
vn 0.000000 0.000000 -1.000000
vn 0.000000 0.000000 -1.000000
vn 0.000000 0.000000 -1.000000
vn 0.000000 0.000000 -1.000000
vn 0.000000 0.000000 -1.000000
vn 0.000000 0.000000 -1.000000
vn 0.000000 0.000000 -1.000000
vn 0.000000 0.000000 -1.000000
vn 0.000000 0.000000 -1.000000
vn 0.000000 0.000000 -1.000000
vn 0.000000 0.000000 -1.000000
vn 0.000000 0.000000 -1.000000
vn 0.000000 0.000000 -1.000000
vn 0.000000 0.000000 -1.000000
vn 0.000000 0.000000 -1.000000
vn 0.000000 0.000000 -1.000000
vn 0.000000 0.000000 -1.000000
vn 0.000000 0.000000 -1.000000
vn 0.000000 0.000000 -1.000000
vn 0.000000 0.000000 -1.000000
vn 0.000000 0.000000 -1.000000
vn 0.000000 0.000000 -1.000000
vn 0.000000 0.000000 -1.000000
vn 0.000000 0.000000 -1.000000
vn 0.000000 0.000000 -1.000000
vn 0.000000 0.000000 -1.000000
vn 0.000000 0.000000 -1.000000
vn 0.000000 0.000000 -1.000000
vn 0.000000 0.000000 -1.000000
vn 0.000000 0.000000 -1.000000
vn 0.000000 0.000000 -1.000000
vn 0.000000 0.000000 -1.000000
vn 0.000000 0.000000 -1.000000
vn 0.000000 0.000000 -1.000000
vn 0.000000 0.000000 -1.000000
vn 0.000000 0.000000 -1.000000
vn 0.000000 0.000000 -1.000000
vn 0.000000 0.000000 -1.000000
vn 0.000000 0.000000 -1.000000
vn 0.000000 0.000000 -1.000000
vn 0.000000 0.000000 -1.000000
vn 0.000000 0.000000 -1.000000
vn 0.000000 0.000000 -1.000000
vn 0.000000 0.000000 -1.000000
vn 0.000000 0.000000 -1.000000
vn 0.000000 0.000000 -1.000000
vn 0.000000 0.000000 -1.000000
vn 0.000000 0.000000 -1.000000
vn 0.000000 0.000000 -1.000000
vn 0.000000 0.000000 -1.000000
vn 0.000000 0.000000 -1.000000
vn 0.000000 0.000000 -1.000000
vn 0.000000 0.000000 -1.000000
vn 0.000000 0.000000 -1.000000
vn 0.000000 0.000000 -1.000000
vn 0.000000 0.000000 -1.000000
vn 0.000000 0.000000 -1.000000
vn 0.000000 0.000000 -1.000000
vn 0.000000 0.000000 -1.000000
vn 0.000000 0.000000 -1.000000
vn 0.000000 0.000000 -1.000000
vn 0.000000 0.000000 -1.000000
vn 0.000000 0.000000 -1.000000
vn 0.000000 0.000000 -1.000000
vn 0.000000 0.000000 -1.000000
vn 0.000000 0.000000 -1.000000
vn 0.000000 0.000000 -1.000000
vn 0.000000 0.000000 -1.000000
vn 0.000000 0.000000 -1.000000
vn 0.000000 0.000000 -1.000000
vn 0.000000 0.000000 -1.000000
vn 0.000000 0.000000 -1.000000
vn 0.000000 0.000000 -1.000000
vn 0.000000 0.000000 -1.000000
vn 0.000000 0.000000 -1.000000
vn 0.000000 0.000000 -1.000000
vn 0.000000 0.000000 -1.000000
vn 0.000000 0.000000 -1.000000
vn -0.820784 0.571238 -0.000000
vn -0.864293 0.502989 -0.000000
vn -0.820784 0.571238 -0.000000
vn -0.864293 0.502989 -0.000000
vn -0.957467 0.288543 -0.000000
vn -0.957467 0.288543 -0.000000
vn -0.992861 0.119278 -0.000000
vn -0.992861 0.119278 -0.000000
vn -0.997929 0.064321 -0.000000
vn -0.997929 0.064321 -0.000000
vn -0.998089 0.061799 -0.000000
vn -0.998089 0.061799 -0.000000
vn -0.998089 0.061799 -0.000000
vn -0.998089 0.061799 -0.000000
vn -0.061799 -0.998089 0.000000
vn -0.061799 -0.998089 0.000000
vn -0.061799 -0.998089 0.000000
vn -0.061799 -0.998089 0.000000
vn 0.998089 -0.061799 -0.000000
vn 0.998089 -0.061799 -0.000000
vn 0.998089 -0.061799 -0.000000
vn 0.998089 -0.061799 -0.000000
vn 0.997081 -0.076348 -0.000000
vn 0.999444 -0.033327 -0.000000
vn 0.997081 -0.076348 -0.000000
vn 0.999444 -0.033327 -0.000000
vn 0.995029 0.099587 -0.000000
vn 0.995029 0.099587 -0.000000
vn 0.957612 0.288061 -0.000000
vn 0.957612 0.288061 -0.000000
vn 0.934647 0.355578 -0.000000
vn 0.934647 0.355578 -0.000000
vn 0.676763 0.736201 -0.000000
vn 0.623622 0.781726 -0.000000
vn 0.676763 0.736201 -0.000000
vn 0.623622 0.781726 -0.000000
vn 0.455285 0.890346 -0.000000
vn 0.455285 0.890346 -0.000000
vn 0.317968 0.948101 -0.000000
vn 0.317968 0.948101 -0.000000
vn 0.272023 0.962291 -0.000000
vn 0.272023 0.962291 -0.000000
vn 0.998089 -0.061799 -0.000000
vn 0.998089 -0.061799 -0.000000
vn 0.998089 -0.061799 -0.000000
vn 0.998089 -0.061799 -0.000000
vn -0.061799 -0.998089 0.000000
vn -0.061799 -0.998089 0.000000
vn -0.061799 -0.998089 0.000000
vn -0.061799 -0.998089 0.000000
vn -0.998089 0.061799 -0.000000
vn -0.998089 0.061799 -0.000000
vn -0.998089 0.061799 -0.000000
vn -0.998089 0.061799 -0.000000
vn 0.061799 0.998089 -0.000000
vn 0.061799 0.998089 -0.000000
vn 0.061799 0.998089 -0.000000
vn 0.061799 0.998089 -0.000000
vn 0.999347 -0.036133 -0.000000
vn 0.999304 0.037301 -0.000000
vn 0.999347 -0.036133 -0.000000
vn 0.999304 0.037301 -0.000000
vn 0.962317 0.271931 -0.000000
vn 0.962317 0.271931 -0.000000
vn 0.900594 0.434662 -0.000000
vn 0.900594 0.434662 -0.000000
vn 0.836706 0.547652 -0.000000
vn 0.836706 0.547652 -0.000000
vn 0.778857 0.627202 -0.000000
vn 0.778857 0.627202 -0.000000
vn 0.453087 0.891466 -0.000000
vn 0.395615 0.918416 -0.000000
vn 0.453087 0.891466 -0.000000
vn 0.395615 0.918416 -0.000000
vn 0.227129 0.973865 -0.000000
vn 0.227129 0.973865 -0.000000
vn 0.100092 0.994978 -0.000000
vn 0.100092 0.994978 -0.000000
vn 0.058353 0.998296 -0.000000
vn 0.058353 0.998296 -0.000000
vn 0.061799 0.998089 -0.000000
vn 0.061799 0.998089 -0.000000
vn 0.061799 0.998089 -0.000000
vn 0.061799 0.998089 -0.000000
vn 0.062813 0.998025 -0.000000
vn 0.021777 0.999763 -0.000000
vn 0.062813 0.998025 -0.000000
vn 0.021777 0.999763 -0.000000
vn -0.104267 0.994549 -0.000000
vn -0.104267 0.994549 -0.000000
vn -0.272924 0.962036 -0.000000
vn -0.272924 0.962036 -0.000000
vn -0.331128 0.943586 -0.000000
vn -0.331128 0.943586 -0.000000
vn -0.688545 0.725194 -0.000000
vn -0.758342 0.651857 -0.000000
vn -0.688545 0.725194 -0.000000
vn -0.758342 0.651857 -0.000000
vn -0.838636 0.544693 -0.000000
vn -0.838636 0.544693 -0.000000
vn -0.921849 0.387549 -0.000000
vn -0.921849 0.387549 -0.000000
vn -0.987648 0.156690 -0.000000
vn -0.987648 0.156690 -0.000000
vn -0.996530 0.083236 -0.000000
vn -0.996530 0.083236 -0.000000
vn 0.061799 0.998089 -0.000000
vn 0.061799 0.998089 -0.000000
vn 0.061799 0.998089 -0.000000
vn 0.061799 0.998089 -0.000000
vn 0.998089 -0.061799 -0.000000
vn 0.998089 -0.061799 -0.000000
vn 0.998089 -0.061799 -0.000000
vn 0.998089 -0.061799 -0.000000
vn 0.178946 -0.983859 -0.000000
vn 0.178946 -0.983859 -0.000000
vn 0.178946 -0.983859 -0.000000
vn 0.178946 -0.983859 -0.000000
vn -0.998089 0.061799 -0.000000
vn -0.998089 0.061799 -0.000000
vn -0.998089 0.061799 -0.000000
vn -0.998089 0.061799 -0.000000
vn -0.359978 0.932961 -0.000000
vn -0.381370 0.924422 -0.000000
vn -0.359978 0.932961 -0.000000
vn -0.381370 0.924422 -0.000000
vn -0.444712 0.895673 -0.000000
vn -0.444712 0.895673 -0.000000
vn -0.522924 0.852379 -0.000000
vn -0.522924 0.852379 -0.000000
vn -0.549311 0.835618 -0.000000
vn -0.549311 0.835618 -0.000000
vn -0.670656 0.741769 -0.000000
vn -0.708624 0.705587 -0.000000
vn -0.670656 0.741769 -0.000000
vn -0.708624 0.705587 -0.000000
vn -0.812951 0.582332 -0.000000
vn -0.812951 0.582332 -0.000000
vn -0.895970 0.444114 -0.000000
vn -0.895970 0.444114 -0.000000
vn -0.917990 0.396604 -0.000000
vn -0.917990 0.396604 -0.000000
vn -0.972188 0.234203 -0.000000
vn -0.978462 0.206425 -0.000000
vn -0.972188 0.234203 -0.000000
vn -0.978462 0.206425 -0.000000
vn -0.991419 0.130726 -0.000000
vn -0.991419 0.130726 -0.000000
vn -0.997099 0.076119 -0.000000
vn -0.997099 0.076119 -0.000000
vn -0.998320 0.057944 -0.000000
vn -0.998320 0.057944 -0.000000
vn -0.998089 0.061799 -0.000000
vn -0.998089 0.061799 -0.000000
vn -0.998089 0.061799 -0.000000
vn -0.998089 0.061799 -0.000000
vn -0.998754 0.049904 -0.000000
vn -0.999984 -0.005739 0.000000
vn -0.998754 0.049904 -0.000000
vn -0.999984 -0.005739 0.000000
vn -0.983827 -0.179120 0.000000
vn -0.983827 -0.179120 0.000000
vn -0.918017 -0.396541 0.000000
vn -0.918017 -0.396541 0.000000
vn -0.884709 -0.466143 0.000000
vn -0.884709 -0.466143 0.000000
vn -0.631751 -0.775171 0.000000
vn -0.563669 -0.826000 0.000000
vn -0.631751 -0.775171 0.000000
vn -0.563669 -0.826000 0.000000
vn -0.336250 -0.941773 0.000000
vn -0.336250 -0.941773 0.000000
vn -0.143220 -0.989691 0.000000
vn -0.143220 -0.989691 0.000000
vn -0.080770 -0.996733 0.000000
vn -0.080770 -0.996733 0.000000
vn -0.061799 -0.998089 0.000000
vn -0.061799 -0.998089 0.000000
vn -0.061799 -0.998089 0.000000
vn -0.061799 -0.998089 0.000000
vn 0.998089 -0.061799 -0.000000
vn 0.998089 -0.061799 -0.000000
vn 0.998089 -0.061799 -0.000000
vn 0.998089 -0.061799 -0.000000
vn 0.997049 -0.076772 -0.000000
vn 0.999223 -0.039402 -0.000000
vn 0.997049 -0.076772 -0.000000
vn 0.999223 -0.039402 -0.000000
vn 0.997160 0.075319 -0.000000
vn 0.997160 0.075319 -0.000000
vn 0.970720 0.240215 -0.000000
vn 0.970720 0.240215 -0.000000
vn 0.953669 0.300857 -0.000000
vn 0.953669 0.300857 -0.000000
vn 0.696417 0.717637 -0.000000
vn 0.641392 0.767213 -0.000000
vn 0.696417 0.717637 -0.000000
vn 0.641392 0.767213 -0.000000
vn 0.471955 0.881623 -0.000000
vn 0.471955 0.881623 -0.000000
vn 0.339935 0.940449 -0.000000
vn 0.339935 0.940449 -0.000000
vn 0.295719 0.955275 -0.000000
vn 0.295719 0.955275 -0.000000
vn 0.998089 -0.061799 -0.000000
vn 0.998089 -0.061799 -0.000000
vn 0.998089 -0.061799 -0.000000
vn 0.998089 -0.061799 -0.000000
vn -0.061799 -0.998089 0.000000
vn -0.061799 -0.998089 0.000000
vn -0.061799 -0.998089 0.000000
vn -0.061799 -0.998089 0.000000
vn -0.998089 0.061799 -0.000000
vn -0.998089 0.061799 -0.000000
vn -0.998089 0.061799 -0.000000
vn -0.998089 0.061799 -0.000000
vn -0.103684 0.994610 -0.000000
vn -0.148785 0.988870 -0.000000
vn -0.103684 0.994610 -0.000000
vn -0.148785 0.988870 -0.000000
vn -0.285739 0.958307 -0.000000
vn -0.285739 0.958307 -0.000000
vn -0.460063 0.887886 -0.000000
vn -0.460063 0.887886 -0.000000
vn -0.517443 0.855718 -0.000000
vn -0.517443 0.855718 -0.000000
vn 0.000000 0.000000 -1.000000
vn 0.000000 0.000000 -1.000000
vn 0.000000 0.000000 -1.000000
vn 0.000000 0.000000 -1.000000
vn 0.000000 0.000000 -1.000000
vn 0.000000 0.000000 -1.000000
vn 0.000000 0.000000 -1.000000
vn 0.000000 0.000000 -1.000000
vn 0.000000 0.000000 -1.000000
vn 0.000000 0.000000 -1.000000
vn 0.000000 0.000000 -1.000000
vn 0.000000 0.000000 -1.000000
vn 0.000000 0.000000 -1.000000
vn 0.000000 0.000000 -1.000000
vn 0.000000 0.000000 -1.000000
vn 0.000000 0.000000 -1.000000
vn 0.000000 0.000000 -1.000000
vn 0.000000 0.000000 -1.000000
vn 0.000000 0.000000 -1.000000
vn 0.000000 0.000000 -1.000000
vn 0.000000 0.000000 -1.000000
vn 0.000000 0.000000 -1.000000
vn 0.000000 0.000000 -1.000000
vn 0.000000 0.000000 -1.000000
vn 0.000000 0.000000 -1.000000
vn 0.000000 0.000000 -1.000000
vn 0.000000 0.000000 -1.000000
vn 0.000000 0.000000 -1.000000
vn 0.000000 0.000000 -1.000000
vn 0.000000 0.000000 -1.000000
vn 0.000000 0.000000 -1.000000
vn 0.000000 0.000000 -1.000000
vn 0.000000 0.000000 -1.000000
vn 0.000000 0.000000 -1.000000
vn 0.000000 0.000000 -1.000000
vn 0.000000 0.000000 -1.000000
vn 0.000000 0.000000 -1.000000
vn 0.000000 0.000000 -1.000000
vn 0.000000 0.000000 -1.000000
vn 0.000000 0.000000 -1.000000
vn 0.000000 0.000000 -1.000000
vn 0.000000 0.000000 -1.000000
vn 0.000000 0.000000 -1.000000
vn 0.000000 0.000000 -1.000000
vn 0.000000 0.000000 -1.000000
vn 0.000000 0.000000 -1.000000
vn 0.000000 0.000000 -1.000000
vn 0.000000 0.000000 -1.000000
vn 0.000000 0.000000 -1.000000
vn 0.000000 0.000000 -1.000000
vn 0.000000 0.000000 -1.000000
vn 0.000000 0.000000 -1.000000
vn 0.000000 0.000000 -1.000000
vn 0.000000 0.000000 -1.000000
vn 0.000000 0.000000 -1.000000
vn 0.000000 0.000000 -1.000000
vn 0.000000 0.000000 -1.000000
vn 0.000000 0.000000 -1.000000
vn 0.000000 0.000000 -1.000000
vn 0.000000 0.000000 -1.000000
vn 0.000000 0.000000 -1.000000
vn 0.000000 0.000000 -1.000000
vn 0.000000 0.000000 -1.000000
vn 0.000000 0.000000 -1.000000
vn 0.000000 0.000000 -1.000000
vn 0.000000 0.000000 -1.000000
vn 0.000000 0.000000 -1.000000
vn 0.000000 0.000000 -1.000000
vn 0.000000 0.000000 -1.000000
vn 0.000000 0.000000 -1.000000
vn 0.000000 0.000000 -1.000000
vn 0.000000 0.000000 -1.000000
vn 0.000000 0.000000 -1.000000
vn 0.000000 0.000000 -1.000000
vn 0.000000 0.000000 -1.000000
vn 0.000000 0.000000 -1.000000
vn 0.000000 0.000000 -1.000000
vn 0.000000 0.000000 -1.000000
vn 0.000000 0.000000 -1.000000
vn 0.000000 0.000000 -1.000000
vn -0.974069 -0.226250 0.000000
vn -0.952976 -0.303045 0.000000
vn -0.974069 -0.226250 0.000000
vn -0.952976 -0.303045 0.000000
vn -0.851801 -0.523865 0.000000
vn -0.851801 -0.523865 0.000000
vn -0.731660 -0.681670 0.000000
vn -0.731660 -0.681670 0.000000
vn -0.687369 -0.726308 0.000000
vn -0.687369 -0.726308 0.000000
vn -0.875957 0.482389 -0.000000
vn -0.875957 0.482389 -0.000000
vn -0.875957 0.482389 -0.000000
vn -0.875957 0.482389 -0.000000
vn 0.482389 0.875957 -0.000000
vn 0.482389 0.875957 -0.000000
vn 0.482389 0.875957 -0.000000
vn 0.482389 0.875957 -0.000000
vn 0.875957 -0.482389 -0.000000
vn 0.875957 -0.482389 -0.000000
vn 0.875957 -0.482389 -0.000000
vn 0.875957 -0.482389 -0.000000
vn 0.545621 -0.838032 -0.000000
vn 0.604564 -0.796556 -0.000000
vn 0.545621 -0.838032 -0.000000
vn 0.604564 -0.796556 -0.000000
vn 0.756088 -0.654470 -0.000000
vn 0.756088 -0.654470 -0.000000
vn 0.848378 -0.529390 -0.000000
vn 0.848378 -0.529390 -0.000000
vn 0.873803 -0.486280 -0.000000
vn 0.873803 -0.486280 -0.000000
vn 0.875957 -0.482389 -0.000000
vn 0.875957 -0.482389 -0.000000
vn 0.875957 -0.482389 -0.000000
vn 0.875957 -0.482389 -0.000000
vn 0.876287 -0.481789 -0.000000
vn 0.900622 -0.434604 -0.000000
vn 0.876287 -0.481789 -0.000000
vn 0.900622 -0.434604 -0.000000
vn 0.960059 -0.279796 -0.000000
vn 0.960059 -0.279796 -0.000000
vn 0.998340 -0.057602 -0.000000
vn 0.998340 -0.057602 -0.000000
vn 0.999780 0.020986 -0.000000
vn 0.999780 0.020986 -0.000000
vn 0.875957 -0.482389 -0.000000
vn 0.875957 -0.482389 -0.000000
vn 0.875957 -0.482389 -0.000000
vn 0.875957 -0.482389 -0.000000
vn -0.482389 -0.875957 0.000000
vn -0.482389 -0.875957 0.000000
vn -0.482389 -0.875957 0.000000
vn -0.482389 -0.875957 0.000000
vn -0.875957 0.482389 -0.000000
vn -0.875957 0.482389 -0.000000
vn -0.875957 0.482389 -0.000000
vn -0.875957 0.482389 -0.000000
vn 0.367053 0.930200 -0.000000
vn 0.298337 0.954461 -0.000000
vn 0.367053 0.930200 -0.000000
vn 0.298337 0.954461 -0.000000
vn 0.068961 0.997619 -0.000000
vn 0.068961 0.997619 -0.000000
vn -0.090953 0.995855 -0.000000
vn -0.090953 0.995855 -0.000000
vn -0.203836 0.979005 -0.000000
vn -0.203836 0.979005 -0.000000
vn -0.288273 0.957548 -0.000000
vn -0.288273 0.957548 -0.000000
vn -0.582302 0.812973 -0.000000
vn -0.632544 0.774525 -0.000000
vn -0.582302 0.812973 -0.000000
vn -0.632544 0.774525 -0.000000
vn -0.763779 0.645478 -0.000000
vn -0.763779 0.645478 -0.000000
vn -0.847452 0.530872 -0.000000
vn -0.847452 0.530872 -0.000000
vn -0.870971 0.491334 -0.000000
vn -0.870971 0.491334 -0.000000
vn -0.875957 0.482389 -0.000000
vn -0.875957 0.482389 -0.000000
vn -0.875957 0.482389 -0.000000
vn -0.875957 0.482389 -0.000000
vn -0.482389 -0.875957 0.000000
vn -0.482389 -0.875957 0.000000
vn -0.482389 -0.875957 0.000000
vn -0.482389 -0.875957 0.000000
vn -0.479789 -0.877384 0.000000
vn -0.442825 -0.896608 0.000000
vn -0.479789 -0.877384 0.000000
vn -0.442825 -0.896608 0.000000
vn -0.324694 -0.945819 0.000000
vn -0.324694 -0.945819 0.000000
vn -0.158807 -0.987310 0.000000
vn -0.158807 -0.987310 0.000000
vn -0.099269 -0.995061 0.000000
vn -0.099269 -0.995061 0.000000
vn 0.288956 -0.957342 -0.000000
vn 0.384043 -0.923315 -0.000000
vn 0.288956 -0.957342 -0.000000
vn 0.384043 -0.923315 -0.000000
vn 0.503946 -0.863735 -0.000000
vn 0.503946 -0.863735 -0.000000
vn 0.651892 -0.758312 -0.000000
vn 0.651892 -0.758312 -0.000000
vn 0.819241 -0.573449 -0.000000
vn 0.819241 -0.573449 -0.000000
vn 0.860731 -0.509060 -0.000000
vn 0.860731 -0.509060 -0.000000
vn -0.482389 -0.875957 0.000000
vn -0.482389 -0.875957 0.000000
vn -0.482389 -0.875957 0.000000
vn -0.482389 -0.875957 0.000000
vn -0.875957 0.482389 -0.000000
vn -0.875957 0.482389 -0.000000
vn -0.875957 0.482389 -0.000000
vn -0.875957 0.482389 -0.000000
vn 0.482389 0.875957 -0.000000
vn 0.482389 0.875957 -0.000000
vn 0.482389 0.875957 -0.000000
vn 0.482389 0.875957 -0.000000
vn 0.884812 -0.465948 -0.000000
vn 0.915933 -0.401332 -0.000000
vn 0.884812 -0.465948 -0.000000
vn 0.915933 -0.401332 -0.000000
vn 0.983687 -0.179888 -0.000000
vn 0.983687 -0.179888 -0.000000
vn 0.999962 -0.008739 -0.000000
vn 0.999962 -0.008739 -0.000000
vn 0.992586 0.121548 -0.000000
vn 0.992586 0.121548 -0.000000
vn 0.975702 0.219102 -0.000000
vn 0.975702 0.219102 -0.000000
vn 0.783624 0.621236 -0.000000
vn 0.742553 0.669787 -0.000000
vn 0.783624 0.621236 -0.000000
vn 0.742553 0.669787 -0.000000
vn 0.614372 0.789017 -0.000000
vn 0.614372 0.789017 -0.000000
vn 0.511274 0.859418 -0.000000
vn 0.511274 0.859418 -0.000000
vn 0.475945 0.879475 -0.000000
vn 0.475945 0.879475 -0.000000
vn 0.482389 0.875957 -0.000000
vn 0.482389 0.875957 -0.000000
vn 0.482389 0.875957 -0.000000
vn 0.482389 0.875957 -0.000000
vn -0.875957 0.482389 -0.000000
vn -0.875957 0.482389 -0.000000
vn -0.875957 0.482389 -0.000000
vn -0.875957 0.482389 -0.000000
vn -0.882815 0.469720 -0.000000
vn -0.902365 0.430973 -0.000000
vn -0.882815 0.469720 -0.000000
vn -0.902365 0.430973 -0.000000
vn -0.951678 0.307097 -0.000000
vn -0.951678 0.307097 -0.000000
vn -0.989770 0.142670 -0.000000
vn -0.989770 0.142670 -0.000000
vn -0.996341 0.085465 -0.000000
vn -0.996341 0.085465 -0.000000
vn 0.000000 0.000000 -1.000000
vn 0.000000 0.000000 -1.000000
vn 0.000000 0.000000 -1.000000
vn 0.000000 0.000000 -1.000000
vn 0.000000 0.000000 -1.000000
vn 0.000000 0.000000 -1.000000
vn 0.000000 0.000000 -1.000000
vn 0.000000 0.000000 -1.000000
vn 0.000000 0.000000 -1.000000
vn 0.000000 0.000000 -1.000000
vn 0.000000 0.000000 -1.000000
vn 0.000000 0.000000 -1.000000
vn 0.000000 0.000000 -1.000000
vn 0.000000 0.000000 -1.000000
vn 0.000000 0.000000 -1.000000
vn 0.000000 0.000000 -1.000000
vn 0.000000 0.000000 -1.000000
vn 0.000000 0.000000 -1.000000
vn 0.000000 0.000000 -1.000000
vn 0.000000 0.000000 -1.000000
vn 0.000000 0.000000 -1.000000
vn 0.000000 0.000000 -1.000000
vn 0.000000 0.000000 -1.000000
vn 0.000000 0.000000 -1.000000
vn 0.000000 0.000000 -1.000000
vn 0.000000 0.000000 -1.000000
vn 0.000000 0.000000 -1.000000
vn 0.000000 0.000000 -1.000000
vn 0.000000 0.000000 -1.000000
vn 0.000000 0.000000 -1.000000
vn 0.000000 0.000000 -1.000000
vn 0.000000 0.000000 -1.000000
vn 0.000000 0.000000 -1.000000
vn 0.000000 0.000000 -1.000000
vn 0.000000 0.000000 -1.000000
vn 0.000000 0.000000 -1.000000
vn 0.000000 0.000000 -1.000000
vn 0.000000 0.000000 -1.000000
vn 0.000000 0.000000 -1.000000
vn 0.000000 0.000000 -1.000000
vn 0.000000 0.000000 -1.000000
vn 0.000000 0.000000 -1.000000
vn 0.000000 0.000000 -1.000000
vn 0.000000 0.000000 -1.000000
vn 0.000000 0.000000 -1.000000
vn 0.000000 0.000000 -1.000000
vn 0.000000 0.000000 -1.000000
vn 0.000000 0.000000 -1.000000
vn 0.000000 0.000000 -1.000000
vn 0.000000 0.000000 -1.000000
vn 0.000000 0.000000 -1.000000
vn 0.000000 0.000000 -1.000000
vn 0.000000 0.000000 -1.000000
vn 0.000000 0.000000 -1.000000
vn 0.000000 0.000000 -1.000000
vn 0.000000 0.000000 -1.000000
vn 0.000000 0.000000 -1.000000
vn -0.000000 -0.000000 -1.000000
vn -0.000000 -0.000000 -1.000000
vn -0.000000 -0.000000 -1.000000
vn -0.000000 -0.000000 -1.000000
vn -0.000000 -0.000000 -1.000000
vn -0.000000 -0.000000 -1.000000
vn -0.000000 -0.000000 -1.000000
vn -0.000000 -0.000000 -1.000000
vn -0.000000 -0.000000 -1.000000
vn -0.000000 -0.000000 -1.000000
vn -0.000000 -0.000000 -1.000000
vn -0.000000 -0.000000 -1.000000
vn -0.000000 -0.000000 -1.000000
vn -0.000000 -0.000000 -1.000000
vn -0.000000 -0.000000 -1.000000
vn -0.000000 -0.000000 -1.000000
vn -0.000000 -0.000000 -1.000000
vn -0.000000 -0.000000 -1.000000
vn -0.000000 -0.000000 -1.000000
vn -0.000000 -0.000000 -1.000000
vn -0.000000 -0.000000 -1.000000
vn -0.000000 -0.000000 -1.000000
vn -0.000000 -0.000000 -1.000000
vn -0.000000 -0.000000 -1.000000
vn -0.000000 -0.000000 -1.000000
vn -0.000000 -0.000000 -1.000000
vn -0.000000 -0.000000 -1.000000
vn -0.000000 -0.000000 -1.000000
vn -0.000000 -0.000000 -1.000000
vn -0.000000 -0.000000 -1.000000
vn -0.000000 -0.000000 -1.000000
vn -0.000000 -0.000000 -1.000000
vn -0.000000 -0.000000 -1.000000
vn -0.000000 -0.000000 -1.000000
vn -0.000000 -0.000000 -1.000000
vn -0.000000 -0.000000 -1.000000
vn -0.000000 -0.000000 -1.000000
vn -0.000000 -0.000000 -1.000000
vn -0.000000 -0.000000 -1.000000
vn -0.000000 -0.000000 -1.000000
vn -0.000000 -0.000000 -1.000000
vn -0.000000 -0.000000 -1.000000
vn -0.000000 -0.000000 -1.000000
vn -0.000000 -0.000000 -1.000000
vn -0.000000 -0.000000 -1.000000
vn -0.000000 -0.000000 -1.000000
vn -0.000000 -0.000000 -1.000000
vn -0.000000 -0.000000 -1.000000
vn -0.000000 -0.000000 -1.000000
vn -0.000000 -0.000000 -1.000000
vn -0.000000 -0.000000 -1.000000
vn -0.000000 -0.000000 -1.000000
vn -0.000000 -0.000000 -1.000000
vn -0.000000 -0.000000 -1.000000
vn -0.000000 -0.000000 -1.000000
vn -0.000000 -0.000000 -1.000000
vn -0.000000 -0.000000 -1.000000
vn -0.000000 -0.000000 -1.000000
vn -0.000000 -0.000000 -1.000000
vn -0.000000 -0.000000 -1.000000
vn -0.000000 -0.000000 -1.000000
vn -0.000000 -0.000000 -1.000000
vn -0.000000 -0.000000 -1.000000
vn -0.000000 -0.000000 -1.000000
vn -0.000000 -0.000000 -1.000000
vn -0.000000 -0.000000 -1.000000
vn -0.000000 -0.000000 -1.000000
vn -0.000000 -0.000000 -1.000000
vn -0.000000 -0.000000 -1.000000
vn -0.000000 -0.000000 -1.000000
vn -0.000000 -0.000000 -1.000000
vn -0.000000 -0.000000 -1.000000
vn -0.000000 -0.000000 -1.000000
vn -0.000000 -0.000000 -1.000000
vn -0.000000 -0.000000 -1.000000
vn -0.000000 -0.000000 -1.000000
vn -0.000000 -0.000000 -1.000000
vn -0.000000 -0.000000 -1.000000
vn -0.000000 -0.000000 -1.000000
vn -0.000000 -0.000000 -1.000000
vn -0.000000 -0.000000 -1.000000
vn -0.000000 -0.000000 -1.000000
vn -0.000000 -0.000000 -1.000000
vn -0.000000 -0.000000 -1.000000
vn -0.000000 -0.000000 -1.000000
vn -0.000000 -0.000000 -1.000000
vn -0.000000 -0.000000 -1.000000
vn -0.000000 -0.000000 -1.000000
vn -0.000000 -0.000000 -1.000000
vn -0.000000 -0.000000 -1.000000
vn -0.000000 -0.000000 -1.000000
vn -0.000000 -0.000000 -1.000000
vn -0.000000 -0.000000 -1.000000
vn -0.000000 -0.000000 -1.000000
vn -0.000000 -0.000000 -1.000000
vn -0.000000 -0.000000 -1.000000
vn -0.000000 -0.000000 -1.000000
vn -0.000000 -0.000000 -1.000000
vn -0.000000 -0.000000 -1.000000
vn -0.000000 -0.000000 -1.000000
vn -0.000000 -0.000000 -1.000000
vn -0.000000 -0.000000 -1.000000
vn -0.000000 -0.000000 -1.000000
vn -0.000000 -0.000000 -1.000000
vn -0.000000 -0.000000 -1.000000
vn -0.000000 -0.000000 -1.000000
vn -0.000000 -0.000000 -1.000000
vn -0.000000 -0.000000 -1.000000
vn -0.000000 -0.000000 -1.000000
vn -0.000000 -0.000000 -1.000000
vn -0.000000 -0.000000 -1.000000
vn -0.000000 -0.000000 -1.000000
vn -0.000000 -0.000000 -1.000000
vn -0.000000 -0.000000 -1.000000
vn -0.000000 -0.000000 -1.000000
vn -0.000000 -0.000000 -1.000000
vn -0.000000 -0.000000 -1.000000
vn -0.000000 -0.000000 -1.000000
vn -0.000000 -0.000000 -1.000000
vn -0.000000 -0.000000 -1.000000
vn -0.000000 -0.000000 -1.000000
vn -0.000000 -0.000000 -1.000000
vn -0.000000 -0.000000 -1.000000
vn -0.000000 -0.000000 -1.000000
vn -0.000000 -0.000000 -1.000000
vn -0.000000 -0.000000 -1.000000
vn -0.000000 -0.000000 -1.000000
vn -0.000000 -0.000000 -1.000000
vn -0.000000 -0.000000 -1.000000
vn -0.000000 -0.000000 -1.000000
vn -0.000000 -0.000000 -1.000000
vn -0.000000 -0.000000 -1.000000
vn -0.000000 -0.000000 -1.000000
vn -0.000000 -0.000000 -1.000000
vn -0.000000 -0.000000 -1.000000
vn -0.000000 -0.000000 -1.000000
vn -0.000000 -0.000000 -1.000000
vn -0.000000 -0.000000 -1.000000
vn -0.000000 -0.000000 -1.000000
vn -0.000000 -0.000000 -1.000000
vn -0.000000 -0.000000 -1.000000
vn -0.000000 -0.000000 -1.000000
vn -0.000000 -0.000000 -1.000000
vn -0.000000 -0.000000 -1.000000
vn -0.000000 -0.000000 -1.000000
vn -0.000000 -0.000000 -1.000000
vn -0.000000 -0.000000 -1.000000
vn -0.000000 -0.000000 -1.000000
vn -0.000000 -0.000000 -1.000000
vn -0.000000 -0.000000 -1.000000
vn -0.000000 -0.000000 -1.000000
vn -0.000000 -0.000000 -1.000000
vn -0.000000 -0.000000 -1.000000
vn -0.000000 -0.000000 -1.000000
vn -0.000000 -0.000000 -1.000000
vn -0.000000 -0.000000 -1.000000
vn -0.000000 -0.000000 -1.000000
vn -0.000000 -0.000000 -1.000000
vn -0.000000 -0.000000 -1.000000
vn -0.000000 -0.000000 -1.000000
vn -0.000000 -0.000000 -1.000000
vn -0.000000 -0.000000 -1.000000
vn -0.000000 -0.000000 -1.000000
vn -0.000000 -0.000000 -1.000000
vn -0.000000 -0.000000 -1.000000
vn -0.000000 -0.000000 -1.000000
vn -0.000000 -0.000000 -1.000000
vn -0.000000 -0.000000 -1.000000
vn -0.000000 -0.000000 -1.000000
vn -0.000000 -0.000000 -1.000000
vn -0.000000 -0.000000 -1.000000
vn -0.000000 -0.000000 -1.000000
vn -0.000000 -0.000000 -1.000000
vn -0.000000 -0.000000 -1.000000
vn -0.000000 -0.000000 -1.000000
vn -0.000000 -0.000000 -1.000000
vn -0.000000 -0.000000 -1.000000
vn -0.000000 -0.000000 -1.000000
vn -0.000000 -0.000000 -1.000000
vn -0.000000 -0.000000 -1.000000
vn -0.000000 -0.000000 -1.000000
vn -0.000000 -0.000000 -1.000000
vn -0.000000 -0.000000 -1.000000
vn -0.000000 -0.000000 -1.000000
vn -0.000000 -0.000000 -1.000000
vn -0.000000 -0.000000 -1.000000
vn -0.000000 -0.000000 -1.000000
vn -0.000000 -0.000000 -1.000000
vn -0.000000 -0.000000 -1.000000
vn -0.000000 -0.000000 -1.000000
vn -0.000000 -0.000000 -1.000000
vn -0.000000 -0.000000 -1.000000
vn -0.000000 -0.000000 -1.000000
vn -0.000000 -0.000000 -1.000000
vn -0.000000 -0.000000 -1.000000
vn -0.000000 -0.000000 -1.000000
vn -0.000000 -0.000000 -1.000000
vn -0.000000 -0.000000 -1.000000
vn -0.000000 -0.000000 -1.000000
vn -0.000000 -0.000000 -1.000000
vn -0.000000 -0.000000 -1.000000
vn -0.000000 -0.000000 -1.000000
vn -0.000000 -0.000000 -1.000000
vn -0.000000 -0.000000 -1.000000
vn -0.000000 -0.000000 -1.000000
vn -0.000000 -0.000000 -1.000000
vn -0.000000 -0.000000 -1.000000
vn -0.000000 -0.000000 -1.000000
vn -0.000000 -0.000000 -1.000000
vn -0.000000 -0.000000 -1.000000
vn -0.000000 -0.000000 -1.000000
vn -0.000000 -0.000000 -1.000000
vn -0.000000 -0.000000 -1.000000
vn -0.000000 -0.000000 -1.000000
vn -0.000000 -0.000000 -1.000000
vn -0.000000 -0.000000 -1.000000
vn -0.000000 -0.000000 -1.000000
vn -0.000000 -0.000000 -1.000000
vn -0.000000 -0.000000 -1.000000
vn -0.000000 -0.000000 -1.000000
vn -0.000000 -0.000000 -1.000000
vn -0.000000 -0.000000 -1.000000
vn -0.000000 -0.000000 -1.000000
vn -0.000000 -0.000000 -1.000000
vn -0.000000 -0.000000 -1.000000
vn -0.000000 -0.000000 -1.000000
vn -0.000000 -0.000000 -1.000000
vn -0.000000 -0.000000 -1.000000
vn -0.000000 -0.000000 -1.000000
vn -0.000000 -0.000000 -1.000000
vn -0.000000 -0.000000 -1.000000
vn -0.000000 -0.000000 -1.000000
vn -0.000000 -0.000000 -1.000000
vn -0.000000 -0.000000 -1.000000
vn -0.000000 -0.000000 -1.000000
vn -0.000000 -0.000000 -1.000000
vn -0.000000 -0.000000 -1.000000
vn -0.000000 -0.000000 -1.000000
vn -0.000000 -0.000000 -1.000000
vn -0.000000 -0.000000 -1.000000
vn -0.000000 -0.000000 -1.000000
vn -0.000000 -0.000000 -1.000000
vn -0.000000 -0.000000 -1.000000
vn -0.000000 -0.000000 -1.000000
vn -0.000000 -0.000000 -1.000000
vn -0.000000 -0.000000 -1.000000
vn -0.000000 -0.000000 -1.000000
vn -0.000000 -0.000000 -1.000000
vn -0.000000 -0.000000 -1.000000
vn -0.000000 -0.000000 -1.000000
vn -0.000000 -0.000000 -1.000000
vn -0.000000 -0.000000 -1.000000
vn -0.000000 -0.000000 -1.000000
vn -0.000000 -0.000000 -1.000000
vn -0.000000 -0.000000 -1.000000
vn -0.000000 -0.000000 -1.000000
vn -0.000000 -0.000000 -1.000000
vn -0.000000 -0.000000 -1.000000
vn -0.000000 -0.000000 -1.000000
vn -0.000000 -0.000000 -1.000000
vn -0.000000 -0.000000 -1.000000
vn -0.000000 -0.000000 -1.000000
vn -0.000000 -0.000000 -1.000000
vn -0.000000 -0.000000 -1.000000
vn -0.000000 -0.000000 -1.000000
vn -0.000000 -0.000000 -1.000000
vn -0.000000 -0.000000 -1.000000
vn -0.000000 -0.000000 -1.000000
vn -0.000000 -0.000000 -1.000000
vn -0.000000 -0.000000 -1.000000
vn -0.000000 -0.000000 -1.000000
vn -0.000000 -0.000000 -1.000000
vn -0.000000 -0.000000 -1.000000
vn -0.000000 -0.000000 -1.000000
vn -0.000000 -0.000000 -1.000000
vn -0.000000 -0.000000 -1.000000
vn -0.000000 -0.000000 -1.000000
vn -0.000000 -0.000000 -1.000000
vn -0.000000 -0.000000 -1.000000
vn -0.000000 -0.000000 -1.000000
vn -0.000000 -0.000000 -1.000000
vn -0.000000 -0.000000 -1.000000
vn -0.000000 -0.000000 -1.000000
vn -0.000000 -0.000000 -1.000000
vn -0.000000 -0.000000 -1.000000
vn -0.000000 -0.000000 -1.000000
vn -0.000000 -0.000000 -1.000000
vn -0.000000 -0.000000 -1.000000
vn -0.000000 -0.000000 -1.000000
vn -0.000000 -0.000000 -1.000000
vn -0.000000 -0.000000 -1.000000
vn -0.000000 -0.000000 -1.000000
vn -0.000000 -0.000000 -1.000000
vn -0.000000 -0.000000 -1.000000
vn -0.000000 -0.000000 -1.000000
vn -0.000000 -0.000000 -1.000000
vn -0.000000 -0.000000 -1.000000
vn -0.000000 -0.000000 -1.000000
vn -0.000000 -0.000000 -1.000000
vn -0.000000 -0.000000 -1.000000
vn -0.000000 -0.000000 -1.000000
vn -0.000000 -0.000000 -1.000000
vn -0.000000 -0.000000 -1.000000
vn -0.000000 -0.000000 -1.000000
vn -0.000000 -0.000000 -1.000000
vn -0.000000 -0.000000 -1.000000
vn -0.000000 -0.000000 -1.000000
vn -0.000000 -0.000000 -1.000000
vn -0.000000 -0.000000 -1.000000
vn -0.000000 -0.000000 -1.000000
vn -0.000000 -0.000000 -1.000000
vn -0.000000 -0.000000 -1.000000
vn -0.000000 -0.000000 -1.000000
vn -0.000000 -0.000000 -1.000000
vn -0.000000 -0.000000 -1.000000
vn -0.000000 -0.000000 -1.000000
vn -0.000000 -0.000000 -1.000000
vn -0.000000 -0.000000 -1.000000
vn -0.000000 -0.000000 -1.000000
vn -0.000000 -0.000000 -1.000000
vn -0.000000 -0.000000 -1.000000
vn -0.000000 -0.000000 -1.000000
vn -0.000000 -0.000000 -1.000000
vn -0.000000 -0.000000 -1.000000
vn -0.000000 -0.000000 -1.000000
vn -0.000000 -0.000000 -1.000000
vn -0.000000 -0.000000 -1.000000
vn -0.000000 -0.000000 -1.000000
vn -0.000000 -0.000000 -1.000000
vn -0.000000 -0.000000 -1.000000
vn -0.000000 -0.000000 -1.000000
vn -0.000000 -0.000000 -1.000000
vn -0.000000 -0.000000 -1.000000
vn -0.000000 -0.000000 -1.000000
vn -0.000000 -0.000000 -1.000000
vn -0.000000 -0.000000 -1.000000
vn -0.000000 -0.000000 -1.000000
vn -0.000000 -0.000000 -1.000000
vn -0.000000 -0.000000 -1.000000
vn -0.000000 -0.000000 -1.000000
vn -0.000000 -0.000000 -1.000000
vn -0.000000 -0.000000 -1.000000
vn -0.000000 -0.000000 -1.000000
vn -0.000000 -0.000000 -1.000000
vn -0.000000 -0.000000 -1.000000
vn -0.000000 -0.000000 -1.000000
vn -0.000000 -0.000000 -1.000000
vn -0.000000 -0.000000 -1.000000
vn -0.000000 -0.000000 -1.000000
vn -0.000000 -0.000000 -1.000000
vn -0.000000 -0.000000 -1.000000
vn -0.000000 -0.000000 -1.000000
vn -0.000000 -0.000000 -1.000000
vn -0.000000 -0.000000 -1.000000
vn -0.000000 -0.000000 -1.000000
vn -0.000000 -0.000000 -1.000000
vn -0.000000 -0.000000 -1.000000
vn -0.000000 -0.000000 -1.000000
vn -0.000000 -0.000000 -1.000000
vn -0.000000 -0.000000 -1.000000
vn -0.000000 -0.000000 -1.000000
vn -0.000000 -0.000000 -1.000000
vn -0.000000 -0.000000 -1.000000
vn -0.000000 -0.000000 -1.000000
vn -0.000000 -0.000000 -1.000000
vn -0.000000 -0.000000 -1.000000
vn -0.000000 -0.000000 -1.000000
vn -0.000000 -0.000000 -1.000000
vn -0.000000 -0.000000 -1.000000
vn -0.000000 -0.000000 -1.000000
vn -0.000000 -0.000000 -1.000000
vn -0.000000 -0.000000 -1.000000
vn -0.000000 -0.000000 -1.000000
vn -0.000000 -0.000000 -1.000000
vn -0.000000 -0.000000 -1.000000
vn -0.000000 -0.000000 -1.000000
vn -0.000000 -0.000000 -1.000000
vn -0.000000 -0.000000 -1.000000
vn -0.000000 -0.000000 -1.000000
vn -0.000000 -0.000000 -1.000000
vn -0.000000 -0.000000 -1.000000
vn -0.000000 -0.000000 -1.000000
vn -0.000000 -0.000000 -1.000000
vn -0.000000 -0.000000 -1.000000
vn -0.000000 -0.000000 -1.000000
vn -0.000000 -0.000000 -1.000000
vn -0.000000 -0.000000 -1.000000
vn -0.000000 -0.000000 -1.000000
vn -0.000000 -0.000000 -1.000000
vn -0.000000 -0.000000 -1.000000
vn -0.000000 -0.000000 -1.000000
vn -0.000000 -0.000000 -1.000000
vn -0.000000 -0.000000 -1.000000
vn -0.000000 -0.000000 -1.000000
vn -0.000000 -0.000000 -1.000000
vn -0.000000 -0.000000 -1.000000
vn -0.000000 -0.000000 -1.000000
vn -0.000000 -0.000000 -1.000000
vn -0.000000 -0.000000 -1.000000
vn -0.000000 -0.000000 -1.000000
vn -0.000000 -0.000000 -1.000000
vn -0.000000 -0.000000 -1.000000
vn -0.000000 -0.000000 -1.000000
vn -0.000000 -0.000000 -1.000000
vn -0.000000 -0.000000 -1.000000
vn -0.000000 -0.000000 -1.000000
vn -0.000000 -0.000000 -1.000000
vn -0.000000 -0.000000 -1.000000
vn -0.000000 -0.000000 -1.000000
vn -0.000000 -0.000000 -1.000000
vn -0.000000 -0.000000 -1.000000
vn -0.000000 -0.000000 -1.000000
vn -0.000000 -0.000000 -1.000000
vn -0.000000 -0.000000 -1.000000
vn -0.000000 -0.000000 -1.000000
vn -0.000000 -0.000000 -1.000000
vn -0.000000 -0.000000 -1.000000
vn -0.000000 -0.000000 -1.000000
vn -0.000000 -0.000000 -1.000000
vn -0.000000 -0.000000 -1.000000
vn -0.000000 -0.000000 -1.000000
vn -0.000000 -0.000000 -1.000000
vn -0.000000 -0.000000 -1.000000
vn -0.000000 -0.000000 -1.000000
vn -0.000000 -0.000000 -1.000000
vn -0.000000 -0.000000 -1.000000
vn -0.000000 -0.000000 -1.000000
vn -0.000000 -0.000000 -1.000000
vn -0.000000 -0.000000 -1.000000
vn -0.000000 -0.000000 -1.000000
vn -0.000000 -0.000000 -1.000000
vn -0.000000 -0.000000 -1.000000
vn -0.000000 -0.000000 -1.000000
vn -0.000000 -0.000000 -1.000000
vn -0.000000 -0.000000 -1.000000
vn -0.000000 -0.000000 -1.000000
vn -0.000000 -0.000000 -1.000000
vn -0.000000 -0.000000 -1.000000
vn -0.000000 -0.000000 -1.000000
vn -0.000000 -0.000000 -1.000000
vn -0.000000 -0.000000 -1.000000
vn -0.000000 -0.000000 -1.000000
vn -0.000000 -0.000000 -1.000000
vn -0.000000 -0.000000 -1.000000
vn -0.000000 -0.000000 -1.000000
vn -0.000000 -0.000000 -1.000000
vn -0.000000 -0.000000 -1.000000
vn -0.000000 -0.000000 -1.000000
vn -0.000000 -0.000000 -1.000000
vn -0.000000 -0.000000 -1.000000
vn -0.000000 -0.000000 -1.000000
vn -0.000000 -0.000000 -1.000000
vn -0.000000 -0.000000 -1.000000
vn -0.000000 -0.000000 -1.000000
vn -0.000000 -0.000000 -1.000000
vn -0.000000 -0.000000 -1.000000
vn -0.000000 -0.000000 -1.000000
vn -0.000000 -0.000000 -1.000000
vn -0.000000 -0.000000 -1.000000
vn -0.000000 -0.000000 -1.000000
vn -0.000000 -0.000000 -1.000000
vn -0.000000 -0.000000 -1.000000
vn -0.000000 -0.000000 -1.000000
vn -0.000000 -0.000000 -1.000000
vn -0.000000 -0.000000 -1.000000
vn -0.000000 -0.000000 -1.000000
vn -0.000000 -0.000000 -1.000000
vn -0.000000 -0.000000 -1.000000
vn -0.000000 -0.000000 -1.000000
vn -0.000000 -0.000000 -1.000000
vn -0.000000 -0.000000 -1.000000
vn -0.000000 -0.000000 -1.000000
vn -0.000000 -0.000000 -1.000000
vn -0.000000 -0.000000 -1.000000
vn -0.000000 -0.000000 -1.000000
vn -0.000000 -0.000000 -1.000000
vn -0.000000 -0.000000 -1.000000
vn -0.000000 -0.000000 -1.000000
vn -0.000000 -0.000000 -1.000000
vn -0.000000 -0.000000 -1.000000
vn -0.000000 -0.000000 -1.000000
vn -0.000000 -0.000000 -1.000000
vn -0.000000 -0.000000 -1.000000
vn -0.000000 -0.000000 -1.000000
vn -0.000000 -0.000000 -1.000000
vn -0.000000 -0.000000 -1.000000
vn -0.000000 -0.000000 -1.000000
vn -0.000000 -0.000000 -1.000000
vn -0.000000 -0.000000 -1.000000
vn -0.000000 -0.000000 -1.000000
vn -0.000000 -0.000000 -1.000000
vn -0.000000 -0.000000 -1.000000
vn -0.000000 -0.000000 -1.000000
vn -0.000000 -0.000000 -1.000000
vn -0.000000 -0.000000 -1.000000
vn -0.000000 -0.000000 -1.000000
vn -0.000000 -0.000000 -1.000000
vn -0.000000 -0.000000 -1.000000
vn -0.000000 -0.000000 -1.000000
vn -0.000000 -0.000000 -1.000000
vn -0.000000 -0.000000 -1.000000
vn -0.000000 -0.000000 -1.000000
vn -0.000000 -0.000000 -1.000000
vn -0.000000 -0.000000 -1.000000
vn -0.000000 -0.000000 -1.000000
vn -0.000000 -0.000000 -1.000000
vn -0.000000 -0.000000 -1.000000
vn -0.000000 -0.000000 -1.000000
vn -0.000000 -0.000000 -1.000000
vn -0.000000 -0.000000 -1.000000
vn -0.000000 -0.000000 -1.000000
vn -0.000000 -0.000000 -1.000000
vn -0.000000 -0.000000 -1.000000
vn -0.000000 -0.000000 -1.000000
vn -0.000000 -0.000000 -1.000000
vn -0.000000 -0.000000 -1.000000
vn -0.000000 -0.000000 -1.000000
vn -0.000000 -0.000000 -1.000000
vn -0.000000 -0.000000 -1.000000
vn -0.000000 -0.000000 -1.000000
vn -0.000000 -0.000000 -1.000000
vn -0.000000 -0.000000 -1.000000
vn -0.000000 -0.000000 -1.000000
vn -0.000000 -0.000000 -1.000000
vn -0.000000 -0.000000 -1.000000
vn -0.000000 -0.000000 -1.000000
vn -0.000000 -0.000000 -1.000000
vn -0.000000 -0.000000 -1.000000
vn -0.000000 -0.000000 -1.000000
vn -0.000000 -0.000000 -1.000000
vn -0.000000 -0.000000 -1.000000
vn -0.000000 -0.000000 -1.000000
vn -0.000000 -0.000000 -1.000000
vn -0.000000 -0.000000 -1.000000
vn -0.000000 -0.000000 -1.000000
vn -0.000000 -0.000000 -1.000000
vn -0.000000 -0.000000 -1.000000
vn -0.000000 -0.000000 -1.000000
vn -0.000000 -0.000000 -1.000000
vn -0.000000 -0.000000 -1.000000
vn -0.000000 -0.000000 -1.000000
vn -0.000000 -0.000000 -1.000000
vn -0.000000 -0.000000 -1.000000
vn -0.000000 -0.000000 -1.000000
vn -0.000000 -0.000000 -1.000000
vn -0.000000 -0.000000 -1.000000
vn -0.000000 -0.000000 -1.000000
vn -0.000000 -0.000000 -1.000000
vn -0.000000 -0.000000 -1.000000
vn -0.000000 -0.000000 -1.000000
vn -0.000000 -0.000000 -1.000000
vn -0.000000 -0.000000 -1.000000
vn -0.000000 -0.000000 -1.000000
vn -0.000000 -0.000000 -1.000000
vn -0.000000 -0.000000 -1.000000
vn -0.000000 -0.000000 -1.000000
vn -0.000000 -0.000000 -1.000000
vn -0.000000 -0.000000 -1.000000
vn -0.000000 -0.000000 -1.000000
vn -0.000000 -0.000000 -1.000000
vn -0.000000 -0.000000 -1.000000
vn -0.000000 -0.000000 -1.000000
vn -0.000000 -0.000000 -1.000000
vn -0.000000 -0.000000 -1.000000
vn -0.000000 -0.000000 -1.000000
vn -0.000000 -0.000000 -1.000000
vn -0.000000 -0.000000 -1.000000
vn -0.000000 -0.000000 -1.000000
vn -0.000000 -0.000000 -1.000000
vn -0.000000 -0.000000 -1.000000
vn -0.000000 -0.000000 -1.000000
vn -0.000000 -0.000000 -1.000000
vn -0.000000 -0.000000 -1.000000
vn -0.000000 -0.000000 -1.000000
vn -0.000000 -0.000000 -1.000000
vn -0.000000 -0.000000 -1.000000
vn -0.000000 -0.000000 -1.000000
vn -0.000000 -0.000000 -1.000000
vn -0.000000 -0.000000 -1.000000
vn -0.000000 -0.000000 -1.000000
vn -0.000000 -0.000000 -1.000000
vn -0.000000 -0.000000 -1.000000
vn -0.000000 -0.000000 -1.000000
vn -0.000000 -0.000000 -1.000000
vn -0.000000 -0.000000 -1.000000
vn -0.000000 -0.000000 -1.000000
vn -0.000000 -0.000000 -1.000000
vn -0.000000 -0.000000 -1.000000
vn -0.000000 -0.000000 -1.000000
vn -0.000000 -0.000000 -1.000000
vn -0.000000 -0.000000 -1.000000
vn -0.000000 -0.000000 -1.000000
vn -0.000000 -0.000000 -1.000000
vn -0.000000 -0.000000 -1.000000
vn -0.000000 -0.000000 -1.000000
vn -0.000000 -0.000000 -1.000000
vn -0.000000 -0.000000 -1.000000
vn -0.000000 -0.000000 -1.000000
vn -0.000000 -0.000000 -1.000000
vn -0.000000 -0.000000 -1.000000
vn -0.000000 -0.000000 -1.000000
vn -0.000000 -0.000000 -1.000000
vn -0.000000 -0.000000 -1.000000
vn -0.000000 -0.000000 -1.000000
vn -0.000000 -0.000000 -1.000000
vn -0.000000 -0.000000 -1.000000
vn -0.000000 -0.000000 -1.000000
vn -0.000000 -0.000000 -1.000000
vn -0.000000 -0.000000 -1.000000
vn -0.000000 -0.000000 -1.000000
vn -0.000000 -0.000000 -1.000000
vn -0.000000 -0.000000 -1.000000
vn -0.000000 -0.000000 -1.000000
vn -0.000000 -0.000000 -1.000000
vn -0.000000 -0.000000 -1.000000
vn -0.000000 -0.000000 -1.000000
vn -0.000000 -0.000000 -1.000000
vn -0.000000 -0.000000 -1.000000
vn -0.000000 -0.000000 -1.000000
vn -0.000000 -0.000000 -1.000000
vn -0.000000 -0.000000 -1.000000
vn -0.000000 -0.000000 -1.000000
vn -0.000000 -0.000000 -1.000000
vn -0.000000 -0.000000 -1.000000
vn -0.000000 -0.000000 -1.000000
vn -0.000000 -0.000000 -1.000000
vn -0.000000 -0.000000 -1.000000
vn -0.000000 -0.000000 -1.000000
vn -0.000000 -0.000000 -1.000000
vn -0.000000 -0.000000 -1.000000
vn -0.000000 -0.000000 -1.000000
vn -0.000000 -0.000000 -1.000000
vn -0.000000 -0.000000 -1.000000
vn -0.000000 -0.000000 -1.000000
vn -0.000000 -0.000000 -1.000000
vn -0.000000 -0.000000 -1.000000
vn -0.000000 -0.000000 -1.000000
vn -0.000000 -0.000000 -1.000000
vn -0.000000 -0.000000 -1.000000
vn -0.000000 -0.000000 -1.000000
vn -0.000000 -0.000000 -1.000000
vn -0.000000 -0.000000 -1.000000
vn -0.000000 -0.000000 -1.000000
vn -0.000000 -0.000000 -1.000000
vn -0.000000 -0.000000 -1.000000
vn -0.000000 -0.000000 -1.000000
vn -0.000000 -0.000000 -1.000000
vn -0.000000 -0.000000 -1.000000
vn -0.000000 -0.000000 -1.000000
vn -0.000000 -0.000000 -1.000000
vn -0.000000 -0.000000 -1.000000
vn -0.000000 -0.000000 -1.000000
vn -0.000000 -0.000000 -1.000000
vn -0.000000 -0.000000 -1.000000
vn -0.000000 -0.000000 -1.000000
vn -0.000000 -0.000000 -1.000000
vn -0.000000 -0.000000 -1.000000
vn -0.000000 -0.000000 -1.000000
vn -0.000000 -0.000000 -1.000000
vn -0.000000 -0.000000 -1.000000
vn -0.000000 -0.000000 -1.000000
vn -0.000000 -0.000000 -1.000000
vn -0.000000 -0.000000 -1.000000
vn -0.000000 -0.000000 -1.000000
vn -0.000000 -0.000000 -1.000000
vn -0.000000 -0.000000 -1.000000
vn -0.000000 -0.000000 -1.000000
vn -0.000000 -0.000000 -1.000000
vn -0.000000 -0.000000 -1.000000
vn -0.000000 -0.000000 -1.000000
vn -0.000000 -0.000000 -1.000000
vn -0.000000 -0.000000 -1.000000
vn -0.000000 -0.000000 -1.000000
vn -0.000000 -0.000000 -1.000000
vn -0.000000 -0.000000 -1.000000
vn -0.000000 -0.000000 -1.000000
vn -0.000000 -0.000000 -1.000000
vn -0.000000 -0.000000 -1.000000
vn -0.000000 -0.000000 -1.000000
vn -0.000000 -0.000000 -1.000000
vn -0.000000 -0.000000 -1.000000
vn -0.000000 -0.000000 -1.000000
vn -0.000000 -0.000000 -1.000000
vn -0.000000 -0.000000 -1.000000
vn -0.000000 -0.000000 -1.000000
vn -0.000000 -0.000000 -1.000000
vn -0.000000 -0.000000 -1.000000
vn -0.000000 -0.000000 -1.000000
vn -0.000000 -0.000000 -1.000000
vn -0.000000 -0.000000 -1.000000
vn -0.000000 -0.000000 -1.000000
vn -0.000000 -0.000000 -1.000000
vn -0.000000 -0.000000 -1.000000
vn -0.000000 -0.000000 -1.000000
vn -0.000000 -0.000000 -1.000000
vn -0.000000 -0.000000 -1.000000
vn -0.000000 -0.000000 -1.000000
vn -0.000000 -0.000000 -1.000000
vn -0.000000 -0.000000 -1.000000
vn -0.000000 -0.000000 -1.000000
vn 0.960372 -0.278721 -0.000000
vn 0.976326 -0.216306 -0.000000
vn 0.960372 -0.278721 -0.000000
vn 0.976326 -0.216306 -0.000000
vn 0.981528 -0.191316 -0.000000
vn 0.981528 -0.191316 -0.000000
vn 0.959004 -0.283392 -0.000000
vn 0.959004 -0.283392 -0.000000
vn 0.942030 -0.335528 -0.000000
vn 0.942030 -0.335528 -0.000000
vn 0.978063 -0.208311 -0.000000
vn 0.978063 -0.208311 -0.000000
vn 0.996099 -0.088239 -0.000000
vn 0.996099 -0.088239 -0.000000
vn 0.999958 -0.009184 -0.000000
vn 0.999958 -0.009184 -0.000000
vn 0.998245 0.059225 0.000000
vn 0.998245 0.059225 0.000000
vn 0.323757 0.946140 0.000000
vn 0.323757 0.946140 0.000000
vn 0.323757 0.946140 0.000000
vn 0.323757 0.946140 0.000000
vn -0.871452 0.490481 -0.000000
vn -0.905671 0.423981 -0.000000
vn -0.871452 0.490481 -0.000000
vn -0.905671 0.423981 -0.000000
vn -0.924892 0.380229 -0.000000
vn -0.924892 0.380229 -0.000000
vn -0.944273 0.329165 -0.000000
vn -0.944273 0.329165 -0.000000
vn -0.962364 0.271762 -0.000000
vn -0.962364 0.271762 -0.000000
vn -0.978242 0.207467 -0.000000
vn -0.978242 0.207467 -0.000000
vn -0.990770 0.135553 -0.000000
vn -0.990770 0.135553 -0.000000
vn -0.998555 0.053736 -0.000000
vn -0.998555 0.053736 -0.000000
vn 0.694660 0.719338 0.000000
vn 0.617632 0.786467 0.000000
vn 0.694660 0.719338 0.000000
vn 0.617632 0.786467 0.000000
vn 0.519363 0.854554 0.000000
vn 0.519363 0.854554 0.000000
vn 0.398673 0.917093 0.000000
vn 0.398673 0.917093 0.000000
vn 0.259653 0.965702 0.000000
vn 0.259653 0.965702 0.000000
vn 0.112924 0.993604 0.000000
vn 0.112924 0.993604 0.000000
vn -0.027011 0.999635 -0.000000
vn -0.027011 0.999635 -0.000000
vn -0.250231 0.968186 -0.000000
vn -0.250231 0.968186 -0.000000
vn -0.408073 0.912949 -0.000000
vn -0.408073 0.912949 -0.000000
vn -0.553022 0.833167 -0.000000
vn -0.553022 0.833167 -0.000000
vn -0.698654 0.715460 -0.000000
vn -0.698654 0.715460 -0.000000
vn -0.816996 0.576644 -0.000000
vn -0.816996 0.576644 -0.000000
vn -0.897796 0.440411 -0.000000
vn -0.897796 0.440411 -0.000000
vn -0.950608 0.310395 -0.000000
vn -0.950608 0.310395 -0.000000
vn -0.982744 0.184972 -0.000000
vn -0.982744 0.184972 -0.000000
vn -0.998444 0.055771 -0.000000
vn -0.998444 0.055771 -0.000000
vn -0.995073 -0.099142 -0.000000
vn -0.995073 -0.099142 -0.000000
vn -0.960649 -0.277764 -0.000000
vn -0.960649 -0.277764 -0.000000
vn -0.897229 -0.441565 -0.000000
vn -0.897229 -0.441565 -0.000000
vn -0.817438 -0.576017 -0.000000
vn -0.817438 -0.576017 -0.000000
vn -0.715372 -0.698744 -0.000000
vn -0.715372 -0.698744 -0.000000
vn -0.575691 -0.817667 -0.000000
vn -0.575691 -0.817667 -0.000000
vn -0.412580 -0.910921 -0.000000
vn -0.412580 -0.910921 -0.000000
vn -0.270072 -0.962840 -0.000000
vn -0.270072 -0.962840 -0.000000
vn -0.162031 -0.986786 -0.000000
vn -0.162031 -0.986786 -0.000000
vn -0.069876 -0.997556 -0.000000
vn -0.069876 -0.997556 -0.000000
vn 0.034307 -0.999411 -0.000000
vn 0.034307 -0.999411 -0.000000
vn 0.174882 -0.984589 -0.000000
vn 0.174882 -0.984589 -0.000000
vn 0.345703 -0.938344 -0.000000
vn 0.345703 -0.938344 -0.000000
vn 0.493169 -0.869934 -0.000000
vn 0.493169 -0.869934 -0.000000
vn 0.593341 -0.804951 -0.000000
vn 0.593341 -0.804951 -0.000000
vn 0.686484 -0.727145 -0.000000
vn 0.686484 -0.727145 -0.000000
vn 0.793887 -0.608065 -0.000000
vn 0.793887 -0.608065 -0.000000
vn 0.887174 -0.461436 -0.000000
vn 0.887174 -0.461436 -0.000000
vn 0.948274 -0.317453 -0.000000
vn 0.948274 -0.317453 -0.000000
vn 0.985286 -0.170914 -0.000000
vn 0.985286 -0.170914 -0.000000
vn 0.994954 -0.100333 -0.000000
vn 0.999676 -0.025453 -0.000000
vn 0.994954 -0.100333 -0.000000
vn 0.999676 -0.025453 -0.000000
vn 0.997203 0.074743 0.000000
vn 0.997203 0.074743 0.000000
vn 0.997203 0.074743 0.000000
vn 0.972904 0.231211 0.000000
vn 0.972904 0.231211 0.000000
vn 0.917137 0.398571 0.000000
vn 0.917137 0.398571 0.000000
vn 0.792954 0.609281 0.000000
vn 0.792954 0.609281 0.000000
vn 0.652947 0.757403 0.000000
vn 0.652947 0.757403 0.000000
vn 0.546344 0.837561 0.000000
vn 0.546344 0.837561 0.000000
vn 0.410201 0.911995 0.000000
vn 0.410201 0.911995 0.000000
vn 0.247131 0.968982 0.000000
vn 0.247131 0.968982 0.000000
vn 0.068240 0.997669 0.000000
vn 0.068240 0.997669 0.000000
vn -0.109422 0.993995 -0.000000
vn -0.109422 0.993995 -0.000000
vn -0.272398 0.962185 -0.000000
vn -0.272398 0.962185 -0.000000
vn -0.419430 0.907788 -0.000000
vn -0.419430 0.907788 -0.000000
vn -0.559263 0.828990 -0.000000
vn -0.559263 0.828990 -0.000000
vn -0.706002 0.708210 -0.000000
vn -0.706002 0.708210 -0.000000
vn -0.785522 0.618833 -0.000000
vn -0.785522 0.618833 -0.000000
vn -0.866957 0.498383 -0.000000
vn -0.866957 0.498383 -0.000000
vn -0.941084 0.338174 -0.000000
vn -0.941084 0.338174 -0.000000
vn -0.990275 0.139127 -0.000000
vn -0.990275 0.139127 -0.000000
vn -0.997004 -0.077354 -0.000000
vn -0.997004 -0.077354 -0.000000
vn -0.961510 -0.274769 -0.000000
vn -0.961510 -0.274769 -0.000000
vn -0.904388 -0.426711 -0.000000
vn -0.904388 -0.426711 -0.000000
vn -0.848441 -0.529290 -0.000000
vn -0.848441 -0.529290 -0.000000
vn -0.780997 -0.624535 -0.000000
vn -0.780997 -0.624535 -0.000000
vn -0.802482 -0.596677 -0.000000
vn -0.802482 -0.596677 -0.000000
vn -0.884287 -0.466944 -0.000000
vn -0.884287 -0.466944 -0.000000
vn -0.944209 -0.329348 -0.000000
vn -0.944209 -0.329348 -0.000000
vn -0.977598 -0.210483 -0.000000
vn -0.977598 -0.210483 -0.000000
vn -0.999841 -0.017837 -0.000000
vn -0.999841 -0.017837 -0.000000
vn -0.996924 0.078376 -0.000000
vn -0.996924 0.078376 -0.000000
vn -0.982574 0.185874 -0.000000
vn -0.982574 0.185874 -0.000000
vn -0.909319 0.416100 -0.000000
vn -0.909319 0.416100 -0.000000
vn -0.803242 0.595653 -0.000000
vn -0.803242 0.595653 -0.000000
vn -0.699003 0.715118 -0.000000
vn -0.699003 0.715118 -0.000000
vn -0.575789 0.817598 -0.000000
vn -0.575789 0.817598 -0.000000
vn -0.392944 0.919562 -0.000000
vn -0.392944 0.919562 -0.000000
vn -0.173455 0.984842 -0.000000
vn -0.173455 0.984842 -0.000000
vn -0.010976 0.999940 -0.000000
vn -0.010976 0.999940 -0.000000
vn 0.078399 0.996922 0.000000
vn 0.078399 0.996922 0.000000
vn 0.196848 0.980434 0.000000
vn 0.196848 0.980434 0.000000
vn 0.434582 0.900632 0.000000
vn 0.434582 0.900632 0.000000
vn 0.559164 0.829057 0.000000
vn 0.559164 0.829057 0.000000
vn 0.659100 0.752056 0.000000
vn 0.659100 0.752056 0.000000
vn 0.791885 0.610670 0.000000
vn 0.791885 0.610670 0.000000
vn 0.888816 0.458264 0.000000
vn 0.888816 0.458264 0.000000
vn 0.965317 0.261079 0.000000
vn 0.965317 0.261079 0.000000
vn 0.994354 0.106109 0.000000
vn 0.994354 0.106109 0.000000
vn 1.000000 0.000892 0.000000
vn 1.000000 0.000892 0.000000
vn 0.991100 -0.133122 -0.000000
vn 0.991100 -0.133122 -0.000000
vn 0.951588 -0.307377 -0.000000
vn 0.951588 -0.307377 -0.000000
vn 0.888666 -0.458555 -0.000000
vn 0.888666 -0.458555 -0.000000
vn 0.827733 -0.561123 -0.000000
vn 0.827733 -0.561123 -0.000000
vn 0.759132 -0.650937 -0.000000
vn 0.759132 -0.650937 -0.000000
vn 0.746660 -0.665206 -0.000000
vn 0.585710 -0.810521 -0.000000
vn 0.746660 -0.665206 -0.000000
vn 0.585710 -0.810521 -0.000000
vn 0.494642 -0.869097 -0.000000
vn 0.494642 -0.869097 -0.000000
vn 0.368896 -0.929471 -0.000000
vn 0.368896 -0.929471 -0.000000
vn 0.173145 -0.984896 -0.000000
vn 0.173145 -0.984896 -0.000000
vn -0.033201 -0.999449 -0.000000
vn -0.033201 -0.999449 -0.000000
vn -0.204149 -0.978940 -0.000000
vn -0.204149 -0.978940 -0.000000
vn -0.390108 -0.920769 -0.000000
vn -0.390108 -0.920769 -0.000000
vn -0.538310 -0.842747 -0.000000
vn -0.538310 -0.842747 -0.000000
vn -0.697803 -0.716290 -0.000000
vn -0.697803 -0.716290 -0.000000
vn -0.780473 -0.625190 -0.000000
vn -0.780473 -0.625190 -0.000000
vn -0.859588 -0.510988 -0.000000
vn -0.859588 -0.510988 -0.000000
vn -0.926624 -0.375989 -0.000000
vn -0.926624 -0.375989 -0.000000
vn -0.972740 -0.231898 -0.000000
vn -0.972740 -0.231898 -0.000000
vn -0.999799 0.020052 -0.000000
vn -0.999799 0.020052 -0.000000
vn -0.984701 0.174254 -0.000000
vn -0.984701 0.174254 -0.000000
vn -0.966887 0.255206 -0.000000
vn -0.966887 0.255206 -0.000000
vn -0.970500 0.241103 -0.000000
vn -0.970500 0.241103 -0.000000
vn -0.994914 0.100724 -0.000000
vn -0.994914 0.100724 -0.000000
vn -0.998457 -0.055539 -0.000000
vn -0.998457 -0.055539 -0.000000
vn -0.956281 -0.292449 -0.000000
vn -0.956281 -0.292449 -0.000000
vn -0.904678 -0.426097 -0.000000
vn -0.904678 -0.426097 -0.000000
vn -0.817999 -0.575220 -0.000000
vn -0.817999 -0.575220 -0.000000
vn -0.723666 -0.690150 -0.000000
vn -0.723666 -0.690150 -0.000000
vn -0.638006 -0.770032 -0.000000
vn -0.638006 -0.770032 -0.000000
vn -0.735932 -0.677055 -0.000000
vn -0.630939 -0.775833 -0.000000
vn -0.735932 -0.677055 -0.000000
vn -0.630939 -0.775833 -0.000000
vn -0.516212 -0.856461 -0.000000
vn -0.516212 -0.856461 -0.000000
vn -0.283209 -0.959058 -0.000000
vn -0.283209 -0.959058 -0.000000
vn -0.063722 -0.997968 -0.000000
vn -0.063722 -0.997968 -0.000000
vn 0.153226 -0.988191 -0.000000
vn 0.153226 -0.988191 -0.000000
vn 0.376977 -0.926222 -0.000000
vn 0.376977 -0.926222 -0.000000
vn 0.588121 -0.808773 -0.000000
vn 0.588121 -0.808773 -0.000000
vn 0.753701 -0.657217 -0.000000
vn 0.753701 -0.657217 -0.000000
vn 0.865147 -0.501518 -0.000000
vn 0.865147 -0.501518 -0.000000
vn 0.934090 -0.357037 -0.000000
vn 0.934090 -0.357037 -0.000000
vn 0.974241 -0.225508 -0.000000
vn 0.974241 -0.225508 -0.000000
vn 0.999857 0.016907 0.000000
vn 0.999857 0.016907 0.000000
vn 0.990160 0.139941 0.000000
vn 0.990160 0.139941 0.000000
vn 0.962781 0.270284 0.000000
vn 0.962781 0.270284 0.000000
vn 0.913531 0.406769 0.000000
vn 0.913531 0.406769 0.000000
vn 0.839764 0.542951 0.000000
vn 0.839764 0.542951 0.000000
vn 0.000000 0.000000 1.000000
vn 0.000000 0.000000 1.000000
vn 0.000000 0.000000 1.000000
vn 0.000000 0.000000 1.000000
vn 0.000000 0.000000 1.000000
vn 0.000000 0.000000 1.000000
vn 0.000000 0.000000 1.000000
vn 0.000000 0.000000 1.000000
vn 0.000000 0.000000 1.000000
vn 0.000000 0.000000 1.000000
vn 0.000000 0.000000 1.000000
vn 0.000000 0.000000 1.000000
vn 0.000000 0.000000 1.000000
vn 0.000000 0.000000 1.000000
vn 0.000000 0.000000 1.000000
vn 0.000000 0.000000 1.000000
vn 0.000000 0.000000 1.000000
vn 0.000000 0.000000 1.000000
vn 0.000000 0.000000 1.000000
vn 0.000000 0.000000 1.000000
vn 0.000000 0.000000 1.000000
vn 0.000000 0.000000 1.000000
vn 0.000000 0.000000 1.000000
vn 0.000000 0.000000 1.000000
vn 0.000000 0.000000 1.000000
vn 0.000000 0.000000 1.000000
vn 0.000000 0.000000 1.000000
vn 0.000000 0.000000 1.000000
vn 0.000000 0.000000 1.000000
vn 0.000000 0.000000 1.000000
vn 0.000000 0.000000 1.000000
vn 0.000000 0.000000 1.000000
vn 0.000000 0.000000 1.000000
vn 0.000000 0.000000 1.000000
vn 0.000000 0.000000 1.000000
vn 0.000000 0.000000 1.000000
vn 0.000000 0.000000 1.000000
vn 0.000000 0.000000 1.000000
vn 0.000000 0.000000 1.000000
vn 0.000000 0.000000 1.000000
vn 0.000000 0.000000 1.000000
vn 0.000000 0.000000 1.000000
vn 0.000000 0.000000 1.000000
vn 0.000000 0.000000 1.000000
vn 0.000000 0.000000 1.000000
vn 0.000000 0.000000 1.000000
vn 0.000000 0.000000 1.000000
vn 0.000000 0.000000 1.000000
vn 0.000000 0.000000 1.000000
vn 0.000000 0.000000 1.000000
vn 0.000000 0.000000 1.000000
vn 0.000000 0.000000 1.000000
vn 0.000000 0.000000 1.000000
vn 0.000000 0.000000 1.000000
vn 0.000000 0.000000 1.000000
vn 0.000000 0.000000 1.000000
vn 0.000000 0.000000 1.000000
vn 0.000000 0.000000 1.000000
vn 0.000000 0.000000 1.000000
vn 0.000000 0.000000 1.000000
vn 0.000000 0.000000 1.000000
vn 0.000000 0.000000 1.000000
vn 0.000000 0.000000 1.000000
vn 0.000000 0.000000 1.000000
vn 0.000000 0.000000 1.000000
vn 0.000000 0.000000 1.000000
vn 0.000000 0.000000 1.000000
vn 0.000000 0.000000 1.000000
vn 0.000000 0.000000 1.000000
vn 0.000000 0.000000 1.000000
vn 0.000000 0.000000 1.000000
vn 0.000000 0.000000 1.000000
vn 0.000000 0.000000 1.000000
vn 0.000000 0.000000 1.000000
vn 0.000000 0.000000 1.000000
vn 0.000000 0.000000 1.000000
vn 0.000000 0.000000 1.000000
vn 0.000000 0.000000 1.000000
vn 0.000000 0.000000 1.000000
vn 0.000000 0.000000 1.000000
vn 0.000000 0.000000 1.000000
vn 0.000000 0.000000 1.000000
vn 0.000000 0.000000 1.000000
vn 0.000000 0.000000 1.000000
vn 0.000000 0.000000 1.000000
vn 0.000000 0.000000 1.000000
vn 0.000000 0.000000 1.000000
vn 0.000000 0.000000 1.000000
vn 0.000000 0.000000 1.000000
vn 0.000000 0.000000 1.000000
vn 0.000000 0.000000 1.000000
vn 0.000000 0.000000 1.000000
vn 0.000000 0.000000 1.000000
vn 0.000000 0.000000 1.000000
vn 0.000000 0.000000 1.000000
vn 0.000000 0.000000 1.000000
vn 0.000000 0.000000 1.000000
vn 0.000000 0.000000 1.000000
vn 0.000000 0.000000 1.000000
vn 0.000000 0.000000 1.000000
vn 0.000000 0.000000 1.000000
vn 0.000000 0.000000 1.000000
vn 0.000000 0.000000 1.000000
vn 0.000000 0.000000 1.000000
vn 0.000000 0.000000 1.000000
vn 0.000000 0.000000 1.000000
vn 0.000000 0.000000 1.000000
vn 0.000000 0.000000 1.000000
vn 0.000000 0.000000 1.000000
vn 0.000000 0.000000 1.000000
vn 0.000000 0.000000 1.000000
vn 0.000000 0.000000 1.000000
vn 0.000000 0.000000 1.000000
vn 0.000000 0.000000 1.000000
vn 0.000000 0.000000 1.000000
vn 0.000000 0.000000 1.000000
vn 0.000000 0.000000 1.000000
vn 0.000000 0.000000 1.000000
vn 0.000000 0.000000 1.000000
vn 0.000000 0.000000 1.000000
vn 0.000000 0.000000 1.000000
vn 0.000000 0.000000 1.000000
vn 0.000000 0.000000 1.000000
vn 0.000000 0.000000 1.000000
vn 0.000000 0.000000 1.000000
vn 0.000000 0.000000 1.000000
vn 0.000000 0.000000 1.000000
vn 0.000000 0.000000 1.000000
vn 0.000000 0.000000 1.000000
vn 0.000000 0.000000 1.000000
vn 0.000000 0.000000 1.000000
vn 0.000000 0.000000 1.000000
vn 0.000000 0.000000 1.000000
vn 0.000000 0.000000 1.000000
vn 0.000000 0.000000 1.000000
vn 0.000000 0.000000 1.000000
vn 0.000000 0.000000 1.000000
vn 0.000000 0.000000 1.000000
vn 0.000000 0.000000 1.000000
vn 0.000000 0.000000 1.000000
vn 0.000000 0.000000 1.000000
vn 0.000000 0.000000 1.000000
vn 0.000000 0.000000 1.000000
vn 0.000000 0.000000 1.000000
vn 0.000000 0.000000 1.000000
vn 0.000000 0.000000 1.000000
vn 0.000000 0.000000 1.000000
vn 0.000000 0.000000 1.000000
vn 0.000000 0.000000 1.000000
vn 0.000000 0.000000 1.000000
vn 0.000000 0.000000 1.000000
vn 0.000000 0.000000 1.000000
vn 0.000000 0.000000 1.000000
vn 0.000000 0.000000 1.000000
vn 0.000000 0.000000 1.000000
vn 0.000000 0.000000 1.000000
vn 0.000000 0.000000 1.000000
vn 0.000000 0.000000 1.000000
vn 0.000000 0.000000 1.000000
vn 0.000000 0.000000 1.000000
vn 0.000000 0.000000 1.000000
vn 0.000000 0.000000 1.000000
vn 0.000000 0.000000 1.000000
vn 0.000000 0.000000 1.000000
vn 0.000000 0.000000 1.000000
vn 0.000000 0.000000 1.000000
vn 0.000000 0.000000 1.000000
vn 0.000000 0.000000 1.000000
vn 0.000000 0.000000 1.000000
vn 0.000000 0.000000 1.000000
vn 0.000000 0.000000 1.000000
vn 0.000000 0.000000 1.000000
vn 0.000000 0.000000 1.000000
vn 0.000000 0.000000 1.000000
vn 0.000000 0.000000 1.000000
vn 0.000000 0.000000 1.000000
vn 0.000000 0.000000 1.000000
vn 0.000000 0.000000 1.000000
vn 0.000000 0.000000 1.000000
vn 0.000000 0.000000 1.000000
vn 0.000000 0.000000 1.000000
vn 0.000000 0.000000 1.000000
vn 0.000000 0.000000 1.000000
vn 0.000000 0.000000 1.000000
vn 0.000000 0.000000 1.000000
vn 0.000000 0.000000 1.000000
vn 0.000000 0.000000 1.000000
vn 0.000000 0.000000 1.000000
vn 0.000000 0.000000 1.000000
vn 0.000000 0.000000 1.000000
vn 0.000000 0.000000 1.000000
vn 0.000000 0.000000 1.000000
vn 0.000000 0.000000 1.000000
vn 0.000000 0.000000 1.000000
vn 0.000000 0.000000 1.000000
vn 0.000000 0.000000 1.000000
vn 0.000000 0.000000 1.000000
vn 0.000000 0.000000 1.000000
vn 0.000000 0.000000 1.000000
vn 0.000000 0.000000 1.000000
vn 0.000000 0.000000 1.000000
vn 0.000000 0.000000 1.000000
vn 0.000000 0.000000 1.000000
vn 0.000000 0.000000 1.000000
vn 0.000000 0.000000 1.000000
vn 0.000000 0.000000 1.000000
vn 0.000000 0.000000 1.000000
vn 0.000000 0.000000 1.000000
vn 0.000000 0.000000 1.000000
vn 0.000000 0.000000 1.000000
vn 0.000000 0.000000 1.000000
vn 0.000000 0.000000 1.000000
vn 0.000000 0.000000 1.000000
vn 0.000000 0.000000 1.000000
vn 0.000000 0.000000 1.000000
vn 0.000000 0.000000 1.000000
vn 0.000000 0.000000 1.000000
vn 0.000000 0.000000 1.000000
vn 0.000000 0.000000 1.000000
vn 0.000000 0.000000 1.000000
vn 0.000000 0.000000 1.000000
vn 0.000000 0.000000 1.000000
vn 0.000000 0.000000 1.000000
vn 0.000000 0.000000 1.000000
vn 0.000000 0.000000 1.000000
vn 0.000000 0.000000 1.000000
vn 0.000000 0.000000 1.000000
vn 0.000000 0.000000 1.000000
vn 0.000000 0.000000 1.000000
vn 0.000000 0.000000 1.000000
vn 0.000000 0.000000 1.000000
vn 0.000000 0.000000 1.000000
vn 0.000000 0.000000 1.000000
vn 0.000000 0.000000 1.000000
vn 0.000000 0.000000 1.000000
vn 0.000000 0.000000 1.000000
vn 0.000000 0.000000 1.000000
vn 0.000000 0.000000 1.000000
vn 0.000000 0.000000 1.000000
vn 0.000000 0.000000 1.000000
vn 0.000000 0.000000 1.000000
vn 0.000000 0.000000 1.000000
vn 0.000000 0.000000 1.000000
vn 0.000000 0.000000 1.000000
vn 0.000000 0.000000 1.000000
vn 0.000000 0.000000 1.000000
vn 0.000000 0.000000 1.000000
vn 0.000000 0.000000 1.000000
vn 0.000000 0.000000 1.000000
vn 0.000000 0.000000 1.000000
vn 0.000000 0.000000 1.000000
vn 0.000000 0.000000 1.000000
vn 0.000000 0.000000 1.000000
vn 0.000000 0.000000 1.000000
vn 0.000000 0.000000 1.000000
vn 0.000000 0.000000 1.000000
vn 0.000000 0.000000 1.000000
vn 0.000000 0.000000 1.000000
vn 0.000000 0.000000 1.000000
vn 0.000000 0.000000 1.000000
vn 0.000000 0.000000 1.000000
vn 0.000000 0.000000 1.000000
vn 0.000000 0.000000 1.000000
vn 0.000000 0.000000 1.000000
vn 0.000000 0.000000 1.000000
vn 0.000000 0.000000 1.000000
vn 0.000000 0.000000 1.000000
vn 0.000000 0.000000 1.000000
vn 0.000000 0.000000 1.000000
vn 0.000000 0.000000 1.000000
vn 0.000000 0.000000 1.000000
vn 0.000000 0.000000 1.000000
vn 0.000000 0.000000 1.000000
vn 0.000000 0.000000 1.000000
vn 0.000000 0.000000 1.000000
vn 0.000000 0.000000 1.000000
vn 0.000000 0.000000 1.000000
vn 0.000000 0.000000 1.000000
vn 0.000000 0.000000 1.000000
vn 0.000000 0.000000 1.000000
vn 0.000000 0.000000 1.000000
vn 0.000000 0.000000 1.000000
vn 0.000000 0.000000 1.000000
vn 0.000000 0.000000 1.000000
vn 0.000000 0.000000 1.000000
vn 0.000000 0.000000 1.000000
vn 0.000000 0.000000 1.000000
vn 0.000000 0.000000 1.000000
vn 0.000000 0.000000 1.000000
vn 0.000000 0.000000 1.000000
vn 0.000000 0.000000 1.000000
vn 0.000000 0.000000 1.000000
vn 0.000000 0.000000 1.000000
vn 0.000000 0.000000 1.000000
vn 0.000000 0.000000 1.000000
vn 0.000000 0.000000 1.000000
vn 0.000000 0.000000 1.000000
vn 0.000000 0.000000 1.000000
vn 0.000000 0.000000 1.000000
vn 0.000000 0.000000 1.000000
vn 0.000000 0.000000 1.000000
vn 0.000000 0.000000 1.000000
vn 0.000000 0.000000 1.000000
vn 0.000000 0.000000 1.000000
vn 0.000000 0.000000 1.000000
vn 0.000000 0.000000 1.000000
vn 0.000000 0.000000 1.000000
vn 0.000000 0.000000 1.000000
vn 0.000000 0.000000 1.000000
vn 0.000000 0.000000 1.000000
vn 0.000000 0.000000 1.000000
vn 0.000000 0.000000 1.000000
vn 0.000000 0.000000 1.000000
vn 0.000000 0.000000 1.000000
vn 0.000000 0.000000 1.000000
vn 0.000000 0.000000 1.000000
vn 0.000000 0.000000 1.000000
vn 0.000000 0.000000 1.000000
vn 0.000000 0.000000 1.000000
vn 0.000000 0.000000 1.000000
vn 0.000000 0.000000 1.000000
vn 0.000000 0.000000 1.000000
vn 0.000000 0.000000 1.000000
vn 0.000000 0.000000 1.000000
vn 0.000000 0.000000 1.000000
vn 0.000000 0.000000 1.000000
vn 0.000000 0.000000 1.000000
vn 0.000000 0.000000 1.000000
vn 0.000000 0.000000 1.000000
vn 0.000000 0.000000 1.000000
vn -0.363589 -0.931559 0.000000
vn -0.363589 -0.931559 0.000000
vn -0.365341 -0.930874 0.000000
vn -0.499739 -0.866176 0.000000
vn -0.500000 -0.866025 0.000000
vn -0.623490 -0.781831 0.000000
vn -0.624488 -0.781034 0.000000
vn -0.733052 -0.680173 0.000000
vn -0.734992 -0.678075 0.000000
vn -0.826239 -0.563320 0.000000
vn -0.828730 -0.559649 0.000000
vn -0.900969 -0.433884 0.000000
vn -0.903563 -0.428456 0.000000
vn -0.955573 -0.294755 0.000000
vn -0.957784 -0.287489 0.000000
vn -0.988831 -0.149042 0.000000
vn -0.990157 -0.139963 0.000000
vn -1.000000 -0.000000 0.000000
vn -0.999942 0.010754 -0.000000
vn -0.988831 0.149042 -0.000000
vn -0.986917 0.161227 -0.000000
vn -0.955573 0.294755 -0.000000
vn -0.951379 0.308022 -0.000000
vn -0.900969 0.433884 -0.000000
vn -0.894139 0.447790 -0.000000
vn -0.826239 0.563320 -0.000000
vn -0.816501 0.577343 -0.000000
vn -0.733052 0.680173 -0.000000
vn -0.720238 0.693727 -0.000000
vn -0.623490 0.781831 -0.000000
vn -0.607546 0.794285 -0.000000
vn -0.500000 0.866025 -0.000000
vn -0.480994 0.876724 -0.000000
vn -0.365341 0.930874 -0.000000
vn -0.343469 0.939164 -0.000000
vn -0.222521 0.974928 -0.000000
vn -0.198110 0.980180 -0.000000
vn -0.074730 0.997204 -0.000000
vn -0.048232 0.998836 -0.000000
vn 0.074730 0.997204 -0.000000
vn 0.102747 0.994708 -0.000000
vn 0.222521 0.974928 -0.000000
vn 0.251382 0.967888 -0.000000
vn 0.365341 0.930874 -0.000000
vn 0.394283 0.918989 -0.000000
vn 0.500000 0.866025 -0.000000
vn 0.528189 0.849127 -0.000000
vn 0.623490 0.781831 -0.000000
vn 0.650046 0.759895 -0.000000
vn 0.733052 0.680173 -0.000000
vn 0.757075 0.653328 -0.000000
vn 0.826239 0.563320 -0.000000
vn 0.846834 0.531858 -0.000000
vn 0.900969 0.433884 -0.000000
vn 0.917275 0.398255 -0.000000
vn 0.955573 0.294755 -0.000000
vn 0.966791 0.255567 -0.000000
vn 0.988831 0.149042 -0.000000
vn 0.994254 0.107050 -0.000000
vn 1.000000 -0.000000 -0.000000
vn 0.999035 -0.043910 -0.000000
vn 0.988831 -0.149042 -0.000000
vn 0.981028 -0.193868 -0.000000
vn 0.955573 -0.294755 -0.000000
vn 0.940641 -0.339403 -0.000000
vn 0.900969 -0.433884 -0.000000
vn 0.878797 -0.477196 -0.000000
vn 0.826239 -0.563320 -0.000000
vn 0.796906 -0.604104 -0.000000
vn 0.733052 -0.680173 -0.000000
vn 0.696836 -0.717230 -0.000000
vn 0.623490 -0.781831 -0.000000
vn 0.580870 -0.813996 -0.000000
vn 0.500000 -0.866025 -0.000000
vn 0.451654 -0.892193 -0.000000
vn 0.365341 -0.930874 -0.000000
vn 0.312135 -0.950038 -0.000000
vn 0.222521 -0.974928 -0.000000
vn 0.165495 -0.986211 -0.000000
vn 0.074730 -0.997204 -0.000000
vn 0.015080 -0.999886 -0.000000
vn -0.074730 -0.997204 0.000000
vn -0.135678 -0.990753 0.000000
vn -0.222521 -0.974928 0.000000
vn -0.283342 -0.959019 0.000000
vn -0.337103 -0.941468 0.000000
vn -0.283342 -0.959019 0.000000
vn -0.310346 -0.950624 0.000000
vn -0.000000 -0.000000 -1.000000
vn -0.000000 -0.000000 -1.000000
vn -0.000000 -0.000000 -1.000000
vn -0.000000 -0.000000 -1.000000
vn -0.000000 -0.000000 -1.000000
vn -0.000000 -0.000000 -1.000000
vn -0.000000 -0.000000 -1.000000
vn -0.000000 -0.000000 -1.000000
vn -0.000000 -0.000000 -1.000000
vn -0.000000 -0.000000 -1.000000
vn -0.000000 -0.000000 -1.000000
vn -0.000000 -0.000000 -1.000000
vn -0.000000 -0.000000 -1.000000
vn -0.000000 -0.000000 -1.000000
vn -0.000000 -0.000000 -1.000000
vn -0.000000 -0.000000 -1.000000
vn -0.000000 -0.000000 -1.000000
vn -0.000000 -0.000000 -1.000000
vn -0.000000 -0.000000 -1.000000
usemtl Paint_-_Enamel_Glossy_(Red)
f 1207/2869/2867 1208/2870/2868 1216/2871/2869
f 1216/2871/2869 1208/2870/2868 1215/2872/2870
f 1215/2872/2870 1208/2870/2868 1209/2873/2871
f 1215/2872/2870 1209/2873/2871 1214/2874/2872
f 1214/2874/2872 1209/2873/2871 1210/2875/2873
f 1214/2874/2872 1210/2875/2873 1213/2876/2874
f 1213/2876/2874 1210/2875/2873 1211/2877/2875
f 1213/2876/2874 1211/2877/2875 1212/2878/2876
f 1211/2879/2877 1217/2880/2878 1212/2881/2879
f 1212/2881/2879 1217/2880/2878 1218/2882/2880
f 1217/2883/2881 1219/2884/2882 1218/2885/2883
f 1218/2885/2883 1219/2884/2882 1220/2886/2884
f 1219/2887/2885 1221/2888/2886 1220/2889/2887
f 1220/2889/2887 1221/2888/2886 1222/2890/2888
f 1221/2891/2889 1223/2892/2890 1222/2893/2891
f 1222/2893/2891 1223/2892/2890 1230/2894/2892
f 1230/2894/2892 1223/2892/2890 1224/2895/2893
f 1230/2894/2892 1224/2895/2893 1229/2896/2894
f 1229/2896/2894 1224/2895/2893 1225/2897/2895
f 1229/2896/2894 1225/2897/2895 1228/2898/2896
f 1228/2898/2896 1225/2897/2895 1226/2899/2897
f 1228/2898/2896 1226/2899/2897 1227/2900/2898
f 1226/2901/2899 1231/2902/2900 1227/2903/2901
f 1227/2903/2901 1231/2902/2900 1238/2904/2902
f 1238/2904/2902 1231/2902/2900 1232/2905/2903
f 1238/2904/2902 1232/2905/2903 1237/2906/2904
f 1237/2906/2904 1232/2905/2903 1233/2907/2905
f 1237/2906/2904 1233/2907/2905 1236/2908/2906
f 1236/2908/2906 1233/2907/2905 1234/2909/2907
f 1236/2908/2906 1234/2909/2907 1235/2910/2908
f 1234/2911/2909 1239/2912/2910 1235/2913/2911
f 1235/2913/2911 1239/2912/2910 1240/2914/2912
f 1239/2915/2913 1241/2916/2914 1240/2917/2915
f 1240/2917/2915 1241/2916/2914 1242/2918/2916
f 1241/2919/2917 1243/2920/2918 1242/2921/2919
f 1242/2921/2919 1243/2920/2918 1244/2922/2920
f 1243/2923/2921 1245/2924/2922 1244/2925/2923
f 1244/2925/2923 1245/2924/2922 1246/2926/2924
f 1245/2927/2925 1247/2928/2926 1246/2929/2927
f 1246/2929/2927 1247/2928/2926 1256/2930/2928
f 1256/2930/2928 1247/2928/2926 1248/2931/2929
f 1256/2930/2928 1248/2931/2929 1255/2932/2930
f 1255/2932/2930 1248/2931/2929 1249/2933/2931
f 1255/2932/2930 1249/2933/2931 1254/2934/2932
f 1254/2934/2932 1249/2933/2931 1250/2935/2933
f 1254/2934/2932 1250/2935/2933 1253/2936/2934
f 1253/2936/2934 1250/2935/2933 1251/2937/2935
f 1253/2936/2934 1251/2937/2935 1252/2938/2936
f 1251/2939/2937 1257/2940/2938 1252/2941/2939
f 1252/2941/2939 1257/2940/2938 1264/2942/2940
f 1264/2942/2940 1257/2940/2938 1258/2943/2941
f 1264/2942/2940 1258/2943/2941 1263/2944/2942
f 1263/2944/2942 1258/2943/2941 1259/2945/2943
f 1263/2944/2942 1259/2945/2943 1262/2946/2944
f 1262/2946/2944 1259/2945/2943 1260/2947/2945
f 1262/2946/2944 1260/2947/2945 1261/2948/2946
f 1260/2949/2947 1265/2950/2948 1261/2951/2949
f 1261/2951/2949 1265/2950/2948 1266/2952/2950
f 1265/2953/2951 1267/2954/2952 1266/2955/2953
f 1266/2955/2953 1267/2954/2952 1274/2956/2954
f 1274/2956/2954 1267/2954/2952 1268/2957/2955
f 1274/2956/2954 1268/2957/2955 1273/2958/2956
f 1273/2958/2956 1268/2957/2955 1269/2959/2957
f 1273/2958/2956 1269/2959/2957 1272/2960/2958
f 1272/2960/2958 1269/2959/2957 1270/2961/2959
f 1272/2960/2958 1270/2961/2959 1271/2962/2960
f 1270/2963/2961 1275/2964/2962 1271/2965/2963
f 1271/2965/2963 1275/2964/2962 1284/2966/2964
f 1284/2966/2964 1275/2964/2962 1276/2967/2965
f 1284/2966/2964 1276/2967/2965 1283/2968/2966
f 1283/2968/2966 1276/2967/2965 1277/2969/2967
f 1283/2968/2966 1277/2969/2967 1282/2970/2968
f 1282/2970/2968 1277/2969/2967 1278/2971/2969
f 1282/2970/2968 1278/2971/2969 1281/2972/2970
f 1281/2972/2970 1278/2971/2969 1279/2973/2971
f 1281/2972/2970 1279/2973/2971 1280/2974/2972
f 1279/2975/2973 1285/2976/2974 1280/2977/2975
f 1280/2977/2975 1285/2976/2974 1286/2978/2976
f 1285/2979/2977 1287/2980/2978 1286/2981/2979
f 1286/2981/2979 1287/2980/2978 1288/2982/2980
f 1287/2983/2981 1289/2984/2982 1288/2985/2983
f 1288/2985/2983 1289/2984/2982 1290/2986/2984
f 1289/2987/2985 1291/2988/2986 1290/2989/2987
f 1290/2989/2987 1291/2988/2986 1292/2990/2988
f 1291/2991/2989 1293/2992/2990 1292/2993/2991
f 1292/2993/2991 1293/2992/2990 1300/2994/2992
f 1300/2994/2992 1293/2992/2990 1294/2995/2993
f 1300/2994/2992 1294/2995/2993 1299/2996/2994
f 1299/2996/2994 1294/2995/2993 1295/2997/2995
f 1299/2996/2994 1295/2997/2995 1298/2998/2996
f 1298/2998/2996 1295/2997/2995 1296/2999/2997
f 1298/2998/2996 1296/2999/2997 1297/3000/2998
f 1296/3001/2999 1301/3002/3000 1297/3003/3001
f 1297/3003/3001 1301/3002/3000 1308/3004/3002
f 1308/3004/3002 1301/3002/3000 1302/3005/3003
f 1308/3004/3002 1302/3005/3003 1307/3006/3004
f 1307/3006/3004 1302/3005/3003 1303/3007/3005
f 1307/3006/3004 1303/3007/3005 1306/3008/3006
f 1306/3008/3006 1303/3007/3005 1304/3009/3007
f 1306/3008/3006 1304/3009/3007 1305/3010/3008
f 1304/3011/3009 1309/3012/3010 1305/3013/3011
f 1305/3013/3011 1309/3012/3010 1316/3014/3012
f 1316/3014/3012 1309/3012/3010 1310/3015/3013
f 1316/3014/3012 1310/3015/3013 1315/3016/3014
f 1315/3016/3014 1310/3015/3013 1311/3017/3015
f 1315/3016/3014 1311/3017/3015 1314/3018/3016
f 1314/3018/3016 1311/3017/3015 1312/3019/3017
f 1314/3018/3016 1312/3019/3017 1313/3020/3018
f 1312/3021/3019 1317/3022/3020 1313/3023/3021
f 1313/3023/3021 1317/3022/3020 1318/3024/3022
f 1317/3025/3023 1319/3026/3024 1318/3027/3025
f 1318/3027/3025 1319/3026/3024 1326/3028/3026
f 1326/3028/3026 1319/3026/3024 1320/3029/3027
f 1326/3028/3026 1320/3029/3027 1325/3030/3028
f 1325/3030/3028 1320/3029/3027 1321/3031/3029
f 1325/3030/3028 1321/3031/3029 1324/3032/3030
f 1324/3032/3030 1321/3031/3029 1322/3033/3031
f 1324/3032/3030 1322/3033/3031 1323/3034/3032
f 1322/3035/3033 1327/3036/3034 1323/3037/3035
f 1323/3037/3035 1327/3036/3034 1334/3038/3036
f 1334/3038/3036 1327/3036/3034 1328/3039/3037
f 1334/3038/3036 1328/3039/3037 1333/3040/3038
f 1333/3040/3038 1328/3039/3037 1329/3041/3039
f 1333/3040/3038 1329/3041/3039 1332/3042/3040
f 1332/3042/3040 1329/3041/3039 1330/3043/3041
f 1332/3042/3040 1330/3043/3041 1331/3044/3042
f 1330/3045/3043 1335/3046/3044 1331/3047/3045
f 1331/3047/3045 1335/3046/3044 1336/3048/3046
f 1335/3049/3047 1337/3050/3048 1336/3051/3049
f 1336/3051/3049 1337/3050/3048 1338/3052/3050
f 1337/3053/3051 1339/3054/3052 1338/3055/3053
f 1338/3055/3053 1339/3054/3052 1346/3056/3054
f 1346/3056/3054 1339/3054/3052 1340/3057/3055
f 1346/3056/3054 1340/3057/3055 1345/3058/3056
f 1345/3058/3056 1340/3057/3055 1341/3059/3057
f 1345/3058/3056 1341/3059/3057 1344/3060/3058
f 1344/3060/3058 1341/3059/3057 1342/3061/3059
f 1344/3060/3058 1342/3061/3059 1343/3062/3060
f 1342/3063/3061 1347/3064/3062 1343/3065/3063
f 1343/3065/3063 1347/3064/3062 1354/3066/3064
f 1354/3066/3064 1347/3064/3062 1348/3067/3065
f 1354/3066/3064 1348/3067/3065 1353/3068/3066
f 1353/3068/3066 1348/3067/3065 1349/3069/3067
f 1353/3068/3066 1349/3069/3067 1352/3070/3068
f 1352/3070/3068 1349/3069/3067 1350/3071/3069
f 1352/3070/3068 1350/3071/3069 1351/3072/3070
f 1350/3073/3071 1355/3074/3072 1351/3075/3073
f 1351/3075/3073 1355/3074/3072 1356/3076/3074
f 1355/3077/3075 1357/3078/3076 1356/3079/3077
f 1356/3079/3077 1357/3078/3076 1358/3080/3078
f 1357/3081/3079 1359/3082/3080 1358/3083/3081
f 1358/3083/3081 1359/3082/3080 1360/3084/3082
f 1359/3085/3083 1361/3086/3084 1360/3087/3085
f 1360/3087/3085 1361/3086/3084 1366/3088/3086
f 1366/3088/3086 1361/3086/3084 1362/3089/3087
f 1366/3088/3086 1362/3089/3087 1365/3090/3088
f 1365/3090/3088 1362/3089/3087 1363/3091/3089
f 1365/3090/3088 1363/3091/3089 1364/3092/3090
f 1364/3092/3090 1363/3091/3089 1207/3093/3091
f 1364/3092/3090 1207/3093/3091 1216/3094/3092
usemtl Paint_-_Metallic_(Silver)
f 1360/3095/3093 1366/3096/3094 1358/3097/3095
f 1358/3097/3095 1366/3096/3094 1365/3098/3096
f 1358/3097/3095 1365/3098/3096 1364/3099/3097
f 1216/3100/3098 1354/3101/3099 1364/3099/3097
f 1364/3099/3097 1354/3101/3099 1353/3102/3100
f 1364/3099/3097 1353/3102/3100 1358/3097/3095
f 1358/3097/3095 1353/3102/3100 1356/3103/3101
f 1356/3103/3101 1353/3102/3100 1352/3104/3102
f 1356/3103/3101 1352/3104/3102 1351/3105/3103
f 1354/3101/3099 1216/3100/3098 1343/3106/3104
f 1343/3106/3104 1216/3100/3098 1215/3107/3105
f 1343/3106/3104 1215/3107/3105 1344/3108/3106
f 1344/3108/3106 1215/3107/3105 1214/3109/3107
f 1344/3108/3106 1214/3109/3107 1345/3110/3108
f 1345/3110/3108 1214/3109/3107 1213/3111/3109
f 1345/3110/3108 1213/3111/3109 1346/3112/3110
f 1346/3112/3110 1213/3111/3109 1212/3113/3111
f 1346/3112/3110 1212/3113/3111 1338/3114/3112
f 1338/3114/3112 1212/3113/3111 1218/3115/3113
f 1338/3114/3112 1218/3115/3113 1336/3116/3114
f 1336/3116/3114 1218/3115/3113 1266/3117/3115
f 1336/3116/3114 1266/3117/3115 1331/3118/3116
f 1331/3118/3116 1266/3117/3115 1274/3119/3117
f 1331/3118/3116 1274/3119/3117 1273/3120/3118
f 1266/3117/3115 1218/3115/3113 1261/3121/3119
f 1261/3121/3119 1218/3115/3113 1220/3122/3120
f 1261/3121/3119 1220/3122/3120 1262/3123/3121
f 1262/3123/3121 1220/3122/3120 1263/3124/3122
f 1263/3124/3122 1220/3122/3120 1264/3125/3123
f 1264/3125/3123 1220/3122/3120 1252/3126/3124
f 1252/3126/3124 1220/3122/3120 1253/3127/3125
f 1253/3127/3125 1220/3122/3120 1254/3128/3126
f 1254/3128/3126 1220/3122/3120 1244/3129/3127
f 1254/3128/3126 1244/3129/3127 1255/3130/3128
f 1255/3130/3128 1244/3129/3127 1256/3131/3129
f 1256/3131/3129 1244/3129/3127 1246/3132/3130
f 1244/3129/3127 1220/3122/3120 1242/3133/3131
f 1242/3133/3131 1220/3122/3120 1222/3134/3132
f 1242/3133/3131 1222/3134/3132 1230/3135/3133
f 1230/3135/3133 1229/3136/3134 1242/3133/3131
f 1242/3133/3131 1229/3136/3134 1228/3137/3135
f 1242/3133/3131 1228/3137/3135 1227/3138/3136
f 1227/3138/3136 1238/3139/3137 1242/3133/3131
f 1242/3133/3131 1238/3139/3137 1237/3140/3138
f 1242/3133/3131 1237/3140/3138 1240/3141/3139
f 1240/3141/3139 1237/3140/3138 1236/3142/3140
f 1240/3141/3139 1236/3142/3140 1235/3143/3141
f 1331/3118/3116 1273/3120/3118 1332/3144/3142
f 1332/3144/3142 1273/3120/3118 1272/3145/3143
f 1332/3144/3142 1272/3145/3143 1333/3146/3144
f 1333/3146/3144 1272/3145/3143 1271/3147/3145
f 1333/3146/3144 1271/3147/3145 1334/3148/3146
f 1334/3148/3146 1271/3147/3145 1323/3149/3147
f 1323/3149/3147 1271/3147/3145 1284/3150/3148
f 1323/3149/3147 1284/3150/3148 1324/3151/3149
f 1324/3151/3149 1284/3150/3148 1283/3152/3150
f 1324/3151/3149 1283/3152/3150 1286/3153/3151
f 1286/3153/3151 1283/3152/3150 1282/3154/3152
f 1286/3153/3151 1282/3154/3152 1281/3155/3153
f 1281/3155/3153 1280/3156/3154 1286/3153/3151
f 1288/3157/3155 1318/3158/3156 1286/3153/3151
f 1286/3153/3151 1318/3158/3156 1326/3159/3157
f 1286/3153/3151 1326/3159/3157 1325/3160/3158
f 1290/3161/3159 1299/3162/3160 1288/3157/3155
f 1288/3157/3155 1299/3162/3160 1298/3163/3161
f 1288/3157/3155 1298/3163/3161 1297/3164/3162
f 1292/3165/3163 1300/3166/3164 1290/3161/3159
f 1290/3161/3159 1300/3166/3164 1299/3162/3160
f 1297/3164/3162 1308/3167/3165 1288/3157/3155
f 1288/3157/3155 1308/3167/3165 1307/3168/3166
f 1288/3157/3155 1307/3168/3166 1306/3169/3167
f 1306/3169/3167 1305/3170/3168 1288/3157/3155
f 1288/3157/3155 1305/3170/3168 1316/3171/3169
f 1288/3157/3155 1316/3171/3169 1315/3172/3170
f 1315/3172/3170 1314/3173/3171 1288/3157/3155
f 1288/3157/3155 1314/3173/3171 1313/3174/3172
f 1288/3157/3155 1313/3174/3172 1318/3158/3156
f 1325/3160/3158 1324/3151/3149 1286/3153/3151
usemtl Paint_-_Enamel_Glossy_(Red)
f 1367/3175/3173 1368/3176/3174 1376/3177/3175
f 1376/3177/3175 1368/3176/3174 1375/3178/3176
f 1375/3178/3176 1368/3176/3174 1369/3179/3177
f 1375/3178/3176 1369/3179/3177 1374/3180/3178
f 1374/3180/3178 1369/3179/3177 1370/3181/3179
f 1374/3180/3178 1370/3181/3179 1373/3182/3180
f 1373/3182/3180 1370/3181/3179 1371/3183/3181
f 1373/3182/3180 1371/3183/3181 1372/3184/3182
f 1371/3185/3183 1377/3186/3184 1372/3187/3185
f 1372/3187/3185 1377/3186/3184 1378/3188/3186
f 1377/3189/3187 1379/3190/3188 1378/3191/3189
f 1378/3191/3189 1379/3190/3188 1380/3192/3190
f 1379/3193/3191 1381/3194/3192 1380/3195/3193
f 1380/3195/3193 1381/3194/3192 1382/3196/3194
f 1381/3197/3195 1383/3198/3196 1382/3199/3197
f 1382/3199/3197 1383/3198/3196 1384/3200/3198
f 1383/3201/3199 1385/3202/3200 1384/3203/3201
f 1384/3203/3201 1385/3202/3200 1392/3204/3202
f 1392/3204/3202 1385/3202/3200 1386/3205/3203
f 1392/3204/3202 1386/3205/3203 1391/3206/3204
f 1391/3206/3204 1386/3205/3203 1387/3207/3205
f 1391/3206/3204 1387/3207/3205 1390/3208/3206
f 1390/3208/3206 1387/3207/3205 1388/3209/3207
f 1390/3208/3206 1388/3209/3207 1389/3210/3208
f 1388/3211/3209 1393/3212/3210 1389/3213/3211
f 1389/3213/3211 1393/3212/3210 1400/3214/3212
f 1400/3214/3212 1393/3212/3210 1394/3215/3213
f 1400/3214/3212 1394/3215/3213 1399/3216/3214
f 1399/3216/3214 1394/3215/3213 1395/3217/3215
f 1399/3216/3214 1395/3217/3215 1398/3218/3216
f 1398/3218/3216 1395/3217/3215 1396/3219/3217
f 1398/3218/3216 1396/3219/3217 1397/3220/3218
f 1396/3221/3219 1401/3222/3220 1397/3223/3221
f 1397/3223/3221 1401/3222/3220 1402/3224/3222
f 1401/3225/3223 1403/3226/3224 1402/3227/3225
f 1402/3227/3225 1403/3226/3224 1410/3228/3226
f 1410/3228/3226 1403/3226/3224 1404/3229/3227
f 1410/3228/3226 1404/3229/3227 1409/3230/3228
f 1409/3230/3228 1404/3229/3227 1405/3231/3229
f 1409/3230/3228 1405/3231/3229 1408/3232/3230
f 1408/3232/3230 1405/3231/3229 1406/3233/3231
f 1408/3232/3230 1406/3233/3231 1407/3234/3232
f 1406/3235/3233 1411/3236/3234 1407/3237/3235
f 1407/3237/3235 1411/3236/3234 1420/3238/3236
f 1420/3238/3236 1411/3236/3234 1412/3239/3237
f 1420/3238/3236 1412/3239/3237 1419/3240/3238
f 1419/3240/3238 1412/3239/3237 1413/3241/3239
f 1419/3240/3238 1413/3241/3239 1418/3242/3240
f 1418/3242/3240 1413/3241/3239 1414/3243/3241
f 1418/3242/3240 1414/3243/3241 1417/3244/3242
f 1417/3244/3242 1414/3243/3241 1415/3245/3243
f 1417/3244/3242 1415/3245/3243 1416/3246/3244
f 1415/3247/3245 1421/3248/3246 1416/3249/3247
f 1416/3249/3247 1421/3248/3246 1422/3250/3248
f 1421/3251/3249 1423/3252/3250 1422/3253/3251
f 1422/3253/3251 1423/3252/3250 1424/3254/3252
f 1423/3255/3253 1425/3256/3254 1424/3257/3255
f 1424/3257/3255 1425/3256/3254 1426/3258/3256
f 1425/3259/3257 1427/3260/3258 1426/3261/3259
f 1426/3261/3259 1427/3260/3258 1434/3262/3260
f 1434/3262/3260 1427/3260/3258 1428/3263/3261
f 1434/3262/3260 1428/3263/3261 1433/3264/3262
f 1433/3264/3262 1428/3263/3261 1429/3265/3263
f 1433/3264/3262 1429/3265/3263 1432/3266/3264
f 1432/3266/3264 1429/3265/3263 1430/3267/3265
f 1432/3266/3264 1430/3267/3265 1431/3268/3266
f 1430/3269/3267 1435/3270/3268 1431/3271/3269
f 1431/3271/3269 1435/3270/3268 1442/3272/3270
f 1442/3272/3270 1435/3270/3268 1436/3273/3271
f 1442/3272/3270 1436/3273/3271 1441/3274/3272
f 1441/3274/3272 1436/3273/3271 1437/3275/3273
f 1441/3274/3272 1437/3275/3273 1440/3276/3274
f 1440/3276/3274 1437/3275/3273 1438/3277/3275
f 1440/3276/3274 1438/3277/3275 1439/3278/3276
f 1438/3279/3277 1443/3280/3278 1439/3281/3279
f 1439/3281/3279 1443/3280/3278 1444/3282/3280
f 1443/3283/3281 1445/3284/3282 1444/3285/3283
f 1444/3285/3283 1445/3284/3282 1446/3286/3284
f 1445/3287/3285 1447/3288/3286 1446/3289/3287
f 1446/3289/3287 1447/3288/3286 1448/3290/3288
f 1447/3291/3289 1449/3292/3290 1448/3293/3291
f 1448/3293/3291 1449/3292/3290 1450/3294/3292
f 1449/3295/3293 1451/3296/3294 1450/3297/3295
f 1450/3297/3295 1451/3296/3294 1458/3298/3296
f 1458/3298/3296 1451/3296/3294 1452/3299/3297
f 1458/3298/3296 1452/3299/3297 1457/3300/3298
f 1457/3300/3298 1452/3299/3297 1453/3301/3299
f 1457/3300/3298 1453/3301/3299 1456/3302/3300
f 1456/3302/3300 1453/3301/3299 1454/3303/3301
f 1456/3302/3300 1454/3303/3301 1455/3304/3302
f 1454/3305/3303 1459/3306/3304 1455/3307/3305
f 1455/3307/3305 1459/3306/3304 1468/3308/3306
f 1468/3308/3306 1459/3306/3304 1460/3309/3307
f 1468/3308/3306 1460/3309/3307 1467/3310/3308
f 1467/3310/3308 1460/3309/3307 1461/3311/3309
f 1467/3310/3308 1461/3311/3309 1466/3312/3310
f 1466/3312/3310 1461/3311/3309 1462/3313/3311
f 1466/3312/3310 1462/3313/3311 1465/3314/3312
f 1465/3314/3312 1462/3313/3311 1463/3315/3313
f 1465/3314/3312 1463/3315/3313 1464/3316/3314
f 1463/3317/3315 1469/3318/3316 1464/3319/3317
f 1464/3319/3317 1469/3318/3316 1470/3320/3318
f 1469/3321/3319 1471/3322/3320 1470/3323/3321
f 1470/3323/3321 1471/3322/3320 1472/3324/3322
f 1471/3325/3323 1473/3326/3324 1472/3327/3325
f 1472/3327/3325 1473/3326/3324 1474/3328/3326
f 1473/3329/3327 1475/3330/3328 1474/3331/3329
f 1474/3331/3329 1475/3330/3328 1482/3332/3330
f 1482/3332/3330 1475/3330/3328 1476/3333/3331
f 1482/3332/3330 1476/3333/3331 1481/3334/3332
f 1481/3334/3332 1476/3333/3331 1477/3335/3333
f 1481/3334/3332 1477/3335/3333 1480/3336/3334
f 1480/3336/3334 1477/3335/3333 1478/3337/3335
f 1480/3336/3334 1478/3337/3335 1479/3338/3336
f 1479/3338/3336 1478/3337/3335 1367/3339/3337
f 1479/3338/3336 1367/3339/3337 1376/3340/3338
usemtl Paint_-_Metallic_(Silver)
f 1474/3341/3339 1482/3342/3340 1472/3343/3341
f 1472/3343/3341 1482/3342/3340 1481/3344/3342
f 1472/3343/3341 1481/3344/3342 1470/3345/3343
f 1470/3345/3343 1481/3344/3342 1467/3346/3344
f 1470/3345/3343 1467/3346/3344 1466/3347/3345
f 1481/3344/3342 1480/3348/3346 1467/3346/3344
f 1467/3346/3344 1480/3348/3346 1468/3349/3347
f 1468/3349/3347 1480/3348/3346 1479/3350/3348
f 1468/3349/3347 1479/3350/3348 1455/3351/3349
f 1455/3351/3349 1479/3350/3348 1376/3352/3350
f 1455/3351/3349 1376/3352/3350 1456/3353/3351
f 1456/3353/3351 1376/3352/3350 1375/3354/3352
f 1456/3353/3351 1375/3354/3352 1457/3355/3353
f 1457/3355/3353 1375/3354/3352 1374/3356/3354
f 1457/3355/3353 1374/3356/3354 1458/3357/3355
f 1458/3357/3355 1374/3356/3354 1373/3358/3356
f 1458/3357/3355 1373/3358/3356 1450/3359/3357
f 1450/3359/3357 1373/3358/3356 1372/3360/3358
f 1450/3359/3357 1372/3360/3358 1378/3361/3359
f 1380/3362/3360 1444/3363/3361 1378/3361/3359
f 1378/3361/3359 1444/3363/3361 1446/3364/3362
f 1378/3361/3359 1446/3364/3362 1448/3365/3363
f 1382/3366/3364 1391/3367/3365 1380/3362/3360
f 1380/3362/3360 1391/3367/3365 1390/3368/3366
f 1380/3362/3360 1390/3368/3366 1389/3369/3367
f 1384/3370/3368 1392/3371/3369 1382/3366/3364
f 1382/3366/3364 1392/3371/3369 1391/3367/3365
f 1380/3362/3360 1389/3369/3367 1444/3363/3361
f 1444/3363/3361 1389/3369/3367 1400/3372/3370
f 1444/3363/3361 1400/3372/3370 1399/3373/3371
f 1399/3373/3371 1398/3374/3372 1444/3363/3361
f 1444/3363/3361 1398/3374/3372 1397/3375/3373
f 1444/3363/3361 1397/3375/3373 1439/3376/3374
f 1439/3376/3374 1397/3375/3373 1402/3377/3375
f 1439/3376/3374 1402/3377/3375 1410/3378/3376
f 1439/3376/3374 1410/3378/3376 1440/3379/3377
f 1440/3379/3377 1410/3378/3376 1409/3380/3378
f 1440/3379/3377 1409/3380/3378 1441/3381/3379
f 1441/3381/3379 1409/3380/3378 1408/3382/3380
f 1441/3381/3379 1408/3382/3380 1442/3383/3381
f 1442/3383/3381 1408/3382/3380 1407/3384/3382
f 1442/3383/3381 1407/3384/3382 1431/3385/3383
f 1431/3385/3383 1407/3384/3382 1420/3386/3384
f 1431/3385/3383 1420/3386/3384 1432/3387/3385
f 1432/3387/3385 1420/3386/3384 1419/3388/3386
f 1432/3387/3385 1419/3388/3386 1433/3389/3387
f 1433/3389/3387 1419/3388/3386 1418/3390/3388
f 1433/3389/3387 1418/3390/3388 1422/3391/3389
f 1422/3391/3389 1418/3390/3388 1417/3392/3390
f 1422/3391/3389 1417/3392/3390 1416/3393/3391
f 1422/3391/3389 1424/3394/3392 1433/3389/3387
f 1433/3389/3387 1424/3394/3392 1434/3395/3393
f 1434/3395/3393 1424/3394/3392 1426/3396/3394
f 1448/3365/3363 1450/3359/3357 1378/3361/3359
f 1466/3347/3345 1465/3397/3395 1470/3345/3343
f 1470/3345/3343 1465/3397/3395 1464/3398/3396
usemtl Paint_-_Enamel_Glossy_(Red)
f 1483/3399/3397 1484/3400/3398 1486/3401/3399
f 1486/3401/3399 1484/3400/3398 1485/3402/3400
f 1484/3403/3401 1487/3404/3402 1485/3405/3403
f 1485/3405/3403 1487/3404/3402 1496/3406/3404
f 1496/3406/3404 1487/3404/3402 1488/3407/3405
f 1496/3406/3404 1488/3407/3405 1495/3408/3406
f 1495/3408/3406 1488/3407/3405 1489/3409/3407
f 1495/3408/3406 1489/3409/3407 1494/3410/3408
f 1494/3410/3408 1489/3409/3407 1490/3411/3409
f 1494/3410/3408 1490/3411/3409 1493/3412/3410
f 1493/3412/3410 1490/3411/3409 1491/3413/3411
f 1493/3412/3410 1491/3413/3411 1492/3414/3412
f 1491/3415/3413 1497/3416/3414 1492/3417/3415
f 1492/3417/3415 1497/3416/3414 1504/3418/3416
f 1504/3418/3416 1497/3416/3414 1498/3419/3417
f 1504/3418/3416 1498/3419/3417 1503/3420/3418
f 1503/3420/3418 1498/3419/3417 1499/3421/3419
f 1503/3420/3418 1499/3421/3419 1502/3422/3420
f 1502/3422/3420 1499/3421/3419 1500/3423/3421
f 1502/3422/3420 1500/3423/3421 1501/3424/3422
f 1500/3425/3423 1505/3426/3424 1501/3427/3425
f 1501/3427/3425 1505/3426/3424 1506/3428/3426
f 1505/3429/3427 1507/3430/3428 1506/3431/3429
f 1506/3431/3429 1507/3430/3428 1514/3432/3430
f 1514/3432/3430 1507/3430/3428 1508/3433/3431
f 1514/3432/3430 1508/3433/3431 1513/3434/3432
f 1513/3434/3432 1508/3433/3431 1509/3435/3433
f 1513/3434/3432 1509/3435/3433 1512/3436/3434
f 1512/3436/3434 1509/3435/3433 1510/3437/3435
f 1512/3436/3434 1510/3437/3435 1511/3438/3436
f 1510/3439/3437 1515/3440/3438 1511/3441/3439
f 1511/3441/3439 1515/3440/3438 1524/3442/3440
f 1524/3442/3440 1515/3440/3438 1516/3443/3441
f 1524/3442/3440 1516/3443/3441 1523/3444/3442
f 1523/3444/3442 1516/3443/3441 1517/3445/3443
f 1523/3444/3442 1517/3445/3443 1522/3446/3444
f 1522/3446/3444 1517/3445/3443 1518/3447/3445
f 1522/3446/3444 1518/3447/3445 1521/3448/3446
f 1521/3448/3446 1518/3447/3445 1519/3449/3447
f 1521/3448/3446 1519/3449/3447 1520/3450/3448
f 1519/3451/3449 1525/3452/3450 1520/3453/3451
f 1520/3453/3451 1525/3452/3450 1526/3454/3452
f 1525/3455/3453 1527/3456/3454 1526/3457/3455
f 1526/3457/3455 1527/3456/3454 1528/3458/3456
f 1527/3459/3457 1529/3460/3458 1528/3461/3459
f 1528/3461/3459 1529/3460/3458 1530/3462/3460
f 1529/3463/3461 1531/3464/3462 1530/3465/3463
f 1530/3465/3463 1531/3464/3462 1540/3466/3464
f 1540/3466/3464 1531/3464/3462 1532/3467/3465
f 1540/3466/3464 1532/3467/3465 1539/3468/3466
f 1539/3468/3466 1532/3467/3465 1533/3469/3467
f 1539/3468/3466 1533/3469/3467 1538/3470/3468
f 1538/3470/3468 1533/3469/3467 1534/3471/3469
f 1538/3470/3468 1534/3471/3469 1537/3472/3470
f 1537/3472/3470 1534/3471/3469 1535/3473/3471
f 1537/3472/3470 1535/3473/3471 1536/3474/3472
f 1535/3475/3473 1541/3476/3474 1536/3477/3475
f 1536/3477/3475 1541/3476/3474 1548/3478/3476
f 1548/3478/3476 1541/3476/3474 1542/3479/3477
f 1548/3478/3476 1542/3479/3477 1547/3480/3478
f 1547/3480/3478 1542/3479/3477 1543/3481/3479
f 1547/3480/3478 1543/3481/3479 1546/3482/3480
f 1546/3482/3480 1543/3481/3479 1544/3483/3481
f 1546/3482/3480 1544/3483/3481 1545/3484/3482
f 1544/3485/3483 1549/3486/3484 1545/3487/3485
f 1545/3487/3485 1549/3486/3484 1550/3488/3486
f 1549/3489/3487 1551/3490/3488 1550/3491/3489
f 1550/3491/3489 1551/3490/3488 1558/3492/3490
f 1558/3492/3490 1551/3490/3488 1552/3493/3491
f 1558/3492/3490 1552/3493/3491 1557/3494/3492
f 1557/3494/3492 1552/3493/3491 1553/3495/3493
f 1557/3494/3492 1553/3495/3493 1556/3496/3494
f 1556/3496/3494 1553/3495/3493 1554/3497/3495
f 1556/3496/3494 1554/3497/3495 1555/3498/3496
f 1554/3499/3497 1559/3500/3498 1555/3501/3499
f 1555/3501/3499 1559/3500/3498 1568/3502/3500
f 1568/3502/3500 1559/3500/3498 1560/3503/3501
f 1568/3502/3500 1560/3503/3501 1567/3504/3502
f 1567/3504/3502 1560/3503/3501 1561/3505/3503
f 1567/3504/3502 1561/3505/3503 1566/3506/3504
f 1566/3506/3504 1561/3505/3503 1562/3507/3505
f 1566/3506/3504 1562/3507/3505 1565/3508/3506
f 1565/3508/3506 1562/3507/3505 1563/3509/3507
f 1565/3508/3506 1563/3509/3507 1564/3510/3508
f 1563/3511/3509 1569/3512/3510 1564/3513/3511
f 1564/3513/3511 1569/3512/3510 1570/3514/3512
f 1569/3515/3513 1483/3516/3514 1570/3517/3515
f 1570/3517/3515 1483/3516/3514 1486/3518/3516
usemtl Paint_-_Metallic_(Silver)
f 1486/3519/3517 1494/3520/3518 1570/3521/3519
f 1570/3521/3519 1494/3520/3518 1567/3522/3520
f 1570/3521/3519 1567/3522/3520 1566/3523/3521
f 1485/3524/3522 1496/3525/3523 1486/3519/3517
f 1486/3519/3517 1496/3525/3523 1495/3526/3524
f 1486/3519/3517 1495/3526/3524 1494/3520/3518
f 1494/3520/3518 1493/3527/3525 1567/3522/3520
f 1567/3522/3520 1493/3527/3525 1568/3528/3526
f 1568/3528/3526 1493/3527/3525 1492/3529/3527
f 1568/3528/3526 1492/3529/3527 1555/3530/3528
f 1555/3530/3528 1492/3529/3527 1504/3531/3529
f 1555/3530/3528 1504/3531/3529 1556/3532/3530
f 1556/3532/3530 1504/3531/3529 1503/3533/3531
f 1556/3532/3530 1503/3533/3531 1557/3534/3532
f 1557/3534/3532 1503/3533/3531 1502/3535/3533
f 1557/3534/3532 1502/3535/3533 1558/3536/3534
f 1558/3536/3534 1502/3535/3533 1501/3537/3535
f 1558/3536/3534 1501/3537/3535 1550/3538/3536
f 1550/3538/3536 1501/3537/3535 1506/3539/3537
f 1550/3538/3536 1506/3539/3537 1545/3540/3538
f 1545/3540/3538 1506/3539/3537 1514/3541/3539
f 1545/3540/3538 1514/3541/3539 1546/3542/3540
f 1546/3542/3540 1514/3541/3539 1513/3543/3541
f 1546/3542/3540 1513/3543/3541 1547/3544/3542
f 1547/3544/3542 1513/3543/3541 1512/3545/3543
f 1547/3544/3542 1512/3545/3543 1548/3546/3544
f 1548/3546/3544 1512/3545/3543 1511/3547/3545
f 1548/3546/3544 1511/3547/3545 1536/3548/3546
f 1536/3548/3546 1511/3547/3545 1524/3549/3547
f 1536/3548/3546 1524/3549/3547 1537/3550/3548
f 1537/3550/3548 1524/3549/3547 1523/3551/3549
f 1537/3550/3548 1523/3551/3549 1538/3552/3550
f 1538/3552/3550 1523/3551/3549 1526/3553/3551
f 1538/3552/3550 1526/3553/3551 1528/3554/3552
f 1523/3551/3549 1522/3555/3553 1526/3553/3551
f 1526/3553/3551 1522/3555/3553 1521/3556/3554
f 1526/3553/3551 1521/3556/3554 1520/3557/3555
f 1530/3558/3556 1540/3559/3557 1528/3554/3552
f 1528/3554/3552 1540/3559/3557 1539/3560/3558
f 1528/3554/3552 1539/3560/3558 1538/3552/3550
f 1566/3523/3521 1565/3561/3559 1570/3521/3519
f 1570/3521/3519 1565/3561/3559 1564/3562/3560
usemtl Paint_-_Enamel_Glossy_(Red)
f 1571/3563/3561 1572/3564/3562 1580/3565/3563
f 1580/3565/3563 1572/3564/3562 1579/3566/3564
f 1579/3566/3564 1572/3564/3562 1573/3567/3565
f 1579/3566/3564 1573/3567/3565 1578/3568/3566
f 1578/3568/3566 1573/3567/3565 1574/3569/3567
f 1578/3568/3566 1574/3569/3567 1577/3570/3568
f 1577/3570/3568 1574/3569/3567 1575/3571/3569
f 1577/3570/3568 1575/3571/3569 1576/3572/3570
f 1575/3573/3571 1581/3574/3572 1576/3575/3573
f 1576/3575/3573 1581/3574/3572 1588/3576/3574
f 1588/3576/3574 1581/3574/3572 1582/3577/3575
f 1588/3576/3574 1582/3577/3575 1587/3578/3576
f 1587/3578/3576 1582/3577/3575 1583/3579/3577
f 1587/3578/3576 1583/3579/3577 1586/3580/3578
f 1586/3580/3578 1583/3579/3577 1584/3581/3579
f 1586/3580/3578 1584/3581/3579 1585/3582/3580
f 1584/3583/3581 1589/3584/3582 1585/3585/3583
f 1585/3585/3583 1589/3584/3582 1596/3586/3584
f 1596/3586/3584 1589/3584/3582 1590/3587/3585
f 1596/3586/3584 1590/3587/3585 1595/3588/3586
f 1595/3588/3586 1590/3587/3585 1591/3589/3587
f 1595/3588/3586 1591/3589/3587 1594/3590/3588
f 1594/3590/3588 1591/3589/3587 1592/3591/3589
f 1594/3590/3588 1592/3591/3589 1593/3592/3590
f 1592/3593/3591 1597/3594/3592 1593/3595/3593
f 1593/3595/3593 1597/3594/3592 1598/3596/3594
f 1597/3597/3595 1599/3598/3596 1598/3599/3597
f 1598/3599/3597 1599/3598/3596 1600/3600/3598
f 1599/3601/3599 1601/3602/3600 1600/3603/3601
f 1600/3603/3601 1601/3602/3600 1602/3604/3602
f 1601/3605/3603 1603/3606/3604 1602/3607/3605
f 1602/3607/3605 1603/3606/3604 1608/3608/3606
f 1608/3608/3606 1603/3606/3604 1604/3609/3607
f 1608/3608/3606 1604/3609/3607 1607/3610/3608
f 1607/3610/3608 1604/3609/3607 1605/3611/3609
f 1607/3610/3608 1605/3611/3609 1606/3612/3610
f 1606/3612/3610 1605/3611/3609 1571/3613/3611
f 1606/3612/3610 1571/3613/3611 1580/3614/3612
f 1609/3615/3613 1610/3616/3614 1618/3617/3615
f 1618/3617/3615 1610/3616/3614 1617/3618/3616
f 1617/3618/3616 1610/3616/3614 1611/3619/3617
f 1617/3618/3616 1611/3619/3617 1616/3620/3618
f 1616/3620/3618 1611/3619/3617 1612/3621/3619
f 1616/3620/3618 1612/3621/3619 1615/3622/3620
f 1615/3622/3620 1612/3621/3619 1613/3623/3621
f 1615/3622/3620 1613/3623/3621 1614/3624/3622
f 1613/3625/3623 1619/3626/3624 1614/3627/3625
f 1614/3627/3625 1619/3626/3624 1626/3628/3626
f 1626/3628/3626 1619/3626/3624 1620/3629/3627
f 1626/3628/3626 1620/3629/3627 1625/3630/3628
f 1625/3630/3628 1620/3629/3627 1621/3631/3629
f 1625/3630/3628 1621/3631/3629 1624/3632/3630
f 1624/3632/3630 1621/3631/3629 1622/3633/3631
f 1624/3632/3630 1622/3633/3631 1623/3634/3632
f 1622/3635/3633 1627/3636/3634 1623/3637/3635
f 1623/3637/3635 1627/3636/3634 1628/3638/3636
f 1627/3639/3637 1629/3640/3638 1628/3641/3639
f 1628/3641/3639 1629/3640/3638 1630/3642/3640
f 1629/3643/3641 1631/3644/3642 1630/3645/3643
f 1630/3645/3643 1631/3644/3642 1638/3646/3644
f 1638/3646/3644 1631/3644/3642 1632/3647/3645
f 1638/3646/3644 1632/3647/3645 1637/3648/3646
f 1637/3648/3646 1632/3647/3645 1633/3649/3647
f 1637/3648/3646 1633/3649/3647 1636/3650/3648
f 1636/3650/3648 1633/3649/3647 1634/3651/3649
f 1636/3650/3648 1634/3651/3649 1635/3652/3650
f 1634/3653/3651 1639/3654/3652 1635/3655/3653
f 1635/3655/3653 1639/3654/3652 1646/3656/3654
f 1646/3656/3654 1639/3654/3652 1640/3657/3655
f 1646/3656/3654 1640/3657/3655 1645/3658/3656
f 1645/3658/3656 1640/3657/3655 1641/3659/3657
f 1645/3658/3656 1641/3659/3657 1644/3660/3658
f 1644/3660/3658 1641/3659/3657 1642/3661/3659
f 1644/3660/3658 1642/3661/3659 1643/3662/3660
f 1642/3663/3661 1647/3664/3662 1643/3665/3663
f 1643/3665/3663 1647/3664/3662 1654/3666/3664
f 1654/3666/3664 1647/3664/3662 1648/3667/3665
f 1654/3666/3664 1648/3667/3665 1653/3668/3666
f 1653/3668/3666 1648/3667/3665 1649/3669/3667
f 1653/3668/3666 1649/3669/3667 1652/3670/3668
f 1652/3670/3668 1649/3669/3667 1650/3671/3669
f 1652/3670/3668 1650/3671/3669 1651/3672/3670
f 1650/3673/3671 1655/3674/3672 1651/3675/3673
f 1651/3675/3673 1655/3674/3672 1662/3676/3674
f 1662/3676/3674 1655/3674/3672 1656/3677/3675
f 1662/3676/3674 1656/3677/3675 1661/3678/3676
f 1661/3678/3676 1656/3677/3675 1657/3679/3677
f 1661/3678/3676 1657/3679/3677 1660/3680/3678
f 1660/3680/3678 1657/3679/3677 1658/3681/3679
f 1660/3680/3678 1658/3681/3679 1659/3682/3680
f 1658/3683/3681 1663/3684/3682 1659/3685/3683
f 1659/3685/3683 1663/3684/3682 1674/3686/3684
f 1674/3686/3684 1663/3684/3682 1664/3687/3685
f 1674/3686/3684 1664/3687/3685 1673/3688/3686
f 1673/3688/3686 1664/3687/3685 1665/3689/3687
f 1673/3688/3686 1665/3689/3687 1672/3690/3688
f 1672/3690/3688 1665/3689/3687 1666/3691/3689
f 1672/3690/3688 1666/3691/3689 1671/3692/3690
f 1671/3692/3690 1666/3691/3689 1667/3693/3691
f 1671/3692/3690 1667/3693/3691 1670/3694/3692
f 1670/3694/3692 1667/3693/3691 1668/3695/3693
f 1670/3694/3692 1668/3695/3693 1669/3696/3694
f 1668/3697/3695 1675/3698/3696 1669/3699/3697
f 1669/3699/3697 1675/3698/3696 1684/3700/3698
f 1684/3700/3698 1675/3698/3696 1676/3701/3699
f 1684/3700/3698 1676/3701/3699 1683/3702/3700
f 1683/3702/3700 1676/3701/3699 1677/3703/3701
f 1683/3702/3700 1677/3703/3701 1682/3704/3702
f 1682/3704/3702 1677/3703/3701 1678/3705/3703
f 1682/3704/3702 1678/3705/3703 1681/3706/3704
f 1681/3706/3704 1678/3705/3703 1679/3707/3705
f 1681/3706/3704 1679/3707/3705 1680/3708/3706
f 1679/3709/3707 1685/3710/3708 1680/3711/3709
f 1680/3711/3709 1685/3710/3708 1692/3712/3710
f 1692/3712/3710 1685/3710/3708 1686/3713/3711
f 1692/3712/3710 1686/3713/3711 1691/3714/3712
f 1691/3714/3712 1686/3713/3711 1687/3715/3713
f 1691/3714/3712 1687/3715/3713 1690/3716/3714
f 1690/3716/3714 1687/3715/3713 1688/3717/3715
f 1690/3716/3714 1688/3717/3715 1689/3718/3716
f 1688/3719/3717 1693/3720/3718 1689/3721/3719
f 1689/3721/3719 1693/3720/3718 1694/3722/3720
f 1693/3723/3721 1695/3724/3722 1694/3725/3723
f 1694/3725/3723 1695/3724/3722 1696/3726/3724
f 1695/3727/3725 1697/3728/3726 1696/3729/3727
f 1696/3729/3727 1697/3728/3726 1706/3730/3728
f 1706/3730/3728 1697/3728/3726 1698/3731/3729
f 1706/3730/3728 1698/3731/3729 1705/3732/3730
f 1705/3732/3730 1698/3731/3729 1699/3733/3731
f 1705/3732/3730 1699/3733/3731 1704/3734/3732
f 1704/3734/3732 1699/3733/3731 1700/3735/3733
f 1704/3734/3732 1700/3735/3733 1703/3736/3734
f 1703/3736/3734 1700/3735/3733 1701/3737/3735
f 1703/3736/3734 1701/3737/3735 1702/3738/3736
f 1701/3739/3737 1707/3740/3738 1702/3741/3739
f 1702/3741/3739 1707/3740/3738 1714/3742/3740
f 1714/3742/3740 1707/3740/3738 1708/3743/3741
f 1714/3742/3740 1708/3743/3741 1713/3744/3742
f 1713/3744/3742 1708/3743/3741 1709/3745/3743
f 1713/3744/3742 1709/3745/3743 1712/3746/3744
f 1712/3746/3744 1709/3745/3743 1710/3747/3745
f 1712/3746/3744 1710/3747/3745 1711/3748/3746
f 1710/3749/3747 1715/3750/3748 1711/3751/3749
f 1711/3751/3749 1715/3750/3748 1716/3752/3750
f 1715/3753/3751 1717/3754/3752 1716/3755/3753
f 1716/3755/3753 1717/3754/3752 1724/3756/3754
f 1724/3756/3754 1717/3754/3752 1718/3757/3755
f 1724/3756/3754 1718/3757/3755 1723/3758/3756
f 1723/3758/3756 1718/3757/3755 1719/3759/3757
f 1723/3758/3756 1719/3759/3757 1722/3760/3758
f 1722/3760/3758 1719/3759/3757 1720/3761/3759
f 1722/3760/3758 1720/3761/3759 1721/3762/3760
f 1720/3763/3761 1725/3764/3762 1721/3765/3763
f 1721/3765/3763 1725/3764/3762 1734/3766/3764
f 1734/3766/3764 1725/3764/3762 1726/3767/3765
f 1734/3766/3764 1726/3767/3765 1733/3768/3766
f 1733/3768/3766 1726/3767/3765 1727/3769/3767
f 1733/3768/3766 1727/3769/3767 1732/3770/3768
f 1732/3770/3768 1727/3769/3767 1728/3771/3769
f 1732/3770/3768 1728/3771/3769 1731/3772/3770
f 1731/3772/3770 1728/3771/3769 1729/3773/3771
f 1731/3772/3770 1729/3773/3771 1730/3774/3772
f 1729/3775/3773 1735/3776/3774 1730/3777/3775
f 1730/3777/3775 1735/3776/3774 1736/3778/3776
f 1735/3779/3777 1737/3780/3778 1736/3781/3779
f 1736/3781/3779 1737/3780/3778 1738/3782/3780
f 1737/3783/3781 1739/3784/3782 1738/3785/3783
f 1738/3785/3783 1739/3784/3782 1740/3786/3784
f 1739/3787/3785 1741/3788/3786 1740/3789/3787
f 1740/3789/3787 1741/3788/3786 1750/3790/3788
f 1750/3790/3788 1741/3788/3786 1742/3791/3789
f 1750/3790/3788 1742/3791/3789 1749/3792/3790
f 1749/3792/3790 1742/3791/3789 1743/3793/3791
f 1749/3792/3790 1743/3793/3791 1748/3794/3792
f 1748/3794/3792 1743/3793/3791 1744/3795/3793
f 1748/3794/3792 1744/3795/3793 1747/3796/3794
f 1747/3796/3794 1744/3795/3793 1745/3797/3795
f 1747/3796/3794 1745/3797/3795 1746/3798/3796
f 1745/3799/3797 1751/3800/3798 1746/3801/3799
f 1746/3801/3799 1751/3800/3798 1758/3802/3800
f 1758/3802/3800 1751/3800/3798 1752/3803/3801
f 1758/3802/3800 1752/3803/3801 1757/3804/3802
f 1757/3804/3802 1752/3803/3801 1753/3805/3803
f 1757/3804/3802 1753/3805/3803 1756/3806/3804
f 1756/3806/3804 1753/3805/3803 1754/3807/3805
f 1756/3806/3804 1754/3807/3805 1755/3808/3806
f 1754/3809/3807 1759/3810/3808 1755/3811/3809
f 1755/3811/3809 1759/3810/3808 1760/3812/3810
f 1759/3813/3811 1761/3814/3812 1760/3815/3813
f 1760/3815/3813 1761/3814/3812 1762/3816/3814
f 1761/3817/3815 1763/3818/3816 1762/3819/3817
f 1762/3819/3817 1763/3818/3816 1768/3820/3818
f 1768/3820/3818 1763/3818/3816 1764/3821/3819
f 1768/3820/3818 1764/3821/3819 1767/3822/3820
f 1767/3822/3820 1764/3821/3819 1765/3823/3821
f 1767/3822/3820 1765/3823/3821 1766/3824/3822
f 1766/3824/3822 1765/3823/3821 1609/3825/3823
f 1766/3824/3822 1609/3825/3823 1618/3826/3824
usemtl Paint_-_Metallic_(Silver)
f 1768/3827/3825 1593/3828/3826 1762/3829/3827
f 1762/3829/3827 1593/3828/3826 1598/3830/3828
f 1762/3829/3827 1598/3830/3828 1760/3831/3829
f 1760/3831/3829 1598/3830/3828 1711/3832/3830
f 1760/3831/3829 1711/3832/3830 1716/3833/3831
f 1768/3827/3825 1767/3834/3832 1593/3828/3826
f 1593/3828/3826 1767/3834/3832 1594/3835/3833
f 1594/3835/3833 1767/3834/3832 1766/3836/3834
f 1594/3835/3833 1766/3836/3834 1618/3837/3835
f 1617/3838/3836 1659/3839/3837 1618/3837/3835
f 1618/3837/3835 1659/3839/3837 1595/3840/3838
f 1618/3837/3835 1595/3840/3838 1594/3835/3833
f 1616/3841/3839 1662/3842/3840 1617/3838/3836
f 1617/3838/3836 1662/3842/3840 1661/3843/3841
f 1617/3838/3836 1661/3843/3841 1660/3844/3842
f 1615/3845/3843 1652/3846/3844 1616/3841/3839
f 1616/3841/3839 1652/3846/3844 1651/3847/3845
f 1616/3841/3839 1651/3847/3845 1662/3842/3840
f 1652/3846/3844 1615/3845/3843 1653/3848/3846
f 1653/3848/3846 1615/3845/3843 1614/3849/3847
f 1653/3848/3846 1614/3849/3847 1654/3850/3848
f 1654/3850/3848 1614/3849/3847 1643/3851/3849
f 1643/3851/3849 1614/3849/3847 1626/3852/3850
f 1643/3851/3849 1626/3852/3850 1644/3853/3851
f 1644/3853/3851 1626/3852/3850 1625/3854/3852
f 1644/3853/3851 1625/3854/3852 1645/3855/3853
f 1645/3855/3853 1625/3854/3852 1624/3856/3854
f 1645/3855/3853 1624/3856/3854 1646/3857/3855
f 1646/3857/3855 1624/3856/3854 1623/3858/3856
f 1646/3857/3855 1623/3858/3856 1635/3859/3857
f 1635/3859/3857 1623/3858/3856 1636/3860/3858
f 1636/3860/3858 1623/3858/3856 1637/3861/3859
f 1637/3861/3859 1623/3858/3856 1628/3862/3860
f 1637/3861/3859 1628/3862/3860 1638/3863/3861
f 1638/3863/3861 1628/3862/3860 1630/3864/3862
f 1660/3844/3842 1659/3839/3837 1617/3838/3836
f 1674/3865/3863 1585/3866/3864 1659/3839/3837
f 1659/3839/3837 1585/3866/3864 1596/3867/3865
f 1659/3839/3837 1596/3867/3865 1595/3840/3838
f 1585/3866/3864 1674/3865/3863 1586/3868/3866
f 1586/3868/3866 1674/3865/3863 1673/3869/3867
f 1586/3868/3866 1673/3869/3867 1587/3870/3868
f 1587/3870/3868 1673/3869/3867 1672/3871/3869
f 1587/3870/3868 1672/3871/3869 1671/3872/3870
f 1587/3870/3868 1671/3872/3870 1588/3873/3871
f 1588/3873/3871 1671/3872/3870 1670/3874/3872
f 1588/3873/3871 1670/3874/3872 1576/3875/3873
f 1576/3875/3873 1670/3874/3872 1669/3876/3874
f 1576/3875/3873 1669/3876/3874 1577/3877/3875
f 1577/3877/3875 1669/3876/3874 1684/3878/3876
f 1577/3877/3875 1684/3878/3876 1683/3879/3877
f 1577/3877/3875 1683/3879/3877 1578/3880/3878
f 1578/3880/3878 1683/3879/3877 1682/3881/3879
f 1578/3880/3878 1682/3881/3879 1681/3882/3880
f 1681/3882/3880 1680/3883/3881 1578/3880/3878
f 1578/3880/3878 1680/3883/3881 1579/3884/3882
f 1579/3884/3882 1680/3883/3881 1692/3885/3883
f 1579/3884/3882 1692/3885/3883 1580/3886/3884
f 1580/3886/3884 1692/3885/3883 1691/3887/3885
f 1580/3886/3884 1691/3887/3885 1606/3888/3886
f 1606/3888/3886 1691/3887/3885 1690/3889/3887
f 1606/3888/3886 1690/3889/3887 1607/3890/3888
f 1607/3890/3888 1690/3889/3887 1689/3891/3889
f 1607/3890/3888 1689/3891/3889 1608/3892/3890
f 1608/3892/3890 1689/3891/3889 1602/3893/3891
f 1602/3893/3891 1689/3891/3889 1600/3894/3892
f 1600/3894/3892 1689/3891/3889 1694/3895/3893
f 1600/3894/3892 1694/3895/3893 1704/3896/3894
f 1704/3896/3894 1694/3895/3893 1705/3897/3895
f 1705/3897/3895 1694/3895/3893 1706/3898/3896
f 1706/3898/3896 1694/3895/3893 1696/3899/3897
f 1704/3896/3894 1703/3900/3898 1600/3894/3892
f 1600/3894/3892 1703/3900/3898 1702/3901/3899
f 1600/3894/3892 1702/3901/3899 1714/3902/3900
f 1714/3902/3900 1713/3903/3901 1600/3894/3892
f 1600/3894/3892 1713/3903/3901 1712/3904/3902
f 1600/3894/3892 1712/3904/3902 1711/3832/3830
f 1724/3905/3903 1756/3906/3904 1716/3833/3831
f 1716/3833/3831 1756/3906/3904 1755/3907/3905
f 1716/3833/3831 1755/3907/3905 1760/3831/3829
f 1756/3906/3904 1724/3905/3903 1757/3908/3906
f 1757/3908/3906 1724/3905/3903 1723/3909/3907
f 1757/3908/3906 1723/3909/3907 1758/3910/3908
f 1758/3910/3908 1723/3909/3907 1722/3911/3909
f 1758/3910/3908 1722/3911/3909 1746/3912/3910
f 1746/3912/3910 1722/3911/3909 1721/3913/3911
f 1746/3912/3910 1721/3913/3911 1747/3914/3912
f 1747/3914/3912 1721/3913/3911 1734/3915/3913
f 1747/3914/3912 1734/3915/3913 1748/3916/3914
f 1748/3916/3914 1734/3915/3913 1733/3917/3915
f 1748/3916/3914 1733/3917/3915 1738/3918/3916
f 1738/3918/3916 1733/3917/3915 1736/3919/3917
f 1736/3919/3917 1733/3917/3915 1732/3920/3918
f 1736/3919/3917 1732/3920/3918 1731/3921/3919
f 1731/3921/3919 1730/3922/3920 1736/3919/3917
f 1740/3923/3921 1750/3924/3922 1738/3918/3916
f 1738/3918/3916 1750/3924/3922 1749/3925/3923
f 1738/3918/3916 1749/3925/3923 1748/3916/3914
f 1598/3830/3828 1600/3894/3892 1711/3832/3830
usemtl Paint_-_Enamel_Glossy_(Red)
f 1770/3926/3924 1788/3927/3925 1769/3928/3926
f 1769/3928/3926 1788/3927/3925 1781/3929/3927
f 1769/3928/3926 1781/3929/3927 1799/3930/3928
f 1799/3930/3928 1781/3929/3927 1794/3931/3929
f 1799/3930/3928 1794/3931/3929 1798/3932/3930
f 1798/3932/3930 1794/3931/3929 1793/3933/3931
f 1798/3932/3930 1793/3933/3931 1797/3934/3932
f 1797/3934/3932 1793/3933/3931 1783/3935/3933
f 1797/3934/3932 1783/3935/3933 1796/3936/3934
f 1796/3936/3934 1783/3935/3933 1774/3937/3935
f 1796/3936/3934 1774/3937/3935 1775/3938/3936
f 1770/3926/3924 1771/3939/3937 1788/3927/3925
f 1788/3927/3925 1771/3939/3937 1787/3940/3938
f 1788/3927/3925 1787/3940/3938 1781/3929/3927
f 1781/3929/3927 1787/3940/3938 1794/3931/3929
f 1771/3939/3937 1772/3941/3939 1787/3940/3938
f 1787/3940/3938 1772/3941/3939 1786/3942/3940
f 1787/3940/3938 1786/3942/3940 1794/3931/3929
f 1794/3931/3929 1786/3942/3940 1793/3933/3931
f 1772/3941/3939 1773/3943/3941 1786/3942/3940
f 1786/3942/3940 1773/3943/3941 1785/3944/3942
f 1786/3942/3940 1785/3944/3942 1793/3933/3931
f 1793/3933/3931 1785/3944/3942 1783/3935/3933
f 1773/3943/3941 1774/3937/3935 1785/3944/3942
f 1785/3944/3942 1774/3937/3935 1783/3935/3933
f 1776/3945/3943 1792/3946/3944 1775/3938/3936
f 1775/3938/3936 1792/3946/3944 1784/3947/3945
f 1775/3938/3936 1784/3947/3945 1800/3948/3946
f 1800/3948/3946 1784/3947/3945 1803/3949/3947
f 1800/3948/3946 1803/3949/3947 1801/3950/3948
f 1801/3950/3948 1803/3949/3947 1804/3951/3949
f 1801/3950/3948 1804/3951/3949 1802/3952/3950
f 1802/3952/3950 1804/3951/3949 1782/3953/3951
f 1802/3952/3950 1782/3953/3951 1795/3954/3952
f 1795/3954/3952 1782/3953/3951 1780/3955/3953
f 1795/3954/3952 1780/3955/3953 1769/3928/3926
f 1776/3945/3943 1777/3956/3954 1792/3946/3944
f 1792/3946/3944 1777/3956/3954 1791/3957/3955
f 1792/3946/3944 1791/3957/3955 1784/3947/3945
f 1784/3947/3945 1791/3957/3955 1803/3949/3947
f 1777/3956/3954 1778/3958/3956 1791/3957/3955
f 1791/3957/3955 1778/3958/3956 1790/3959/3957
f 1791/3957/3955 1790/3959/3957 1803/3949/3947
f 1803/3949/3947 1790/3959/3957 1804/3951/3949
f 1778/3958/3956 1779/3960/3958 1790/3959/3957
f 1790/3959/3957 1779/3960/3958 1789/3961/3959
f 1790/3959/3957 1789/3961/3959 1804/3951/3949
f 1804/3951/3949 1789/3961/3959 1782/3953/3951
f 1779/3960/3958 1780/3955/3953 1789/3961/3959
f 1789/3961/3959 1780/3955/3953 1782/3953/3951
f 1795/3954/3952 1769/3928/3926 1799/3930/3928
f 1796/3936/3934 1775/3938/3936 1800/3948/3946
f 1800/3948/3946 1801/3950/3948 1796/3936/3934
f 1796/3936/3934 1801/3950/3948 1797/3934/3932
f 1795/3954/3952 1799/3930/3928 1798/3932/3930
f 1801/3950/3948 1802/3952/3950 1797/3934/3932
f 1797/3934/3932 1802/3952/3950 1798/3932/3930
f 1802/3952/3950 1795/3954/3952 1798/3932/3930
f 1774/3962/3960 1805/3963/3961 1775/3964/3962
f 1775/3964/3962 1805/3963/3961 1812/3965/3963
f 1812/3965/3963 1805/3963/3961 1806/3966/3964
f 1812/3965/3963 1806/3966/3964 1811/3967/3965
f 1811/3967/3965 1806/3966/3964 1807/3968/3966
f 1811/3967/3965 1807/3968/3966 1810/3969/3967
f 1810/3969/3967 1807/3968/3966 1808/3970/3968
f 1810/3969/3967 1808/3970/3968 1809/3971/3969
f 1808/3972/3970 1813/3973/3971 1809/3974/3972
f 1809/3974/3972 1813/3973/3971 1820/3975/3973
f 1820/3975/3973 1813/3973/3971 1814/3976/3974
f 1820/3975/3973 1814/3976/3974 1819/3977/3975
f 1819/3977/3975 1814/3976/3974 1815/3978/3976
f 1819/3977/3975 1815/3978/3976 1818/3979/3977
f 1818/3979/3977 1815/3978/3976 1816/3980/3978
f 1818/3979/3977 1816/3980/3978 1817/3981/3979
f 1816/3982/3980 1821/3983/3981 1817/3984/3982
f 1817/3984/3982 1821/3983/3981 1828/3985/3983
f 1828/3985/3983 1821/3983/3981 1822/3986/3984
f 1828/3985/3983 1822/3986/3984 1827/3987/3985
f 1827/3987/3985 1822/3986/3984 1823/3988/3986
f 1827/3987/3985 1823/3988/3986 1826/3989/3987
f 1826/3989/3987 1823/3988/3986 1824/3990/3988
f 1826/3989/3987 1824/3990/3988 1825/3991/3989
f 1824/3992/3990 1829/3993/3991 1825/3994/3992
f 1825/3994/3992 1829/3993/3991 1836/3995/3993
f 1836/3995/3993 1829/3993/3991 1830/3996/3994
f 1836/3995/3993 1830/3996/3994 1835/3997/3995
f 1835/3997/3995 1830/3996/3994 1831/3998/3996
f 1835/3997/3995 1831/3998/3996 1834/3999/3997
f 1834/3999/3997 1831/3998/3996 1832/4000/3998
f 1834/3999/3997 1832/4000/3998 1833/4001/3999
f 1832/4002/4000 1837/4003/4001 1833/4004/4002
f 1833/4004/4002 1837/4003/4001 1844/4005/4003
f 1844/4005/4003 1837/4003/4001 1838/4006/4004
f 1844/4005/4003 1838/4006/4004 1843/4007/4005
f 1843/4007/4005 1838/4006/4004 1839/4008/4006
f 1843/4007/4005 1839/4008/4006 1842/4009/4007
f 1842/4009/4007 1839/4008/4006 1840/4010/4008
f 1842/4009/4007 1840/4010/4008 1841/4011/4009
f 1840/4012/4010 1845/4013/4011 1841/4014/4012
f 1841/4014/4012 1845/4013/4011 1852/4015/4013
f 1852/4015/4013 1845/4013/4011 1846/4016/4014
f 1852/4015/4013 1846/4016/4014 1851/4017/4015
f 1851/4017/4015 1846/4016/4014 1847/4018/4016
f 1851/4017/4015 1847/4018/4016 1850/4019/4017
f 1850/4019/4017 1847/4018/4016 1848/4020/4018
f 1850/4019/4017 1848/4020/4018 1849/4021/4019
f 1848/4022/4020 1853/4023/4021 1849/4024/4022
f 1849/4024/4022 1853/4023/4021 1860/4025/4023
f 1860/4025/4023 1853/4023/4021 1854/4026/4024
f 1860/4025/4023 1854/4026/4024 1859/4027/4025
f 1859/4027/4025 1854/4026/4024 1855/4028/4026
f 1859/4027/4025 1855/4028/4026 1858/4029/4027
f 1858/4029/4027 1855/4028/4026 1856/4030/4028
f 1858/4029/4027 1856/4030/4028 1857/4031/4029
f 1856/4032/4030 1861/4033/4031 1857/4034/4032
f 1857/4034/4032 1861/4033/4031 1868/4035/4033
f 1868/4035/4033 1861/4033/4031 1862/4036/4034
f 1868/4035/4033 1862/4036/4034 1867/4037/4035
f 1867/4037/4035 1862/4036/4034 1863/4038/4036
f 1867/4037/4035 1863/4038/4036 1866/4039/4037
f 1866/4039/4037 1863/4038/4036 1864/4040/4038
f 1866/4039/4037 1864/4040/4038 1865/4041/4039
f 1864/4042/4040 1869/4043/4041 1865/4044/4042
f 1865/4044/4042 1869/4043/4041 1876/4045/4043
f 1876/4045/4043 1869/4043/4041 1870/4046/4044
f 1876/4045/4043 1870/4046/4044 1875/4047/4045
f 1875/4047/4045 1870/4046/4044 1871/4048/4046
f 1875/4047/4045 1871/4048/4046 1874/4049/4047
f 1874/4049/4047 1871/4048/4046 1872/4050/4048
f 1874/4049/4047 1872/4050/4048 1873/4051/4049
f 1872/4052/4050 1877/4053/4051 1873/4054/4052
f 1873/4054/4052 1877/4053/4051 1884/4055/4053
f 1884/4055/4053 1877/4053/4051 1878/4056/4054
f 1884/4055/4053 1878/4056/4054 1883/4057/4055
f 1883/4057/4055 1878/4056/4054 1879/4058/4056
f 1883/4057/4055 1879/4058/4056 1882/4059/4057
f 1882/4059/4057 1879/4058/4056 1880/4060/4058
f 1882/4059/4057 1880/4060/4058 1881/4061/4059
f 1880/4062/4060 1885/4063/4061 1881/4064/4062
f 1881/4064/4062 1885/4063/4061 1892/4065/4063
f 1892/4065/4063 1885/4063/4061 1886/4066/4064
f 1892/4065/4063 1886/4066/4064 1891/4067/4065
f 1891/4067/4065 1886/4066/4064 1887/4068/4066
f 1891/4067/4065 1887/4068/4066 1890/4069/4067
f 1890/4069/4067 1887/4068/4066 1888/4070/4068
f 1890/4069/4067 1888/4070/4068 1889/4071/4069
f 1888/4072/4070 1893/4073/4071 1889/4074/4072
f 1889/4074/4072 1893/4073/4071 1900/4075/4073
f 1900/4075/4073 1893/4073/4071 1894/4076/4074
f 1900/4075/4073 1894/4076/4074 1899/4077/4075
f 1899/4077/4075 1894/4076/4074 1895/4078/4076
f 1899/4077/4075 1895/4078/4076 1898/4079/4077
f 1898/4079/4077 1895/4078/4076 1896/4080/4078
f 1898/4079/4077 1896/4080/4078 1897/4081/4079
f 1896/4082/4080 1901/4083/4081 1897/4084/4082
f 1897/4084/4082 1901/4083/4081 1908/4085/4083
f 1908/4085/4083 1901/4083/4081 1902/4086/4084
f 1908/4085/4083 1902/4086/4084 1907/4087/4085
f 1907/4087/4085 1902/4086/4084 1903/4088/4086
f 1907/4087/4085 1903/4088/4086 1906/4089/4087
f 1906/4089/4087 1903/4088/4086 1904/4090/4088
f 1906/4089/4087 1904/4090/4088 1905/4091/4089
f 1904/4092/4090 1909/4093/4091 1905/4094/4092
f 1905/4094/4092 1909/4093/4091 1910/4095/4093
f 1909/4096/4094 1911/4097/4095 1910/4098/4096
f 1910/4098/4096 1911/4097/4095 1912/4099/4097
f 1911/4100/4098 1913/4101/4099 1912/4102/4100
f 1912/4102/4100 1913/4101/4099 1914/4103/4101
f 1914/4104/4102 1913/4105/4103 1931/4106/4104
f 1931/4106/4104 1913/4105/4103 1915/4107/4105
f 1931/4106/4104 1915/4107/4105 1916/4108/4106
f 1931/4106/4104 1916/4108/4106 1930/4109/4107
f 1930/4109/4107 1916/4108/4106 1917/4110/4108
f 1930/4109/4107 1917/4110/4108 1929/4111/4109
f 1929/4111/4109 1917/4110/4108 1918/4112/4110
f 1929/4111/4109 1918/4112/4110 1928/4113/4111
f 1928/4113/4111 1918/4112/4110 1919/4114/4112
f 1928/4113/4111 1919/4114/4112 1927/4115/4113
f 1927/4115/4113 1919/4114/4112 1920/4116/4114
f 1927/4115/4113 1920/4116/4114 1921/4117/4115
f 1921/4117/4115 1922/4118/4116 1927/4115/4113
f 1927/4115/4113 1922/4118/4116 1923/4119/4117
f 1927/4115/4113 1923/4119/4117 1928/4113/4111
f 1928/4113/4111 1923/4119/4117 1924/4120/4118
f 1928/4113/4111 1924/4120/4118 1929/4111/4109
f 1929/4111/4109 1924/4120/4118 1925/4121/4119
f 1929/4111/4109 1925/4121/4119 1930/4109/4107
f 1930/4109/4107 1925/4121/4119 1926/4122/4120
f 1930/4109/4107 1926/4122/4120 1931/4106/4104
f 1931/4106/4104 1926/4122/4120 1914/4104/4102
f 1920/4123/4121 1932/4124/4122 1921/4125/4123
f 1921/4125/4123 1932/4124/4122 1939/4126/4124
f 1939/4126/4124 1932/4124/4122 1933/4127/4125
f 1939/4126/4124 1933/4127/4125 1938/4128/4126
f 1938/4128/4126 1933/4127/4125 1934/4129/4127
f 1938/4128/4126 1934/4129/4127 1937/4130/4128
f 1937/4130/4128 1934/4129/4127 1935/4131/4129
f 1937/4130/4128 1935/4131/4129 1936/4132/4130
f 1935/4133/4131 1940/4134/4132 1936/4135/4133
f 1936/4135/4133 1940/4134/4132 1947/4136/4134
f 1947/4136/4134 1940/4134/4132 1941/4137/4135
f 1947/4136/4134 1941/4137/4135 1946/4138/4136
f 1946/4138/4136 1941/4137/4135 1942/4139/4137
f 1946/4138/4136 1942/4139/4137 1945/4140/4138
f 1945/4140/4138 1942/4139/4137 1943/4141/4139
f 1945/4140/4138 1943/4141/4139 1944/4142/4140
f 1943/4143/4141 1948/4144/4142 1944/4145/4143
f 1944/4145/4143 1948/4144/4142 1955/4146/4144
f 1955/4146/4144 1948/4144/4142 1949/4147/4145
f 1955/4146/4144 1949/4147/4145 1954/4148/4146
f 1954/4148/4146 1949/4147/4145 1950/4149/4147
f 1954/4148/4146 1950/4149/4147 1953/4150/4148
f 1953/4150/4148 1950/4149/4147 1951/4151/4149
f 1953/4150/4148 1951/4151/4149 1952/4152/4150
f 1951/4153/4151 1956/4154/4152 1952/4155/4153
f 1952/4155/4153 1956/4154/4152 1963/4156/4154
f 1963/4156/4154 1956/4154/4152 1957/4157/4155
f 1963/4156/4154 1957/4157/4155 1962/4158/4156
f 1962/4158/4156 1957/4157/4155 1958/4159/4157
f 1962/4158/4156 1958/4159/4157 1961/4160/4158
f 1961/4160/4158 1958/4159/4157 1959/4161/4159
f 1961/4160/4158 1959/4161/4159 1960/4162/4160
f 1959/4163/4161 1964/4164/4162 1960/4165/4163
f 1960/4165/4163 1964/4164/4162 1971/4166/4164
f 1971/4166/4164 1964/4164/4162 1965/4167/4165
f 1971/4166/4164 1965/4167/4165 1970/4168/4166
f 1970/4168/4166 1965/4167/4165 1966/4169/4167
f 1970/4168/4166 1966/4169/4167 1969/4170/4168
f 1969/4170/4168 1966/4169/4167 1967/4171/4169
f 1969/4170/4168 1967/4171/4169 1968/4172/4170
f 1967/4173/4171 1972/4174/4172 1968/4175/4173
f 1968/4175/4173 1972/4174/4172 1979/4176/4174
f 1979/4176/4174 1972/4174/4172 1973/4177/4175
f 1979/4176/4174 1973/4177/4175 1978/4178/4176
f 1978/4178/4176 1973/4177/4175 1974/4179/4177
f 1978/4178/4176 1974/4179/4177 1977/4180/4178
f 1977/4180/4178 1974/4179/4177 1975/4181/4179
f 1977/4180/4178 1975/4181/4179 1976/4182/4180
f 1975/4183/4181 1980/4184/4182 1976/4185/4183
f 1976/4185/4183 1980/4184/4182 1987/4186/4184
f 1987/4186/4184 1980/4184/4182 1981/4187/4185
f 1987/4186/4184 1981/4187/4185 1986/4188/4186
f 1986/4188/4186 1981/4187/4185 1982/4189/4187
f 1986/4188/4186 1982/4189/4187 1985/4190/4188
f 1985/4190/4188 1982/4189/4187 1983/4191/4189
f 1985/4190/4188 1983/4191/4189 1984/4192/4190
f 1983/4193/4191 1988/4194/4192 1984/4195/4193
f 1984/4195/4193 1988/4194/4192 1995/4196/4194
f 1995/4196/4194 1988/4194/4192 1989/4197/4195
f 1995/4196/4194 1989/4197/4195 1994/4198/4196
f 1994/4198/4196 1989/4197/4195 1990/4199/4197
f 1994/4198/4196 1990/4199/4197 1993/4200/4198
f 1993/4200/4198 1990/4199/4197 1991/4201/4199
f 1993/4200/4198 1991/4201/4199 1992/4202/4200
f 1991/4203/4201 1996/4204/4202 1992/4205/4203
f 1992/4205/4203 1996/4204/4202 2005/4206/4204
f 2005/4206/4204 1996/4204/4202 1997/4207/4205
f 2005/4206/4204 1997/4207/4205 2004/4208/4206
f 2004/4208/4206 1997/4207/4205 1998/4209/4207
f 2004/4208/4206 1998/4209/4207 2003/4210/4208
f 2003/4210/4208 1998/4209/4207 1999/4211/4209
f 2003/4210/4208 1999/4211/4209 2002/4212/4210
f 2002/4212/4210 1999/4211/4209 2000/4213/4211
f 2002/4212/4210 2000/4213/4211 2001/4214/4212
f 2000/4215/4213 2006/4216/4214 2001/4217/4215
f 2001/4217/4215 2006/4216/4214 2013/4218/4216
f 2013/4218/4216 2006/4216/4214 2007/4219/4217
f 2013/4218/4216 2007/4219/4217 2012/4220/4218
f 2012/4220/4218 2007/4219/4217 2008/4221/4219
f 2012/4220/4218 2008/4221/4219 2011/4222/4220
f 2011/4222/4220 2008/4221/4219 2009/4223/4221
f 2011/4222/4220 2009/4223/4221 2010/4224/4222
f 2009/4225/4223 2014/4226/4224 2010/4227/4225
f 2010/4227/4225 2014/4226/4224 2021/4228/4226
f 2021/4228/4226 2014/4226/4224 2015/4229/4227
f 2021/4228/4226 2015/4229/4227 2020/4230/4228
f 2020/4230/4228 2015/4229/4227 2016/4231/4229
f 2020/4230/4228 2016/4231/4229 2019/4232/4230
f 2019/4232/4230 2016/4231/4229 2017/4233/4231
f 2019/4232/4230 2017/4233/4231 2018/4234/4232
f 2017/4235/4233 2022/4236/4234 2018/4237/4235
f 2018/4237/4235 2022/4236/4234 2029/4238/4236
f 2029/4238/4236 2022/4236/4234 2023/4239/4237
f 2029/4238/4236 2023/4239/4237 2028/4240/4238
f 2028/4240/4238 2023/4239/4237 2024/4241/4239
f 2028/4240/4238 2024/4241/4239 2027/4242/4240
f 2027/4242/4240 2024/4241/4239 2025/4243/4241
f 2027/4242/4240 2025/4243/4241 2026/4244/4242
f 2025/4245/4243 2030/4246/4244 2026/4247/4245
f 2026/4247/4245 2030/4246/4244 2031/4248/4246
f 2030/4249/4247 2032/4250/4248 2031/4251/4249
f 2031/4251/4249 2032/4250/4248 2033/4252/4250
f 2032/4253/4251 2034/4254/4252 2033/4255/4253
f 2033/4255/4253 2034/4254/4252 2035/4256/4254
f 2034/4257/4255 2036/4258/4256 2035/4259/4257
f 2035/4259/4257 2036/4258/4256 2041/4260/4258
f 2041/4260/4258 2036/4258/4256 2037/4261/4259
f 2041/4260/4258 2037/4261/4259 2040/4262/4260
f 2040/4262/4260 2037/4261/4259 2038/4263/4261
f 2040/4262/4260 2038/4263/4261 2039/4264/4262
f 2039/4264/4262 2038/4263/4261 1769/4265/4263
f 2039/4264/4262 1769/4265/4263 1780/4266/4264
usemtl Paint_-_Metallic_(Silver)
f 2035/4267/4265 2041/4268/4266 2033/4269/4267
f 2033/4269/4267 2041/4268/4266 2040/4270/4268
f 2033/4269/4267 2040/4270/4268 2039/4271/4269
f 2039/4271/4269 1780/4272/4270 2033/4269/4267
f 2033/4269/4267 1780/4272/4270 2028/4273/4271
f 2033/4269/4267 2028/4273/4271 2031/4274/4272
f 2031/4274/4272 2028/4273/4271 2027/4275/4273
f 2031/4274/4272 2027/4275/4273 2026/4276/4274
f 1780/4272/4270 1779/4277/4275 2028/4273/4271
f 2028/4273/4271 1779/4277/4275 2029/4278/4276
f 2029/4278/4276 1779/4277/4275 1778/4279/4277
f 2029/4278/4276 1778/4279/4277 1777/4280/4278
f 1777/4280/4278 1776/4281/4279 2029/4278/4276
f 2029/4278/4276 1776/4281/4279 1775/4282/4280
f 2029/4278/4276 1775/4282/4280 2018/4283/4281
f 2018/4283/4281 1775/4282/4280 1812/4284/4282
f 2018/4283/4281 1812/4284/4282 1811/4285/4283
f 1811/4285/4283 1810/4286/4284 2018/4283/4281
f 2018/4283/4281 1810/4286/4284 1809/4287/4285
f 2018/4283/4281 1809/4287/4285 2019/4288/4286
f 2019/4288/4286 1809/4287/4285 1820/4289/4287
f 2019/4288/4286 1820/4289/4287 2020/4290/4288
f 2020/4290/4288 1820/4289/4287 1819/4291/4289
f 2020/4290/4288 1819/4291/4289 2021/4292/4290
f 2021/4292/4290 1819/4291/4289 1818/4293/4291
f 2021/4292/4290 1818/4293/4291 1817/4294/4292
f 1828/4295/4293 2011/4296/4294 1817/4294/4292
f 1817/4294/4292 2011/4296/4294 2010/4297/4295
f 1817/4294/4292 2010/4297/4295 2021/4292/4290
f 2011/4296/4294 1828/4295/4293 2012/4298/4296
f 2012/4298/4296 1828/4295/4293 1827/4299/4297
f 2012/4298/4296 1827/4299/4297 2013/4300/4298
f 2013/4300/4298 1827/4299/4297 1826/4301/4299
f 2013/4300/4298 1826/4301/4299 2001/4302/4300
f 2001/4302/4300 1826/4301/4299 2002/4303/4301
f 2002/4303/4301 1826/4301/4299 1825/4304/4302
f 2002/4303/4301 1825/4304/4302 2003/4305/4303
f 2003/4305/4303 1825/4304/4302 2004/4306/4304
f 2004/4306/4304 1825/4304/4302 1836/4307/4305
f 2004/4306/4304 1836/4307/4305 2005/4308/4306
f 2005/4308/4306 1836/4307/4305 1835/4309/4307
f 2005/4308/4306 1835/4309/4307 1992/4310/4308
f 1992/4310/4308 1835/4309/4307 1834/4311/4309
f 1992/4310/4308 1834/4311/4309 1993/4312/4310
f 1993/4312/4310 1834/4311/4309 1833/4313/4311
f 1993/4312/4310 1833/4313/4311 1994/4314/4312
f 1994/4314/4312 1833/4313/4311 1844/4315/4313
f 1994/4314/4312 1844/4315/4313 1995/4316/4314
f 1995/4316/4314 1844/4315/4313 1843/4317/4315
f 1995/4316/4314 1843/4317/4315 1842/4318/4316
f 1995/4316/4314 1842/4318/4316 1984/4319/4317
f 1984/4319/4317 1842/4318/4316 1841/4320/4318
f 1984/4319/4317 1841/4320/4318 1852/4321/4319
f 1852/4321/4319 1851/4322/4320 1984/4319/4317
f 1984/4319/4317 1851/4322/4320 1985/4323/4321
f 1985/4323/4321 1851/4322/4320 1850/4324/4322
f 1985/4323/4321 1850/4324/4322 1849/4325/4323
f 1849/4325/4323 1860/4326/4324 1985/4323/4321
f 1985/4323/4321 1860/4326/4324 1986/4327/4325
f 1986/4327/4325 1860/4326/4324 1859/4328/4326
f 1986/4327/4325 1859/4328/4326 1987/4329/4327
f 1987/4329/4327 1859/4328/4326 1858/4330/4328
f 1987/4329/4327 1858/4330/4328 1857/4331/4329
f 1987/4329/4327 1857/4331/4329 1976/4332/4330
f 1976/4332/4330 1857/4331/4329 1868/4333/4331
f 1976/4332/4330 1868/4333/4331 1977/4334/4332
f 1977/4334/4332 1868/4333/4331 1867/4335/4333
f 1977/4334/4332 1867/4335/4333 1978/4336/4334
f 1978/4336/4334 1867/4335/4333 1866/4337/4335
f 1978/4336/4334 1866/4337/4335 1979/4338/4336
f 1979/4338/4336 1866/4337/4335 1865/4339/4337
f 1979/4338/4336 1865/4339/4337 1968/4340/4338
f 1968/4340/4338 1865/4339/4337 1969/4341/4339
f 1969/4341/4339 1865/4339/4337 1876/4342/4340
f 1969/4341/4339 1876/4342/4340 1970/4343/4341
f 1970/4343/4341 1876/4342/4340 1971/4344/4342
f 1971/4344/4342 1876/4342/4340 1875/4345/4343
f 1971/4344/4342 1875/4345/4343 1960/4346/4344
f 1960/4346/4344 1875/4345/4343 1874/4347/4345
f 1960/4346/4344 1874/4347/4345 1961/4348/4346
f 1961/4348/4346 1874/4347/4345 1873/4349/4347
f 1961/4348/4346 1873/4349/4347 1962/4350/4348
f 1962/4350/4348 1873/4349/4347 1884/4351/4349
f 1962/4350/4348 1884/4351/4349 1963/4352/4350
f 1963/4352/4350 1884/4351/4349 1883/4353/4351
f 1963/4352/4350 1883/4353/4351 1952/4354/4352
f 1952/4354/4352 1883/4353/4351 1882/4355/4353
f 1952/4354/4352 1882/4355/4353 1953/4356/4354
f 1953/4356/4354 1882/4355/4353 1881/4357/4355
f 1953/4356/4354 1881/4357/4355 1954/4358/4356
f 1954/4358/4356 1881/4357/4355 1892/4359/4357
f 1954/4358/4356 1892/4359/4357 1891/4360/4358
f 1954/4358/4356 1891/4360/4358 1955/4361/4359
f 1955/4361/4359 1891/4360/4358 1890/4362/4360
f 1955/4361/4359 1890/4362/4360 1944/4363/4361
f 1944/4363/4361 1890/4362/4360 1889/4364/4362
f 1944/4363/4361 1889/4364/4362 1945/4365/4363
f 1945/4365/4363 1889/4364/4362 1900/4366/4364
f 1945/4365/4363 1900/4366/4364 1946/4367/4365
f 1946/4367/4365 1900/4366/4364 1899/4368/4366
f 1946/4367/4365 1899/4368/4366 1947/4369/4367
f 1947/4369/4367 1899/4368/4366 1898/4370/4368
f 1947/4369/4367 1898/4370/4368 1936/4371/4369
f 1936/4371/4369 1898/4370/4368 1937/4372/4370
f 1937/4372/4370 1898/4370/4368 1897/4373/4371
f 1937/4372/4370 1897/4373/4371 1938/4374/4372
f 1938/4374/4372 1897/4373/4371 1939/4375/4373
f 1939/4375/4373 1897/4373/4371 1921/4376/4374
f 1921/4376/4374 1897/4373/4371 1908/4377/4375
f 1921/4376/4374 1908/4377/4375 1922/4378/4376
f 1922/4378/4376 1908/4377/4375 1923/4379/4377
f 1923/4379/4377 1908/4377/4375 1907/4380/4378
f 1923/4379/4377 1907/4380/4378 1924/4381/4379
f 1924/4381/4379 1907/4380/4378 1912/4382/4380
f 1924/4381/4379 1912/4382/4380 1925/4383/4381
f 1925/4383/4381 1912/4382/4380 1926/4384/4382
f 1926/4384/4382 1912/4382/4380 1914/4385/4383
f 1912/4382/4380 1907/4380/4378 1910/4386/4384
f 1910/4386/4384 1907/4380/4378 1906/4387/4385
f 1910/4386/4384 1906/4387/4385 1905/4388/4386
usemtl Paint_-_Enamel_Glossy_(Red)
f 2042/4389/4387 2043/4390/4388 2051/4391/4389
f 2051/4391/4389 2043/4390/4388 2050/4392/4390
f 2050/4392/4390 2043/4390/4388 2044/4393/4391
f 2050/4392/4390 2044/4393/4391 2049/4394/4392
f 2049/4394/4392 2044/4393/4391 2045/4395/4393
f 2049/4394/4392 2045/4395/4393 2048/4396/4394
f 2048/4396/4394 2045/4395/4393 2046/4397/4395
f 2048/4396/4394 2046/4397/4395 2047/4398/4396
f 2046/4399/4397 2052/4400/4398 2047/4401/4399
f 2047/4401/4399 2052/4400/4398 2053/4402/4400
f 2052/4403/4401 2054/4404/4402 2053/4405/4403
f 2053/4405/4403 2054/4404/4402 2055/4406/4404
f 2054/4407/4405 2056/4408/4406 2055/4409/4407
f 2055/4409/4407 2056/4408/4406 2057/4410/4408
f 2056/4411/4409 2058/4412/4410 2057/4413/4411
f 2057/4413/4411 2058/4412/4410 2065/4414/4412
f 2065/4414/4412 2058/4412/4410 2059/4415/4413
f 2065/4414/4412 2059/4415/4413 2064/4416/4414
f 2064/4416/4414 2059/4415/4413 2060/4417/4415
f 2064/4416/4414 2060/4417/4415 2063/4418/4416
f 2063/4418/4416 2060/4417/4415 2061/4419/4417
f 2063/4418/4416 2061/4419/4417 2062/4420/4418
f 2061/4421/4419 2066/4422/4420 2062/4423/4421
f 2062/4423/4421 2066/4422/4420 2067/4424/4422
f 2066/4425/4423 2068/4426/4424 2067/4427/4425
f 2067/4427/4425 2068/4426/4424 2075/4428/4426
f 2075/4428/4426 2068/4426/4424 2069/4429/4427
f 2075/4428/4426 2069/4429/4427 2074/4430/4428
f 2074/4430/4428 2069/4429/4427 2070/4431/4429
f 2074/4430/4428 2070/4431/4429 2073/4432/4430
f 2073/4432/4430 2070/4431/4429 2071/4433/4431
f 2073/4432/4430 2071/4433/4431 2072/4434/4432
f 2071/4435/4433 2076/4436/4434 2072/4437/4435
f 2072/4437/4435 2076/4436/4434 2077/4438/4436
f 2076/4439/4437 2078/4440/4438 2077/4441/4439
f 2077/4441/4439 2078/4440/4438 2079/4442/4440
f 2078/4443/4441 2080/4444/4442 2079/4445/4443
f 2079/4445/4443 2080/4444/4442 2081/4446/4444
f 2080/4447/4445 2082/4448/4446 2081/4449/4447
f 2081/4449/4447 2082/4448/4446 2091/4450/4448
f 2091/4450/4448 2082/4448/4446 2083/4451/4449
f 2091/4450/4448 2083/4451/4449 2090/4452/4450
f 2090/4452/4450 2083/4451/4449 2084/4453/4451
f 2090/4452/4450 2084/4453/4451 2089/4454/4452
f 2089/4454/4452 2084/4453/4451 2085/4455/4453
f 2089/4454/4452 2085/4455/4453 2088/4456/4454
f 2088/4456/4454 2085/4455/4453 2086/4457/4455
f 2088/4456/4454 2086/4457/4455 2087/4458/4456
f 2086/4459/4457 2092/4460/4458 2087/4461/4459
f 2087/4461/4459 2092/4460/4458 2099/4462/4460
f 2099/4462/4460 2092/4460/4458 2093/4463/4461
f 2099/4462/4460 2093/4463/4461 2098/4464/4462
f 2098/4464/4462 2093/4463/4461 2094/4465/4463
f 2098/4464/4462 2094/4465/4463 2097/4466/4464
f 2097/4466/4464 2094/4465/4463 2095/4467/4465
f 2097/4466/4464 2095/4467/4465 2096/4468/4466
f 2095/4469/4467 2100/4470/4468 2096/4471/4469
f 2096/4471/4469 2100/4470/4468 2101/4472/4470
f 2100/4473/4471 2102/4474/4472 2101/4475/4473
f 2101/4475/4473 2102/4474/4472 2103/4476/4474
f 2102/4477/4475 2104/4478/4476 2103/4479/4477
f 2103/4479/4477 2104/4478/4476 2111/4480/4478
f 2111/4480/4478 2104/4478/4476 2105/4481/4479
f 2111/4480/4478 2105/4481/4479 2110/4482/4480
f 2110/4482/4480 2105/4481/4479 2106/4483/4481
f 2110/4482/4480 2106/4483/4481 2109/4484/4482
f 2109/4484/4482 2106/4483/4481 2107/4485/4483
f 2109/4484/4482 2107/4485/4483 2108/4486/4484
f 2107/4487/4485 2112/4488/4486 2108/4489/4487
f 2108/4489/4487 2112/4488/4486 2121/4490/4488
f 2121/4490/4488 2112/4488/4486 2113/4491/4489
f 2121/4490/4488 2113/4491/4489 2120/4492/4490
f 2120/4492/4490 2113/4491/4489 2114/4493/4491
f 2120/4492/4490 2114/4493/4491 2119/4494/4492
f 2119/4494/4492 2114/4493/4491 2115/4495/4493
f 2119/4494/4492 2115/4495/4493 2118/4496/4494
f 2118/4496/4494 2115/4495/4493 2116/4497/4495
f 2118/4496/4494 2116/4497/4495 2117/4498/4496
f 2116/4499/4497 2122/4500/4498 2117/4501/4499
f 2117/4501/4499 2122/4500/4498 2123/4502/4500
f 2122/4503/4501 2124/4504/4502 2123/4505/4503
f 2123/4505/4503 2124/4504/4502 2125/4506/4504
f 2124/4507/4505 2126/4508/4506 2125/4509/4507
f 2125/4509/4507 2126/4508/4506 2127/4510/4508
f 2126/4511/4509 2128/4512/4510 2127/4513/4511
f 2127/4513/4511 2128/4512/4510 2137/4514/4512
f 2137/4514/4512 2128/4512/4510 2129/4515/4513
f 2137/4514/4512 2129/4515/4513 2136/4516/4514
f 2136/4516/4514 2129/4515/4513 2130/4517/4515
f 2136/4516/4514 2130/4517/4515 2135/4518/4516
f 2135/4518/4516 2130/4517/4515 2131/4519/4517
f 2135/4518/4516 2131/4519/4517 2134/4520/4518
f 2134/4520/4518 2131/4519/4517 2132/4521/4519
f 2134/4520/4518 2132/4521/4519 2133/4522/4520
f 2132/4523/4521 2138/4524/4522 2133/4525/4523
f 2133/4525/4523 2138/4524/4522 2145/4526/4524
f 2145/4526/4524 2138/4524/4522 2139/4527/4525
f 2145/4526/4524 2139/4527/4525 2144/4528/4526
f 2144/4528/4526 2139/4527/4525 2140/4529/4527
f 2144/4528/4526 2140/4529/4527 2143/4530/4528
f 2143/4530/4528 2140/4529/4527 2141/4531/4529
f 2143/4530/4528 2141/4531/4529 2142/4532/4530
f 2141/4533/4531 2146/4534/4532 2142/4535/4533
f 2142/4535/4533 2146/4534/4532 2147/4536/4534
f 2146/4537/4535 2148/4538/4536 2147/4539/4537
f 2147/4539/4537 2148/4538/4536 2149/4540/4538
f 2148/4541/4539 2150/4542/4540 2149/4543/4541
f 2149/4543/4541 2150/4542/4540 2155/4544/4542
f 2155/4544/4542 2150/4542/4540 2151/4545/4543
f 2155/4544/4542 2151/4545/4543 2154/4546/4544
f 2154/4546/4544 2151/4545/4543 2152/4547/4545
f 2154/4546/4544 2152/4547/4545 2153/4548/4546
f 2153/4548/4546 2152/4547/4545 2042/4549/4547
f 2153/4548/4546 2042/4549/4547 2051/4550/4548
usemtl Paint_-_Metallic_(Silver)
f 2147/4551/4549 2149/4552/4550 2062/4553/4551
f 2062/4553/4551 2149/4552/4550 2155/4554/4552
f 2062/4553/4551 2155/4554/4552 2154/4555/4553
f 2062/4553/4551 2154/4555/4553 2063/4556/4554
f 2063/4556/4554 2154/4555/4553 2153/4557/4555
f 2063/4556/4554 2153/4557/4555 2064/4558/4556
f 2064/4558/4556 2153/4557/4555 2051/4559/4557
f 2064/4558/4556 2051/4559/4557 2065/4560/4558
f 2065/4560/4558 2051/4559/4557 2050/4561/4559
f 2065/4560/4558 2050/4561/4559 2057/4562/4560
f 2057/4562/4560 2050/4561/4559 2055/4563/4561
f 2055/4563/4561 2050/4561/4559 2049/4564/4562
f 2055/4563/4561 2049/4564/4562 2053/4565/4563
f 2053/4565/4563 2049/4564/4562 2048/4566/4564
f 2053/4565/4563 2048/4566/4564 2047/4567/4565
f 2147/4551/4549 2062/4553/4551 2101/4568/4566
f 2101/4568/4566 2062/4553/4551 2067/4569/4567
f 2101/4568/4566 2067/4569/4567 2096/4570/4568
f 2096/4570/4568 2067/4569/4567 2097/4571/4569
f 2097/4571/4569 2067/4569/4567 2098/4572/4570
f 2098/4572/4570 2067/4569/4567 2075/4573/4571
f 2098/4572/4570 2075/4573/4571 2099/4574/4572
f 2099/4574/4572 2075/4573/4571 2074/4575/4573
f 2099/4574/4572 2074/4575/4573 2087/4576/4574
f 2087/4576/4574 2074/4575/4573 2073/4577/4575
f 2087/4576/4574 2073/4577/4575 2088/4578/4576
f 2088/4578/4576 2073/4577/4575 2072/4579/4577
f 2088/4578/4576 2072/4579/4577 2077/4580/4578
f 2079/4581/4579 2090/4582/4580 2077/4580/4578
f 2077/4580/4578 2090/4582/4580 2089/4583/4581
f 2077/4580/4578 2089/4583/4581 2088/4578/4576
f 2081/4584/4582 2091/4585/4583 2079/4581/4579
f 2079/4581/4579 2091/4585/4583 2090/4582/4580
f 2101/4568/4566 2103/4586/4584 2147/4551/4549
f 2147/4551/4549 2103/4586/4584 2142/4587/4585
f 2142/4587/4585 2103/4586/4584 2111/4588/4586
f 2142/4587/4585 2111/4588/4586 2143/4589/4587
f 2143/4589/4587 2111/4588/4586 2110/4590/4588
f 2143/4589/4587 2110/4590/4588 2144/4591/4589
f 2144/4591/4589 2110/4590/4588 2109/4592/4590
f 2144/4591/4589 2109/4592/4590 2145/4593/4591
f 2145/4593/4591 2109/4592/4590 2108/4594/4592
f 2145/4593/4591 2108/4594/4592 2133/4595/4593
f 2133/4595/4593 2108/4594/4592 2121/4596/4594
f 2133/4595/4593 2121/4596/4594 2134/4597/4595
f 2134/4597/4595 2121/4596/4594 2120/4598/4596
f 2134/4597/4595 2120/4598/4596 2135/4599/4597
f 2135/4599/4597 2120/4598/4596 2123/4600/4598
f 2135/4599/4597 2123/4600/4598 2125/4601/4599
f 2120/4598/4596 2119/4602/4600 2123/4600/4598
f 2123/4600/4598 2119/4602/4600 2118/4603/4601
f 2123/4600/4598 2118/4603/4601 2117/4604/4602
f 2127/4605/4603 2137/4606/4604 2125/4601/4599
f 2125/4601/4599 2137/4606/4604 2136/4607/4605
f 2125/4601/4599 2136/4607/4605 2135/4599/4597
usemtl Paint_-_Enamel_Glossy_(Red)
f 2156/4608/4606 2157/4609/4607 2165/4610/4608
f 2165/4610/4608 2157/4609/4607 2164/4611/4609
f 2164/4611/4609 2157/4609/4607 2158/4612/4610
f 2164/4611/4609 2158/4612/4610 2163/4613/4611
f 2163/4613/4611 2158/4612/4610 2159/4614/4612
f 2163/4613/4611 2159/4614/4612 2162/4615/4613
f 2162/4615/4613 2159/4614/4612 2160/4616/4614
f 2162/4615/4613 2160/4616/4614 2161/4617/4615
f 2160/4618/4616 2166/4619/4617 2161/4620/4618
f 2161/4620/4618 2166/4619/4617 2173/4621/4619
f 2173/4621/4619 2166/4619/4617 2167/4622/4620
f 2173/4621/4619 2167/4622/4620 2172/4623/4621
f 2172/4623/4621 2167/4622/4620 2168/4624/4622
f 2172/4623/4621 2168/4624/4622 2171/4625/4623
f 2171/4625/4623 2168/4624/4622 2169/4626/4624
f 2171/4625/4623 2169/4626/4624 2170/4627/4625
f 2169/4628/4626 2174/4629/4627 2170/4630/4628
f 2170/4630/4628 2174/4629/4627 2181/4631/4629
f 2181/4631/4629 2174/4629/4627 2175/4632/4630
f 2181/4631/4629 2175/4632/4630 2180/4633/4631
f 2180/4633/4631 2175/4632/4630 2176/4634/4632
f 2180/4633/4631 2176/4634/4632 2179/4635/4633
f 2179/4635/4633 2176/4634/4632 2177/4636/4634
f 2179/4635/4633 2177/4636/4634 2178/4637/4635
f 2177/4638/4636 2182/4639/4637 2178/4640/4638
f 2178/4640/4638 2182/4639/4637 2189/4641/4639
f 2189/4641/4639 2182/4639/4637 2183/4642/4640
f 2189/4641/4639 2183/4642/4640 2188/4643/4641
f 2188/4643/4641 2183/4642/4640 2184/4644/4642
f 2188/4643/4641 2184/4644/4642 2187/4645/4643
f 2187/4645/4643 2184/4644/4642 2185/4646/4644
f 2187/4645/4643 2185/4646/4644 2186/4647/4645
f 2185/4648/4646 2190/4649/4647 2186/4650/4648
f 2186/4650/4648 2190/4649/4647 2191/4651/4649
f 2190/4652/4650 2192/4653/4651 2191/4654/4652
f 2191/4654/4652 2192/4653/4651 2193/4655/4653
f 2192/4656/4654 2194/4657/4655 2193/4658/4656
f 2193/4658/4656 2194/4657/4655 2199/4659/4657
f 2199/4659/4657 2194/4657/4655 2195/4660/4658
f 2199/4659/4657 2195/4660/4658 2198/4661/4659
f 2198/4661/4659 2195/4660/4658 2196/4662/4660
f 2198/4661/4659 2196/4662/4660 2197/4663/4661
f 2197/4663/4661 2196/4662/4660 2156/4664/4662
f 2197/4663/4661 2156/4664/4662 2165/4665/4663
f 2200/4666/4664 2201/4667/4665 2211/4668/4666
f 2211/4668/4666 2201/4667/4665 2210/4669/4667
f 2210/4669/4667 2201/4667/4665 2202/4670/4668
f 2210/4669/4667 2202/4670/4668 2209/4671/4669
f 2209/4671/4669 2202/4670/4668 2203/4672/4670
f 2209/4671/4669 2203/4672/4670 2208/4673/4671
f 2208/4673/4671 2203/4672/4670 2204/4674/4672
f 2208/4673/4671 2204/4674/4672 2207/4675/4673
f 2207/4675/4673 2204/4674/4672 2205/4676/4674
f 2207/4675/4673 2205/4676/4674 2206/4677/4675
f 2205/4678/4676 2212/4679/4677 2206/4680/4678
f 2206/4680/4678 2212/4679/4677 2219/4681/4679
f 2219/4681/4679 2212/4679/4677 2213/4682/4680
f 2219/4681/4679 2213/4682/4680 2218/4683/4681
f 2218/4683/4681 2213/4682/4680 2214/4684/4682
f 2218/4683/4681 2214/4684/4682 2217/4685/4683
f 2217/4685/4683 2214/4684/4682 2215/4686/4684
f 2217/4685/4683 2215/4686/4684 2216/4687/4685
f 2215/4688/4686 2220/4689/4687 2216/4690/4688
f 2216/4690/4688 2220/4689/4687 2221/4691/4689
f 2220/4692/4690 2222/4693/4691 2221/4694/4692
f 2221/4694/4692 2222/4693/4691 2229/4695/4693
f 2229/4695/4693 2222/4693/4691 2223/4696/4694
f 2229/4695/4693 2223/4696/4694 2228/4697/4695
f 2228/4697/4695 2223/4696/4694 2224/4698/4696
f 2228/4697/4695 2224/4698/4696 2227/4699/4697
f 2227/4699/4697 2224/4698/4696 2225/4700/4698
f 2227/4699/4697 2225/4700/4698 2226/4701/4699
f 2225/4702/4700 2230/4703/4701 2226/4704/4702
f 2226/4704/4702 2230/4703/4701 2239/4705/4703
f 2239/4705/4703 2230/4703/4701 2231/4706/4704
f 2239/4705/4703 2231/4706/4704 2238/4707/4705
f 2238/4707/4705 2231/4706/4704 2232/4708/4706
f 2238/4707/4705 2232/4708/4706 2237/4709/4707
f 2237/4709/4707 2232/4708/4706 2233/4710/4708
f 2237/4709/4707 2233/4710/4708 2236/4711/4709
f 2236/4711/4709 2233/4710/4708 2234/4712/4710
f 2236/4711/4709 2234/4712/4710 2235/4713/4711
f 2234/4714/4712 2240/4715/4713 2235/4716/4714
f 2235/4716/4714 2240/4715/4713 2241/4717/4715
f 2240/4718/4716 2242/4719/4717 2241/4720/4718
f 2241/4720/4718 2242/4719/4717 2243/4721/4719
f 2242/4722/4720 2244/4723/4721 2243/4724/4722
f 2243/4724/4722 2244/4723/4721 2245/4725/4723
f 2244/4726/4724 2246/4727/4725 2245/4728/4726
f 2245/4728/4726 2246/4727/4725 2255/4729/4727
f 2255/4729/4727 2246/4727/4725 2247/4730/4728
f 2255/4729/4727 2247/4730/4728 2254/4731/4729
f 2254/4731/4729 2247/4730/4728 2248/4732/4730
f 2254/4731/4729 2248/4732/4730 2253/4733/4731
f 2253/4733/4731 2248/4732/4730 2249/4734/4732
f 2253/4733/4731 2249/4734/4732 2252/4735/4733
f 2252/4735/4733 2249/4734/4732 2250/4736/4734
f 2252/4735/4733 2250/4736/4734 2251/4737/4735
f 2250/4738/4736 2256/4739/4737 2251/4740/4738
f 2251/4740/4738 2256/4739/4737 2263/4741/4739
f 2263/4741/4739 2256/4739/4737 2257/4742/4740
f 2263/4741/4739 2257/4742/4740 2262/4743/4741
f 2262/4743/4741 2257/4742/4740 2258/4744/4742
f 2262/4743/4741 2258/4744/4742 2261/4745/4743
f 2261/4745/4743 2258/4744/4742 2259/4746/4744
f 2261/4745/4743 2259/4746/4744 2260/4747/4745
f 2259/4748/4746 2264/4749/4747 2260/4750/4748
f 2260/4750/4748 2264/4749/4747 2265/4751/4749
f 2264/4752/4750 2266/4753/4751 2265/4754/4752
f 2265/4754/4752 2266/4753/4751 2273/4755/4753
f 2273/4755/4753 2266/4753/4751 2267/4756/4754
f 2273/4755/4753 2267/4756/4754 2272/4757/4755
f 2272/4757/4755 2267/4756/4754 2268/4758/4756
f 2272/4757/4755 2268/4758/4756 2271/4759/4757
f 2271/4759/4757 2268/4758/4756 2269/4760/4758
f 2271/4759/4757 2269/4760/4758 2270/4761/4759
f 2269/4762/4760 2274/4763/4761 2270/4764/4762
f 2270/4764/4762 2274/4763/4761 2281/4765/4763
f 2281/4765/4763 2274/4763/4761 2275/4766/4764
f 2281/4765/4763 2275/4766/4764 2280/4767/4765
f 2280/4767/4765 2275/4766/4764 2276/4768/4766
f 2280/4767/4765 2276/4768/4766 2279/4769/4767
f 2279/4769/4767 2276/4768/4766 2277/4770/4768
f 2279/4769/4767 2277/4770/4768 2278/4771/4769
f 2277/4772/4770 2282/4773/4771 2278/4774/4772
f 2278/4774/4772 2282/4773/4771 2293/4775/4773
f 2293/4775/4773 2282/4773/4771 2283/4776/4774
f 2293/4775/4773 2283/4776/4774 2292/4777/4775
f 2292/4777/4775 2283/4776/4774 2284/4778/4776
f 2292/4777/4775 2284/4778/4776 2291/4779/4777
f 2291/4779/4777 2284/4778/4776 2285/4780/4778
f 2291/4779/4777 2285/4780/4778 2290/4781/4779
f 2290/4781/4779 2285/4780/4778 2286/4782/4780
f 2290/4781/4779 2286/4782/4780 2289/4783/4781
f 2289/4783/4781 2286/4782/4780 2287/4784/4782
f 2289/4783/4781 2287/4784/4782 2288/4785/4783
f 2287/4786/4784 2294/4787/4785 2288/4788/4786
f 2288/4788/4786 2294/4787/4785 2305/4789/4787
f 2305/4789/4787 2294/4787/4785 2295/4790/4788
f 2305/4789/4787 2295/4790/4788 2304/4791/4789
f 2304/4791/4789 2295/4790/4788 2296/4792/4790
f 2304/4791/4789 2296/4792/4790 2303/4793/4791
f 2303/4793/4791 2296/4792/4790 2297/4794/4792
f 2303/4793/4791 2297/4794/4792 2302/4795/4793
f 2302/4795/4793 2297/4794/4792 2298/4796/4794
f 2302/4795/4793 2298/4796/4794 2301/4797/4795
f 2301/4797/4795 2298/4796/4794 2299/4798/4796
f 2301/4797/4795 2299/4798/4796 2300/4799/4797
f 2299/4800/4798 2306/4801/4799 2300/4802/4800
f 2300/4802/4800 2306/4801/4799 2313/4803/4801
f 2313/4803/4801 2306/4801/4799 2307/4804/4802
f 2313/4803/4801 2307/4804/4802 2312/4805/4803
f 2312/4805/4803 2307/4804/4802 2308/4806/4804
f 2312/4805/4803 2308/4806/4804 2311/4807/4805
f 2311/4807/4805 2308/4806/4804 2309/4808/4806
f 2311/4807/4805 2309/4808/4806 2310/4809/4807
f 2309/4810/4808 2314/4811/4809 2310/4812/4810
f 2310/4812/4810 2314/4811/4809 2315/4813/4811
f 2314/4814/4812 2200/4815/4813 2315/4816/4814
f 2315/4816/4814 2200/4815/4813 2211/4817/4815
usemtl Paint_-_Metallic_(Silver)
f 2211/4818/4816 2210/4819/4817 2315/4820/4818
f 2315/4820/4818 2210/4819/4817 2209/4821/4819
f 2315/4820/4818 2209/4821/4819 2208/4822/4820
f 2315/4820/4818 2208/4822/4820 2191/4823/4821
f 2191/4823/4821 2208/4822/4820 2207/4824/4822
f 2191/4823/4821 2207/4824/4822 2206/4825/4823
f 2206/4825/4823 2219/4826/4824 2191/4823/4821
f 2191/4823/4821 2219/4826/4824 2218/4827/4825
f 2191/4823/4821 2218/4827/4825 2217/4828/4826
f 2217/4828/4826 2216/4829/4827 2191/4823/4821
f 2191/4823/4821 2216/4829/4827 2186/4830/4828
f 2186/4830/4828 2216/4829/4827 2221/4831/4829
f 2186/4830/4828 2221/4831/4829 2265/4832/4830
f 2265/4832/4830 2221/4831/4829 2260/4833/4831
f 2260/4833/4831 2221/4831/4829 2261/4834/4832
f 2261/4834/4832 2221/4831/4829 2229/4835/4833
f 2261/4834/4832 2229/4835/4833 2262/4836/4834
f 2262/4836/4834 2229/4835/4833 2228/4837/4835
f 2262/4836/4834 2228/4837/4835 2263/4838/4836
f 2263/4838/4836 2228/4837/4835 2227/4839/4837
f 2263/4838/4836 2227/4839/4837 2251/4840/4838
f 2251/4840/4838 2227/4839/4837 2226/4841/4839
f 2251/4840/4838 2226/4841/4839 2239/4842/4840
f 2251/4840/4838 2239/4842/4840 2252/4843/4841
f 2252/4843/4841 2239/4842/4840 2238/4844/4842
f 2252/4843/4841 2238/4844/4842 2253/4845/4843
f 2253/4845/4843 2238/4844/4842 2241/4846/4844
f 2253/4845/4843 2241/4846/4844 2243/4847/4845
f 2238/4844/4842 2237/4848/4846 2241/4846/4844
f 2241/4846/4844 2237/4848/4846 2236/4849/4847
f 2241/4846/4844 2236/4849/4847 2235/4850/4848
f 2245/4851/4849 2255/4852/4850 2243/4847/4845
f 2243/4847/4845 2255/4852/4850 2254/4853/4851
f 2243/4847/4845 2254/4853/4851 2253/4845/4843
f 2186/4830/4828 2265/4832/4830 2187/4854/4852
f 2187/4854/4852 2265/4832/4830 2273/4855/4853
f 2187/4854/4852 2273/4855/4853 2188/4856/4854
f 2188/4856/4854 2273/4855/4853 2272/4857/4855
f 2188/4856/4854 2272/4857/4855 2189/4858/4856
f 2189/4858/4856 2272/4857/4855 2271/4859/4857
f 2189/4858/4856 2271/4859/4857 2178/4860/4858
f 2178/4860/4858 2271/4859/4857 2270/4861/4859
f 2178/4860/4858 2270/4861/4859 2179/4862/4860
f 2179/4862/4860 2270/4861/4859 2281/4863/4861
f 2179/4862/4860 2281/4863/4861 2180/4864/4862
f 2180/4864/4862 2281/4863/4861 2280/4865/4863
f 2180/4864/4862 2280/4865/4863 2181/4866/4864
f 2181/4866/4864 2280/4865/4863 2170/4867/4865
f 2170/4867/4865 2280/4865/4863 2279/4868/4866
f 2170/4867/4865 2279/4868/4866 2171/4869/4867
f 2171/4869/4867 2279/4868/4866 2278/4870/4868
f 2171/4869/4867 2278/4870/4868 2172/4871/4869
f 2172/4871/4869 2278/4870/4868 2293/4872/4870
f 2172/4871/4869 2293/4872/4870 2292/4873/4871
f 2172/4871/4869 2292/4873/4871 2173/4874/4872
f 2173/4874/4872 2292/4873/4871 2291/4875/4873
f 2173/4874/4872 2291/4875/4873 2290/4876/4874
f 2290/4876/4874 2289/4877/4875 2173/4874/4872
f 2173/4874/4872 2289/4877/4875 2161/4878/4876
f 2161/4878/4876 2289/4877/4875 2288/4879/4877
f 2161/4878/4876 2288/4879/4877 2305/4880/4878
f 2161/4878/4876 2305/4880/4878 2162/4881/4879
f 2162/4881/4879 2305/4880/4878 2304/4882/4880
f 2162/4881/4879 2304/4882/4880 2303/4883/4881
f 2162/4881/4879 2303/4883/4881 2163/4884/4882
f 2163/4884/4882 2303/4883/4881 2302/4885/4883
f 2163/4884/4882 2302/4885/4883 2301/4886/4884
f 2163/4884/4882 2301/4886/4884 2164/4887/4885
f 2164/4887/4885 2301/4886/4884 2300/4888/4886
f 2164/4887/4885 2300/4888/4886 2165/4889/4887
f 2165/4889/4887 2300/4888/4886 2313/4890/4888
f 2165/4889/4887 2313/4890/4888 2197/4891/4889
f 2197/4891/4889 2313/4890/4888 2312/4892/4890
f 2197/4891/4889 2312/4892/4890 2198/4893/4891
f 2198/4893/4891 2312/4892/4890 2311/4894/4892
f 2198/4893/4891 2311/4894/4892 2199/4895/4893
f 2199/4895/4893 2311/4894/4892 2310/4896/4894
f 2199/4895/4893 2310/4896/4894 2193/4897/4895
f 2193/4897/4895 2310/4896/4894 2191/4823/4821
f 2191/4823/4821 2310/4896/4894 2315/4820/4818
usemtl Paint_-_Enamel_Glossy_(Red)
f 2316/4898/4896 2317/4899/4897 2325/4900/4898
f 2325/4900/4898 2317/4899/4897 2324/4901/4899
f 2324/4901/4899 2317/4899/4897 2318/4902/4900
f 2324/4901/4899 2318/4902/4900 2323/4903/4901
f 2323/4903/4901 2318/4902/4900 2319/4904/4902
f 2323/4903/4901 2319/4904/4902 2322/4905/4903
f 2322/4905/4903 2319/4904/4902 2320/4906/4904
f 2322/4905/4903 2320/4906/4904 2321/4907/4905
f 2320/4908/4906 2326/4909/4907 2321/4910/4908
f 2321/4910/4908 2326/4909/4907 2327/4911/4909
f 2326/4912/4910 2328/4913/4911 2327/4914/4912
f 2327/4914/4912 2328/4913/4911 2329/4915/4913
f 2328/4916/4914 2330/4917/4915 2329/4918/4916
f 2329/4918/4916 2330/4917/4915 2331/4919/4917
f 2330/4920/4918 2332/4921/4919 2331/4922/4920
f 2331/4922/4920 2332/4921/4919 2339/4923/4921
f 2339/4923/4921 2332/4921/4919 2333/4924/4922
f 2339/4923/4921 2333/4924/4922 2338/4925/4923
f 2338/4925/4923 2333/4924/4922 2334/4926/4924
f 2338/4925/4923 2334/4926/4924 2337/4927/4925
f 2337/4927/4925 2334/4926/4924 2335/4928/4926
f 2337/4927/4925 2335/4928/4926 2336/4929/4927
f 2335/4930/4928 2340/4931/4929 2336/4932/4930
f 2336/4932/4930 2340/4931/4929 2347/4933/4931
f 2347/4933/4931 2340/4931/4929 2341/4934/4932
f 2347/4933/4931 2341/4934/4932 2346/4935/4933
f 2346/4935/4933 2341/4934/4932 2342/4936/4934
f 2346/4935/4933 2342/4936/4934 2345/4937/4935
f 2345/4937/4935 2342/4936/4934 2343/4938/4936
f 2345/4937/4935 2343/4938/4936 2344/4939/4937
f 2343/4940/4938 2348/4941/4939 2344/4942/4940
f 2344/4942/4940 2348/4941/4939 2349/4943/4941
f 2348/4944/4942 2350/4945/4943 2349/4946/4944
f 2349/4946/4944 2350/4945/4943 2351/4947/4945
f 2350/4948/4946 2352/4949/4947 2351/4950/4948
f 2351/4950/4948 2352/4949/4947 2353/4951/4949
f 2352/4952/4950 2354/4953/4951 2353/4954/4952
f 2353/4954/4952 2354/4953/4951 2355/4955/4953
f 2354/4956/4954 2356/4957/4955 2355/4958/4956
f 2355/4958/4956 2356/4957/4955 2365/4959/4957
f 2365/4959/4957 2356/4957/4955 2357/4960/4958
f 2365/4959/4957 2357/4960/4958 2364/4961/4959
f 2364/4961/4959 2357/4960/4958 2358/4962/4960
f 2364/4961/4959 2358/4962/4960 2363/4963/4961
f 2363/4963/4961 2358/4962/4960 2359/4964/4962
f 2363/4963/4961 2359/4964/4962 2362/4965/4963
f 2362/4965/4963 2359/4964/4962 2360/4966/4964
f 2362/4965/4963 2360/4966/4964 2361/4967/4965
f 2360/4968/4966 2366/4969/4967 2361/4970/4968
f 2361/4970/4968 2366/4969/4967 2373/4971/4969
f 2373/4971/4969 2366/4969/4967 2367/4972/4970
f 2373/4971/4969 2367/4972/4970 2372/4973/4971
f 2372/4973/4971 2367/4972/4970 2368/4974/4972
f 2372/4973/4971 2368/4974/4972 2371/4975/4973
f 2371/4975/4973 2368/4974/4972 2369/4976/4974
f 2371/4975/4973 2369/4976/4974 2370/4977/4975
f 2369/4978/4976 2374/4979/4977 2370/4980/4978
f 2370/4980/4978 2374/4979/4977 2375/4981/4979
f 2374/4982/4980 2376/4983/4981 2375/4984/4982
f 2375/4984/4982 2376/4983/4981 2383/4985/4983
f 2383/4985/4983 2376/4983/4981 2377/4986/4984
f 2383/4985/4983 2377/4986/4984 2382/4987/4985
f 2382/4987/4985 2377/4986/4984 2378/4988/4986
f 2382/4987/4985 2378/4988/4986 2381/4989/4987
f 2381/4989/4987 2378/4988/4986 2379/4990/4988
f 2381/4989/4987 2379/4990/4988 2380/4991/4989
f 2379/4992/4990 2384/4993/4991 2380/4994/4992
f 2380/4994/4992 2384/4993/4991 2393/4995/4993
f 2393/4995/4993 2384/4993/4991 2385/4996/4994
f 2393/4995/4993 2385/4996/4994 2392/4997/4995
f 2392/4997/4995 2385/4996/4994 2386/4998/4996
f 2392/4997/4995 2386/4998/4996 2391/4999/4997
f 2391/4999/4997 2386/4998/4996 2387/5000/4998
f 2391/4999/4997 2387/5000/4998 2390/5001/4999
f 2390/5001/4999 2387/5000/4998 2388/5002/5000
f 2390/5001/4999 2388/5002/5000 2389/5003/5001
f 2388/5004/5002 2394/5005/5003 2389/5006/5004
f 2389/5006/5004 2394/5005/5003 2395/5007/5005
f 2394/5008/5006 2396/5009/5007 2395/5010/5008
f 2395/5010/5008 2396/5009/5007 2397/5011/5009
f 2396/5012/5010 2398/5013/5011 2397/5014/5012
f 2397/5014/5012 2398/5013/5011 2399/5015/5013
f 2398/5016/5014 2400/5017/5015 2399/5018/5016
f 2399/5018/5016 2400/5017/5015 2401/5019/5017
f 2400/5020/5018 2402/5021/5019 2401/5022/5020
f 2401/5022/5020 2402/5021/5019 2409/5023/5021
f 2409/5023/5021 2402/5021/5019 2403/5024/5022
f 2409/5023/5021 2403/5024/5022 2408/5025/5023
f 2408/5025/5023 2403/5024/5022 2404/5026/5024
f 2408/5025/5023 2404/5026/5024 2407/5027/5025
f 2407/5027/5025 2404/5026/5024 2405/5028/5026
f 2407/5027/5025 2405/5028/5026 2406/5029/5027
f 2405/5030/5028 2410/5031/5029 2406/5032/5030
f 2406/5032/5030 2410/5031/5029 2417/5033/5031
f 2417/5033/5031 2410/5031/5029 2411/5034/5032
f 2417/5033/5031 2411/5034/5032 2416/5035/5033
f 2416/5035/5033 2411/5034/5032 2412/5036/5034
f 2416/5035/5033 2412/5036/5034 2415/5037/5035
f 2415/5037/5035 2412/5036/5034 2413/5038/5036
f 2415/5037/5035 2413/5038/5036 2414/5039/5037
f 2413/5040/5038 2418/5041/5039 2414/5042/5040
f 2414/5042/5040 2418/5041/5039 2425/5043/5041
f 2425/5043/5041 2418/5041/5039 2419/5044/5042
f 2425/5043/5041 2419/5044/5042 2424/5045/5043
f 2424/5045/5043 2419/5044/5042 2420/5046/5044
f 2424/5045/5043 2420/5046/5044 2423/5047/5045
f 2423/5047/5045 2420/5046/5044 2421/5048/5046
f 2423/5047/5045 2421/5048/5046 2422/5049/5047
f 2421/5050/5048 2426/5051/5049 2422/5052/5050
f 2422/5052/5050 2426/5051/5049 2427/5053/5051
f 2426/5054/5052 2428/5055/5053 2427/5056/5054
f 2427/5056/5054 2428/5055/5053 2435/5057/5055
f 2435/5057/5055 2428/5055/5053 2429/5058/5056
f 2435/5057/5055 2429/5058/5056 2434/5059/5057
f 2434/5059/5057 2429/5058/5056 2430/5060/5058
f 2434/5059/5057 2430/5060/5058 2433/5061/5059
f 2433/5061/5059 2430/5060/5058 2431/5062/5060
f 2433/5061/5059 2431/5062/5060 2432/5063/5061
f 2431/5064/5062 2436/5065/5063 2432/5066/5064
f 2432/5066/5064 2436/5065/5063 2443/5067/5065
f 2443/5067/5065 2436/5065/5063 2437/5068/5066
f 2443/5067/5065 2437/5068/5066 2442/5069/5067
f 2442/5069/5067 2437/5068/5066 2438/5070/5068
f 2442/5069/5067 2438/5070/5068 2441/5071/5069
f 2441/5071/5069 2438/5070/5068 2439/5072/5070
f 2441/5071/5069 2439/5072/5070 2440/5073/5071
f 2439/5074/5072 2444/5075/5073 2440/5076/5074
f 2440/5076/5074 2444/5075/5073 2445/5077/5075
f 2444/5078/5076 2446/5079/5077 2445/5080/5078
f 2445/5080/5078 2446/5079/5077 2447/5081/5079
f 2446/5082/5080 2448/5083/5081 2447/5084/5082
f 2447/5084/5082 2448/5083/5081 2455/5085/5083
f 2455/5085/5083 2448/5083/5081 2449/5086/5084
f 2455/5085/5083 2449/5086/5084 2454/5087/5085
f 2454/5087/5085 2449/5086/5084 2450/5088/5086
f 2454/5087/5085 2450/5088/5086 2453/5089/5087
f 2453/5089/5087 2450/5088/5086 2451/5090/5088
f 2453/5089/5087 2451/5090/5088 2452/5091/5089
f 2451/5092/5090 2456/5093/5091 2452/5094/5092
f 2452/5094/5092 2456/5093/5091 2463/5095/5093
f 2463/5095/5093 2456/5093/5091 2457/5096/5094
f 2463/5095/5093 2457/5096/5094 2462/5097/5095
f 2462/5097/5095 2457/5096/5094 2458/5098/5096
f 2462/5097/5095 2458/5098/5096 2461/5099/5097
f 2461/5099/5097 2458/5098/5096 2459/5100/5098
f 2461/5099/5097 2459/5100/5098 2460/5101/5099
f 2459/5102/5100 2464/5103/5101 2460/5104/5102
f 2460/5104/5102 2464/5103/5101 2465/5105/5103
f 2464/5106/5104 2466/5107/5105 2465/5108/5106
f 2465/5108/5106 2466/5107/5105 2467/5109/5107
f 2466/5110/5108 2468/5111/5109 2467/5112/5110
f 2467/5112/5110 2468/5111/5109 2469/5113/5111
f 2468/5114/5112 2470/5115/5113 2469/5116/5114
f 2469/5116/5114 2470/5115/5113 2475/5117/5115
f 2475/5117/5115 2470/5115/5113 2471/5118/5116
f 2475/5117/5115 2471/5118/5116 2474/5119/5117
f 2474/5119/5117 2471/5118/5116 2472/5120/5118
f 2474/5119/5117 2472/5120/5118 2473/5121/5119
f 2473/5121/5119 2472/5120/5118 2316/5122/5120
f 2473/5121/5119 2316/5122/5120 2325/5123/5121
usemtl Paint_-_Metallic_(Silver)
f 2469/5124/5122 2475/5125/5123 2467/5126/5124
f 2467/5126/5124 2475/5125/5123 2474/5127/5125
f 2467/5126/5124 2474/5127/5125 2473/5128/5126
f 2325/5129/5127 2463/5130/5128 2473/5128/5126
f 2473/5128/5126 2463/5130/5128 2462/5131/5129
f 2473/5128/5126 2462/5131/5129 2467/5126/5124
f 2467/5126/5124 2462/5131/5129 2465/5132/5130
f 2465/5132/5130 2462/5131/5129 2461/5133/5131
f 2465/5132/5130 2461/5133/5131 2460/5134/5132
f 2463/5130/5128 2325/5129/5127 2452/5135/5133
f 2452/5135/5133 2325/5129/5127 2324/5136/5134
f 2452/5135/5133 2324/5136/5134 2453/5137/5135
f 2453/5137/5135 2324/5136/5134 2323/5138/5136
f 2453/5137/5135 2323/5138/5136 2454/5139/5137
f 2454/5139/5137 2323/5138/5136 2322/5140/5138
f 2454/5139/5137 2322/5140/5138 2321/5141/5139
f 2327/5142/5140 2447/5143/5141 2321/5141/5139
f 2321/5141/5139 2447/5143/5141 2455/5144/5142
f 2321/5141/5139 2455/5144/5142 2454/5139/5137
f 2329/5145/5143 2370/5146/5144 2327/5142/5140
f 2327/5142/5140 2370/5146/5144 2375/5147/5145
f 2327/5142/5140 2375/5147/5145 2445/5148/5146
f 2445/5148/5146 2375/5147/5145 2440/5149/5147
f 2440/5149/5147 2375/5147/5145 2383/5150/5148
f 2440/5149/5147 2383/5150/5148 2382/5151/5149
f 2331/5152/5150 2351/5153/5151 2329/5145/5143
f 2329/5145/5143 2351/5153/5151 2353/5154/5152
f 2329/5145/5143 2353/5154/5152 2363/5155/5153
f 2363/5155/5153 2353/5154/5152 2364/5156/5154
f 2364/5156/5154 2353/5154/5152 2365/5157/5155
f 2365/5157/5155 2353/5154/5152 2355/5158/5156
f 2331/5152/5150 2339/5159/5157 2351/5153/5151
f 2351/5153/5151 2339/5159/5157 2338/5160/5158
f 2351/5153/5151 2338/5160/5158 2337/5161/5159
f 2337/5161/5159 2336/5162/5160 2351/5153/5151
f 2351/5153/5151 2336/5162/5160 2347/5163/5161
f 2351/5153/5151 2347/5163/5161 2346/5164/5162
f 2351/5153/5151 2346/5164/5162 2349/5165/5163
f 2349/5165/5163 2346/5164/5162 2345/5166/5164
f 2349/5165/5163 2345/5166/5164 2344/5167/5165
f 2363/5155/5153 2362/5168/5166 2329/5145/5143
f 2329/5145/5143 2362/5168/5166 2361/5169/5167
f 2329/5145/5143 2361/5169/5167 2373/5170/5168
f 2373/5170/5168 2372/5171/5169 2329/5145/5143
f 2329/5145/5143 2372/5171/5169 2371/5172/5170
f 2329/5145/5143 2371/5172/5170 2370/5146/5144
f 2440/5149/5147 2382/5151/5149 2441/5173/5171
f 2441/5173/5171 2382/5151/5149 2381/5174/5172
f 2441/5173/5171 2381/5174/5172 2442/5175/5173
f 2442/5175/5173 2381/5174/5172 2380/5176/5174
f 2442/5175/5173 2380/5176/5174 2443/5177/5175
f 2443/5177/5175 2380/5176/5174 2432/5178/5176
f 2432/5178/5176 2380/5176/5174 2393/5179/5177
f 2432/5178/5176 2393/5179/5177 2433/5180/5178
f 2433/5180/5178 2393/5179/5177 2392/5181/5179
f 2433/5180/5178 2392/5181/5179 2434/5182/5180
f 2434/5182/5180 2392/5181/5179 2395/5183/5181
f 2434/5182/5180 2395/5183/5181 2435/5184/5182
f 2435/5184/5182 2395/5183/5181 2427/5185/5183
f 2427/5185/5183 2395/5183/5181 2397/5186/5184
f 2427/5185/5183 2397/5186/5184 2422/5187/5185
f 2422/5187/5185 2397/5186/5184 2423/5188/5186
f 2423/5188/5186 2397/5186/5184 2424/5189/5187
f 2424/5189/5187 2397/5186/5184 2425/5190/5188
f 2425/5190/5188 2397/5186/5184 2414/5191/5189
f 2414/5191/5189 2397/5186/5184 2415/5192/5190
f 2415/5192/5190 2397/5186/5184 2416/5193/5191
f 2416/5193/5191 2397/5186/5184 2417/5194/5192
f 2417/5194/5192 2397/5186/5184 2406/5195/5193
f 2406/5195/5193 2397/5186/5184 2407/5196/5194
f 2407/5196/5194 2397/5186/5184 2408/5197/5195
f 2408/5197/5195 2397/5186/5184 2399/5198/5196
f 2408/5197/5195 2399/5198/5196 2409/5199/5197
f 2409/5199/5197 2399/5198/5196 2401/5200/5198
f 2392/5181/5179 2391/5201/5199 2395/5183/5181
f 2395/5183/5181 2391/5201/5199 2390/5202/5200
f 2395/5183/5181 2390/5202/5200 2389/5203/5201
f 2445/5148/5146 2447/5143/5141 2327/5142/5140
usemtl Paint_-_Enamel_Glossy_(Red)
f 2476/5204/5202 2477/5205/5203 2485/5206/5204
f 2485/5206/5204 2477/5205/5203 2484/5207/5205
f 2484/5207/5205 2477/5205/5203 2478/5208/5206
f 2484/5207/5205 2478/5208/5206 2483/5209/5207
f 2483/5209/5207 2478/5208/5206 2479/5210/5208
f 2483/5209/5207 2479/5210/5208 2482/5211/5209
f 2482/5211/5209 2479/5210/5208 2480/5212/5210
f 2482/5211/5209 2480/5212/5210 2481/5213/5211
f 2480/5214/5212 2486/5215/5213 2481/5216/5214
f 2481/5216/5214 2486/5215/5213 2487/5217/5215
f 2486/5218/5216 2488/5219/5217 2487/5220/5218
f 2487/5220/5218 2488/5219/5217 2489/5221/5219
f 2488/5222/5220 2490/5223/5221 2489/5224/5222
f 2489/5224/5222 2490/5223/5221 2491/5225/5223
f 2490/5226/5224 2492/5227/5225 2491/5228/5226
f 2491/5228/5226 2492/5227/5225 2499/5229/5227
f 2499/5229/5227 2492/5227/5225 2493/5230/5228
f 2499/5229/5227 2493/5230/5228 2498/5231/5229
f 2498/5231/5229 2493/5230/5228 2494/5232/5230
f 2498/5231/5229 2494/5232/5230 2497/5233/5231
f 2497/5233/5231 2494/5232/5230 2495/5234/5232
f 2497/5233/5231 2495/5234/5232 2496/5235/5233
f 2495/5236/5234 2500/5237/5235 2496/5238/5236
f 2496/5238/5236 2500/5237/5235 2501/5239/5237
f 2500/5240/5238 2502/5241/5239 2501/5242/5240
f 2501/5242/5240 2502/5241/5239 2509/5243/5241
f 2509/5243/5241 2502/5241/5239 2503/5244/5242
f 2509/5243/5241 2503/5244/5242 2508/5245/5243
f 2508/5245/5243 2503/5244/5242 2504/5246/5244
f 2508/5245/5243 2504/5246/5244 2507/5247/5245
f 2507/5247/5245 2504/5246/5244 2505/5248/5246
f 2507/5247/5245 2505/5248/5246 2506/5249/5247
f 2505/5250/5248 2510/5251/5249 2506/5252/5250
f 2506/5252/5250 2510/5251/5249 2511/5253/5251
f 2510/5254/5252 2512/5255/5253 2511/5256/5254
f 2511/5256/5254 2512/5255/5253 2513/5257/5255
f 2512/5258/5256 2514/5259/5257 2513/5260/5258
f 2513/5260/5258 2514/5259/5257 2515/5261/5259
f 2514/5262/5260 2516/5263/5261 2515/5264/5262
f 2515/5264/5262 2516/5263/5261 2525/5265/5263
f 2525/5265/5263 2516/5263/5261 2517/5266/5264
f 2525/5265/5263 2517/5266/5264 2524/5267/5265
f 2524/5267/5265 2517/5266/5264 2518/5268/5266
f 2524/5267/5265 2518/5268/5266 2523/5269/5267
f 2523/5269/5267 2518/5268/5266 2519/5270/5268
f 2523/5269/5267 2519/5270/5268 2522/5271/5269
f 2522/5271/5269 2519/5270/5268 2520/5272/5270
f 2522/5271/5269 2520/5272/5270 2521/5273/5271
f 2520/5274/5272 2526/5275/5273 2521/5276/5274
f 2521/5276/5274 2526/5275/5273 2533/5277/5275
f 2533/5277/5275 2526/5275/5273 2527/5278/5276
f 2533/5277/5275 2527/5278/5276 2532/5279/5277
f 2532/5279/5277 2527/5278/5276 2528/5280/5278
f 2532/5279/5277 2528/5280/5278 2531/5281/5279
f 2531/5281/5279 2528/5280/5278 2529/5282/5280
f 2531/5281/5279 2529/5282/5280 2530/5283/5281
f 2529/5284/5282 2534/5285/5283 2530/5286/5284
f 2530/5286/5284 2534/5285/5283 2535/5287/5285
f 2534/5288/5286 2536/5289/5287 2535/5290/5288
f 2535/5290/5288 2536/5289/5287 2537/5291/5289
f 2536/5292/5290 2538/5293/5291 2537/5294/5292
f 2537/5294/5292 2538/5293/5291 2545/5295/5293
f 2545/5295/5293 2538/5293/5291 2539/5296/5294
f 2545/5295/5293 2539/5296/5294 2544/5297/5295
f 2544/5297/5295 2539/5296/5294 2540/5298/5296
f 2544/5297/5295 2540/5298/5296 2543/5299/5297
f 2543/5299/5297 2540/5298/5296 2541/5300/5298
f 2543/5299/5297 2541/5300/5298 2542/5301/5299
f 2541/5302/5300 2546/5303/5301 2542/5304/5302
f 2542/5304/5302 2546/5303/5301 2555/5305/5303
f 2555/5305/5303 2546/5303/5301 2547/5306/5304
f 2555/5305/5303 2547/5306/5304 2554/5307/5305
f 2554/5307/5305 2547/5306/5304 2548/5308/5306
f 2554/5307/5305 2548/5308/5306 2553/5309/5307
f 2553/5309/5307 2548/5308/5306 2549/5310/5308
f 2553/5309/5307 2549/5310/5308 2552/5311/5309
f 2552/5311/5309 2549/5310/5308 2550/5312/5310
f 2552/5311/5309 2550/5312/5310 2551/5313/5311
f 2550/5314/5312 2556/5315/5313 2551/5316/5314
f 2551/5316/5314 2556/5315/5313 2557/5317/5315
f 2556/5318/5316 2558/5319/5317 2557/5320/5318
f 2557/5320/5318 2558/5319/5317 2559/5321/5319
f 2558/5322/5320 2560/5323/5321 2559/5324/5322
f 2559/5324/5322 2560/5323/5321 2561/5325/5323
f 2560/5326/5324 2562/5327/5325 2561/5328/5326
f 2561/5328/5326 2562/5327/5325 2571/5329/5327
f 2571/5329/5327 2562/5327/5325 2563/5330/5328
f 2571/5329/5327 2563/5330/5328 2570/5331/5329
f 2570/5331/5329 2563/5330/5328 2564/5332/5330
f 2570/5331/5329 2564/5332/5330 2569/5333/5331
f 2569/5333/5331 2564/5332/5330 2565/5334/5332
f 2569/5333/5331 2565/5334/5332 2568/5335/5333
f 2568/5335/5333 2565/5334/5332 2566/5336/5334
f 2568/5335/5333 2566/5336/5334 2567/5337/5335
f 2566/5338/5336 2572/5339/5337 2567/5340/5338
f 2567/5340/5338 2572/5339/5337 2579/5341/5339
f 2579/5341/5339 2572/5339/5337 2573/5342/5340
f 2579/5341/5339 2573/5342/5340 2578/5343/5341
f 2578/5343/5341 2573/5342/5340 2574/5344/5342
f 2578/5343/5341 2574/5344/5342 2577/5345/5343
f 2577/5345/5343 2574/5344/5342 2575/5346/5344
f 2577/5345/5343 2575/5346/5344 2576/5347/5345
f 2575/5348/5346 2580/5349/5347 2576/5350/5348
f 2576/5350/5348 2580/5349/5347 2581/5351/5349
f 2580/5352/5350 2582/5353/5351 2581/5354/5352
f 2581/5354/5352 2582/5353/5351 2583/5355/5353
f 2582/5356/5354 2584/5357/5355 2583/5358/5356
f 2583/5358/5356 2584/5357/5355 2589/5359/5357
f 2589/5359/5357 2584/5357/5355 2585/5360/5358
f 2589/5359/5357 2585/5360/5358 2588/5361/5359
f 2588/5361/5359 2585/5360/5358 2586/5362/5360
f 2588/5361/5359 2586/5362/5360 2587/5363/5361
f 2587/5363/5361 2586/5362/5360 2476/5364/5362
f 2587/5363/5361 2476/5364/5362 2485/5365/5363
usemtl Paint_-_Metallic_(Silver)
f 2581/5366/5364 2583/5367/5365 2496/5368/5366
f 2496/5368/5366 2583/5367/5365 2589/5369/5367
f 2496/5368/5366 2589/5369/5367 2497/5370/5368
f 2497/5370/5368 2589/5369/5367 2588/5371/5369
f 2497/5370/5368 2588/5371/5369 2498/5372/5370
f 2498/5372/5370 2588/5371/5369 2587/5373/5371
f 2498/5372/5370 2587/5373/5371 2485/5374/5372
f 2484/5375/5373 2491/5376/5374 2485/5374/5372
f 2485/5374/5372 2491/5376/5374 2499/5377/5375
f 2485/5374/5372 2499/5377/5375 2498/5372/5370
f 2491/5376/5374 2484/5375/5373 2489/5378/5376
f 2489/5378/5376 2484/5375/5373 2483/5379/5377
f 2489/5378/5376 2483/5379/5377 2482/5380/5378
f 2481/5381/5379 2487/5382/5380 2482/5380/5378
f 2482/5380/5378 2487/5382/5380 2489/5378/5376
f 2581/5366/5364 2496/5368/5366 2535/5383/5381
f 2535/5383/5381 2496/5368/5366 2501/5384/5382
f 2535/5383/5381 2501/5384/5382 2530/5385/5383
f 2530/5385/5383 2501/5384/5382 2531/5386/5384
f 2531/5386/5384 2501/5384/5382 2532/5387/5385
f 2532/5387/5385 2501/5384/5382 2509/5388/5386
f 2532/5387/5385 2509/5388/5386 2533/5389/5387
f 2533/5389/5387 2509/5388/5386 2508/5390/5388
f 2533/5389/5387 2508/5390/5388 2521/5391/5389
f 2521/5391/5389 2508/5390/5388 2507/5392/5390
f 2521/5391/5389 2507/5392/5390 2522/5393/5391
f 2522/5393/5391 2507/5392/5390 2506/5394/5392
f 2522/5393/5391 2506/5394/5392 2511/5395/5393
f 2513/5396/5394 2524/5397/5395 2511/5395/5393
f 2511/5395/5393 2524/5397/5395 2523/5398/5396
f 2511/5395/5393 2523/5398/5396 2522/5393/5391
f 2515/5399/5397 2525/5400/5398 2513/5396/5394
f 2513/5396/5394 2525/5400/5398 2524/5397/5395
f 2535/5383/5381 2537/5401/5399 2581/5366/5364
f 2581/5366/5364 2537/5401/5399 2576/5402/5400
f 2576/5402/5400 2537/5401/5399 2545/5403/5401
f 2576/5402/5400 2545/5403/5401 2577/5404/5402
f 2577/5404/5402 2545/5403/5401 2544/5405/5403
f 2577/5404/5402 2544/5405/5403 2578/5406/5404
f 2578/5406/5404 2544/5405/5403 2543/5407/5405
f 2578/5406/5404 2543/5407/5405 2579/5408/5406
f 2579/5408/5406 2543/5407/5405 2542/5409/5407
f 2579/5408/5406 2542/5409/5407 2567/5410/5408
f 2567/5410/5408 2542/5409/5407 2555/5411/5409
f 2567/5410/5408 2555/5411/5409 2568/5412/5410
f 2568/5412/5410 2555/5411/5409 2554/5413/5411
f 2568/5412/5410 2554/5413/5411 2569/5414/5412
f 2569/5414/5412 2554/5413/5411 2557/5415/5413
f 2569/5414/5412 2557/5415/5413 2559/5416/5414
f 2554/5413/5411 2553/5417/5415 2557/5415/5413
f 2557/5415/5413 2553/5417/5415 2552/5418/5416
f 2557/5415/5413 2552/5418/5416 2551/5419/5417
f 2561/5420/5418 2571/5421/5419 2559/5416/5414
f 2559/5416/5414 2571/5421/5419 2570/5422/5420
f 2559/5416/5414 2570/5422/5420 2569/5414/5412
usemtl Paint_-_Enamel_Glossy_(Red)
f 1210/5423/5421 1361/5424/5422 1211/5425/5423
f 1211/5425/5423 1361/5424/5422 1359/5426/5424
f 1211/5425/5423 1359/5426/5424 1221/5427/5425
f 1221/5427/5425 1359/5426/5424 1234/5428/5426
f 1221/5427/5425 1234/5428/5426 1223/5429/5427
f 1223/5429/5427 1234/5428/5426 1233/5430/5428
f 1223/5429/5427 1233/5430/5428 1224/5431/5429
f 1224/5431/5429 1233/5430/5428 1232/5432/5430
f 1224/5431/5429 1232/5432/5430 1225/5433/5431
f 1225/5433/5431 1232/5432/5430 1231/5434/5432
f 1225/5433/5431 1231/5434/5432 1226/5435/5433
f 1361/5424/5422 1210/5423/5421 1362/5436/5434
f 1362/5436/5434 1210/5423/5421 1209/5437/5435
f 1362/5436/5434 1209/5437/5435 1363/5438/5436
f 1363/5438/5436 1209/5437/5435 1208/5439/5437
f 1363/5438/5436 1208/5439/5437 1207/5440/5438
f 1359/5426/5424 1357/5441/5439 1234/5428/5426
f 1234/5428/5426 1357/5441/5439 1239/5442/5440
f 1239/5442/5440 1357/5441/5439 1838/5443/5441
f 1239/5442/5440 1838/5443/5441 1837/5444/5442
f 1355/5445/5443 1840/5446/5444 1357/5441/5439
f 1357/5441/5439 1840/5446/5444 1839/5447/5445
f 1357/5441/5439 1839/5447/5445 1838/5443/5441
f 1350/5448/5446 1291/5449/5447 1355/5445/5443
f 1355/5445/5443 1291/5449/5447 1289/5450/5448
f 1355/5445/5443 1289/5450/5448 1845/5451/5449
f 1845/5451/5449 1289/5450/5448 1909/5452/5450
f 1845/5451/5449 1909/5452/5450 1846/5453/5451
f 1846/5453/5451 1909/5452/5450 1847/5454/5452
f 1847/5454/5452 1909/5452/5450 1848/5455/5453
f 1848/5455/5453 1909/5452/5450 1853/5456/5454
f 1853/5456/5454 1909/5452/5450 1904/5457/5455
f 1853/5456/5454 1904/5457/5455 1854/5458/5456
f 1854/5458/5456 1904/5457/5455 1855/5459/5457
f 1855/5459/5457 1904/5457/5455 1856/5460/5458
f 1856/5460/5458 1904/5457/5455 1861/5461/5459
f 1861/5461/5459 1904/5457/5455 1862/5462/5460
f 1862/5462/5460 1904/5457/5455 1903/5463/5461
f 1862/5462/5460 1903/5463/5461 1902/5464/5462
f 1349/5465/5463 1339/5466/5464 1350/5448/5446
f 1350/5448/5446 1339/5466/5464 1337/5467/5465
f 1350/5448/5446 1337/5467/5465 1312/5468/5466
f 1312/5468/5466 1337/5467/5465 1330/5469/5467
f 1312/5468/5466 1330/5469/5467 1317/5470/5468
f 1317/5470/5468 1330/5469/5467 1319/5471/5469
f 1319/5471/5469 1330/5469/5467 1329/5472/5470
f 1319/5471/5469 1329/5472/5470 1320/5473/5471
f 1320/5473/5471 1329/5472/5470 1328/5474/5472
f 1320/5473/5471 1328/5474/5472 1321/5475/5473
f 1321/5475/5473 1328/5474/5472 1327/5476/5474
f 1321/5475/5473 1327/5476/5474 1322/5477/5475
f 1339/5466/5464 1349/5465/5463 1340/5478/5476
f 1340/5478/5476 1349/5465/5463 1348/5479/5477
f 1340/5478/5476 1348/5479/5477 1341/5480/5478
f 1341/5480/5478 1348/5479/5477 1347/5481/5479
f 1341/5480/5478 1347/5481/5479 1342/5482/5480
f 1337/5467/5465 1335/5483/5481 1330/5469/5467
f 1312/5468/5466 1311/5484/5482 1350/5448/5446
f 1350/5448/5446 1311/5484/5482 1310/5485/5483
f 1350/5448/5446 1310/5485/5483 1309/5486/5484
f 1304/5487/5485 1295/5488/5486 1309/5486/5484
f 1309/5486/5484 1295/5488/5486 1294/5489/5487
f 1309/5486/5484 1294/5489/5487 1350/5448/5446
f 1350/5448/5446 1294/5489/5487 1293/5490/5488
f 1350/5448/5446 1293/5490/5488 1291/5449/5447
f 1304/5487/5485 1303/5491/5489 1295/5488/5486
f 1295/5488/5486 1303/5491/5489 1301/5492/5490
f 1295/5488/5486 1301/5492/5490 1296/5493/5491
f 1303/5491/5489 1302/5494/5492 1301/5492/5490
f 1909/5452/5450 1289/5450/5448 1911/5495/5493
f 1911/5495/5493 1289/5450/5448 1287/5496/5494
f 1911/5495/5493 1287/5496/5494 1913/5497/5495
f 1913/5497/5495 1287/5496/5494 1622/5498/5496
f 1913/5497/5495 1622/5498/5496 1942/5499/5497
f 1942/5499/5497 1622/5498/5496 1737/5500/5498
f 1942/5499/5497 1737/5500/5498 1943/5501/5499
f 1943/5501/5499 1737/5500/5498 2556/5502/5500
f 1943/5501/5499 2556/5502/5500 1948/5503/5501
f 1948/5503/5501 2556/5502/5500 1949/5504/5502
f 1949/5504/5502 2556/5502/5500 1950/5505/5503
f 1950/5505/5503 2556/5502/5500 1951/5506/5504
f 1951/5506/5504 2556/5502/5500 1956/5507/5505
f 1956/5507/5505 2556/5502/5500 2550/5508/5506
f 1956/5507/5505 2550/5508/5506 1957/5509/5507
f 1957/5509/5507 2550/5508/5506 1958/5510/5508
f 1958/5510/5508 2550/5508/5506 1959/5511/5509
f 1959/5511/5509 2550/5508/5506 2536/5512/5510
f 1959/5511/5509 2536/5512/5510 2514/5513/5511
f 2514/5513/5511 2536/5512/5510 2534/5514/5512
f 2514/5513/5511 2534/5514/5512 2529/5515/5513
f 1287/5496/5494 1285/5516/5514 1622/5498/5496
f 1622/5498/5496 1285/5516/5514 1627/5517/5515
f 1627/5517/5515 1285/5516/5514 1279/5518/5516
f 1627/5517/5515 1279/5518/5516 1629/5519/5517
f 1629/5519/5517 1279/5518/5516 1265/5520/5518
f 1629/5519/5517 1265/5520/5518 1667/5521/5519
f 1667/5521/5519 1265/5520/5518 1260/5522/5520
f 1667/5521/5519 1260/5522/5520 1668/5523/5521
f 1668/5523/5521 1260/5522/5520 1245/5524/5522
f 1668/5523/5521 1245/5524/5522 2604/5525/5523
f 2604/5525/5523 1245/5524/5522 1243/5526/5524
f 2604/5525/5523 1243/5526/5524 2603/5527/5525
f 2603/5527/5525 1243/5526/5524 2602/5528/5526
f 2602/5528/5526 1243/5526/5524 1241/5529/5527
f 2602/5528/5526 1241/5529/5527 2601/5530/5528
f 2601/5530/5528 1241/5529/5527 2600/5531/5529
f 2600/5531/5529 1241/5529/5527 1239/5442/5440
f 2600/5531/5529 1239/5442/5440 1831/5532/5530
f 1831/5532/5530 1239/5442/5440 1832/5533/5531
f 1832/5533/5531 1239/5442/5440 1837/5444/5442
f 1278/5534/5532 1268/5535/5533 1279/5518/5516
f 1279/5518/5516 1268/5535/5533 1267/5536/5534
f 1279/5518/5516 1267/5536/5534 1265/5520/5518
f 1268/5535/5533 1278/5534/5532 1269/5537/5535
f 1269/5537/5535 1278/5534/5532 1277/5538/5536
f 1269/5537/5535 1277/5538/5536 1276/5539/5537
f 1276/5539/5537 1275/5540/5538 1269/5537/5535
f 1269/5537/5535 1275/5540/5538 1270/5541/5539
f 1260/5522/5520 1259/5542/5540 1245/5524/5522
f 1245/5524/5522 1259/5542/5540 1258/5543/5541
f 1245/5524/5522 1258/5543/5541 1257/5544/5542
f 1251/5545/5543 1250/5546/5544 1257/5544/5542
f 1257/5544/5542 1250/5546/5544 1247/5547/5545
f 1257/5544/5542 1247/5547/5545 1245/5524/5522
f 1250/5546/5544 1249/5548/5546 1247/5547/5545
f 1247/5547/5545 1249/5548/5546 1248/5549/5547
f 1221/5427/5425 1219/5550/5548 1211/5425/5423
f 1211/5425/5423 1219/5550/5548 1217/5551/5549
f 1370/5552/5550 1473/5553/5551 1371/5554/5552
f 1371/5554/5552 1473/5553/5551 1379/5555/5553
f 1371/5554/5552 1379/5555/5553 1377/5556/5554
f 1370/5552/5550 1369/5557/5555 1473/5553/5551
f 1473/5553/5551 1369/5557/5555 1475/5558/5556
f 1475/5558/5556 1369/5557/5555 1368/5559/5557
f 1475/5558/5556 1368/5559/5557 1476/5560/5558
f 1476/5560/5558 1368/5559/5557 1477/5561/5559
f 1477/5561/5559 1368/5559/5557 1478/5562/5560
f 1478/5562/5560 1368/5559/5557 1367/5563/5561
f 1473/5553/5551 1471/5564/5562 1379/5555/5553
f 1379/5555/5553 1471/5564/5562 2622/5565/5563
f 1379/5555/5553 2622/5565/5563 2623/5566/5564
f 2622/5565/5563 1471/5564/5562 2621/5567/5565
f 2621/5567/5565 1471/5564/5562 1469/5568/5566
f 2621/5567/5565 1469/5568/5566 2620/5569/5567
f 2620/5569/5567 1469/5568/5566 2619/5570/5568
f 2619/5570/5568 1469/5568/5566 1463/5571/5569
f 2619/5570/5568 1463/5571/5569 2078/5572/5570
f 2078/5572/5570 1463/5571/5569 1449/5573/5571
f 2078/5572/5570 1449/5573/5571 1447/5574/5572
f 1462/5575/5573 1452/5576/5574 1463/5571/5569
f 1463/5571/5569 1452/5576/5574 1451/5577/5575
f 1463/5571/5569 1451/5577/5575 1449/5573/5571
f 1452/5576/5574 1462/5575/5573 1453/5578/5576
f 1453/5578/5576 1462/5575/5573 1461/5579/5577
f 1453/5578/5576 1461/5579/5577 1460/5580/5578
f 1460/5580/5578 1459/5581/5579 1453/5578/5576
f 1453/5578/5576 1459/5581/5579 1454/5582/5580
f 1445/5583/5581 2122/5584/5582 1447/5574/5572
f 1447/5574/5572 2122/5584/5582 2116/5585/5583
f 1447/5574/5572 2116/5585/5583 2078/5572/5570
f 2078/5572/5570 2116/5585/5583 2102/5586/5584
f 2078/5572/5570 2102/5586/5584 2080/5587/5585
f 2080/5587/5585 2102/5586/5584 2100/5588/5586
f 2080/5587/5585 2100/5588/5586 2095/5589/5587
f 1443/5590/5588 1438/5591/5589 1445/5583/5581
f 1445/5583/5581 1438/5591/5589 1425/5592/5590
f 1445/5583/5581 1425/5592/5590 1423/5593/5591
f 1438/5591/5589 1437/5594/5592 1425/5592/5590
f 1425/5592/5590 1437/5594/5592 1427/5595/5593
f 1427/5595/5593 1437/5594/5592 1436/5596/5594
f 1427/5595/5593 1436/5596/5594 1435/5597/5595
f 1430/5598/5596 1429/5599/5597 1435/5597/5595
f 1435/5597/5595 1429/5599/5597 1428/5600/5598
f 1435/5597/5595 1428/5600/5598 1427/5595/5593
f 1421/5601/5599 1527/5602/5600 1423/5593/5591
f 1423/5593/5591 1527/5602/5600 2122/5584/5582
f 1423/5593/5591 2122/5584/5582 1445/5583/5581
f 1527/5602/5600 1421/5601/5599 1529/5603/5601
f 1529/5603/5601 1421/5601/5599 1415/5604/5602
f 1529/5603/5601 1415/5604/5602 1544/5605/5603
f 1544/5605/5603 1415/5604/5602 1549/5606/5604
f 1549/5606/5604 1415/5604/5602 1401/5607/5605
f 1549/5606/5604 1401/5607/5605 1396/5608/5606
f 1414/5609/5607 1404/5610/5608 1415/5604/5602
f 1415/5604/5602 1404/5610/5608 1403/5611/5609
f 1415/5604/5602 1403/5611/5609 1401/5607/5605
f 1413/5612/5610 1412/5613/5611 1414/5609/5607
f 1414/5609/5607 1412/5613/5611 1411/5614/5612
f 1414/5609/5607 1411/5614/5612 1405/5615/5613
f 1405/5615/5613 1411/5614/5612 1406/5616/5614
f 1405/5615/5613 1404/5610/5608 1414/5609/5607
f 1395/5617/5615 1383/5618/5616 1396/5608/5606
f 1396/5608/5606 1383/5618/5616 1563/5619/5617
f 1396/5608/5606 1563/5619/5617 1549/5606/5604
f 1549/5606/5604 1563/5619/5617 1551/5620/5618
f 1551/5620/5618 1563/5619/5617 1552/5621/5619
f 1552/5621/5619 1563/5619/5617 1553/5622/5620
f 1553/5622/5620 1563/5619/5617 1562/5623/5621
f 1553/5622/5620 1562/5623/5621 1561/5624/5622
f 1383/5618/5616 1395/5617/5615 1385/5625/5623
f 1385/5625/5623 1395/5617/5615 1394/5626/5624
f 1385/5625/5623 1394/5626/5624 1393/5627/5625
f 1388/5628/5626 1387/5629/5627 1393/5627/5625
f 1393/5627/5625 1387/5629/5627 1386/5630/5628
f 1393/5627/5625 1386/5630/5628 1385/5625/5623
f 1563/5619/5617 1383/5618/5616 2624/5631/5629
f 2624/5631/5629 1383/5618/5616 1381/5632/5630
f 2624/5631/5629 1381/5632/5630 2623/5566/5564
f 2623/5566/5564 1381/5632/5630 1379/5555/5553
f 1483/5633/5631 2627/5634/5632 1484/5635/5633
f 1484/5635/5633 2627/5634/5632 2295/5636/5634
f 1484/5635/5633 2295/5636/5634 2294/5637/5635
f 2627/5634/5632 1483/5633/5631 2626/5638/5636
f 2626/5638/5636 1483/5633/5631 1569/5639/5637
f 2626/5638/5636 1569/5639/5637 2625/5640/5638
f 2625/5640/5638 1569/5639/5637 2624/5631/5629
f 2624/5631/5629 1569/5639/5637 1563/5619/5617
f 1561/5624/5622 1560/5641/5639 1553/5622/5620
f 1553/5622/5620 1560/5641/5639 1559/5642/5640
f 1553/5622/5620 1559/5642/5640 1554/5643/5641
f 1544/5605/5603 1543/5644/5642 1529/5603/5601
f 1529/5603/5601 1543/5644/5642 1542/5645/5643
f 1529/5603/5601 1542/5645/5643 1541/5646/5644
f 1535/5647/5645 1534/5648/5646 1541/5646/5644
f 1541/5646/5644 1534/5648/5646 1531/5649/5647
f 1541/5646/5644 1531/5649/5647 1529/5603/5601
f 1534/5648/5646 1533/5650/5648 1531/5649/5647
f 1531/5649/5647 1533/5650/5648 1532/5651/5649
f 1527/5602/5600 1525/5652/5650 2122/5584/5582
f 2122/5584/5582 1525/5652/5650 2242/5653/5651
f 2122/5584/5582 2242/5653/5651 2124/5654/5652
f 2124/5654/5652 2242/5653/5651 1737/5500/5498
f 2124/5654/5652 1737/5500/5498 2394/5655/5653
f 2394/5655/5653 1737/5500/5498 2396/5656/5654
f 2396/5656/5654 1737/5500/5498 1735/5657/5655
f 2396/5656/5654 1735/5657/5655 1729/5658/5656
f 2242/5653/5651 1525/5652/5650 2244/5659/5657
f 2244/5659/5657 1525/5652/5650 1519/5660/5658
f 2244/5659/5657 1519/5660/5658 2275/5661/5659
f 2275/5661/5659 1519/5660/5658 2276/5662/5660
f 2276/5662/5660 1519/5660/5658 2277/5663/5661
f 2277/5663/5661 1519/5660/5658 1505/5664/5662
f 2277/5663/5661 1505/5664/5662 2282/5665/5663
f 2282/5665/5663 1505/5664/5662 2283/5666/5664
f 2283/5666/5664 1505/5664/5662 1500/5667/5665
f 2283/5666/5664 1500/5667/5665 2284/5668/5666
f 2284/5668/5666 1500/5667/5665 2285/5669/5667
f 2285/5669/5667 1500/5667/5665 2286/5670/5668
f 2286/5670/5668 1500/5667/5665 1484/5635/5633
f 2286/5670/5668 1484/5635/5633 2287/5671/5669
f 2287/5671/5669 1484/5635/5633 2294/5637/5635
f 1518/5672/5670 1508/5673/5671 1519/5660/5658
f 1519/5660/5658 1508/5673/5671 1507/5674/5672
f 1519/5660/5658 1507/5674/5672 1505/5664/5662
f 1517/5675/5673 1516/5676/5674 1518/5672/5670
f 1518/5672/5670 1516/5676/5674 1515/5677/5675
f 1518/5672/5670 1515/5677/5675 1509/5678/5676
f 1509/5678/5676 1515/5677/5675 1510/5679/5677
f 1509/5678/5676 1508/5673/5671 1518/5672/5670
f 1500/5667/5665 1499/5680/5678 1484/5635/5633
f 1484/5635/5633 1499/5680/5678 1498/5681/5679
f 1484/5635/5633 1498/5681/5679 1487/5682/5680
f 1487/5682/5680 1498/5681/5679 1497/5683/5681
f 1487/5682/5680 1497/5683/5681 1488/5684/5682
f 1488/5684/5682 1497/5683/5681 1489/5685/5683
f 1489/5685/5683 1497/5683/5681 1490/5686/5684
f 1490/5686/5684 1497/5683/5681 1491/5687/5685
f 1619/5688/5686 1613/5689/5687 1739/5690/5688
f 1739/5690/5688 1613/5689/5687 1612/5691/5689
f 1739/5690/5688 1612/5691/5689 1754/5692/5690
f 1754/5692/5690 1612/5691/5689 1611/5693/5691
f 1754/5692/5690 1611/5693/5691 1610/5694/5692
f 1610/5694/5692 1609/5695/5693 1754/5692/5690
f 1754/5692/5690 1609/5695/5693 1765/5696/5694
f 1754/5692/5690 1765/5696/5694 1764/5697/5695
f 1764/5697/5695 1763/5698/5696 1754/5692/5690
f 1754/5692/5690 1763/5698/5696 1761/5699/5697
f 1754/5692/5690 1761/5699/5697 1759/5700/5698
f 1754/5692/5690 1753/5701/5699 1739/5690/5688
f 1739/5690/5688 1753/5701/5699 1752/5702/5700
f 1739/5690/5688 1752/5702/5700 1751/5703/5701
f 1745/5704/5702 1744/5705/5703 1751/5703/5701
f 1751/5703/5701 1744/5705/5703 1743/5706/5704
f 1751/5703/5701 1743/5706/5704 1742/5707/5705
f 1742/5707/5705 1741/5708/5706 1751/5703/5701
f 1751/5703/5701 1741/5708/5706 1739/5690/5688
f 1619/5688/5686 1739/5690/5688 1620/5709/5707
f 1620/5709/5707 1739/5690/5688 1737/5500/5498
f 1620/5709/5707 1737/5500/5498 1621/5710/5708
f 1621/5710/5708 1737/5500/5498 1622/5498/5496
f 1728/5711/5709 1719/5712/5710 1729/5658/5656
f 1729/5658/5656 1719/5712/5710 1718/5713/5711
f 1729/5658/5656 1718/5713/5711 1717/5714/5712
f 1728/5711/5709 1727/5715/5713 1719/5712/5710
f 1719/5712/5710 1727/5715/5713 1726/5716/5714
f 1719/5712/5710 1726/5716/5714 1725/5717/5715
f 1725/5717/5715 1720/5718/5716 1719/5712/5710
f 1717/5714/5712 1715/5719/5717 1729/5658/5656
f 1729/5658/5656 1715/5719/5717 2398/5720/5718
f 1729/5658/5656 2398/5720/5718 2396/5656/5654
f 1715/5719/5717 1710/5721/5719 2398/5720/5718
f 2398/5720/5718 1710/5721/5719 2464/5722/5720
f 2398/5720/5718 2464/5722/5720 2400/5723/5721
f 2400/5723/5721 2464/5722/5720 2459/5724/5722
f 2400/5723/5721 2459/5724/5722 2402/5725/5723
f 2402/5725/5723 2459/5724/5722 2403/5726/5724
f 2403/5726/5724 2459/5724/5722 2418/5727/5725
f 2403/5726/5724 2418/5727/5725 2404/5728/5726
f 2404/5728/5726 2418/5727/5725 2405/5729/5727
f 2405/5729/5727 2418/5727/5725 2413/5730/5728
f 2405/5729/5727 2413/5730/5728 2412/5731/5729
f 1709/5732/5730 1695/5733/5731 1710/5721/5719
f 1710/5721/5719 1695/5733/5731 2348/5734/5732
f 1710/5721/5719 2348/5734/5732 2466/5735/5733
f 2466/5735/5733 2348/5734/5732 2343/5736/5734
f 2466/5735/5733 2343/5736/5734 2468/5737/5735
f 2468/5737/5735 2343/5736/5734 2330/5738/5736
f 2468/5737/5735 2330/5738/5736 2320/5739/5737
f 2320/5739/5737 2330/5738/5736 2328/5740/5738
f 2320/5739/5737 2328/5740/5738 2326/5741/5739
f 1709/5732/5730 1708/5742/5740 1695/5733/5731
f 1695/5733/5731 1708/5742/5740 1697/5743/5741
f 1697/5743/5741 1708/5742/5740 1707/5744/5742
f 1697/5743/5741 1707/5744/5742 1698/5745/5743
f 1698/5745/5743 1707/5744/5742 1699/5746/5744
f 1699/5746/5744 1707/5744/5742 1700/5747/5745
f 1700/5747/5745 1707/5744/5742 1701/5748/5746
f 2348/5734/5732 1695/5733/5731 2609/5749/5747
f 2609/5749/5747 1695/5733/5731 1693/5750/5748
f 2609/5749/5747 1693/5750/5748 2608/5751/5749
f 2608/5751/5749 1693/5750/5748 2607/5752/5750
f 2607/5752/5750 1693/5750/5748 1688/5753/5751
f 2607/5752/5750 1688/5753/5751 1687/5754/5752
f 2607/5752/5750 1687/5754/5752 2606/5755/5753
f 2606/5755/5753 1687/5754/5752 1686/5756/5754
f 2606/5755/5753 1686/5756/5754 1685/5757/5755
f 1685/5757/5755 1679/5758/5756 2606/5755/5753
f 2606/5755/5753 1679/5758/5756 2605/5759/5757
f 2605/5759/5757 1679/5758/5756 1678/5760/5758
f 2605/5759/5757 1678/5760/5758 1677/5761/5759
f 1677/5761/5759 1676/5762/5760 2605/5759/5757
f 2605/5759/5757 1676/5762/5760 1675/5763/5761
f 2605/5759/5757 1675/5763/5761 2604/5525/5523
f 2604/5525/5523 1675/5763/5761 1668/5523/5521
f 1629/5519/5517 1667/5521/5519 1641/5764/5762
f 1641/5764/5762 1667/5521/5519 1666/5765/5763
f 1641/5764/5762 1666/5765/5763 1642/5766/5764
f 1642/5766/5764 1666/5765/5763 1647/5767/5765
f 1647/5767/5765 1666/5765/5763 1648/5768/5766
f 1648/5768/5766 1666/5765/5763 1665/5769/5767
f 1648/5768/5766 1665/5769/5767 1649/5770/5768
f 1649/5770/5768 1665/5769/5767 1664/5771/5769
f 1649/5770/5768 1664/5771/5769 1650/5772/5770
f 1650/5772/5770 1664/5771/5769 1663/5773/5771
f 1650/5772/5770 1663/5773/5771 1655/5774/5772
f 1655/5774/5772 1663/5773/5771 1656/5775/5773
f 1656/5775/5773 1663/5773/5771 1657/5776/5774
f 1657/5776/5774 1663/5773/5771 1658/5777/5775
f 1641/5764/5762 1640/5778/5776 1629/5519/5517
f 1629/5519/5517 1640/5778/5776 1639/5779/5777
f 1629/5519/5517 1639/5779/5777 1634/5780/5778
f 1634/5780/5778 1633/5781/5779 1629/5519/5517
f 1629/5519/5517 1633/5781/5779 1631/5782/5780
f 1631/5782/5780 1633/5781/5779 1632/5783/5781
f 1773/5784/5782 2038/5785/5783 1774/5786/5784
f 1774/5786/5784 2038/5785/5783 2037/5787/5785
f 1774/5786/5784 2037/5787/5785 1805/5788/5786
f 1805/5788/5786 2037/5787/5785 2036/5789/5787
f 1805/5788/5786 2036/5789/5787 2034/5790/5788
f 1773/5784/5782 1772/5791/5789 2038/5785/5783
f 2038/5785/5783 1772/5791/5789 1771/5792/5790
f 2038/5785/5783 1771/5792/5790 1770/5793/5791
f 1770/5793/5791 1769/5794/5792 2038/5785/5783
f 2032/5795/5793 2597/5796/5794 2034/5790/5788
f 2034/5790/5788 2597/5796/5794 1813/5797/5795
f 2034/5790/5788 1813/5797/5795 1808/5798/5796
f 2597/5796/5794 2032/5795/5793 2596/5799/5797
f 2596/5799/5797 2032/5795/5793 2030/5800/5798
f 2596/5799/5797 2030/5800/5798 2512/5801/5799
f 2512/5801/5799 2030/5800/5798 1967/5802/5800
f 2512/5801/5799 1967/5802/5800 1966/5803/5801
f 2025/5804/5802 1973/5805/5803 2030/5800/5798
f 2030/5800/5798 1973/5805/5803 1972/5806/5804
f 2030/5800/5798 1972/5806/5804 1967/5802/5800
f 2024/5807/5805 1981/5808/5806 2025/5804/5802
f 2025/5804/5802 1981/5808/5806 1980/5809/5807
f 2025/5804/5802 1980/5809/5807 1975/5810/5808
f 2024/5807/5805 2023/5811/5809 1981/5808/5806
f 1981/5808/5806 2023/5811/5809 2022/5812/5810
f 1981/5808/5806 2022/5812/5810 1982/5813/5811
f 1982/5813/5811 2022/5812/5810 2017/5814/5812
f 1982/5813/5811 2017/5814/5812 2016/5815/5813
f 2016/5815/5813 2015/5816/5814 1982/5813/5811
f 1982/5813/5811 2015/5816/5814 2014/5817/5815
f 1982/5813/5811 2014/5817/5815 2009/5818/5816
f 2009/5818/5816 2008/5819/5817 1982/5813/5811
f 1982/5813/5811 2008/5819/5817 1983/5820/5818
f 1983/5820/5818 2008/5819/5817 1988/5821/5819
f 1988/5821/5819 2008/5819/5817 1989/5822/5820
f 1989/5822/5820 2008/5819/5817 1990/5823/5821
f 1990/5823/5821 2008/5819/5817 2007/5824/5822
f 1990/5823/5821 2007/5824/5822 2006/5825/5823
f 2000/5826/5824 1999/5827/5825 2006/5825/5823
f 2006/5825/5823 1999/5827/5825 1996/5828/5826
f 2006/5825/5823 1996/5828/5826 1991/5829/5827
f 1999/5827/5825 1998/5830/5828 1996/5828/5826
f 1996/5828/5826 1998/5830/5828 1997/5831/5829
f 1991/5829/5827 1990/5823/5821 2006/5825/5823
f 1975/5810/5808 1974/5832/5830 2025/5804/5802
f 2025/5804/5802 1974/5832/5830 1973/5805/5803
f 1966/5803/5801 1965/5833/5831 2512/5801/5799
f 2512/5801/5799 1965/5833/5831 1964/5834/5832
f 2512/5801/5799 1964/5834/5832 2514/5513/5511
f 2514/5513/5511 1964/5834/5832 1959/5511/5509
f 1942/5499/5497 1941/5835/5833 1913/5497/5495
f 1913/5497/5495 1941/5835/5833 1940/5836/5834
f 1913/5497/5495 1940/5836/5834 1935/5837/5835
f 1935/5837/5835 1934/5838/5836 1913/5497/5495
f 1913/5497/5495 1934/5838/5836 1933/5839/5837
f 1913/5497/5495 1933/5839/5837 1932/5840/5838
f 1920/5841/5839 1919/5842/5840 1932/5840/5838
f 1932/5840/5838 1919/5842/5840 1918/5843/5841
f 1932/5840/5838 1918/5843/5841 1917/5844/5842
f 1917/5844/5842 1916/5845/5843 1932/5840/5838
f 1932/5840/5838 1916/5845/5843 1915/5846/5844
f 1932/5840/5838 1915/5846/5844 1913/5497/5495
f 1902/5464/5462 1901/5847/5845 1862/5462/5460
f 1862/5462/5460 1901/5847/5845 1896/5848/5846
f 1862/5462/5460 1896/5848/5846 1895/5849/5847
f 1862/5462/5460 1895/5849/5847 1863/5850/5848
f 1863/5850/5848 1895/5849/5847 1894/5851/5849
f 1863/5850/5848 1894/5851/5849 1893/5852/5850
f 1893/5852/5850 1888/5853/5851 1863/5850/5848
f 1863/5850/5848 1888/5853/5851 1887/5854/5852
f 1863/5850/5848 1887/5854/5852 1864/5855/5853
f 1864/5855/5853 1887/5854/5852 1869/5856/5854
f 1869/5856/5854 1887/5854/5852 1870/5857/5855
f 1870/5857/5855 1887/5854/5852 1871/5858/5856
f 1871/5858/5856 1887/5854/5852 1872/5859/5857
f 1872/5859/5857 1887/5854/5852 1877/5860/5858
f 1877/5860/5858 1887/5854/5852 1878/5861/5859
f 1878/5861/5859 1887/5854/5852 1879/5862/5860
f 1879/5862/5860 1887/5854/5852 1886/5863/5861
f 1879/5862/5860 1886/5863/5861 1885/5864/5862
f 1885/5864/5862 1880/5865/5863 1879/5862/5860
f 1845/5451/5449 1840/5446/5444 1355/5445/5443
f 2600/5531/5529 1831/5532/5530 2599/5866/5864
f 2599/5866/5864 1831/5532/5530 1830/5867/5865
f 2599/5866/5864 1830/5867/5865 1829/5868/5866
f 1829/5868/5866 1824/5869/5867 2599/5866/5864
f 2599/5866/5864 1824/5869/5867 2598/5870/5868
f 2598/5870/5868 1824/5869/5867 1823/5871/5869
f 2598/5870/5868 1823/5871/5869 1822/5872/5870
f 1822/5872/5870 1821/5873/5871 2598/5870/5868
f 2598/5870/5868 1821/5873/5871 1816/5874/5872
f 2598/5870/5868 1816/5874/5872 1815/5875/5873
f 2598/5870/5868 1815/5875/5873 2597/5796/5794
f 2597/5796/5794 1815/5875/5873 1814/5876/5874
f 2597/5796/5794 1814/5876/5874 1813/5797/5795
f 1808/5798/5796 1807/5877/5875 2034/5790/5788
f 2034/5790/5788 1807/5877/5875 1806/5878/5876
f 2034/5790/5788 1806/5878/5876 1805/5788/5786
f 2045/5879/5877 2151/5880/5878 2046/5881/5879
f 2046/5881/5879 2151/5880/5878 2150/5882/5880
f 2046/5881/5879 2150/5882/5880 2148/5883/5881
f 2151/5880/5878 2045/5879/5877 2152/5884/5882
f 2152/5884/5882 2045/5879/5877 2044/5885/5883
f 2152/5884/5882 2044/5885/5883 2043/5886/5884
f 2043/5886/5884 2042/5887/5885 2152/5884/5882
f 2146/5888/5886 2141/5889/5887 2148/5883/5881
f 2148/5883/5881 2141/5889/5887 2046/5881/5879
f 2140/5890/5888 2126/5891/5889 2141/5889/5887
f 2141/5889/5887 2126/5891/5889 2388/5892/5890
f 2141/5889/5887 2388/5892/5890 2052/5893/5891
f 2052/5893/5891 2388/5892/5890 2374/5894/5892
f 2052/5893/5891 2374/5894/5892 2369/5895/5893
f 2140/5890/5888 2139/5896/5894 2126/5891/5889
f 2126/5891/5889 2139/5896/5894 2128/5897/5895
f 2128/5897/5895 2139/5896/5894 2138/5898/5896
f 2128/5897/5895 2138/5898/5896 2131/5899/5897
f 2131/5899/5897 2138/5898/5896 2132/5900/5898
f 2131/5899/5897 2130/5901/5899 2128/5897/5895
f 2128/5897/5895 2130/5901/5899 2129/5902/5900
f 2388/5892/5890 2126/5891/5889 2394/5655/5653
f 2394/5655/5653 2126/5891/5889 2124/5654/5652
f 2115/5903/5901 2106/5904/5902 2116/5585/5583
f 2116/5585/5583 2106/5904/5902 2105/5905/5903
f 2116/5585/5583 2105/5905/5903 2104/5906/5904
f 2115/5903/5901 2114/5907/5905 2106/5904/5902
f 2106/5904/5902 2114/5907/5905 2113/5908/5906
f 2106/5904/5902 2113/5908/5906 2112/5909/5907
f 2112/5909/5907 2107/5910/5908 2106/5904/5902
f 2104/5906/5904 2102/5586/5584 2116/5585/5583
f 2095/5589/5587 2094/5911/5909 2080/5587/5585
f 2080/5587/5585 2094/5911/5909 2093/5912/5910
f 2080/5587/5585 2093/5912/5910 2092/5913/5911
f 2086/5914/5912 2085/5915/5913 2092/5913/5911
f 2092/5913/5911 2085/5915/5913 2082/5916/5914
f 2092/5913/5911 2082/5916/5914 2080/5587/5585
f 2085/5915/5913 2084/5917/5915 2082/5916/5914
f 2082/5916/5914 2084/5917/5915 2083/5918/5916
f 2619/5570/5568 2078/5572/5570 2618/5919/5917
f 2618/5919/5917 2078/5572/5570 2076/5920/5918
f 2618/5919/5917 2076/5920/5918 2617/5921/5919
f 2617/5921/5919 2076/5920/5918 2071/5922/5920
f 2617/5921/5919 2071/5922/5920 2070/5923/5921
f 2070/5923/5921 2069/5924/5922 2617/5921/5919
f 2617/5921/5919 2069/5924/5922 2068/5925/5923
f 2617/5921/5919 2068/5925/5923 2066/5926/5924
f 2617/5921/5919 2066/5926/5924 2616/5927/5925
f 2616/5927/5925 2066/5926/5924 2061/5928/5926
f 2616/5927/5925 2061/5928/5926 2615/5929/5927
f 2615/5929/5927 2061/5928/5926 2060/5930/5928
f 2615/5929/5927 2060/5930/5928 2059/5931/5929
f 2059/5931/5929 2058/5932/5930 2615/5929/5927
f 2615/5929/5927 2058/5932/5930 2056/5933/5931
f 2615/5929/5927 2056/5933/5931 2054/5934/5932
f 2615/5929/5927 2054/5934/5932 2614/5935/5933
f 2614/5935/5933 2054/5934/5932 2052/5893/5891
f 2614/5935/5933 2052/5893/5891 2354/5936/5934
f 2354/5936/5934 2052/5893/5891 2369/5895/5893
f 2354/5936/5934 2369/5895/5893 2368/5937/5935
f 2052/5893/5891 2046/5881/5879 2141/5889/5887
f 2205/5938/5936 2204/5939/5937 2212/5940/5938
f 2212/5940/5938 2204/5939/5937 2201/5941/5939
f 2212/5940/5938 2201/5941/5939 2200/5942/5940
f 2204/5939/5937 2203/5943/5941 2201/5941/5939
f 2201/5941/5939 2203/5943/5941 2202/5944/5942
f 2314/5945/5943 2631/5946/5944 2200/5942/5940
f 2200/5942/5940 2631/5946/5944 2220/5947/5945
f 2200/5942/5940 2220/5947/5945 2215/5948/5946
f 2309/5949/5947 2629/5950/5948 2314/5945/5943
f 2314/5945/5943 2629/5950/5948 2630/5951/5949
f 2314/5945/5943 2630/5951/5949 2631/5946/5944
f 2309/5949/5947 2308/5952/5950 2629/5950/5948
f 2629/5950/5948 2308/5952/5950 2307/5953/5951
f 2629/5950/5948 2307/5953/5951 2628/5954/5952
f 2628/5954/5952 2307/5953/5951 2306/5955/5953
f 2628/5954/5952 2306/5955/5953 2299/5956/5954
f 2299/5956/5954 2298/5957/5955 2628/5954/5952
f 2628/5954/5952 2298/5957/5955 2627/5634/5632
f 2627/5634/5632 2298/5957/5955 2297/5958/5956
f 2627/5634/5632 2297/5958/5956 2296/5959/5957
f 2296/5959/5957 2295/5636/5634 2627/5634/5632
f 2275/5661/5659 2274/5960/5958 2244/5659/5657
f 2244/5659/5657 2274/5960/5958 2259/5961/5959
f 2244/5659/5657 2259/5961/5959 2258/5962/5960
f 2274/5960/5958 2269/5963/5961 2259/5961/5959
f 2259/5961/5959 2269/5963/5961 2268/5964/5962
f 2259/5961/5959 2268/5964/5962 2267/5965/5963
f 2267/5965/5963 2266/5966/5964 2259/5961/5959
f 2259/5961/5959 2266/5966/5964 2264/5967/5965
f 2258/5962/5960 2257/5968/5966 2244/5659/5657
f 2244/5659/5657 2257/5968/5966 2246/5969/5967
f 2246/5969/5967 2257/5968/5966 2256/5970/5968
f 2246/5969/5967 2256/5970/5968 2247/5971/5969
f 2247/5971/5969 2256/5970/5968 2248/5972/5970
f 2248/5972/5970 2256/5970/5968 2249/5973/5971
f 2249/5973/5971 2256/5970/5968 2250/5974/5972
f 1737/5500/5498 2242/5653/5651 2558/5975/5973
f 2558/5975/5973 2242/5653/5651 2240/5976/5974
f 2558/5975/5973 2240/5976/5974 2560/5977/5975
f 2560/5977/5975 2240/5976/5974 2234/5978/5976
f 2560/5977/5975 2234/5978/5976 2486/5979/5977
f 2486/5979/5977 2234/5978/5976 2590/5980/5978
f 2486/5979/5977 2590/5980/5978 2591/5981/5979
f 2233/5982/5980 2224/5983/5981 2234/5978/5976
f 2234/5978/5976 2224/5983/5981 2223/5984/5982
f 2234/5978/5976 2223/5984/5982 2222/5985/5983
f 2232/5986/5984 2231/5987/5985 2233/5982/5980
f 2233/5982/5980 2231/5987/5985 2230/5988/5986
f 2233/5982/5980 2230/5988/5986 2224/5983/5981
f 2224/5983/5981 2230/5988/5986 2225/5989/5987
f 2222/5985/5983 2220/5947/5945 2234/5978/5976
f 2234/5978/5976 2220/5947/5945 2590/5980/5978
f 2215/5948/5946 2214/5990/5988 2200/5942/5940
f 2200/5942/5940 2214/5990/5988 2213/5991/5989
f 2200/5942/5940 2213/5991/5989 2212/5940/5938
f 2468/5737/5735 2320/5739/5737 2470/5992/5990
f 2470/5992/5990 2320/5739/5737 2319/5993/5991
f 2470/5992/5990 2319/5993/5991 2471/5994/5992
f 2471/5994/5992 2319/5993/5991 2318/5995/5993
f 2471/5994/5992 2318/5995/5993 2472/5996/5994
f 2472/5996/5994 2318/5995/5993 2317/5997/5995
f 2472/5996/5994 2317/5997/5995 2316/5998/5996
f 2466/5735/5733 2464/5722/5720 1710/5721/5719
f 2458/5999/5997 2448/6000/5998 2459/5724/5722
f 2459/5724/5722 2448/6000/5998 2446/6001/5999
f 2459/5724/5722 2446/6001/5999 2421/6002/6000
f 2421/6002/6000 2446/6001/5999 2439/6003/6001
f 2421/6002/6000 2439/6003/6001 2426/6004/6002
f 2426/6004/6002 2439/6003/6001 2428/6005/6003
f 2428/6005/6003 2439/6003/6001 2438/6006/6004
f 2428/6005/6003 2438/6006/6004 2429/6007/6005
f 2429/6007/6005 2438/6006/6004 2430/6008/6006
f 2430/6008/6006 2438/6006/6004 2437/6009/6007
f 2430/6008/6006 2437/6009/6007 2436/6010/6008
f 2448/6000/5998 2458/5999/5997 2449/6011/6009
f 2449/6011/6009 2458/5999/5997 2457/6012/6010
f 2449/6011/6009 2457/6012/6010 2450/6013/6011
f 2450/6013/6011 2457/6012/6010 2456/6014/6012
f 2450/6013/6011 2456/6014/6012 2451/6015/6013
f 2446/6001/5999 2444/6016/6014 2439/6003/6001
f 2436/6010/6008 2431/6017/6015 2430/6008/6006
f 2421/6002/6000 2420/6018/6016 2459/5724/5722
f 2459/5724/5722 2420/6018/6016 2419/6019/6017
f 2459/5724/5722 2419/6019/6017 2418/5727/5725
f 2411/6020/6018 2410/6021/6019 2412/5731/5729
f 2412/5731/5729 2410/6021/6019 2405/5729/5727
f 2387/6022/6020 2377/6023/6021 2388/5892/5890
f 2388/5892/5890 2377/6023/6021 2376/6024/6022
f 2388/5892/5890 2376/6024/6022 2374/5894/5892
f 2377/6023/6021 2387/6022/6020 2378/6025/6023
f 2378/6025/6023 2387/6022/6020 2386/6026/6024
f 2378/6025/6023 2386/6026/6024 2385/6027/6025
f 2385/6027/6025 2384/6028/6026 2378/6025/6023
f 2378/6025/6023 2384/6028/6026 2379/6029/6027
f 2368/5937/5935 2367/6030/6028 2354/5936/5934
f 2354/5936/5934 2367/6030/6028 2356/6031/6029
f 2356/6031/6029 2367/6030/6028 2366/6032/6030
f 2356/6031/6029 2366/6032/6030 2357/6033/6031
f 2357/6033/6031 2366/6032/6030 2358/6034/6032
f 2358/6034/6032 2366/6032/6030 2359/6035/6033
f 2359/6035/6033 2366/6032/6030 2360/6036/6034
f 2614/5935/5933 2354/5936/5934 2613/6037/6035
f 2613/6037/6035 2354/5936/5934 2352/6038/6036
f 2613/6037/6035 2352/6038/6036 2612/6039/6037
f 2612/6039/6037 2352/6038/6036 2611/6040/6038
f 2611/6040/6038 2352/6038/6036 2350/6041/6039
f 2611/6040/6038 2350/6041/6039 2610/6042/6040
f 2610/6042/6040 2350/6041/6039 2609/5749/5747
f 2609/5749/5747 2350/6041/6039 2348/5734/5732
f 2330/5738/5736 2343/5736/5734 2332/6043/6041
f 2332/6043/6041 2343/5736/5734 2342/6044/6042
f 2332/6043/6041 2342/6044/6042 2333/6045/6043
f 2333/6045/6043 2342/6044/6042 2341/6046/6044
f 2333/6045/6043 2341/6046/6044 2334/6047/6045
f 2334/6047/6045 2341/6046/6044 2340/6048/6046
f 2334/6047/6045 2340/6048/6046 2335/6049/6047
f 2479/6050/6048 2585/6051/6049 2480/6052/6050
f 2480/6052/6050 2585/6051/6049 2584/6053/6051
f 2480/6052/6050 2584/6053/6051 2582/6054/6052
f 2585/6051/6049 2479/6050/6048 2586/6055/6053
f 2586/6055/6053 2479/6050/6048 2478/6056/6054
f 2586/6055/6053 2478/6056/6054 2477/6057/6055
f 2477/6057/6055 2476/6058/6056 2586/6055/6053
f 2580/6059/6057 2575/6060/6058 2582/6054/6052
f 2582/6054/6052 2575/6060/6058 2480/6052/6050
f 2574/6061/6059 2560/5977/5975 2575/6060/6058
f 2575/6060/6058 2560/5977/5975 2486/5979/5977
f 2575/6060/6058 2486/5979/5977 2480/6052/6050
f 2574/6061/6059 2573/6062/6060 2560/5977/5975
f 2560/5977/5975 2573/6062/6060 2562/6063/6061
f 2562/6063/6061 2573/6062/6060 2572/6064/6062
f 2562/6063/6061 2572/6064/6062 2563/6065/6063
f 2563/6065/6063 2572/6064/6062 2564/6066/6064
f 2564/6066/6064 2572/6064/6062 2565/6067/6065
f 2565/6067/6065 2572/6064/6062 2566/6068/6066
f 2558/5975/5973 2556/5502/5500 1737/5500/5498
f 2549/6069/6067 2540/6070/6068 2550/5508/5506
f 2550/5508/5506 2540/6070/6068 2539/6071/6069
f 2550/5508/5506 2539/6071/6069 2538/6072/6070
f 2548/6073/6071 2547/6074/6072 2549/6069/6067
f 2549/6069/6067 2547/6074/6072 2546/6075/6073
f 2549/6069/6067 2546/6075/6073 2540/6070/6068
f 2540/6070/6068 2546/6075/6073 2541/6076/6074
f 2538/6072/6070 2536/5512/5510 2550/5508/5506
f 2529/5515/5513 2528/6077/6075 2514/5513/5511
f 2514/5513/5511 2528/6077/6075 2527/6078/6076
f 2514/5513/5511 2527/6078/6076 2526/6079/6077
f 2520/6080/6078 2519/6081/6079 2526/6079/6077
f 2526/6079/6077 2519/6081/6079 2516/6082/6080
f 2526/6079/6077 2516/6082/6080 2514/5513/5511
f 2519/6081/6079 2518/6083/6081 2516/6082/6080
f 2516/6082/6080 2518/6083/6081 2517/6084/6082
f 2512/5801/5799 2510/6085/6083 2596/5799/5797
f 2596/5799/5797 2510/6085/6083 2595/6086/6084
f 2595/6086/6084 2510/6085/6083 2594/6087/6085
f 2594/6087/6085 2510/6085/6083 2505/6088/6086
f 2594/6087/6085 2505/6088/6086 2504/6089/6087
f 2504/6089/6087 2503/6090/6088 2594/6087/6085
f 2594/6087/6085 2503/6090/6088 2502/6091/6089
f 2594/6087/6085 2502/6091/6089 2500/6092/6090
f 2594/6087/6085 2500/6092/6090 2593/6093/6091
f 2593/6093/6091 2500/6092/6090 2495/6094/6092
f 2593/6093/6091 2495/6094/6092 2494/6095/6093
f 2494/6095/6093 2493/6096/6094 2593/6093/6091
f 2593/6093/6091 2493/6096/6094 2492/6097/6095
f 2593/6093/6091 2492/6097/6095 2490/6098/6096
f 2593/6093/6091 2490/6098/6096 2592/6099/6097
f 2592/6099/6097 2490/6098/6096 2488/6100/6098
f 2592/6099/6097 2488/6100/6098 2591/5981/5979
f 2591/5981/5979 2488/6100/6098 2486/5979/5977
f 2631/5946/5944 2590/5980/5978 2220/5947/5945
f 2166/6101/6099 2160/6102/6100 2194/6103/6101
f 2194/6103/6101 2160/6102/6100 2159/6104/6102
f 2194/6103/6101 2159/6104/6102 2195/6105/6103
f 2195/6105/6103 2159/6104/6102 2196/6106/6104
f 2196/6106/6104 2159/6104/6102 2158/6107/6105
f 2196/6106/6104 2158/6107/6105 2157/6108/6106
f 2157/6108/6106 2156/6109/6107 2196/6106/6104
f 2192/6110/6108 2168/6111/6109 2194/6103/6101
f 2194/6103/6101 2168/6111/6109 2167/6112/6110
f 2194/6103/6101 2167/6112/6110 2166/6101/6099
f 2190/6113/6111 2182/6114/6112 2192/6110/6108
f 2192/6110/6108 2182/6114/6112 2177/6115/6113
f 2192/6110/6108 2177/6115/6113 2176/6116/6114
f 2185/6117/6115 2184/6118/6116 2190/6113/6111
f 2190/6113/6111 2184/6118/6116 2183/6119/6117
f 2190/6113/6111 2183/6119/6117 2182/6114/6112
f 2176/6116/6114 2175/6120/6118 2192/6110/6108
f 2192/6110/6108 2175/6120/6118 2174/6121/6119
f 2192/6110/6108 2174/6121/6119 2169/6122/6120
f 2169/6122/6120 2168/6111/6109 2192/6110/6108
f 2632/6123/6121 2633/6124/6122 2649/6125/6123
f 2649/6125/6123 2633/6124/6122 2648/6126/6124
f 2648/6126/6124 2633/6124/6122 2634/6127/6125
f 2648/6126/6124 2634/6127/6125 2647/6128/6126
f 2647/6128/6126 2634/6127/6125 2635/6129/6127
f 2647/6128/6126 2635/6129/6127 2646/6130/6128
f 2646/6130/6128 2635/6129/6127 2636/6131/6129
f 2646/6130/6128 2636/6131/6129 2645/6132/6130
f 2645/6132/6130 2636/6131/6129 2637/6133/6131
f 2645/6132/6130 2637/6133/6131 2644/6134/6132
f 2644/6134/6132 2637/6133/6131 2638/6135/6133
f 2644/6134/6132 2638/6135/6133 2643/6136/6134
f 2643/6136/6134 2638/6135/6133 2639/6137/6135
f 2643/6136/6134 2639/6137/6135 2642/6138/6136
f 2642/6138/6136 2639/6137/6135 2640/6139/6137
f 2642/6138/6136 2640/6139/6137 2641/6140/6138
f 2640/6141/6139 2650/6142/6140 2641/6143/6141
f 2641/6143/6141 2650/6142/6140 2651/6144/6142
f 2650/6145/6143 2652/6146/6144 2651/6147/6145
f 2651/6147/6145 2652/6146/6144 2665/6148/6146
f 2665/6148/6146 2652/6146/6144 2653/6149/6147
f 2665/6148/6146 2653/6149/6147 2664/6150/6148
f 2664/6150/6148 2653/6149/6147 2654/6151/6149
f 2664/6150/6148 2654/6151/6149 2663/6152/6150
f 2663/6152/6150 2654/6151/6149 2655/6153/6151
f 2663/6152/6150 2655/6153/6151 2662/6154/6152
f 2662/6154/6152 2655/6153/6151 2656/6155/6153
f 2662/6154/6152 2656/6155/6153 2661/6156/6154
f 2661/6156/6154 2656/6155/6153 2657/6157/6155
f 2661/6156/6154 2657/6157/6155 2660/6158/6156
f 2660/6158/6156 2657/6157/6155 2658/6159/6157
f 2660/6158/6156 2658/6159/6157 2659/6160/6158
f 2658/6161/6159 2666/6162/6160 2659/6163/6161
f 2659/6163/6161 2666/6162/6160 2735/6164/6162
f 2735/6164/6162 2666/6162/6160 2667/6165/6163
f 2735/6164/6162 2667/6165/6163 2734/6166/6164
f 2734/6166/6164 2667/6165/6163 2668/6167/6165
f 2734/6166/6164 2668/6167/6165 2733/6168/6166
f 2733/6168/6166 2668/6167/6165 2669/6169/6167
f 2733/6168/6166 2669/6169/6167 2732/6170/6168
f 2732/6170/6168 2669/6169/6167 2670/6171/6169
f 2732/6170/6168 2670/6171/6169 2731/6172/6170
f 2731/6172/6170 2670/6171/6169 2671/6173/6171
f 2731/6172/6170 2671/6173/6171 2730/6174/6172
f 2730/6174/6172 2671/6173/6171 2672/6175/6173
f 2730/6174/6172 2672/6175/6173 2729/6176/6174
f 2729/6176/6174 2672/6175/6173 2673/6177/6175
f 2729/6176/6174 2673/6177/6175 2728/6178/6176
f 2728/6178/6176 2673/6177/6175 2674/6179/6177
f 2728/6178/6176 2674/6179/6177 2727/6180/6178
f 2727/6180/6178 2674/6179/6177 2675/6181/6179
f 2727/6180/6178 2675/6181/6179 2726/6182/6180
f 2726/6182/6180 2675/6181/6179 2676/6183/6181
f 2726/6182/6180 2676/6183/6181 2725/6184/6182
f 2725/6184/6182 2676/6183/6181 2677/6185/6183
f 2725/6184/6182 2677/6185/6183 2724/6186/6184
f 2724/6186/6184 2677/6185/6183 2678/6187/6185
f 2724/6186/6184 2678/6187/6185 2723/6188/6186
f 2723/6188/6186 2678/6187/6185 2679/6189/6187
f 2723/6188/6186 2679/6189/6187 2722/6190/6188
f 2722/6190/6188 2679/6189/6187 2680/6191/6189
f 2722/6190/6188 2680/6191/6189 2721/6192/6190
f 2721/6192/6190 2680/6191/6189 2681/6193/6191
f 2721/6192/6190 2681/6193/6191 2720/6194/6192
f 2720/6194/6192 2681/6193/6191 2682/6195/6193
f 2720/6194/6192 2682/6195/6193 2719/6196/6194
f 2719/6196/6194 2682/6195/6193 2683/6197/6195
f 2719/6196/6194 2683/6197/6195 2718/6198/6196
f 2718/6198/6196 2683/6197/6195 2684/6199/6197
f 2718/6198/6196 2684/6199/6197 2717/6200/6198
f 2717/6200/6198 2684/6199/6197 2685/6201/6199
f 2717/6200/6198 2685/6201/6199 2716/6202/6200
f 2716/6202/6200 2685/6201/6199 2686/6203/6201
f 2716/6202/6200 2686/6203/6201 2715/6204/6202
f 2715/6204/6202 2686/6203/6201 2687/6205/6203
f 2715/6204/6202 2687/6205/6203 2714/6206/6204
f 2714/6206/6204 2687/6205/6203 2688/6207/6205
f 2714/6206/6204 2688/6207/6205 2713/6208/6206
f 2713/6208/6206 2688/6207/6205 2689/6209/6207
f 2713/6208/6206 2689/6209/6207 2712/6210/6208
f 2712/6210/6208 2689/6209/6207 2690/6211/6209
f 2712/6210/6208 2690/6211/6209 2711/6212/6210
f 2711/6212/6210 2690/6211/6209 2691/6213/6211
f 2711/6212/6210 2691/6213/6211 2710/6214/6212
f 2710/6214/6212 2691/6213/6211 2692/6215/6213
f 2710/6214/6212 2692/6215/6213 2709/6216/6214
f 2709/6216/6214 2692/6215/6213 2693/6217/6215
f 2709/6216/6214 2693/6217/6215 2708/6218/6216
f 2708/6218/6216 2693/6217/6215 2694/6219/6217
f 2708/6218/6216 2694/6219/6217 2707/6220/6218
f 2707/6220/6218 2694/6219/6217 2695/6221/6219
f 2707/6220/6218 2695/6221/6219 2706/6222/6220
f 2706/6222/6220 2695/6221/6219 2696/6223/6221
f 2706/6222/6220 2696/6223/6221 2705/6224/6222
f 2705/6224/6222 2696/6223/6221 2697/6225/6223
f 2705/6224/6222 2697/6225/6223 2704/6226/6224
f 2704/6226/6224 2697/6225/6223 2698/6227/6225
f 2704/6226/6224 2698/6227/6225 2703/6228/6226
f 2703/6228/6226 2698/6227/6225 2699/6229/6227
f 2703/6228/6226 2699/6229/6227 2702/6230/6228
f 2702/6230/6228 2699/6229/6227 2700/6231/6229
f 2702/6230/6228 2700/6231/6229 2701/6232/6230
f 2700/6233/6231 2736/6234/6232 2701/6235/6233
f 2701/6235/6233 2736/6234/6232 2739/6236/6234
f 2739/6236/6234 2736/6234/6232 2737/6237/6235
f 2739/6236/6234 2737/6237/6235 2738/6238/6236
f 2737/6237/6237 2740/6239/6238 2738/6240/6236
f 2738/6240/6236 2740/6239/6238 2841/6241/6239
f 2841/6241/6239 2740/6239/6238 2741/6242/6240
f 2841/6241/6239 2741/6242/6240 2840/6243/6241
f 2840/6243/6241 2741/6242/6240 2742/6244/6242
f 2840/6243/6241 2742/6244/6242 2839/6245/6243
f 2839/6245/6243 2742/6244/6242 2743/6246/6244
f 2839/6245/6243 2743/6246/6244 2838/6247/6245
f 2838/6247/6245 2743/6246/6244 2744/6248/6246
f 2838/6247/6245 2744/6248/6246 2837/6249/6247
f 2837/6249/6247 2744/6248/6246 2745/6250/6248
f 2837/6249/6247 2745/6250/6248 2836/6251/6249
f 2836/6251/6249 2745/6250/6248 2746/6252/6250
f 2836/6251/6249 2746/6252/6250 2835/6253/6251
f 2835/6253/6251 2746/6252/6250 2747/6254/6252
f 2835/6253/6251 2747/6254/6252 2834/6255/6253
f 2834/6255/6253 2747/6254/6252 2748/6256/6254
f 2834/6255/6253 2748/6256/6254 2833/6257/6255
f 2833/6257/6255 2748/6256/6254 2749/6258/6256
f 2833/6257/6255 2749/6258/6256 2832/6259/6257
f 2832/6259/6257 2749/6258/6256 2750/6260/6258
f 2832/6259/6257 2750/6260/6258 2831/6261/6259
f 2831/6261/6259 2750/6260/6258 2751/6262/6260
f 2831/6261/6259 2751/6262/6260 2830/6263/6261
f 2830/6263/6261 2751/6262/6260 2752/6264/6262
f 2830/6263/6261 2752/6264/6262 2829/6265/6263
f 2829/6265/6263 2752/6264/6262 2753/6266/6264
f 2829/6265/6263 2753/6266/6264 2828/6267/6265
f 2828/6267/6265 2753/6266/6264 2754/6268/6266
f 2828/6267/6265 2754/6268/6266 2827/6269/6267
f 2827/6269/6267 2754/6268/6266 2755/6270/6268
f 2827/6269/6267 2755/6270/6268 2826/6271/6269
f 2826/6271/6269 2755/6270/6268 2756/6272/6270
f 2826/6271/6269 2756/6272/6270 2825/6273/6271
f 2825/6273/6271 2756/6272/6270 2757/6274/6272
f 2825/6273/6271 2757/6274/6272 2824/6275/6273
f 2824/6275/6273 2757/6274/6272 2758/6276/6274
f 2824/6275/6273 2758/6276/6274 2823/6277/6275
f 2823/6277/6275 2758/6276/6274 2759/6278/6276
f 2823/6277/6275 2759/6278/6276 2822/6279/6277
f 2822/6279/6277 2759/6278/6276 2760/6280/6278
f 2822/6279/6277 2760/6280/6278 2821/6281/6279
f 2821/6281/6279 2760/6280/6278 2761/6282/6280
f 2821/6281/6279 2761/6282/6280 2820/6283/6281
f 2820/6283/6281 2761/6282/6280 2762/6284/6282
f 2820/6283/6281 2762/6284/6282 2819/6285/6283
f 2819/6285/6283 2762/6284/6282 2763/6286/6284
f 2819/6285/6283 2763/6286/6284 2818/6287/6285
f 2818/6287/6285 2763/6286/6284 2764/6288/6286
f 2818/6287/6285 2764/6288/6286 2817/6289/6287
f 2817/6289/6287 2764/6288/6286 2765/6290/6288
f 2817/6289/6287 2765/6290/6288 2816/6291/6289
f 2816/6291/6289 2765/6290/6288 2766/6292/6290
f 2816/6291/6289 2766/6292/6290 2815/6293/6291
f 2815/6293/6291 2766/6292/6290 2767/6294/6292
f 2815/6293/6291 2767/6294/6292 2814/6295/6293
f 2814/6295/6293 2767/6294/6292 2768/6296/6294
f 2814/6295/6293 2768/6296/6294 2813/6297/6295
f 2813/6297/6295 2768/6296/6294 2769/6298/6296
f 2813/6297/6295 2769/6298/6296 2812/6299/6297
f 2812/6299/6297 2769/6298/6296 2770/6300/6298
f 2812/6299/6297 2770/6300/6298 2811/6301/6299
f 2811/6301/6299 2770/6300/6298 2771/6302/6300
f 2811/6301/6299 2771/6302/6300 2810/6303/6301
f 2810/6303/6301 2771/6302/6300 2772/6304/6302
f 2810/6303/6301 2772/6304/6302 2809/6305/6303
f 2809/6305/6303 2772/6304/6302 2773/6306/6304
f 2809/6305/6303 2773/6306/6304 2808/6307/6305
f 2808/6307/6305 2773/6306/6304 2774/6308/6306
f 2808/6307/6305 2774/6308/6306 2807/6309/6307
f 2807/6309/6307 2774/6308/6306 2775/6310/6308
f 2807/6309/6307 2775/6310/6308 2806/6311/6309
f 2806/6311/6309 2775/6310/6308 2776/6312/6310
f 2806/6311/6309 2776/6312/6310 2805/6313/6311
f 2805/6313/6311 2776/6312/6310 2777/6314/6312
f 2805/6313/6311 2777/6314/6312 2804/6315/6313
f 2804/6315/6313 2777/6314/6312 2778/6316/6314
f 2804/6315/6313 2778/6316/6314 2803/6317/6315
f 2803/6317/6315 2778/6316/6314 2779/6318/6316
f 2803/6317/6315 2779/6318/6316 2802/6319/6317
f 2802/6319/6317 2779/6318/6316 2780/6320/6318
f 2802/6319/6317 2780/6320/6318 2801/6321/6319
f 2801/6321/6319 2780/6320/6318 2781/6322/6320
f 2801/6321/6319 2781/6322/6320 2800/6323/6321
f 2800/6323/6321 2781/6322/6320 2782/6324/6322
f 2800/6323/6321 2782/6324/6322 2799/6325/6323
f 2799/6325/6323 2782/6324/6322 2783/6326/6324
f 2799/6325/6323 2783/6326/6324 2798/6327/6325
f 2798/6327/6325 2783/6326/6324 2784/6328/6326
f 2798/6327/6325 2784/6328/6326 2797/6329/6327
f 2797/6329/6327 2784/6328/6326 2785/6330/6328
f 2797/6329/6327 2785/6330/6328 2796/6331/6329
f 2796/6331/6329 2785/6330/6328 2786/6332/6330
f 2796/6331/6329 2786/6332/6330 2795/6333/6331
f 2795/6333/6331 2786/6332/6330 2787/6334/6332
f 2795/6333/6331 2787/6334/6332 2794/6335/6333
f 2794/6335/6333 2787/6334/6332 2788/6336/6334
f 2794/6335/6333 2788/6336/6334 2793/6337/6335
f 2793/6337/6335 2788/6336/6334 2789/6338/6336
f 2793/6337/6335 2789/6338/6336 2792/6339/6337
f 2792/6339/6337 2789/6338/6336 2790/6340/6338
f 2792/6339/6337 2790/6340/6338 2791/6341/6339
f 2790/6342/6340 2842/6343/6341 2791/6344/6342
f 2791/6344/6342 2842/6343/6341 2889/6345/6343
f 2889/6345/6343 2842/6343/6341 2843/6346/6344
f 2889/6345/6343 2843/6346/6344 2888/6347/6345
f 2888/6347/6345 2843/6346/6344 2844/6348/6346
f 2888/6347/6345 2844/6348/6346 2887/6349/6347
f 2887/6349/6347 2844/6348/6346 2845/6350/6348
f 2887/6349/6347 2845/6350/6348 2886/6351/6349
f 2886/6351/6349 2845/6350/6348 2846/6352/6350
f 2886/6351/6349 2846/6352/6350 2885/6353/6351
f 2885/6353/6351 2846/6352/6350 2847/6354/6352
f 2885/6353/6351 2847/6354/6352 2884/6355/6353
f 2884/6355/6353 2847/6354/6352 2848/6356/6354
f 2884/6355/6353 2848/6356/6354 2883/6357/6355
f 2883/6357/6355 2848/6356/6354 2849/6358/6356
f 2883/6357/6355 2849/6358/6356 2882/6359/6357
f 2882/6359/6357 2849/6358/6356 2850/6360/6358
f 2882/6359/6357 2850/6360/6358 2881/6361/6359
f 2881/6361/6359 2850/6360/6358 2851/6362/6360
f 2881/6361/6359 2851/6362/6360 2880/6363/6361
f 2880/6363/6361 2851/6362/6360 2852/6364/6362
f 2880/6363/6361 2852/6364/6362 2879/6365/6363
f 2879/6365/6363 2852/6364/6362 2853/6366/6364
f 2879/6365/6363 2853/6366/6364 2878/6367/6365
f 2878/6367/6365 2853/6366/6364 2854/6368/6366
f 2878/6367/6365 2854/6368/6366 2877/6369/6367
f 2877/6369/6367 2854/6368/6366 2855/6370/6368
f 2877/6369/6367 2855/6370/6368 2876/6371/6369
f 2876/6371/6369 2855/6370/6368 2856/6372/6370
f 2876/6371/6369 2856/6372/6370 2875/6373/6371
f 2875/6373/6371 2856/6372/6370 2857/6374/6372
f 2875/6373/6371 2857/6374/6372 2874/6375/6373
f 2874/6375/6373 2857/6374/6372 2858/6376/6374
f 2874/6375/6373 2858/6376/6374 2873/6377/6375
f 2873/6377/6375 2858/6376/6374 2859/6378/6376
f 2873/6377/6375 2859/6378/6376 2872/6379/6377
f 2872/6379/6377 2859/6378/6376 2860/6380/6378
f 2872/6379/6377 2860/6380/6378 2871/6381/6379
f 2871/6381/6379 2860/6380/6378 2861/6382/6380
f 2871/6381/6379 2861/6382/6380 2870/6383/6381
f 2870/6383/6381 2861/6382/6380 2862/6384/6382
f 2870/6383/6381 2862/6384/6382 2869/6385/6383
f 2869/6385/6383 2862/6384/6382 2863/6386/6384
f 2869/6385/6383 2863/6386/6384 2868/6387/6385
f 2868/6387/6385 2863/6386/6384 2864/6388/6386
f 2868/6387/6385 2864/6388/6386 2867/6389/6387
f 2867/6389/6387 2864/6388/6386 2865/6390/6388
f 2867/6389/6387 2865/6390/6388 2866/6391/6389
f 2865/6390/6390 2890/6392/6391 2866/6393/6392
f 2866/6393/6392 2890/6392/6391 2919/6394/6393
f 2919/6394/6393 2890/6392/6391 2891/6395/6394
f 2919/6394/6393 2891/6395/6394 2918/6396/6395
f 2918/6396/6395 2891/6395/6394 2892/6397/6396
f 2918/6396/6395 2892/6397/6396 2917/6398/6397
f 2917/6398/6397 2892/6397/6396 2893/6399/6398
f 2917/6398/6397 2893/6399/6398 2916/6400/6399
f 2916/6400/6399 2893/6399/6398 2894/6401/6400
f 2916/6400/6399 2894/6401/6400 2915/6402/6401
f 2915/6402/6401 2894/6401/6400 2895/6403/6402
f 2915/6402/6401 2895/6403/6402 2914/6404/6403
f 2914/6404/6403 2895/6403/6402 2896/6405/6404
f 2914/6404/6403 2896/6405/6404 2913/6406/6405
f 2913/6406/6405 2896/6405/6404 2897/6407/6406
f 2913/6406/6405 2897/6407/6406 2912/6408/6407
f 2912/6408/6407 2897/6407/6406 2898/6409/6408
f 2912/6408/6407 2898/6409/6408 2911/6410/6409
f 2911/6410/6409 2898/6409/6408 2899/6411/6410
f 2911/6410/6409 2899/6411/6410 2910/6412/6411
f 2910/6412/6411 2899/6411/6410 2900/6413/6412
f 2910/6412/6411 2900/6413/6412 2909/6414/6413
f 2909/6414/6413 2900/6413/6412 2901/6415/6414
f 2909/6414/6413 2901/6415/6414 2908/6416/6415
f 2908/6416/6415 2901/6415/6414 2902/6417/6416
f 2908/6416/6415 2902/6417/6416 2907/6418/6417
f 2907/6418/6417 2902/6417/6416 2903/6419/6418
f 2907/6418/6417 2903/6419/6418 2906/6420/6419
f 2906/6420/6419 2903/6419/6418 2904/6421/6420
f 2906/6420/6419 2904/6421/6420 2905/6422/6421
f 2905/6422/6421 2904/6421/6420 2632/6423/6422
f 2905/6422/6421 2632/6423/6422 2649/6424/6423
usemtl Paint_-_Metallic_(Silver)
f 2919/6425/6424 2917/6426/6425 2866/6427/6426
f 2866/6427/6426 2917/6426/6425 2871/6428/6427
f 2866/6427/6426 2871/6428/6427 2870/6429/6428
f 2919/6425/6424 2918/6430/6429 2917/6426/6425
f 2917/6426/6425 2916/6431/6430 2871/6428/6427
f 2871/6428/6427 2916/6431/6430 2872/6432/6431
f 2872/6432/6431 2916/6431/6430 2873/6433/6432
f 2873/6433/6432 2916/6431/6430 2915/6434/6433
f 2873/6433/6432 2915/6434/6433 2914/6435/6434
f 2914/6435/6434 2913/6436/6435 2873/6433/6432
f 2873/6433/6432 2913/6436/6435 2912/6437/6436
f 2873/6433/6432 2912/6437/6436 2911/6438/6437
f 2911/6438/6437 2910/6439/6438 2873/6433/6432
f 2873/6433/6432 2910/6439/6438 2874/6440/6439
f 2874/6440/6439 2910/6439/6438 2909/6441/6440
f 2874/6440/6439 2909/6441/6440 2908/6442/6441
f 2908/6442/6441 2907/6443/6442 2874/6440/6439
f 2874/6440/6439 2907/6443/6442 2906/6444/6443
f 2874/6440/6439 2906/6444/6443 2905/6445/6444
f 2905/6445/6444 2649/6446/6445 2874/6440/6439
f 2874/6440/6439 2649/6446/6445 2875/6447/6446
f 2875/6447/6446 2649/6446/6445 2876/6448/6447
f 2876/6448/6447 2649/6446/6445 2648/6449/6448
f 2876/6448/6447 2648/6449/6448 2877/6450/6449
f 2877/6450/6449 2648/6449/6448 2659/6451/6450
f 2877/6450/6449 2659/6451/6450 2878/6452/6451
f 2878/6452/6451 2659/6451/6450 2879/6453/6452
f 2879/6453/6452 2659/6451/6450 2880/6454/6453
f 2880/6454/6453 2659/6451/6450 2881/6455/6454
f 2881/6455/6454 2659/6451/6450 2735/6456/6455
f 2881/6455/6454 2735/6456/6455 2882/6457/6456
f 2882/6457/6456 2735/6456/6455 2734/6458/6457
f 2882/6457/6456 2734/6458/6457 2883/6459/6458
f 2883/6459/6458 2734/6458/6457 2733/6460/6459
f 2883/6459/6458 2733/6460/6459 2884/6461/6460
f 2884/6461/6460 2733/6460/6459 2732/6462/6461
f 2884/6461/6460 2732/6462/6461 2731/6463/6462
f 2648/6449/6448 2647/6464/6463 2659/6451/6450
f 2659/6451/6450 2647/6464/6463 2646/6465/6464
f 2659/6451/6450 2646/6465/6464 2660/6466/6465
f 2660/6466/6465 2646/6465/6464 2661/6467/6466
f 2661/6467/6466 2646/6465/6464 2645/6468/6467
f 2661/6467/6466 2645/6468/6467 2662/6469/6468
f 2662/6469/6468 2645/6468/6467 2644/6470/6469
f 2662/6469/6468 2644/6470/6469 2663/6471/6470
f 2663/6471/6470 2644/6470/6469 2664/6472/6471
f 2664/6472/6471 2644/6470/6469 2643/6473/6472
f 2664/6472/6471 2643/6473/6472 2665/6474/6473
f 2665/6474/6473 2643/6473/6472 2642/6475/6474
f 2665/6474/6473 2642/6475/6474 2651/6476/6475
f 2651/6476/6475 2642/6475/6474 2641/6477/6476
f 2884/6461/6460 2731/6463/6462 2885/6478/6477
f 2885/6478/6477 2731/6463/6462 2730/6479/6478
f 2885/6478/6477 2730/6479/6478 2886/6480/6479
f 2886/6480/6479 2730/6479/6478 2729/6481/6480
f 2886/6480/6479 2729/6481/6480 2887/6482/6481
f 2887/6482/6481 2729/6481/6480 2888/6483/6482
f 2888/6483/6482 2729/6481/6480 2728/6484/6483
f 2888/6483/6482 2728/6484/6483 2889/6485/6484
f 2889/6485/6484 2728/6484/6483 2727/6486/6485
f 2889/6485/6484 2727/6486/6485 2791/6487/6486
f 2791/6487/6486 2727/6486/6485 2792/6488/6487
f 2792/6488/6487 2727/6486/6485 2726/6489/6488
f 2792/6488/6487 2726/6489/6488 2793/6490/6489
f 2793/6490/6489 2726/6489/6488 2725/6491/6490
f 2793/6490/6489 2725/6491/6490 2794/6492/6491
f 2794/6492/6491 2725/6491/6490 2724/6493/6492
f 2794/6492/6491 2724/6493/6492 2723/6494/6493
f 2794/6492/6491 2723/6494/6493 2795/6495/6494
f 2795/6495/6494 2723/6494/6493 2722/6496/6495
f 2795/6495/6494 2722/6496/6495 2796/6497/6496
f 2796/6497/6496 2722/6496/6495 2721/6498/6497
f 2796/6497/6496 2721/6498/6497 2720/6499/6498
f 2796/6497/6496 2720/6499/6498 2797/6500/6499
f 2797/6500/6499 2720/6499/6498 2719/6501/6500
f 2797/6500/6499 2719/6501/6500 2798/6502/6501
f 2798/6502/6501 2719/6501/6500 2718/6503/6502
f 2798/6502/6501 2718/6503/6502 2799/6504/6503
f 2799/6504/6503 2718/6503/6502 2717/6505/6504
f 2799/6504/6503 2717/6505/6504 2716/6506/6505
f 2799/6504/6503 2716/6506/6505 2800/6507/6506
f 2800/6507/6506 2716/6506/6505 2715/6508/6507
f 2800/6507/6506 2715/6508/6507 2801/6509/6508
f 2801/6509/6508 2715/6508/6507 2714/6510/6509
f 2801/6509/6508 2714/6510/6509 2802/6511/6510
f 2802/6511/6510 2714/6510/6509 2803/6512/6511
f 2803/6512/6511 2714/6510/6509 2713/6513/6512
f 2803/6512/6511 2713/6513/6512 2804/6514/6513
f 2804/6514/6513 2713/6513/6512 2712/6515/6514
f 2804/6514/6513 2712/6515/6514 2805/6516/6515
f 2805/6516/6515 2712/6515/6514 2711/6517/6516
f 2805/6516/6515 2711/6517/6516 2806/6518/6517
f 2806/6518/6517 2711/6517/6516 2710/6519/6518
f 2806/6518/6517 2710/6519/6518 2807/6520/6519
f 2807/6520/6519 2710/6519/6518 2709/6521/6520
f 2807/6520/6519 2709/6521/6520 2808/6522/6521
f 2808/6522/6521 2709/6521/6520 2708/6523/6522
f 2808/6522/6521 2708/6523/6522 2707/6524/6523
f 2808/6522/6521 2707/6524/6523 2809/6525/6524
f 2809/6525/6524 2707/6524/6523 2706/6526/6525
f 2809/6525/6524 2706/6526/6525 2810/6527/6526
f 2810/6527/6526 2706/6526/6525 2705/6528/6527
f 2810/6527/6526 2705/6528/6527 2811/6529/6528
f 2811/6529/6528 2705/6528/6527 2704/6530/6529
f 2811/6529/6528 2704/6530/6529 2812/6531/6530
f 2812/6531/6530 2704/6530/6529 2703/6532/6531
f 2812/6531/6530 2703/6532/6531 2702/6533/6532
f 2812/6531/6530 2702/6533/6532 2813/6534/6533
f 2813/6534/6533 2702/6533/6532 2701/6535/6534
f 2813/6534/6533 2701/6535/6534 2814/6536/6535
f 2814/6536/6535 2701/6535/6534 2739/6537/6536
f 2814/6536/6535 2739/6537/6536 2738/6538/6537
f 2814/6536/6535 2738/6538/6537 2815/6539/6538
f 2815/6539/6538 2738/6538/6537 2841/6540/6539
f 2815/6539/6538 2841/6540/6539 2816/6541/6540
f 2816/6541/6540 2841/6540/6539 2840/6542/6541
f 2816/6541/6540 2840/6542/6541 2839/6543/6542
f 2816/6541/6540 2839/6543/6542 2817/6544/6543
f 2817/6544/6543 2839/6543/6542 2838/6545/6544
f 2817/6544/6543 2838/6545/6544 2818/6546/6545
f 2818/6546/6545 2838/6545/6544 2837/6547/6546
f 2818/6546/6545 2837/6547/6546 2836/6548/6547
f 2836/6548/6547 2835/6549/6548 2818/6546/6545
f 2818/6546/6545 2835/6549/6548 2834/6550/6549
f 2818/6546/6545 2834/6550/6549 2819/6551/6550
f 2819/6551/6550 2834/6550/6549 2833/6552/6551
f 2819/6551/6550 2833/6552/6551 2832/6553/6552
f 2832/6553/6552 2831/6554/6553 2819/6551/6550
f 2819/6551/6550 2831/6554/6553 2820/6555/6554
f 2820/6555/6554 2831/6554/6553 2830/6556/6555
f 2820/6555/6554 2830/6556/6555 2829/6557/6556
f 2820/6555/6554 2829/6557/6556 2821/6558/6557
f 2821/6558/6557 2829/6557/6556 2828/6559/6558
f 2821/6558/6557 2828/6559/6558 2822/6560/6559
f 2822/6560/6559 2828/6559/6558 2827/6561/6560
f 2822/6560/6559 2827/6561/6560 2823/6562/6561
f 2823/6562/6561 2827/6561/6560 2826/6563/6562
f 2823/6562/6561 2826/6563/6562 2824/6564/6563
f 2824/6564/6563 2826/6563/6562 2825/6565/6564
f 2869/6566/6565 2868/6567/6566 2870/6429/6428
f 2870/6429/6428 2868/6567/6566 2867/6568/6567
f 2870/6429/6428 2867/6568/6567 2866/6427/6426
usemtl Paint_-_Enamel_Glossy_(Red)
f 2640/6569/6568 2920/6570/6569 2650/6571/6570
f 2650/6571/6570 2920/6570/6569 2921/6572/6571
usemtl Paint_-_Metallic_(Red)
f 2640/6569/6568 2639/6573/6572 2961/6574/6573
f 2961/6574/6573 2639/6573/6572 2638/6575/6574
f 2961/6574/6573 2638/6575/6574 2960/6576/6575
f 2960/6576/6575 2638/6575/6574 2637/6577/6576
f 2960/6576/6575 2637/6577/6576 2959/6578/6577
f 2959/6578/6577 2637/6577/6576 2745/6579/6578
f 2959/6578/6577 2745/6579/6578 2744/6580/6579
f 2637/6577/6576 2636/6581/6580 2745/6579/6578
f 2745/6579/6578 2636/6581/6580 2746/6582/6581
f 2746/6582/6581 2636/6581/6580 2747/6583/6582
f 2747/6583/6582 2636/6581/6580 2635/6584/6583
f 2747/6583/6582 2635/6584/6583 2748/6585/6584
f 2748/6585/6584 2635/6584/6583 2749/6586/6585
f 2749/6586/6585 2635/6584/6583 2634/6587/6586
f 2749/6586/6585 2634/6587/6586 2750/6588/6587
f 2750/6588/6587 2634/6587/6586 2751/6589/6588
f 2751/6589/6588 2634/6587/6586 2752/6590/6589
f 2752/6590/6589 2634/6587/6586 2753/6591/6590
f 2753/6591/6590 2634/6587/6586 2633/6592/6591
f 2753/6591/6590 2633/6592/6591 2754/6593/6592
f 2754/6593/6592 2633/6592/6591 2755/6594/6593
f 2755/6594/6593 2633/6592/6591 2756/6595/6594
f 2756/6595/6594 2633/6592/6591 2757/6596/6595
f 2757/6596/6595 2633/6592/6591 2758/6597/6596
f 2758/6597/6596 2633/6592/6591 2759/6598/6597
f 2759/6598/6597 2633/6592/6591 2632/6599/6598
f 2759/6598/6597 2632/6599/6598 2760/6600/6599
f 2760/6600/6599 2632/6599/6598 2904/6601/6600
f 2760/6600/6599 2904/6601/6600 2761/6602/6601
f 2761/6602/6601 2904/6601/6600 2762/6603/6602
f 2762/6603/6602 2904/6601/6600 2763/6604/6603
f 2763/6604/6603 2904/6601/6600 2903/6605/6604
f 2763/6604/6603 2903/6605/6604 2764/6606/6605
f 2764/6606/6605 2903/6605/6604 2902/6607/6606
f 2764/6606/6605 2902/6607/6606 2765/6608/6607
f 2765/6608/6607 2902/6607/6606 2901/6609/6608
f 2765/6608/6607 2901/6609/6608 2766/6610/6609
f 2766/6610/6609 2901/6609/6608 2900/6611/6610
f 2766/6610/6609 2900/6611/6610 2767/6612/6611
f 2767/6612/6611 2900/6611/6610 2768/6613/6612
f 2768/6613/6612 2900/6611/6610 2899/6614/6613
f 2768/6613/6612 2899/6614/6613 2769/6615/6614
f 2769/6615/6614 2899/6614/6613 2898/6616/6615
f 2769/6615/6614 2898/6616/6615 2770/6617/6616
f 2770/6617/6616 2898/6616/6615 2897/6618/6617
f 2770/6617/6616 2897/6618/6617 2771/6619/6618
f 2771/6619/6618 2897/6618/6617 2896/6620/6619
f 2771/6619/6618 2896/6620/6619 2772/6621/6620
f 2772/6621/6620 2896/6620/6619 2895/6622/6621
f 2772/6621/6620 2895/6622/6621 2773/6623/6622
f 2773/6623/6622 2895/6622/6621 2894/6624/6623
f 2773/6623/6622 2894/6624/6623 2774/6625/6624
f 2774/6625/6624 2894/6624/6623 2893/6626/6625
f 2774/6625/6624 2893/6626/6625 2775/6627/6626
f 2775/6627/6626 2893/6626/6625 2892/6628/6627
f 2775/6627/6626 2892/6628/6627 2891/6629/6628
f 2775/6627/6626 2891/6629/6628 2776/6630/6629
f 2776/6630/6629 2891/6629/6628 2890/6631/6630
f 2776/6630/6629 2890/6631/6630 2865/6632/6631
f 2776/6630/6629 2865/6632/6631 2777/6633/6632
f 2777/6633/6632 2865/6632/6631 2864/6634/6633
f 2777/6633/6632 2864/6634/6633 2863/6635/6634
f 2862/6636/6635 2779/6637/6636 2863/6635/6634
f 2863/6635/6634 2779/6637/6636 2778/6638/6637
f 2863/6635/6634 2778/6638/6637 2777/6633/6632
f 2779/6637/6636 2862/6636/6635 2780/6639/6638
f 2780/6639/6638 2862/6636/6635 2861/6640/6639
f 2780/6639/6638 2861/6640/6639 2781/6641/6640
f 2781/6641/6640 2861/6640/6639 2782/6642/6641
f 2782/6642/6641 2861/6640/6639 2860/6643/6642
f 2782/6642/6641 2860/6643/6642 2783/6644/6643
f 2783/6644/6643 2860/6643/6642 2784/6645/6644
f 2784/6645/6644 2860/6643/6642 2859/6646/6645
f 2784/6645/6644 2859/6646/6645 2785/6647/6646
f 2785/6647/6646 2859/6646/6645 2858/6648/6647
f 2785/6647/6646 2858/6648/6647 2786/6649/6648
f 2786/6649/6648 2858/6648/6647 2787/6650/6649
f 2787/6650/6649 2858/6648/6647 2857/6651/6650
f 2787/6650/6649 2857/6651/6650 2788/6652/6651
f 2788/6652/6651 2857/6651/6650 2789/6653/6652
f 2789/6653/6652 2857/6651/6650 2790/6654/6653
f 2790/6654/6653 2857/6651/6650 2842/6655/6654
f 2842/6655/6654 2857/6651/6650 2843/6656/6655
f 2843/6656/6655 2857/6651/6650 2856/6657/6656
f 2843/6656/6655 2856/6657/6656 2844/6658/6657
f 2844/6658/6657 2856/6657/6656 2846/6659/6658
f 2844/6658/6657 2846/6659/6658 2845/6660/6659
f 2855/6661/6660 2849/6662/6661 2856/6657/6656
f 2856/6657/6656 2849/6662/6661 2848/6663/6662
f 2856/6657/6656 2848/6663/6662 2847/6664/6663
f 2854/6665/6664 2853/6666/6665 2855/6661/6660
f 2855/6661/6660 2853/6666/6665 2852/6667/6666
f 2855/6661/6660 2852/6667/6666 2851/6668/6667
f 2851/6668/6667 2850/6669/6668 2855/6661/6660
f 2855/6661/6660 2850/6669/6668 2849/6662/6661
f 2847/6664/6663 2846/6659/6658 2856/6657/6656
f 2959/6578/6577 2744/6580/6579 2958/6670/6669
f 2958/6670/6669 2744/6580/6579 2743/6671/6670
f 2958/6670/6669 2743/6671/6670 2742/6672/6671
f 2958/6670/6669 2742/6672/6671 2957/6673/6672
f 2957/6673/6672 2742/6672/6671 2741/6674/6673
f 2957/6673/6672 2741/6674/6673 2956/6675/6674
f 2956/6675/6674 2741/6674/6673 2955/6676/6675
f 2955/6676/6675 2741/6674/6673 2740/6677/6676
f 2955/6676/6675 2740/6677/6676 2737/6678/6677
f 2955/6676/6675 2737/6678/6677 2954/6679/6678
f 2954/6679/6678 2737/6678/6677 2736/6680/6679
f 2954/6679/6678 2736/6680/6679 2953/6681/6680
f 2953/6681/6680 2736/6680/6679 2700/6682/6681
f 2953/6681/6680 2700/6682/6681 2952/6683/6682
f 2952/6683/6682 2700/6682/6681 2699/6684/6683
f 2952/6683/6682 2699/6684/6683 2951/6685/6684
f 2951/6685/6684 2699/6684/6683 2698/6686/6685
f 2951/6685/6684 2698/6686/6685 2950/6687/6686
f 2950/6687/6686 2698/6686/6685 2697/6688/6687
f 2950/6687/6686 2697/6688/6687 2949/6689/6688
f 2949/6689/6688 2697/6688/6687 2696/6690/6689
f 2949/6689/6688 2696/6690/6689 2948/6691/6690
f 2948/6691/6690 2696/6690/6689 2695/6692/6691
f 2948/6691/6690 2695/6692/6691 2947/6693/6692
f 2947/6693/6692 2695/6692/6691 2694/6694/6693
f 2947/6693/6692 2694/6694/6693 2693/6695/6694
f 2947/6693/6692 2693/6695/6694 2946/6696/6695
f 2946/6696/6695 2693/6695/6694 2692/6697/6696
f 2946/6696/6695 2692/6697/6696 2945/6698/6697
f 2945/6698/6697 2692/6697/6696 2691/6699/6698
f 2945/6698/6697 2691/6699/6698 2944/6700/6699
f 2944/6700/6699 2691/6699/6698 2690/6701/6700
f 2944/6700/6699 2690/6701/6700 2943/6702/6701
f 2943/6702/6701 2690/6701/6700 2689/6703/6702
f 2943/6702/6701 2689/6703/6702 2942/6704/6703
f 2942/6704/6703 2689/6703/6702 2688/6705/6704
f 2942/6704/6703 2688/6705/6704 2941/6706/6705
f 2941/6706/6705 2688/6705/6704 2687/6707/6706
f 2941/6706/6705 2687/6707/6706 2940/6708/6707
f 2940/6708/6707 2687/6707/6706 2686/6709/6708
f 2940/6708/6707 2686/6709/6708 2939/6710/6709
f 2939/6710/6709 2686/6709/6708 2685/6711/6710
f 2939/6710/6709 2685/6711/6710 2938/6712/6711
f 2938/6712/6711 2685/6711/6710 2684/6713/6712
f 2938/6712/6711 2684/6713/6712 2937/6714/6713
f 2937/6714/6713 2684/6713/6712 2683/6715/6714
f 2937/6714/6713 2683/6715/6714 2936/6716/6715
f 2936/6716/6715 2683/6715/6714 2682/6717/6716
f 2936/6716/6715 2682/6717/6716 2935/6718/6717
f 2935/6718/6717 2682/6717/6716 2681/6719/6718
f 2935/6718/6717 2681/6719/6718 2934/6720/6719
f 2934/6720/6719 2681/6719/6718 2680/6721/6720
f 2934/6720/6719 2680/6721/6720 2933/6722/6721
f 2933/6722/6721 2680/6721/6720 2679/6723/6722
f 2933/6722/6721 2679/6723/6722 2932/6724/6723
f 2932/6724/6723 2679/6723/6722 2678/6725/6724
f 2932/6724/6723 2678/6725/6724 2931/6726/6725
f 2931/6726/6725 2678/6725/6724 2677/6727/6726
f 2931/6726/6725 2677/6727/6726 2930/6728/6727
f 2930/6728/6727 2677/6727/6726 2676/6729/6728
f 2930/6728/6727 2676/6729/6728 2929/6730/6729
f 2929/6730/6729 2676/6729/6728 2675/6731/6730
f 2929/6730/6729 2675/6731/6730 2928/6732/6731
f 2928/6732/6731 2675/6731/6730 2674/6733/6732
f 2928/6732/6731 2674/6733/6732 2927/6734/6733
f 2927/6734/6733 2674/6733/6732 2673/6735/6734
f 2927/6734/6733 2673/6735/6734 2926/6736/6735
f 2926/6736/6735 2673/6735/6734 2672/6737/6736
f 2926/6736/6735 2672/6737/6736 2925/6738/6737
f 2925/6738/6737 2672/6737/6736 2671/6739/6738
f 2925/6738/6737 2671/6739/6738 2924/6740/6739
f 2924/6740/6739 2671/6739/6738 2670/6741/6740
f 2924/6740/6739 2670/6741/6740 2923/6742/6741
f 2923/6742/6741 2670/6741/6740 2669/6743/6742
f 2923/6742/6741 2669/6743/6742 2654/6744/6743
f 2654/6744/6743 2669/6743/6742 2668/6745/6744
f 2654/6744/6743 2668/6745/6744 2655/6746/6745
f 2655/6746/6745 2668/6745/6744 2667/6747/6746
f 2655/6746/6745 2667/6747/6746 2656/6748/6747
f 2656/6748/6747 2667/6747/6746 2666/6749/6748
f 2656/6748/6747 2666/6749/6748 2657/6750/6749
f 2657/6750/6749 2666/6749/6748 2658/6751/6750
f 2654/6744/6743 2653/6752/6751 2923/6742/6741
f 2923/6742/6741 2653/6752/6751 2652/6753/6752
f 2923/6742/6741 2652/6753/6752 2922/6754/6753
f 2922/6754/6753 2652/6753/6752 2650/6755/6570
usemtl Paint_-_Enamel_Glossy_(Red)
f 2641/6756/6754 2640/6757/6755 2624/6758/6756
f 2624/6758/6756 2640/6757/6755 2961/6759/6757
f 2624/6758/6756 2961/6759/6757 2625/6760/6758
f 2625/6760/6758 2961/6759/6757 2626/6761/6759
f 2626/6761/6759 2961/6759/6757 2960/6762/6760
f 2626/6761/6759 2960/6762/6760 2627/6763/6761
f 2627/6763/6761 2960/6762/6760 2959/6764/6762
f 2627/6763/6761 2959/6764/6762 2628/6765/6763
f 2628/6765/6763 2959/6764/6762 2958/6766/6764
f 2628/6765/6763 2958/6766/6764 2629/6767/6765
f 2629/6767/6765 2958/6766/6764 2957/6768/6766
f 2629/6767/6765 2957/6768/6766 2630/6769/6767
f 2630/6769/6767 2957/6768/6766 2956/6770/6768
f 2630/6769/6767 2956/6770/6768 2631/6771/6769
f 2631/6771/6769 2956/6770/6768 2955/6772/6770
f 2631/6771/6769 2955/6772/6770 2590/6773/6771
f 2590/6774/6771 2955/6775/6770 2954/6776/6772
f 2590/6774/6771 2954/6776/6772 2591/6777/6773
f 2591/6777/6773 2954/6776/6772 2953/6778/6774
f 2591/6777/6773 2953/6778/6774 2592/6779/6775
f 2592/6779/6775 2953/6778/6774 2952/6780/6776
f 2592/6779/6775 2952/6780/6776 2593/6781/6777
f 2593/6781/6777 2952/6780/6776 2951/6782/6778
f 2593/6781/6777 2951/6782/6778 2594/6783/6779
f 2594/6783/6779 2951/6782/6778 2950/6784/6780
f 2594/6783/6779 2950/6784/6780 2595/6785/6781
f 2595/6785/6781 2950/6784/6780 2949/6786/6782
f 2595/6785/6781 2949/6786/6782 2596/6787/6783
f 2596/6787/6783 2949/6786/6782 2948/6788/6784
f 2596/6787/6783 2948/6788/6784 2597/6789/6785
f 2597/6789/6785 2948/6788/6784 2947/6790/6786
f 2597/6789/6785 2947/6790/6786 2598/6791/6787
f 2598/6791/6787 2947/6790/6786 2946/6792/6788
f 2598/6791/6787 2946/6792/6788 2599/6793/6789
f 2599/6793/6789 2946/6792/6788 2945/6794/6790
f 2599/6793/6789 2945/6794/6790 2600/6795/6791
f 2600/6795/6791 2945/6794/6790 2944/6796/6792
f 2600/6795/6791 2944/6796/6792 2601/6797/6793
f 2601/6797/6793 2944/6796/6792 2943/6798/6794
f 2601/6797/6793 2943/6798/6794 2602/6799/6795
f 2602/6799/6795 2943/6798/6794 2942/6800/6796
f 2602/6799/6795 2942/6800/6796 2603/6801/6797
f 2603/6801/6797 2942/6800/6796 2941/6802/6798
f 2603/6801/6797 2941/6802/6798 2604/6803/6799
f 2604/6803/6799 2941/6802/6798 2940/6804/6800
f 2604/6803/6799 2940/6804/6800 2605/6805/6801
f 2605/6805/6801 2940/6804/6800 2939/6806/6802
f 2605/6805/6801 2939/6806/6802 2606/6807/6803
f 2606/6807/6803 2939/6806/6802 2938/6808/6804
f 2606/6807/6803 2938/6808/6804 2607/6809/6805
f 2607/6809/6805 2938/6808/6804 2937/6810/6806
f 2607/6809/6805 2937/6810/6806 2608/6811/6807
f 2608/6811/6807 2937/6810/6806 2936/6812/6808
f 2608/6811/6807 2936/6812/6808 2609/6813/6809
f 2609/6813/6809 2936/6812/6808 2935/6814/6810
f 2609/6813/6809 2935/6814/6810 2610/6815/6811
f 2610/6815/6811 2935/6814/6810 2934/6816/6812
f 2610/6815/6811 2934/6816/6812 2611/6817/6813
f 2611/6817/6813 2934/6816/6812 2933/6818/6814
f 2611/6817/6813 2933/6818/6814 2612/6819/6815
f 2612/6819/6815 2933/6818/6814 2932/6820/6816
f 2612/6819/6815 2932/6820/6816 2613/6821/6817
f 2613/6821/6817 2932/6820/6816 2931/6822/6818
f 2613/6821/6817 2931/6822/6818 2614/6823/6819
f 2614/6823/6819 2931/6822/6818 2930/6824/6820
f 2614/6823/6819 2930/6824/6820 2615/6825/6821
f 2615/6825/6821 2930/6824/6820 2929/6826/6822
f 2615/6825/6821 2929/6826/6822 2616/6827/6823
f 2616/6827/6823 2929/6826/6822 2928/6828/6824
f 2616/6827/6823 2928/6828/6824 2617/6829/6825
f 2617/6829/6825 2928/6828/6824 2927/6830/6826
f 2617/6829/6825 2927/6830/6826 2618/6831/6827
f 2618/6831/6827 2927/6830/6826 2926/6832/6828
f 2618/6831/6827 2926/6832/6828 2619/6833/6829
f 2619/6833/6829 2926/6832/6828 2925/6834/6830
f 2619/6833/6829 2925/6834/6830 2620/6835/6831
f 2620/6835/6831 2925/6834/6830 2924/6836/6832
f 2620/6835/6831 2924/6836/6832 2621/6837/6833
f 2621/6837/6833 2924/6836/6832 2923/6838/6834
f 2621/6837/6833 2923/6838/6834 2622/6839/6835
f 2622/6839/6835 2923/6838/6834 2922/6840/6836
f 2622/6839/6835 2922/6840/6836 2623/6841/6837
f 2623/6841/6837 2922/6840/6836 2651/6842/6838
f 2623/6841/6837 2651/6842/6838 2624/6758/6756
f 2624/6758/6756 2651/6842/6838 2920/6843/6839
f 2624/6758/6756 2920/6843/6839 2641/6756/6754
f 2641/6756/6754 2920/6843/6839 2640/6757/6755
f 2922/6840/6836 2650/6844/6840 2651/6842/6838
f 2650/6844/6840 2921/6845/6841 2651/6842/6838
f 2651/6842/6838 2921/6845/6841 2920/6843/6839
f 1574/6846/6842 1605/6847/6843 1575/6848/6844
f 1575/6848/6844 1605/6847/6843 1604/6849/6845
f 1575/6848/6844 1604/6849/6845 1603/6850/6846
f 1573/6851/6847 1572/6852/6848 1574/6846/6842
f 1574/6846/6842 1572/6852/6848 1605/6847/6843
f 1572/6852/6848 1571/6853/6849 1605/6847/6843
f 1575/6848/6844 1603/6850/6846 1581/6854/6850
f 1581/6854/6850 1603/6850/6846 1601/6855/6851
f 1581/6854/6850 1601/6855/6851 1582/6856/6852
f 1582/6856/6852 1601/6855/6851 1583/6857/6853
f 1583/6857/6853 1601/6855/6851 1584/6858/6854
f 1584/6858/6854 1601/6855/6851 1589/6859/6855
f 1589/6859/6855 1601/6855/6851 1590/6860/6856
f 1590/6860/6856 1601/6855/6851 1591/6861/6857
f 1591/6861/6857 1601/6855/6851 1592/6862/6858
f 1592/6862/6858 1601/6855/6851 1599/6863/6859
f 1592/6862/6858 1599/6863/6859 1597/6864/6860
g Body3

v -0.912150 -0.420078 0.127000
v -0.720557 -0.324664 0.127000
v -0.720557 -0.324664 0.000000
v -0.912150 -0.420078 0.000000
v -0.885848 -0.472894 0.127000
v -0.885848 -0.472894 0.000000
v -0.817886 -0.534056 0.127000
v -0.829274 -0.529006 0.127000
v -0.839813 -0.523820 0.127000
v -0.849510 -0.517989 0.127000
v -0.858372 -0.511005 0.127000
v -0.866278 -0.502654 0.127000
v -0.873295 -0.493294 0.127000
v -0.873323 -0.493253 0.000000
v -0.866325 -0.502597 0.000000
v -0.858443 -0.510939 0.000000
v -0.849438 -0.518006 0.000000
v -0.839461 -0.523969 0.000000
v -0.817886 -0.534056 0.000000
v -0.727790 -0.523736 0.127000
v -0.749695 -0.532298 0.127000
v -0.760755 -0.535581 0.127000
v -0.771943 -0.537669 0.127000
v -0.783156 -0.538271 0.127000
v -0.794407 -0.537617 0.127000
v -0.794706 -0.537562 0.000000
v -0.783231 -0.538251 0.000000
v -0.771893 -0.537663 0.000000
v -0.760718 -0.535572 0.000000
v -0.749671 -0.532289 0.000000
v -0.727790 -0.523736 0.000000
v -0.673917 -0.462132 0.127000
v -0.678214 -0.472400 0.127000
v -0.682678 -0.481962 0.127000
v -0.687751 -0.490787 0.127000
v -0.693878 -0.498842 0.127000
v -0.701257 -0.506009 0.127000
v -0.709578 -0.512368 0.127000
v -0.709604 -0.512386 0.000000
v -0.701293 -0.506040 0.000000
v -0.693919 -0.498888 0.000000
v -0.687732 -0.490718 0.000000
v -0.682562 -0.481675 0.000000
v -0.673917 -0.462132 0.000000
v -0.686970 -0.373852 0.127000
v -0.678082 -0.395262 0.127000
v -0.674558 -0.406090 0.127000
v -0.672138 -0.417067 0.127000
v -0.671118 -0.427976 0.127000
v -0.671308 -0.438857 0.127000
v -0.672358 -0.450108 0.127000
v -0.671372 -0.439281 0.000000
v -0.671145 -0.427996 0.000000
v -0.672168 -0.416879 0.000000
v -0.674597 -0.405951 0.000000
v -0.678115 -0.395170 0.000000
v -0.686970 -0.373852 0.000000
v -0.710580 -0.336210 0.127000
v -0.701886 -0.347751 0.127000
v -0.694079 -0.360560 0.127000
v -0.694037 -0.360634 0.000000
v -0.701791 -0.347892 0.000000
v -0.710770 -0.335999 0.000000
vt -0.000000 0.127000 0.000000
vt -0.214037 0.127000 0.000000
vt -0.000000 0.000000 0.000000
vt -0.214037 0.000000 0.000000
vt -0.000000 0.127000 0.000000
vt -0.059003 0.127000 0.000000
vt -0.000000 0.000000 0.000000
vt -0.059003 0.000000 0.000000
vt -0.000000 0.127000 0.000000
vt -0.011889 0.127000 0.000000
vt -0.000000 0.000000 0.000000
vt -0.022862 0.000000 0.000000
vt -0.023232 0.127000 0.000000
vt -0.034292 0.000000 0.000000
vt -0.034360 0.127000 0.000000
vt -0.045626 0.127000 0.000000
vt -0.045723 0.000000 0.000000
vt -0.057081 0.127000 0.000000
vt -0.057154 0.000000 0.000000
vt -0.068536 0.127000 0.000000
vt -0.068585 0.000000 0.000000
vt -0.091446 0.127000 0.000000
vt -0.091446 0.000000 0.000000
vt -0.000000 0.000000 0.000000
vt -0.000000 0.127000 0.000000
vt -0.022672 0.000000 0.000000
vt -0.022697 0.127000 0.000000
vt -0.034009 0.000000 0.000000
vt -0.034046 0.127000 0.000000
vt -0.045345 0.000000 0.000000
vt -0.045395 0.127000 0.000000
vt -0.056606 0.127000 0.000000
vt -0.056681 0.000000 0.000000
vt -0.067721 0.127000 0.000000
vt -0.068017 0.000000 0.000000
vt -0.090690 0.127000 0.000000
vt -0.090690 0.000000 0.000000
vt -0.000000 0.127000 0.000000
vt -0.010594 0.127000 0.000000
vt -0.000000 0.000000 0.000000
vt -0.020462 0.000000 0.000000
vt -0.020762 0.127000 0.000000
vt -0.030693 0.000000 0.000000
vt -0.030760 0.127000 0.000000
vt -0.040924 0.000000 0.000000
vt -0.040862 0.127000 0.000000
vt -0.051108 0.127000 0.000000
vt -0.051155 0.000000 0.000000
vt -0.061355 0.127000 0.000000
vt -0.061386 0.000000 0.000000
vt -0.081848 0.127000 0.000000
vt -0.081848 0.000000 0.000000
vt -0.000000 0.000000 0.000000
vt -0.000000 0.127000 0.000000
vt -0.022315 0.000000 0.000000
vt -0.022410 0.127000 0.000000
vt -0.033472 0.000000 0.000000
vt -0.033615 0.127000 0.000000
vt -0.044629 0.000000 0.000000
vt -0.044820 0.127000 0.000000
vt -0.055787 0.000000 0.000000
vt -0.055768 0.127000 0.000000
vt -0.066525 0.127000 0.000000
vt -0.066944 0.000000 0.000000
vt -0.077544 0.127000 0.000000
vt -0.089258 0.000000 0.000000
vt -0.089258 0.127000 0.000000
vt -0.000000 0.000000 0.000000
vt -0.000000 0.127000 0.000000
vt -0.014891 0.000000 0.000000
vt -0.015174 0.127000 0.000000
vt -0.029782 0.000000 0.000000
vt -0.029612 0.127000 0.000000
vt -0.044588 0.127000 0.000000
vt -0.044674 0.000000 0.000000
vt -0.059565 0.127000 0.000000
vt -0.059565 0.000000 0.000000
vt -0.911322 -0.548848 0.000000
vt -0.887843 -0.552408 0.000000
vt -0.922711 -0.543797 0.000000
vt -0.843131 -0.547089 0.000000
vt -0.933250 -0.538612 0.000000
vt -0.942946 -0.532781 0.000000
vt -0.951808 -0.525796 0.000000
vt -0.959714 -0.517445 0.000000
vt -0.966731 -0.508086 0.000000
vt -0.821227 -0.538528 0.000000
vt -0.803014 -0.527159 0.000000
vt -0.854191 -0.550373 0.000000
vt -0.876592 -0.553062 0.000000
vt -0.865379 -0.552460 0.000000
vt -0.794693 -0.520801 0.000000
vt -0.776114 -0.496754 0.000000
vt -0.771651 -0.487192 0.000000
vt -0.765794 -0.464900 0.000000
vt -0.979284 -0.487685 0.000000
vt -0.764744 -0.453648 0.000000
vt -0.764554 -0.442768 0.000000
vt -0.787314 -0.513633 0.000000
vt -0.781187 -0.505578 0.000000
vt -0.767354 -0.476924 0.000000
vt -0.765575 -0.431859 0.000000
vt -0.767994 -0.420882 0.000000
vt -0.771518 -0.410053 0.000000
vt -0.780406 -0.388644 0.000000
vt -0.787515 -0.375351 0.000000
vt -1.005586 -0.434870 0.000000
vt -0.795322 -0.362543 0.000000
vt -0.804016 -0.351001 0.000000
vt -0.813993 -0.339456 0.000000
vt 0.803040 -0.527178 0.000000
vt 0.821227 -0.538528 0.000000
vt 0.966759 -0.508044 0.000000
vt 0.843107 -0.547081 0.000000
vt 0.959761 -0.517389 0.000000
vt 0.951880 -0.525731 0.000000
vt 0.942875 -0.532797 0.000000
vt 0.932898 -0.538761 0.000000
vt 0.888142 -0.552354 0.000000
vt 0.911322 -0.548848 0.000000
vt 0.854154 -0.550364 0.000000
vt 0.876667 -0.553043 0.000000
vt 0.865330 -0.552454 0.000000
vt 0.775998 -0.496466 0.000000
vt 0.979284 -0.487685 0.000000
vt 0.767354 -0.476924 0.000000
vt 0.764809 -0.454072 0.000000
vt 0.764581 -0.442787 0.000000
vt 0.765605 -0.431671 0.000000
vt 0.768033 -0.420743 0.000000
vt 0.771552 -0.409962 0.000000
vt 0.780406 -0.388644 0.000000
vt 0.787473 -0.375426 0.000000
vt 1.005586 -0.434870 0.000000
vt 0.795227 -0.362684 0.000000
vt 0.804206 -0.350790 0.000000
vt 0.813993 -0.339456 0.000000
vt 0.794729 -0.520832 0.000000
vt 0.781168 -0.505510 0.000000
vt 0.787355 -0.513680 0.000000
vn -0.445782 0.895141 -0.000000
vn -0.445782 0.895141 -0.000000
vn -0.445782 0.895141 -0.000000
vn -0.445782 0.895141 -0.000000
vn -0.895141 -0.445782 0.000000
vn -0.895141 -0.445782 0.000000
vn -0.895141 -0.445782 0.000000
vn -0.895141 -0.445782 0.000000
vn -0.399684 -0.916653 0.000000
vn -0.419009 -0.907982 0.000000
vn -0.399684 -0.916653 0.000000
vn -0.471332 -0.881956 0.000000
vn -0.473677 -0.880698 0.000000
vn -0.560161 -0.828384 0.000000
vn -0.560786 -0.827961 0.000000
vn -0.675212 -0.737624 0.000000
vn -0.676190 -0.736728 0.000000
vn -0.768808 -0.639479 0.000000
vn -0.769274 -0.638919 0.000000
vn -0.825343 -0.564632 0.000000
vn -0.825519 -0.564375 0.000000
vn -0.863853 -0.503745 0.000000
vn -0.863853 -0.503745 0.000000
vn 0.384261 -0.923225 -0.000000
vn 0.384261 -0.923225 -0.000000
vn 0.322483 -0.946575 -0.000000
vn 0.322342 -0.946623 -0.000000
vn 0.240624 -0.970618 -0.000000
vn 0.240289 -0.970701 -0.000000
vn 0.120112 -0.992760 -0.000000
vn 0.119492 -0.992835 -0.000000
vn -0.009859 -0.999951 0.000000
vn -0.010595 -0.999944 0.000000
vn -0.100395 -0.994948 0.000000
vn -0.102289 -0.994755 0.000000
vn -0.172670 -0.984980 0.000000
vn -0.172670 -0.984980 0.000000
vn 0.924909 -0.380187 -0.000000
vn 0.916619 -0.399762 -0.000000
vn 0.924909 -0.380187 -0.000000
vn 0.891254 -0.453505 -0.000000
vn 0.890145 -0.455677 -0.000000
vn 0.838607 -0.544737 -0.000000
vn 0.838147 -0.545445 -0.000000
vn 0.747112 -0.664698 -0.000000
vn 0.747765 -0.663963 -0.000000
vn 0.647703 -0.761893 -0.000000
vn 0.647292 -0.762242 -0.000000
vn 0.571086 -0.820890 -0.000000
vn 0.570897 -0.821021 -0.000000
vn 0.508717 -0.860934 -0.000000
vn 0.508717 -0.860934 -0.000000
vn 0.915512 0.402291 -0.000000
vn 0.915512 0.402291 -0.000000
vn 0.938582 0.345056 -0.000000
vn 0.938767 0.344552 -0.000000
vn 0.963032 0.269387 -0.000000
vn 0.963366 0.268190 -0.000000
vn 0.987451 0.157927 -0.000000
vn 0.987804 0.155704 -0.000000
vn 0.999568 0.029397 -0.000000
vn 0.999562 0.029582 -0.000000
vn 0.998191 -0.060129 -0.000000
vn 0.998021 -0.062884 -0.000000
vn 0.993393 -0.114763 -0.000000
vn 0.990969 -0.134089 -0.000000
vn 0.990969 -0.134089 -0.000000
vn 0.749761 0.661708 -0.000000
vn 0.749761 0.661708 -0.000000
vn 0.770968 0.636874 -0.000000
vn 0.771767 0.635906 -0.000000
vn 0.829116 0.559076 -0.000000
vn 0.828398 0.560140 -0.000000
vn 0.872834 0.488016 -0.000000
vn 0.872990 0.487739 -0.000000
vn 0.886156 0.463387 -0.000000
vn 0.886156 0.463387 -0.000000
vn 0.000000 0.000000 1.000000
vn 0.000000 0.000000 1.000000
vn 0.000000 0.000000 1.000000
vn 0.000000 0.000000 1.000000
vn 0.000000 0.000000 1.000000
vn 0.000000 0.000000 1.000000
vn 0.000000 0.000000 1.000000
vn 0.000000 0.000000 1.000000
vn 0.000000 0.000000 1.000000
vn 0.000000 0.000000 1.000000
vn 0.000000 0.000000 1.000000
vn 0.000000 0.000000 1.000000
vn 0.000000 0.000000 1.000000
vn 0.000000 0.000000 1.000000
vn 0.000000 0.000000 1.000000
vn 0.000000 0.000000 1.000000
vn 0.000000 0.000000 1.000000
vn 0.000000 0.000000 1.000000
vn 0.000000 0.000000 1.000000
vn 0.000000 0.000000 1.000000
vn 0.000000 0.000000 1.000000
vn 0.000000 0.000000 1.000000
vn 0.000000 0.000000 1.000000
vn 0.000000 0.000000 1.000000
vn 0.000000 0.000000 1.000000
vn 0.000000 0.000000 1.000000
vn 0.000000 0.000000 1.000000
vn 0.000000 0.000000 1.000000
vn 0.000000 0.000000 1.000000
vn 0.000000 0.000000 1.000000
vn 0.000000 0.000000 1.000000
vn 0.000000 0.000000 1.000000
vn 0.000000 0.000000 1.000000
vn -0.000000 -0.000000 -1.000000
vn -0.000000 -0.000000 -1.000000
vn -0.000000 -0.000000 -1.000000
vn -0.000000 -0.000000 -1.000000
vn -0.000000 -0.000000 -1.000000
vn -0.000000 -0.000000 -1.000000
vn -0.000000 -0.000000 -1.000000
vn -0.000000 -0.000000 -1.000000
vn -0.000000 -0.000000 -1.000000
vn -0.000000 -0.000000 -1.000000
vn -0.000000 -0.000000 -1.000000
vn -0.000000 -0.000000 -1.000000
vn -0.000000 -0.000000 -1.000000
vn -0.000000 -0.000000 -1.000000
vn -0.000000 -0.000000 -1.000000
vn -0.000000 -0.000000 -1.000000
vn -0.000000 -0.000000 -1.000000
vn -0.000000 -0.000000 -1.000000
vn -0.000000 -0.000000 -1.000000
vn -0.000000 -0.000000 -1.000000
vn -0.000000 -0.000000 -1.000000
vn -0.000000 -0.000000 -1.000000
vn -0.000000 -0.000000 -1.000000
vn -0.000000 -0.000000 -1.000000
vn -0.000000 -0.000000 -1.000000
vn -0.000000 -0.000000 -1.000000
vn -0.000000 -0.000000 -1.000000
vn -0.000000 -0.000000 -1.000000
vn -0.000000 -0.000000 -1.000000
vn -0.000000 -0.000000 -1.000000
usemtl Steel_-_Satin
f 2962/6865/6861 2963/6866/6862 2965/6867/6863
f 2965/6867/6863 2963/6866/6862 2964/6868/6864
f 2966/6869/6865 2962/6870/6866 2967/6871/6867
f 2967/6871/6867 2962/6870/6866 2965/6872/6868
f 2968/6873/6869 2969/6874/6870 2980/6875/6871
f 2980/6875/6871 2969/6874/6870 2979/6876/6872
f 2979/6876/6872 2969/6874/6870 2970/6877/6873
f 2979/6876/6872 2970/6877/6873 2978/6878/6874
f 2978/6878/6874 2970/6877/6873 2971/6879/6875
f 2978/6878/6874 2971/6879/6875 2972/6880/6876
f 2978/6878/6874 2972/6880/6876 2977/6881/6877
f 2977/6881/6877 2972/6880/6876 2973/6882/6878
f 2977/6881/6877 2973/6882/6878 2976/6883/6879
f 2976/6883/6879 2973/6882/6878 2974/6884/6880
f 2976/6883/6879 2974/6884/6880 2975/6885/6881
f 2975/6885/6881 2974/6884/6880 2966/6886/6882
f 2975/6885/6881 2966/6886/6882 2967/6887/6883
f 2992/6888/6884 2981/6889/6885 2991/6890/6886
f 2991/6890/6886 2981/6889/6885 2982/6891/6887
f 2991/6890/6886 2982/6891/6887 2990/6892/6888
f 2990/6892/6888 2982/6891/6887 2983/6893/6889
f 2990/6892/6888 2983/6893/6889 2989/6894/6890
f 2989/6894/6890 2983/6893/6889 2984/6895/6891
f 2989/6894/6890 2984/6895/6891 2985/6896/6892
f 2989/6894/6890 2985/6896/6892 2988/6897/6893
f 2988/6897/6893 2985/6896/6892 2986/6898/6894
f 2988/6897/6893 2986/6898/6894 2987/6899/6895
f 2987/6899/6895 2986/6898/6894 2968/6900/6896
f 2987/6899/6895 2968/6900/6896 2980/6901/6897
f 2993/6902/6898 2994/6903/6899 3005/6904/6900
f 3005/6904/6900 2994/6903/6899 3004/6905/6901
f 3004/6905/6901 2994/6903/6899 2995/6906/6902
f 3004/6905/6901 2995/6906/6902 3003/6907/6903
f 3003/6907/6903 2995/6906/6902 2996/6908/6904
f 3003/6907/6903 2996/6908/6904 3002/6909/6905
f 3002/6909/6905 2996/6908/6904 2997/6910/6906
f 3002/6909/6905 2997/6910/6906 2998/6911/6907
f 3002/6909/6905 2998/6911/6907 3001/6912/6908
f 3001/6912/6908 2998/6911/6907 2999/6913/6909
f 3001/6912/6908 2999/6913/6909 3000/6914/6910
f 3000/6914/6910 2999/6913/6909 2981/6915/6911
f 3000/6914/6910 2981/6915/6911 2992/6916/6912
f 3018/6917/6913 3006/6918/6914 3017/6919/6915
f 3017/6919/6915 3006/6918/6914 3007/6920/6916
f 3017/6919/6915 3007/6920/6916 3016/6921/6917
f 3016/6921/6917 3007/6920/6916 3008/6922/6918
f 3016/6921/6917 3008/6922/6918 3015/6923/6919
f 3015/6923/6919 3008/6922/6918 3009/6924/6920
f 3015/6923/6919 3009/6924/6920 3014/6925/6921
f 3014/6925/6921 3009/6924/6920 3010/6926/6922
f 3014/6925/6921 3010/6926/6922 3011/6927/6923
f 3014/6925/6921 3011/6927/6923 3013/6928/6924
f 3013/6928/6924 3011/6927/6923 3012/6929/6925
f 3013/6928/6924 3012/6929/6925 3005/6930/6926
f 3005/6930/6926 3012/6929/6925 2993/6931/6927
f 2964/6932/6928 2963/6933/6929 3024/6934/6930
f 3024/6934/6930 2963/6933/6929 3019/6935/6931
f 3024/6934/6930 3019/6935/6931 3023/6936/6932
f 3023/6936/6932 3019/6935/6931 3020/6937/6933
f 3023/6936/6932 3020/6937/6933 3021/6938/6934
f 3023/6936/6932 3021/6938/6934 3022/6939/6935
f 3022/6939/6935 3021/6938/6934 3006/6940/6936
f 3022/6939/6935 3006/6940/6936 3018/6941/6937
f 2968/6942/6938 2986/6943/6939 2969/6944/6940
f 2969/6944/6940 2986/6943/6939 2982/6945/6941
f 2969/6944/6940 2982/6945/6941 2970/6946/6942
f 2970/6946/6942 2982/6945/6941 2971/6947/6943
f 2971/6947/6943 2982/6945/6941 2972/6948/6944
f 2972/6948/6944 2982/6945/6941 2973/6949/6945
f 2973/6949/6945 2982/6945/6941 2974/6950/6946
f 2974/6950/6946 2982/6945/6941 2981/6951/6947
f 2974/6950/6946 2981/6951/6947 2999/6952/6948
f 2982/6945/6941 2986/6943/6939 2983/6953/6949
f 2983/6953/6949 2986/6943/6939 2985/6954/6950
f 2983/6953/6949 2985/6954/6950 2984/6955/6951
f 2998/6956/6952 2995/6957/6953 2999/6952/6948
f 2999/6952/6948 2995/6957/6953 2994/6958/6954
f 2999/6952/6948 2994/6958/6954 2974/6950/6946
f 2974/6950/6946 2994/6958/6954 3012/6959/6955
f 2974/6950/6946 3012/6959/6955 2966/6960/6956
f 2966/6960/6956 3012/6959/6955 3011/6961/6957
f 2966/6960/6956 3011/6961/6957 3010/6962/6958
f 2997/6963/6959 2996/6964/6960 2998/6956/6952
f 2998/6956/6952 2996/6964/6960 2995/6957/6953
f 2994/6958/6954 2993/6965/6961 3012/6959/6955
f 3010/6962/6958 3009/6966/6962 2966/6960/6956
f 2966/6960/6956 3009/6966/6962 3008/6967/6963
f 2966/6960/6956 3008/6967/6963 3007/6968/6964
f 3007/6968/6964 3006/6969/6965 2966/6960/6956
f 2966/6960/6956 3006/6969/6965 3021/6970/6966
f 2966/6960/6956 3021/6970/6966 2962/6971/6967
f 2962/6971/6967 3021/6970/6966 3020/6972/6968
f 2962/6971/6967 3020/6972/6968 3019/6973/6969
f 3019/6973/6969 2963/6974/6970 2962/6971/6967
f 3000/6975/6971 2992/6976/6972 2975/6977/6973
f 2975/6977/6973 2992/6976/6972 2991/6978/6974
f 2975/6977/6973 2991/6978/6974 2976/6979/6975
f 2976/6979/6975 2991/6978/6974 2977/6980/6976
f 2977/6980/6976 2991/6978/6974 2978/6981/6977
f 2978/6981/6977 2991/6978/6974 2979/6982/6978
f 2979/6982/6978 2991/6978/6974 2987/6983/6979
f 2979/6982/6978 2987/6983/6979 2980/6984/6980
f 2991/6978/6974 2990/6985/6981 2987/6983/6979
f 2987/6983/6979 2990/6985/6981 2988/6986/6982
f 2988/6986/6982 2990/6985/6981 2989/6987/6983
f 3000/6975/6971 2975/6977/6973 3004/6988/6984
f 3004/6988/6984 2975/6977/6973 2967/6989/6985
f 3004/6988/6984 2967/6989/6985 3005/6990/6986
f 3005/6990/6986 2967/6989/6985 3013/6991/6987
f 3013/6991/6987 2967/6989/6985 3014/6992/6988
f 3014/6992/6988 2967/6989/6985 3015/6993/6989
f 3015/6993/6989 2967/6989/6985 3016/6994/6990
f 3016/6994/6990 2967/6989/6985 3017/6995/6991
f 3017/6995/6991 2967/6989/6985 3018/6996/6992
f 3018/6996/6992 2967/6989/6985 3022/6997/6993
f 3022/6997/6993 2967/6989/6985 2965/6998/6994
f 3022/6997/6993 2965/6998/6994 3023/6999/6995
f 3023/6999/6995 2965/6998/6994 3024/7000/6996
f 3024/7000/6996 2965/6998/6994 2964/7001/6997
f 3000/6975/6971 3004/6988/6984 3001/7002/6998
f 3001/7002/6998 3004/6988/6984 3003/7003/6999
f 3001/7002/6998 3003/7003/6999 3002/7004/7000
g Body4

v 0.828177 0.675575 0.000000
v 0.847077 0.687325 0.000000
v 0.856802 0.692154 0.000000
v 0.866856 0.695728 0.000000
v 0.877323 0.697734 0.000000
v 0.888135 0.698425 0.000000
v 0.910334 0.697616 0.000000
v 0.933034 0.690120 0.000000
v 0.943793 0.685450 0.000000
v 0.953846 0.679674 0.000000
v 0.963089 0.672632 0.000000
v 0.971697 0.664599 0.000000
v 0.987858 0.646880 0.000000
v 1.018647 0.607420 0.000000
v 0.846693 0.473249 0.000000
v 0.810647 0.519445 0.000000
v 0.798070 0.538511 0.000000
v 0.792736 0.548339 0.000000
v 0.788549 0.558522 0.000000
v 0.785831 0.569159 0.000000
v 0.784402 0.580195 0.000000
v 0.783697 0.602933 0.000000
v 0.789609 0.624219 0.000000
v 0.793482 0.634311 0.000000
v 0.798456 0.643743 0.000000
v 0.804710 0.652407 0.000000
v 0.811972 0.660466 0.000000
v 0.910334 0.697616 0.127000
v 0.887921 0.698439 0.127000
v 0.877259 0.697741 0.127000
v 0.866877 0.695733 0.127000
v 0.856817 0.692161 0.127000
v 0.847087 0.687331 0.127000
v 0.828177 0.675575 0.127000
v 0.811945 0.660439 0.127000
v 0.804673 0.652363 0.127000
v 0.798416 0.643679 0.127000
v 0.793489 0.634382 0.127000
v 0.789687 0.624545 0.127000
v 0.786570 0.614088 0.127000
v 0.783697 0.602933 0.127000
v 0.783837 0.590976 0.127000
v 0.784399 0.579792 0.127000
v 0.785812 0.569109 0.127000
v 0.788505 0.558653 0.127000
v 0.792690 0.548434 0.127000
v 0.798033 0.538572 0.127000
v 0.810647 0.519445 0.127000
v 0.846693 0.473249 0.127000
v 1.018647 0.607420 0.127000
v 0.987858 0.646880 0.127000
v 0.971652 0.664645 0.127000
v 0.963016 0.672694 0.127000
v 0.953741 0.679744 0.127000
v 0.943856 0.685447 0.127000
v 0.933426 0.690005 0.127000
v 0.922301 0.693901 0.127000
vt -0.753641 0.672534 0.000000
vt -0.839597 0.675328 0.000000
vt -0.734741 0.660784 0.000000
vt -0.850357 0.670658 0.000000
vt -0.860410 0.664882 0.000000
vt -0.794698 0.683633 0.000000
vt -0.763365 0.677363 0.000000
vt -0.783886 0.682942 0.000000
vt -0.773420 0.680936 0.000000
vt -0.816898 0.682824 0.000000
vt -0.869652 0.657840 0.000000
vt -0.718536 0.645675 0.000000
vt -0.878261 0.649807 0.000000
vt -0.711273 0.637616 0.000000
vt -0.705020 0.628951 0.000000
vt -0.700046 0.619520 0.000000
vt -0.696172 0.609427 0.000000
vt -0.894422 0.632088 0.000000
vt -0.690261 0.588141 0.000000
vt -0.690966 0.565404 0.000000
vt -0.692395 0.554368 0.000000
vt -0.695113 0.543730 0.000000
vt -0.699300 0.533547 0.000000
vt -0.704633 0.523719 0.000000
vt -0.717211 0.504654 0.000000
vt -0.925211 0.592629 0.000000
vt -0.753257 0.458457 0.000000
vt 0.816898 0.682824 0.000000
vt 0.794485 0.683647 0.000000
vt 0.828865 0.679109 0.000000
vt 0.783823 0.682949 0.000000
vt 0.773441 0.680942 0.000000
vt 0.763380 0.677369 0.000000
vt 0.753650 0.672539 0.000000
vt 0.734741 0.660784 0.000000
vt 0.718508 0.645647 0.000000
vt 0.869580 0.657902 0.000000
vt 0.860305 0.664953 0.000000
vt 0.850420 0.670656 0.000000
vt 0.878215 0.649853 0.000000
vt 0.711237 0.637571 0.000000
vt 0.704980 0.628887 0.000000
vt 0.700053 0.619590 0.000000
vt 0.696251 0.609753 0.000000
vt 0.693134 0.599297 0.000000
vt 0.690261 0.588141 0.000000
vt 0.690401 0.576185 0.000000
vt 0.690963 0.565000 0.000000
vt 0.692376 0.554317 0.000000
vt 0.695069 0.543862 0.000000
vt 0.699254 0.533642 0.000000
vt 0.704597 0.523781 0.000000
vt 0.894422 0.632088 0.000000
vt 0.717211 0.504654 0.000000
vt 0.925211 0.592629 0.000000
vt 0.753257 0.458457 0.000000
vt 0.839990 0.675214 0.000000
vt -0.000000 0.127000 0.000000
vt -0.058596 0.127000 0.000000
vt -0.000000 0.000000 0.000000
vt -0.058596 0.000000 0.000000
vt -0.000000 0.000000 0.000000
vt -0.000000 0.127000 0.000000
vt -0.021936 0.000000 0.000000
vt -0.022006 0.127000 0.000000
vt -0.032905 0.000000 0.000000
vt -0.033009 0.127000 0.000000
vt -0.043873 0.000000 0.000000
vt -0.044012 0.127000 0.000000
vt -0.054795 0.127000 0.000000
vt -0.054841 0.000000 0.000000
vt -0.065417 0.127000 0.000000
vt -0.065809 0.000000 0.000000
vt -0.076276 0.127000 0.000000
vt -0.087746 0.000000 0.000000
vt -0.087746 0.127000 0.000000
vt -0.000000 0.127000 0.000000
vt -0.011048 0.127000 0.000000
vt -0.000000 0.000000 0.000000
vt -0.021297 0.000000 0.000000
vt -0.021624 0.127000 0.000000
vt -0.031946 0.000000 0.000000
vt -0.032013 0.127000 0.000000
vt -0.042519 0.127000 0.000000
vt -0.042595 0.000000 0.000000
vt -0.053187 0.127000 0.000000
vt -0.053243 0.000000 0.000000
vt -0.063854 0.127000 0.000000
vt -0.063892 0.000000 0.000000
vt -0.085189 0.127000 0.000000
vt -0.085189 0.000000 0.000000
vt -0.000000 0.000000 0.000000
vt -0.000000 0.127000 0.000000
vt -0.021266 0.000000 0.000000
vt -0.021277 0.127000 0.000000
vt -0.031899 0.000000 0.000000
vt -0.031915 0.127000 0.000000
vt -0.042532 0.000000 0.000000
vt -0.042554 0.127000 0.000000
vt -0.053103 0.127000 0.000000
vt -0.053165 0.000000 0.000000
vt -0.063592 0.127000 0.000000
vt -0.063798 0.000000 0.000000
vt -0.085065 0.127000 0.000000
vt -0.085065 0.000000 0.000000
vt -0.000000 0.127000 0.000000
vt -0.012088 0.127000 0.000000
vt -0.000000 0.000000 0.000000
vt -0.023166 0.000000 0.000000
vt -0.023565 0.127000 0.000000
vt -0.034749 0.000000 0.000000
vt -0.034807 0.127000 0.000000
vt -0.046206 0.127000 0.000000
vt -0.046332 0.000000 0.000000
vt -0.057821 0.127000 0.000000
vt -0.057916 0.000000 0.000000
vt -0.069435 0.127000 0.000000
vt -0.069499 0.000000 0.000000
vt -0.092665 0.127000 0.000000
vt -0.092665 0.000000 0.000000
vt -0.000000 0.127000 0.000000
vt -0.050050 0.127000 0.000000
vt -0.000000 0.000000 0.000000
vt -0.050050 0.000000 0.000000
vt -0.000000 0.127000 0.000000
vt -0.218106 0.127000 0.000000
vt -0.000000 0.000000 0.000000
vt -0.218106 0.000000 0.000000
vn -0.000000 -0.000000 -1.000000
vn -0.000000 -0.000000 -1.000000
vn -0.000000 -0.000000 -1.000000
vn -0.000000 -0.000000 -1.000000
vn -0.000000 -0.000000 -1.000000
vn -0.000000 -0.000000 -1.000000
vn -0.000000 -0.000000 -1.000000
vn -0.000000 -0.000000 -1.000000
vn -0.000000 -0.000000 -1.000000
vn -0.000000 -0.000000 -1.000000
vn -0.000000 -0.000000 -1.000000
vn -0.000000 -0.000000 -1.000000
vn -0.000000 -0.000000 -1.000000
vn -0.000000 -0.000000 -1.000000
vn -0.000000 -0.000000 -1.000000
vn -0.000000 -0.000000 -1.000000
vn -0.000000 -0.000000 -1.000000
vn -0.000000 -0.000000 -1.000000
vn -0.000000 -0.000000 -1.000000
vn -0.000000 -0.000000 -1.000000
vn -0.000000 -0.000000 -1.000000
vn -0.000000 -0.000000 -1.000000
vn -0.000000 -0.000000 -1.000000
vn -0.000000 -0.000000 -1.000000
vn -0.000000 -0.000000 -1.000000
vn -0.000000 -0.000000 -1.000000
vn -0.000000 -0.000000 -1.000000
vn 0.000000 0.000000 1.000000
vn 0.000000 0.000000 1.000000
vn 0.000000 0.000000 1.000000
vn 0.000000 0.000000 1.000000
vn 0.000000 0.000000 1.000000
vn 0.000000 0.000000 1.000000
vn 0.000000 0.000000 1.000000
vn 0.000000 0.000000 1.000000
vn 0.000000 0.000000 1.000000
vn 0.000000 0.000000 1.000000
vn 0.000000 0.000000 1.000000
vn 0.000000 0.000000 1.000000
vn 0.000000 0.000000 1.000000
vn 0.000000 0.000000 1.000000
vn 0.000000 0.000000 1.000000
vn 0.000000 0.000000 1.000000
vn 0.000000 0.000000 1.000000
vn 0.000000 0.000000 1.000000
vn 0.000000 0.000000 1.000000
vn 0.000000 0.000000 1.000000
vn 0.000000 0.000000 1.000000
vn 0.000000 0.000000 1.000000
vn 0.000000 0.000000 1.000000
vn 0.000000 0.000000 1.000000
vn 0.000000 0.000000 1.000000
vn 0.000000 0.000000 1.000000
vn 0.000000 0.000000 1.000000
vn 0.000000 0.000000 1.000000
vn 0.000000 0.000000 1.000000
vn 0.000000 0.000000 1.000000
vn -0.788397 -0.615166 0.000000
vn -0.788397 -0.615166 0.000000
vn -0.788397 -0.615166 0.000000
vn -0.788397 -0.615166 0.000000
vn -0.822254 -0.569121 0.000000
vn -0.822254 -0.569121 0.000000
vn -0.858858 -0.512214 0.000000
vn -0.859081 -0.511839 0.000000
vn -0.900442 -0.434975 0.000000
vn -0.900884 -0.434060 0.000000
vn -0.948140 -0.317853 0.000000
vn -0.948725 -0.316101 0.000000
vn -0.983322 -0.181874 0.000000
vn -0.983414 -0.181373 0.000000
vn -0.996354 -0.085320 0.000000
vn -0.996591 -0.082502 0.000000
vn -0.999651 -0.026421 0.000000
vn -0.999984 -0.005718 0.000000
vn -0.999984 -0.005718 0.000000
vn -0.969857 0.243675 -0.000000
vn -0.964806 0.262962 -0.000000
vn -0.969857 0.243675 -0.000000
vn -0.948810 0.315847 -0.000000
vn -0.948060 0.318093 -0.000000
vn -0.913535 0.406761 -0.000000
vn -0.913228 0.407448 -0.000000
vn -0.848944 0.528483 -0.000000
vn -0.848392 0.529368 -0.000000
vn -0.774317 0.632798 -0.000000
vn -0.773953 0.633243 -0.000000
vn -0.714960 0.699166 -0.000000
vn -0.714787 0.699342 -0.000000
vn -0.665277 0.746597 -0.000000
vn -0.665277 0.746597 -0.000000
vn -0.548710 0.836013 -0.000000
vn -0.548710 0.836013 -0.000000
vn -0.484652 0.874707 -0.000000
vn -0.484584 0.874745 -0.000000
vn -0.397077 0.917785 -0.000000
vn -0.396910 0.917857 -0.000000
vn -0.263891 0.964553 -0.000000
vn -0.263571 0.964640 -0.000000
vn -0.119561 0.992827 -0.000000
vn -0.118835 0.992914 -0.000000
vn -0.018005 0.999838 -0.000000
vn -0.016433 0.999865 -0.000000
vn 0.062212 0.998063 -0.000000
vn 0.062212 0.998063 -0.000000
vn 0.291154 0.956676 -0.000000
vn 0.309457 0.950914 -0.000000
vn 0.291154 0.956676 -0.000000
vn 0.358653 0.933471 -0.000000
vn 0.361009 0.932562 -0.000000
vn 0.443056 0.896494 -0.000000
vn 0.443554 0.896247 -0.000000
vn 0.554439 0.832224 -0.000000
vn 0.555669 0.831403 -0.000000
vn 0.648809 0.760951 -0.000000
vn 0.649430 0.760421 -0.000000
vn 0.709246 0.704961 -0.000000
vn 0.709495 0.704711 -0.000000
vn 0.752795 0.658255 -0.000000
vn 0.752795 0.658255 -0.000000
vn 0.788397 0.615166 -0.000000
vn 0.788397 0.615166 -0.000000
vn 0.788397 0.615166 -0.000000
vn 0.788397 0.615166 -0.000000
vn 0.615166 -0.788397 -0.000000
vn 0.615166 -0.788397 -0.000000
vn 0.615166 -0.788397 -0.000000
vn 0.615166 -0.788397 -0.000000
f 3026/7005/7001 3032/7006/7002 3025/7007/7003
f 3025/7007/7003 3032/7006/7002 3033/7008/7004
f 3025/7007/7003 3033/7008/7004 3034/7009/7005
f 3032/7006/7002 3026/7005/7001 3030/7010/7006
f 3030/7010/7006 3026/7005/7001 3027/7011/7007
f 3030/7010/7006 3027/7011/7007 3029/7012/7008
f 3029/7012/7008 3027/7011/7007 3028/7013/7009
f 3030/7010/7006 3031/7014/7010 3032/7006/7002
f 3034/7009/7005 3035/7015/7011 3025/7007/7003
f 3025/7007/7003 3035/7015/7011 3051/7016/7012
f 3051/7016/7012 3035/7015/7011 3036/7017/7013
f 3051/7016/7012 3036/7017/7013 3050/7018/7014
f 3050/7018/7014 3036/7017/7013 3049/7019/7015
f 3049/7019/7015 3036/7017/7013 3048/7020/7016
f 3048/7020/7016 3036/7017/7013 3047/7021/7017
f 3047/7021/7017 3036/7017/7013 3037/7022/7018
f 3047/7021/7017 3037/7022/7018 3046/7023/7019
f 3046/7023/7019 3037/7022/7018 3045/7024/7020
f 3045/7024/7020 3037/7022/7018 3044/7025/7021
f 3044/7025/7021 3037/7022/7018 3043/7026/7022
f 3043/7026/7022 3037/7022/7018 3042/7027/7023
f 3042/7027/7023 3037/7022/7018 3041/7028/7024
f 3041/7028/7024 3037/7022/7018 3040/7029/7025
f 3040/7029/7025 3037/7022/7018 3038/7030/7026
f 3040/7029/7025 3038/7030/7026 3039/7031/7027
f 3052/7032/7028 3053/7033/7029 3081/7034/7030
f 3081/7034/7030 3053/7033/7029 3054/7035/7031
f 3081/7034/7030 3054/7035/7031 3055/7036/7032
f 3055/7036/7032 3056/7037/7033 3081/7034/7030
f 3081/7034/7030 3056/7037/7033 3057/7038/7034
f 3081/7034/7030 3057/7038/7034 3058/7039/7035
f 3059/7040/7036 3077/7041/7037 3058/7039/7035
f 3058/7039/7035 3077/7041/7037 3078/7042/7038
f 3058/7039/7035 3078/7042/7038 3079/7043/7039
f 3077/7041/7037 3059/7040/7036 3076/7044/7040
f 3076/7044/7040 3059/7040/7036 3060/7045/7041
f 3076/7044/7040 3060/7045/7041 3061/7046/7042
f 3061/7046/7042 3062/7047/7043 3076/7044/7040
f 3076/7044/7040 3062/7047/7043 3063/7048/7044
f 3076/7044/7040 3063/7048/7044 3064/7049/7045
f 3065/7050/7046 3066/7051/7047 3064/7049/7045
f 3064/7049/7045 3066/7051/7047 3076/7044/7040
f 3066/7051/7047 3067/7052/7048 3076/7044/7040
f 3076/7044/7040 3067/7052/7048 3068/7053/7049
f 3076/7044/7040 3068/7053/7049 3069/7054/7050
f 3069/7054/7050 3070/7055/7051 3076/7044/7040
f 3076/7044/7040 3070/7055/7051 3071/7056/7052
f 3076/7044/7040 3071/7056/7052 3075/7057/7053
f 3075/7057/7053 3071/7056/7052 3072/7058/7054
f 3075/7057/7053 3072/7058/7054 3074/7059/7055
f 3074/7059/7055 3072/7058/7054 3073/7060/7056
f 3079/7043/7039 3080/7061/7057 3058/7039/7035
f 3058/7039/7035 3080/7061/7057 3081/7034/7030
f 3073/7062/7058 3072/7063/7059 3039/7064/7060
f 3039/7064/7060 3072/7063/7059 3040/7065/7061
f 3040/7066/7062 3072/7067/7063 3041/7068/7064
f 3041/7068/7064 3072/7067/7063 3071/7069/7065
f 3041/7068/7064 3071/7069/7065 3042/7070/7066
f 3042/7070/7066 3071/7069/7065 3070/7071/7067
f 3042/7070/7066 3070/7071/7067 3043/7072/7068
f 3043/7072/7068 3070/7071/7067 3069/7073/7069
f 3043/7072/7068 3069/7073/7069 3068/7074/7070
f 3043/7072/7068 3068/7074/7070 3044/7075/7071
f 3044/7075/7071 3068/7074/7070 3067/7076/7072
f 3044/7075/7071 3067/7076/7072 3045/7077/7073
f 3045/7077/7073 3067/7076/7072 3066/7078/7074
f 3045/7077/7073 3066/7078/7074 3046/7079/7075
f 3046/7079/7075 3066/7078/7074 3065/7080/7076
f 3065/7081/7077 3064/7082/7078 3046/7083/7079
f 3046/7083/7079 3064/7082/7078 3047/7084/7080
f 3047/7084/7080 3064/7082/7078 3063/7085/7081
f 3047/7084/7080 3063/7085/7081 3048/7086/7082
f 3048/7086/7082 3063/7085/7081 3062/7087/7083
f 3048/7086/7082 3062/7087/7083 3061/7088/7084
f 3048/7086/7082 3061/7088/7084 3049/7089/7085
f 3049/7089/7085 3061/7088/7084 3060/7090/7086
f 3049/7089/7085 3060/7090/7086 3050/7091/7087
f 3050/7091/7087 3060/7090/7086 3059/7092/7088
f 3050/7091/7087 3059/7092/7088 3051/7093/7089
f 3051/7093/7089 3059/7092/7088 3058/7094/7090
f 3051/7093/7089 3058/7094/7090 3025/7095/7091
f 3025/7096/7092 3058/7097/7093 3026/7098/7094
f 3026/7098/7094 3058/7097/7093 3057/7099/7095
f 3026/7098/7094 3057/7099/7095 3027/7100/7096
f 3027/7100/7096 3057/7099/7095 3056/7101/7097
f 3027/7100/7096 3056/7101/7097 3028/7102/7098
f 3028/7102/7098 3056/7101/7097 3055/7103/7099
f 3028/7102/7098 3055/7103/7099 3054/7104/7100
f 3028/7102/7098 3054/7104/7100 3029/7105/7101
f 3029/7105/7101 3054/7104/7100 3053/7106/7102
f 3029/7105/7101 3053/7106/7102 3030/7107/7103
f 3030/7107/7103 3053/7106/7102 3052/7108/7104
f 3030/7107/7103 3052/7108/7104 3031/7109/7105
f 3052/7110/7106 3081/7111/7107 3031/7112/7108
f 3031/7112/7108 3081/7111/7107 3032/7113/7109
f 3032/7113/7109 3081/7111/7107 3080/7114/7110
f 3032/7113/7109 3080/7114/7110 3033/7115/7111
f 3033/7115/7111 3080/7114/7110 3079/7116/7112
f 3033/7115/7111 3079/7116/7112 3078/7117/7113
f 3033/7115/7111 3078/7117/7113 3034/7118/7114
f 3034/7118/7114 3078/7117/7113 3077/7119/7115
f 3034/7118/7114 3077/7119/7115 3035/7120/7116
f 3035/7120/7116 3077/7119/7115 3076/7121/7117
f 3035/7120/7116 3076/7121/7117 3036/7122/7118
f 3036/7122/7118 3076/7121/7117 3075/7123/7119
f 3036/7122/7118 3075/7123/7119 3037/7124/7120
f 3075/7125/7121 3074/7126/7122 3037/7127/7123
f 3037/7127/7123 3074/7126/7122 3038/7128/7124
f 3074/7129/7125 3073/7130/7126 3038/7131/7127
f 3038/7131/7127 3073/7130/7126 3039/7132/7128
# 3081 vertices
# 7132 texture params
# 7128 normals
# 6186 facets

# 4 groups
