ISO-10303-21;
HEADER;
/* Generated by software containing ST-Developer
 * from STEP Tools, Inc. (www.steptools.com) 
 */

FILE_DESCRIPTION(
/* description */ (''),
/* implementation_level */ '2;1');

FILE_NAME(
/* name */ 'fidget spinner.step',
/* time_stamp */ '2026-08-06T16:57:46+02:00',
/* author */ (''),
/* organization */ (''),
/* preprocessor_version */ 'ST-DEVELOPER v20.1',
/* originating_system */ 'Autodesk Translation Framework v14.24.0.0',
/* authorisation */ '');

FILE_SCHEMA (('AUTOMOTIVE_DESIGN { 1 0 10303 214 3 1 1 }'));
ENDSEC;

DATA;
#10=MECHANICAL_DESIGN_GEOMETRIC_PRESENTATION_REPRESENTATION('',(#15,#16,
#17,#18),#10242);
#11=SHAPE_REPRESENTATION_RELATIONSHIP('SRR','None',#10249,#12);
#12=ADVANCED_BREP_SHAPE_REPRESENTATION('',(#19,#20,#21,#22),#10241);
#13=CONICAL_SURFACE('',#1539,0.609599996469915,0.244978709690407);
#14=CONICAL_SURFACE('',#1554,0.609599996469915,0.244978709690407);
#15=STYLED_ITEM('',(#10258),#19);
#16=STYLED_ITEM('',(#10258),#20);
#17=STYLED_ITEM('',(#10258),#21);
#18=STYLED_ITEM('',(#10258),#22);
#19=MANIFOLD_SOLID_BREP('Body1',#1420);
#20=MANIFOLD_SOLID_BREP('Body2',#1421);
#21=MANIFOLD_SOLID_BREP('Body3',#1422);
#22=MANIFOLD_SOLID_BREP('Body4',#1423);
#23=CYLINDRICAL_SURFACE('',#1525,1.27);
#24=CYLINDRICAL_SURFACE('',#1527,1.27);
#25=CYLINDRICAL_SURFACE('',#1529,1.27);
#26=CYLINDRICAL_SURFACE('',#1530,1.27);
#27=CYLINDRICAL_SURFACE('',#1544,0.635);
#28=CYLINDRICAL_SURFACE('',#1547,0.635);
#29=(
BOUNDED_CURVE()
B_SPLINE_CURVE(5,(#4526,#4527,#4528,#4529,#4530,#4531,#4532,#4533,#4534,
#4535,#4536,#4537,#4538,#4539,#4540,#4541,#4542,#4543,#4544,#4545,#4546,
#4547,#4548,#4549,#4550),.UNSPECIFIED.,.F.,.F.)
B_SPLINE_CURVE_WITH_KNOTS((6,1,1,1,1,1,1,1,1,1,1,1,1,1,1,1,1,1,1,1,6),(0.,
0.05,0.1,0.15,0.2,0.25,0.3,0.35,0.4,0.45,0.5,0.55,0.6,0.65,0.7,0.75,0.8,
0.85,0.9,0.95,0.995359638641159),.UNSPECIFIED.)
CURVE()
GEOMETRIC_REPRESENTATION_ITEM()
RATIONAL_B_SPLINE_CURVE((1.,1.,1.,1.,1.,1.,1.,1.,1.,1.,1.,1.,1.,1.,1.,1.,
1.,1.,1.,1.,1.,1.,1.,1.,1.))
REPRESENTATION_ITEM('')
);
#30=(
BOUNDED_CURVE()
B_SPLINE_CURVE(5,(#5532,#5533,#5534,#5535,#5536,#5537,#5538,#5539,#5540,
#5541,#5542,#5543,#5544,#5545,#5546,#5547,#5548,#5549,#5550,#5551,#5552,
#5553,#5554,#5555,#5556,#5557,#5558,#5559,#5560,#5561,#5562,#5563,#5564,
#5565,#5566),.UNSPECIFIED.,.F.,.F.)
B_SPLINE_CURVE_WITH_KNOTS((6,1,1,1,1,1,1,1,1,1,1,1,1,1,1,1,1,1,1,1,1,1,
1,1,1,1,1,1,1,1,6),(0.,0.0333333333333333,0.0666666666666667,0.1,0.133333333333333,
0.166666666666667,0.2,0.233333333333333,0.266666666666667,0.3,0.333333333333333,
0.366666666666667,0.4,0.433333333333333,0.466666666666667,0.5,0.533333333333333,
0.566666666666667,0.6,0.633333333333333,0.666666666666667,0.7,0.733333333333333,
0.766666666666667,0.8,0.833333333333333,0.866666666666667,0.9,0.933333333333333,
0.966666666666667,0.997909192576352),.UNSPECIFIED.)
CURVE()
GEOMETRIC_REPRESENTATION_ITEM()
RATIONAL_B_SPLINE_CURVE((1.,1.,1.,1.,1.,1.,1.,1.,1.,1.,1.,1.,1.,1.,1.,1.,
1.,1.,1.,1.,1.,1.,1.,1.,1.,1.,1.,1.,1.,1.,1.,1.,1.,1.,1.))
REPRESENTATION_ITEM('')
);
#31=(
BOUNDED_CURVE()
B_SPLINE_CURVE(5,(#7203,#7204,#7205,#7206,#7207,#7208,#7209,#7210,#7211,
#7212,#7213,#7214,#7215,#7216,#7217,#7218,#7219,#7220,#7221,#7222,#7223,
#7224,#7225,#7226,#7227,#7228,#7229,#7230,#7231,#7232,#7233,#7234,#7235,
#7236,#7237),.UNSPECIFIED.,.F.,.F.)
B_SPLINE_CURVE_WITH_KNOTS((6,1,1,1,1,1,1,1,1,1,1,1,1,1,1,1,1,1,1,1,1,1,
1,1,1,1,1,1,1,1,6),(0.,0.0333333333333333,0.0666666666666667,0.1,0.133333333333333,
0.166666666666667,0.2,0.233333333333333,0.266666666666667,0.3,0.333333333333333,
0.366666666666667,0.4,0.433333333333333,0.466666666666667,0.5,0.533333333333333,
0.566666666666667,0.6,0.633333333333333,0.666666666666667,0.7,0.733333333333333,
0.766666666666667,0.8,0.833333333333333,0.866666666666667,0.9,0.933333333333333,
0.966666666666667,1.),.UNSPECIFIED.)
CURVE()
GEOMETRIC_REPRESENTATION_ITEM()
RATIONAL_B_SPLINE_CURVE((1.,1.,1.,1.,1.,1.,1.,1.,1.,1.,1.,1.,1.,1.,1.,1.,
1.,1.,1.,1.,1.,1.,1.,1.,1.,1.,1.,1.,1.,1.,1.,1.,1.,1.,1.))
REPRESENTATION_ITEM('')
);
#32=(
BOUNDED_CURVE()
B_SPLINE_CURVE(5,(#7782,#7783,#7784,#7785,#7786,#7787,#7788,#7789,#7790,
#7791,#7792,#7793,#7794,#7795,#7796,#7797,#7798,#7799,#7800,#7801,#7802,
#7803,#7804,#7805,#7806),.UNSPECIFIED.,.F.,.F.)
B_SPLINE_CURVE_WITH_KNOTS((6,1,1,1,1,1,1,1,1,1,1,1,1,1,1,1,1,1,1,1,6),(0.,
0.05,0.1,0.15,0.2,0.25,0.3,0.35,0.4,0.45,0.5,0.55,0.6,0.65,0.7,0.75,0.8,
0.85,0.9,0.95,1.),.UNSPECIFIED.)
CURVE()
GEOMETRIC_REPRESENTATION_ITEM()
RATIONAL_B_SPLINE_CURVE((1.,1.,1.,1.,1.,1.,1.,1.,1.,1.,1.,1.,1.,1.,1.,1.,
1.,1.,1.,1.,1.,1.,1.,1.,1.))
REPRESENTATION_ITEM('')
);
#33=(
BOUNDED_CURVE()
B_SPLINE_CURVE(5,(#9941,#9942,#9943,#9944,#9945,#9946,#9947,#9948,#9949,
#9950,#9951,#9952,#9953,#9954,#9955,#9956,#9957,#9958,#9959,#9960,#9961,
#9962,#9963,#9964,#9965),.UNSPECIFIED.,.F.,.F.)
B_SPLINE_CURVE_WITH_KNOTS((6,1,1,1,1,1,1,1,1,1,1,1,1,1,1,1,1,1,1,1,6),(0.,
0.05,0.1,0.15,0.2,0.25,0.3,0.35,0.4,0.45,0.5,0.55,0.6,0.65,0.7,0.75,0.8,
0.85,0.9,0.95,1.),.UNSPECIFIED.)
CURVE()
GEOMETRIC_REPRESENTATION_ITEM()
RATIONAL_B_SPLINE_CURVE((1.,1.,1.,1.,1.,1.,1.,1.,1.,1.,1.,1.,1.,1.,1.,1.,
1.,1.,1.,1.,1.,1.,1.,1.,1.))
REPRESENTATION_ITEM('')
);
#34=(
BOUNDED_CURVE()
B_SPLINE_CURVE(5,(#10214,#10215,#10216,#10217,#10218,#10219,#10220,#10221,
#10222,#10223,#10224,#10225,#10226,#10227,#10228,#10229,#10230,#10231,#10232,
#10233,#10234,#10235,#10236,#10237,#10238),.UNSPECIFIED.,.F.,.F.)
B_SPLINE_CURVE_WITH_KNOTS((6,1,1,1,1,1,1,1,1,1,1,1,1,1,1,1,1,1,1,1,6),(0.,
0.05,0.1,0.15,0.2,0.25,0.3,0.35,0.4,0.45,0.5,0.55,0.6,0.65,0.7,0.75,0.8,
0.85,0.9,0.95,1.),.UNSPECIFIED.)
CURVE()
GEOMETRIC_REPRESENTATION_ITEM()
RATIONAL_B_SPLINE_CURVE((1.,1.,1.,1.,1.,1.,1.,1.,1.,1.,1.,1.,1.,1.,1.,1.,
1.,1.,1.,1.,1.,1.,1.,1.,1.))
REPRESENTATION_ITEM('')
);
#35=(
BOUNDED_SURFACE()
B_SPLINE_SURFACE(2,2,((#3168,#3169,#3170),(#3171,#3172,#3173),(#3174,#3175,
#3176),(#3177,#3178,#3179),(#3180,#3181,#3182),(#3183,#3184,#3185),(#3186,
#3187,#3188),(#3189,#3190,#3191),(#3192,#3193,#3194)),.UNSPECIFIED.,.T.,
 .F.,.F.)
B_SPLINE_SURFACE_WITH_KNOTS((3,2,2,2,3),(3,3),(-3.14159265358979,-1.5707963267949,
0.,1.5707963267949,3.14159265358979),(0.,0.783952016868504),
 .UNSPECIFIED.)
GEOMETRIC_REPRESENTATION_ITEM()
RATIONAL_B_SPLINE_SURFACE(((1.,0.924155999127632,1.),(0.707106781186546,
0.653476973857377,0.707106781186546),(1.,0.924155999127632,1.),(0.707106781186546,
0.653476973857376,0.707106781186546),(1.,0.924155999127632,1.),(0.707106781186546,
0.653476973857376,0.707106781186546),(1.,0.924155999127632,1.),(0.707106781186546,
0.653476973857377,0.707106781186546),(1.,0.924155999127632,1.)))
REPRESENTATION_ITEM('')
SURFACE()
);
#36=(
BOUNDED_SURFACE()
B_SPLINE_SURFACE(2,2,((#3198,#3199,#3200),(#3201,#3202,#3203),(#3204,#3205,
#3206),(#3207,#3208,#3209),(#3210,#3211,#3212),(#3213,#3214,#3215),(#3216,
#3217,#3218),(#3219,#3220,#3221),(#3222,#3223,#3224)),.UNSPECIFIED.,.T.,
 .F.,.F.)
B_SPLINE_SURFACE_WITH_KNOTS((3,2,2,2,3),(3,3),(-3.14159265358979,-1.5707963267949,
0.,1.5707963267949,3.14159265358979),(0.,0.783952016868504),
 .UNSPECIFIED.)
GEOMETRIC_REPRESENTATION_ITEM()
RATIONAL_B_SPLINE_SURFACE(((1.,0.924155999127632,1.),(0.707106781186546,
0.653476973857377,0.707106781186546),(1.,0.924155999127632,1.),(0.707106781186546,
0.653476973857376,0.707106781186546),(1.,0.924155999127632,1.),(0.707106781186546,
0.653476973857376,0.707106781186546),(1.,0.924155999127632,1.),(0.707106781186546,
0.653476973857377,0.707106781186546),(1.,0.924155999127632,1.)))
REPRESENTATION_ITEM('')
SURFACE()
);
#37=(
BOUNDED_SURFACE()
B_SPLINE_SURFACE(2,2,((#3226,#3227,#3228),(#3229,#3230,#3231),(#3232,#3233,
#3234),(#3235,#3236,#3237),(#3238,#3239,#3240),(#3241,#3242,#3243),(#3244,
#3245,#3246),(#3247,#3248,#3249),(#3250,#3251,#3252)),.UNSPECIFIED.,.T.,
 .F.,.F.)
B_SPLINE_SURFACE_WITH_KNOTS((3,2,2,2,3),(3,3),(-3.14159265358979,-1.5707963267949,
0.,1.5707963267949,3.14159265358979),(0.,0.783952016868504),
 .UNSPECIFIED.)
GEOMETRIC_REPRESENTATION_ITEM()
RATIONAL_B_SPLINE_SURFACE(((1.,0.924155999127632,1.),(0.707106781186546,
0.653476973857377,0.707106781186546),(1.,0.924155999127632,1.),(0.707106781186546,
0.653476973857376,0.707106781186546),(1.,0.924155999127632,1.),(0.707106781186546,
0.653476973857376,0.707106781186546),(1.,0.924155999127632,1.),(0.707106781186546,
0.653476973857377,0.707106781186546),(1.,0.924155999127632,1.)))
REPRESENTATION_ITEM('')
SURFACE()
);
#38=(
BOUNDED_SURFACE()
B_SPLINE_SURFACE(2,2,((#3259,#3260,#3261),(#3262,#3263,#3264),(#3265,#3266,
#3267),(#3268,#3269,#3270),(#3271,#3272,#3273),(#3274,#3275,#3276),(#3277,
#3278,#3279),(#3280,#3281,#3282),(#3283,#3284,#3285)),.UNSPECIFIED.,.T.,
 .F.,.F.)
B_SPLINE_SURFACE_WITH_KNOTS((3,2,2,2,3),(3,3),(-3.14159265358979,-1.5707963267949,
0.,1.5707963267949,3.14159265358979),(0.,0.783952016868504),
 .UNSPECIFIED.)
GEOMETRIC_REPRESENTATION_ITEM()
RATIONAL_B_SPLINE_SURFACE(((1.,0.924155999127632,1.),(0.707106781186546,
0.653476973857377,0.707106781186546),(1.,0.924155999127632,1.),(0.707106781186546,
0.653476973857376,0.707106781186546),(1.,0.924155999127632,1.),(0.707106781186546,
0.653476973857376,0.707106781186546),(1.,0.924155999127632,1.),(0.707106781186546,
0.653476973857377,0.707106781186546),(1.,0.924155999127632,1.)))
REPRESENTATION_ITEM('')
SURFACE()
);
#39=(
BOUNDED_SURFACE()
B_SPLINE_SURFACE(2,2,((#3290,#3291,#3292),(#3293,#3294,#3295),(#3296,#3297,
#3298),(#3299,#3300,#3301),(#3302,#3303,#3304),(#3305,#3306,#3307),(#3308,
#3309,#3310),(#3311,#3312,#3313),(#3314,#3315,#3316)),.UNSPECIFIED.,.T.,
 .F.,.F.)
B_SPLINE_SURFACE_WITH_KNOTS((3,2,2,2,3),(3,3),(-3.14159265358979,-1.5707963267949,
0.,1.5707963267949,3.14159265358979),(0.,0.783952016868504),
 .UNSPECIFIED.)
GEOMETRIC_REPRESENTATION_ITEM()
RATIONAL_B_SPLINE_SURFACE(((1.,0.924155999127632,1.),(0.707106781186546,
0.653476973857377,0.707106781186546),(1.,0.924155999127632,1.),(0.707106781186546,
0.653476973857376,0.707106781186546),(1.,0.924155999127632,1.),(0.707106781186546,
0.653476973857376,0.707106781186546),(1.,0.924155999127632,1.),(0.707106781186546,
0.653476973857377,0.707106781186546),(1.,0.924155999127632,1.)))
REPRESENTATION_ITEM('')
SURFACE()
);
#40=(
BOUNDED_SURFACE()
B_SPLINE_SURFACE(2,2,((#3321,#3322,#3323),(#3324,#3325,#3326),(#3327,#3328,
#3329),(#3330,#3331,#3332),(#3333,#3334,#3335),(#3336,#3337,#3338),(#3339,
#3340,#3341),(#3342,#3343,#3344),(#3345,#3346,#3347)),.UNSPECIFIED.,.T.,
 .F.,.F.)
B_SPLINE_SURFACE_WITH_KNOTS((3,2,2,2,3),(3,3),(-3.14159265358979,-1.5707963267949,
0.,1.5707963267949,3.14159265358979),(0.,0.783952016868504),
 .UNSPECIFIED.)
GEOMETRIC_REPRESENTATION_ITEM()
RATIONAL_B_SPLINE_SURFACE(((1.,0.924155999127632,1.),(0.707106781186546,
0.653476973857376,0.707106781186546),(1.,0.924155999127632,1.),(0.707106781186546,
0.653476973857376,0.707106781186546),(1.,0.924155999127632,1.),(0.707106781186546,
0.653476973857376,0.707106781186546),(1.,0.924155999127632,1.),(0.707106781186546,
0.653476973857376,0.707106781186546),(1.,0.924155999127632,1.)))
REPRESENTATION_ITEM('')
SURFACE()
);
#41=(
BOUNDED_SURFACE()
B_SPLINE_SURFACE(2,2,((#3353,#3354,#3355),(#3356,#3357,#3358),(#3359,#3360,
#3361),(#3362,#3363,#3364),(#3365,#3366,#3367),(#3368,#3369,#3370),(#3371,
#3372,#3373),(#3374,#3375,#3376),(#3377,#3378,#3379)),.UNSPECIFIED.,.T.,
 .F.,.F.)
B_SPLINE_SURFACE_WITH_KNOTS((3,2,2,2,3),(3,3),(-3.14159265358979,-1.5707963267949,
0.,1.5707963267949,3.14159265358979),(0.,0.783952016868504),
 .UNSPECIFIED.)
GEOMETRIC_REPRESENTATION_ITEM()
RATIONAL_B_SPLINE_SURFACE(((1.,0.924155999127632,1.),(0.707106781186546,
0.653476973857376,0.707106781186546),(1.,0.924155999127632,1.),(0.707106781186546,
0.653476973857376,0.707106781186546),(1.,0.924155999127632,1.),(0.707106781186546,
0.653476973857376,0.707106781186546),(1.,0.924155999127632,1.),(0.707106781186546,
0.653476973857376,0.707106781186546),(1.,0.924155999127632,1.)))
REPRESENTATION_ITEM('')
SURFACE()
);
#42=(
BOUNDED_SURFACE()
B_SPLINE_SURFACE(2,2,((#3400,#3401,#3402),(#3403,#3404,#3405),(#3406,#3407,
#3408),(#3409,#3410,#3411),(#3412,#3413,#3414),(#3415,#3416,#3417),(#3418,
#3419,#3420),(#3421,#3422,#3423),(#3424,#3425,#3426)),.UNSPECIFIED.,.T.,
 .F.,.F.)
B_SPLINE_SURFACE_WITH_KNOTS((3,2,2,2,3),(3,3),(-3.14159265358979,-1.5707963267949,
0.,1.5707963267949,3.14159265358979),(0.,0.783952016868504),
 .UNSPECIFIED.)
GEOMETRIC_REPRESENTATION_ITEM()
RATIONAL_B_SPLINE_SURFACE(((1.,0.924155999127632,1.),(0.707106781186546,
0.653476973857376,0.707106781186546),(1.,0.924155999127632,1.),(0.707106781186546,
0.653476973857376,0.707106781186546),(1.,0.924155999127632,1.),(0.707106781186546,
0.653476973857376,0.707106781186546),(1.,0.924155999127632,1.),(0.707106781186546,
0.653476973857376,0.707106781186546),(1.,0.924155999127632,1.)))
REPRESENTATION_ITEM('')
SURFACE()
);
#43=(
BOUNDED_SURFACE()
B_SPLINE_SURFACE(2,2,((#3432,#3433,#3434),(#3435,#3436,#3437),(#3438,#3439,
#3440),(#3441,#3442,#3443),(#3444,#3445,#3446),(#3447,#3448,#3449),(#3450,
#3451,#3452),(#3453,#3454,#3455),(#3456,#3457,#3458)),.UNSPECIFIED.,.T.,
 .F.,.F.)
B_SPLINE_SURFACE_WITH_KNOTS((3,2,2,2,3),(3,3),(-3.14159265358979,-1.5707963267949,
0.,1.5707963267949,3.14159265358979),(0.,0.783952016868504),
 .UNSPECIFIED.)
GEOMETRIC_REPRESENTATION_ITEM()
RATIONAL_B_SPLINE_SURFACE(((1.,0.924155999127632,1.),(0.707106781186546,
0.653476973857376,0.707106781186546),(1.,0.924155999127632,1.),(0.707106781186546,
0.653476973857376,0.707106781186546),(1.,0.924155999127632,1.),(0.707106781186546,
0.653476973857376,0.707106781186546),(1.,0.924155999127632,1.),(0.707106781186546,
0.653476973857376,0.707106781186546),(1.,0.924155999127632,1.)))
REPRESENTATION_ITEM('')
SURFACE()
);
#44=(
BOUNDED_SURFACE()
B_SPLINE_SURFACE(2,2,((#3481,#3482,#3483),(#3484,#3485,#3486),(#3487,#3488,
#3489),(#3490,#3491,#3492),(#3493,#3494,#3495),(#3496,#3497,#3498),(#3499,
#3500,#3501),(#3502,#3503,#3504),(#3505,#3506,#3507)),.UNSPECIFIED.,.T.,
 .F.,.F.)
B_SPLINE_SURFACE_WITH_KNOTS((3,2,2,2,3),(3,3),(-3.14159265358979,-1.5707963267949,
0.,1.5707963267949,3.14159265358979),(0.,0.783952016868504),
 .UNSPECIFIED.)
GEOMETRIC_REPRESENTATION_ITEM()
RATIONAL_B_SPLINE_SURFACE(((1.,0.924155999127632,1.),(0.707106781186546,
0.653476973857376,0.707106781186546),(1.,0.924155999127632,1.),(0.707106781186546,
0.653476973857376,0.707106781186546),(1.,0.924155999127632,1.),(0.707106781186546,
0.653476973857376,0.707106781186546),(1.,0.924155999127632,1.),(0.707106781186546,
0.653476973857376,0.707106781186546),(1.,0.924155999127632,1.)))
REPRESENTATION_ITEM('')
SURFACE()
);
#45=(
BOUNDED_SURFACE()
B_SPLINE_SURFACE(2,2,((#3515,#3516,#3517),(#3518,#3519,#3520),(#3521,#3522,
#3523),(#3524,#3525,#3526),(#3527,#3528,#3529),(#3530,#3531,#3532),(#3533,
#3534,#3535),(#3536,#3537,#3538),(#3539,#3540,#3541)),.UNSPECIFIED.,.T.,
 .F.,.F.)
B_SPLINE_SURFACE_WITH_KNOTS((3,2,2,2,3),(3,3),(-3.14159265358979,-1.5707963267949,
0.,1.5707963267949,3.14159265358979),(0.,0.783952016868504),
 .UNSPECIFIED.)
GEOMETRIC_REPRESENTATION_ITEM()
RATIONAL_B_SPLINE_SURFACE(((1.,0.924155999127632,1.),(0.707106781186546,
0.653476973857376,0.707106781186546),(1.,0.924155999127632,1.),(0.707106781186546,
0.653476973857376,0.707106781186546),(1.,0.924155999127632,1.),(0.707106781186546,
0.653476973857376,0.707106781186546),(1.,0.924155999127632,1.),(0.707106781186546,
0.653476973857376,0.707106781186546),(1.,0.924155999127632,1.)))
REPRESENTATION_ITEM('')
SURFACE()
);
#46=(
BOUNDED_SURFACE()
B_SPLINE_SURFACE(5,2,((#3574,#3575,#3576,#3577,#3578,#3579,#3580,#3581,
#3582),(#3583,#3584,#3585,#3586,#3587,#3588,#3589,#3590,#3591),(#3592,#3593,
#3594,#3595,#3596,#3597,#3598,#3599,#3600),(#3601,#3602,#3603,#3604,#3605,
#3606,#3607,#3608,#3609),(#3610,#3611,#3612,#3613,#3614,#3615,#3616,#3617,
#3618),(#3619,#3620,#3621,#3622,#3623,#3624,#3625,#3626,#3627),(#3628,#3629,
#3630,#3631,#3632,#3633,#3634,#3635,#3636),(#3637,#3638,#3639,#3640,#3641,
#3642,#3643,#3644,#3645),(#3646,#3647,#3648,#3649,#3650,#3651,#3652,#3653,
#3654),(#3655,#3656,#3657,#3658,#3659,#3660,#3661,#3662,#3663),(#3664,#3665,
#3666,#3667,#3668,#3669,#3670,#3671,#3672),(#3673,#3674,#3675,#3676,#3677,
#3678,#3679,#3680,#3681),(#3682,#3683,#3684,#3685,#3686,#3687,#3688,#3689,
#3690),(#3691,#3692,#3693,#3694,#3695,#3696,#3697,#3698,#3699),(#3700,#3701,
#3702,#3703,#3704,#3705,#3706,#3707,#3708),(#3709,#3710,#3711,#3712,#3713,
#3714,#3715,#3716,#3717),(#3718,#3719,#3720,#3721,#3722,#3723,#3724,#3725,
#3726),(#3727,#3728,#3729,#3730,#3731,#3732,#3733,#3734,#3735),(#3736,#3737,
#3738,#3739,#3740,#3741,#3742,#3743,#3744),(#3745,#3746,#3747,#3748,#3749,
#3750,#3751,#3752,#3753),(#3754,#3755,#3756,#3757,#3758,#3759,#3760,#3761,
#3762),(#3763,#3764,#3765,#3766,#3767,#3768,#3769,#3770,#3771),(#3772,#3773,
#3774,#3775,#3776,#3777,#3778,#3779,#3780),(#3781,#3782,#3783,#3784,#3785,
#3786,#3787,#3788,#3789),(#3790,#3791,#3792,#3793,#3794,#3795,#3796,#3797,
#3798),(#3799,#3800,#3801,#3802,#3803,#3804,#3805,#3806,#3807),(#3808,#3809,
#3810,#3811,#3812,#3813,#3814,#3815,#3816),(#3817,#3818,#3819,#3820,#3821,
#3822,#3823,#3824,#3825),(#3826,#3827,#3828,#3829,#3830,#3831,#3832,#3833,
#3834),(#3835,#3836,#3837,#3838,#3839,#3840,#3841,#3842,#3843),(#3844,#3845,
#3846,#3847,#3848,#3849,#3850,#3851,#3852),(#3853,#3854,#3855,#3856,#3857,
#3858,#3859,#3860,#3861),(#3862,#3863,#3864,#3865,#3866,#3867,#3868,#3869,
#3870),(#3871,#3872,#3873,#3874,#3875,#3876,#3877,#3878,#3879),(#3880,#3881,
#3882,#3883,#3884,#3885,#3886,#3887,#3888)),.UNSPECIFIED.,.F.,.T.,.F.)
B_SPLINE_SURFACE_WITH_KNOTS((6,1,1,1,1,1,1,1,1,1,1,1,1,1,1,1,1,1,1,1,1,
1,1,1,1,1,1,1,1,1,6),(3,2,2,2,3),(-1.,-0.966666666666667,-0.933333333333333,
-0.9,-0.866666666666667,-0.833333333333333,-0.8,-0.766666666666667,-0.733333333333333,
-0.7,-0.666666666666667,-0.633333333333333,-0.6,-0.566666666666667,-0.533333333333333,
-0.5,-0.466666666666667,-0.433333333333333,-0.4,-0.366666666666667,-0.333333333333333,
-0.3,-0.266666666666667,-0.233333333333333,-0.2,-0.166666666666667,-0.133333333333333,
-0.1,-0.0666666666666667,-0.0333333333333333,0.),(0.,1.5707963267949,3.14159265358979,
4.71238898038469,6.28318530717959),.UNSPECIFIED.)
GEOMETRIC_REPRESENTATION_ITEM()
RATIONAL_B_SPLINE_SURFACE(((1.,0.707106781186548,1.,0.707106781186548,1.,
0.707106781186548,1.,0.707106781186548,1.),(1.,0.707106781186548,1.,0.707106781186548,
1.,0.707106781186548,1.,0.707106781186548,1.),(1.,0.707106781186548,1.,
0.707106781186548,1.,0.707106781186548,1.,0.707106781186548,1.),(1.,0.707106781186548,
1.,0.707106781186548,1.,0.707106781186548,1.,0.707106781186548,1.),(1.,
0.707106781186548,1.,0.707106781186548,1.,0.707106781186548,1.,0.707106781186548,
1.),(1.,0.707106781186548,1.,0.707106781186548,1.,0.707106781186548,1.,
0.707106781186548,1.),(1.,0.707106781186548,1.,0.707106781186548,1.,0.707106781186548,
1.,0.707106781186548,1.),(1.,0.707106781186548,1.,0.707106781186548,1.,
0.707106781186548,1.,0.707106781186548,1.),(1.,0.707106781186548,1.,0.707106781186548,
1.,0.707106781186548,1.,0.707106781186548,1.),(1.,0.707106781186548,1.,
0.707106781186548,1.,0.707106781186548,1.,0.707106781186548,1.),(1.,0.707106781186548,
1.,0.707106781186548,1.,0.707106781186548,1.,0.707106781186548,1.),(1.,
0.707106781186548,1.,0.707106781186548,1.,0.707106781186548,1.,0.707106781186548,
1.),(1.,0.707106781186548,1.,0.707106781186548,1.,0.707106781186548,1.,
0.707106781186548,1.),(1.,0.707106781186548,1.,0.707106781186548,1.,0.707106781186548,
1.,0.707106781186548,1.),(1.,0.707106781186548,1.,0.707106781186548,1.,
0.707106781186548,1.,0.707106781186548,1.),(1.,0.707106781186548,1.,0.707106781186548,
1.,0.707106781186548,1.,0.707106781186548,1.),(1.,0.707106781186548,1.,
0.707106781186548,1.,0.707106781186548,1.,0.707106781186548,1.),(1.,0.707106781186548,
1.,0.707106781186548,1.,0.707106781186548,1.,0.707106781186548,1.),(1.,
0.707106781186548,1.,0.707106781186548,1.,0.707106781186548,1.,0.707106781186548,
1.),(1.,0.707106781186548,1.,0.707106781186548,1.,0.707106781186548,1.,
0.707106781186548,1.),(1.,0.707106781186548,1.,0.707106781186548,1.,0.707106781186548,
1.,0.707106781186548,1.),(1.,0.707106781186548,1.,0.707106781186548,1.,
0.707106781186548,1.,0.707106781186548,1.),(1.,0.707106781186548,1.,0.707106781186548,
1.,0.707106781186548,1.,0.707106781186548,1.),(1.,0.707106781186548,1.,
0.707106781186548,1.,0.707106781186548,1.,0.707106781186548,1.),(1.,0.707106781186548,
1.,0.707106781186548,1.,0.707106781186548,1.,0.707106781186548,1.),(1.,
0.707106781186548,1.,0.707106781186548,1.,0.707106781186548,1.,0.707106781186548,
1.),(1.,0.707106781186548,1.,0.707106781186548,1.,0.707106781186548,1.,
0.707106781186548,1.),(1.,0.707106781186548,1.,0.707106781186548,1.,0.707106781186548,
1.,0.707106781186548,1.),(1.,0.707106781186548,1.,0.707106781186548,1.,
0.707106781186548,1.,0.707106781186548,1.),(1.,0.707106781186548,1.,0.707106781186548,
1.,0.707106781186548,1.,0.707106781186548,1.),(1.,0.707106781186548,1.,
0.707106781186548,1.,0.707106781186548,1.,0.707106781186548,1.),(1.,0.707106781186548,
1.,0.707106781186548,1.,0.707106781186548,1.,0.707106781186548,1.),(1.,
0.707106781186548,1.,0.707106781186548,1.,0.707106781186548,1.,0.707106781186548,
1.),(1.,0.707106781186548,1.,0.707106781186548,1.,0.707106781186548,1.,
0.707106781186548,1.),(1.,0.707106781186548,1.,0.707106781186548,1.,0.707106781186548,
1.,0.707106781186548,1.)))
REPRESENTATION_ITEM('')
SURFACE()
);
#47=(
BOUNDED_SURFACE()
B_SPLINE_SURFACE(5,2,((#4007,#4008,#4009,#4010,#4011,#4012,#4013,#4014,
#4015),(#4016,#4017,#4018,#4019,#4020,#4021,#4022,#4023,#4024),(#4025,#4026,
#4027,#4028,#4029,#4030,#4031,#4032,#4033),(#4034,#4035,#4036,#4037,#4038,
#4039,#4040,#4041,#4042),(#4043,#4044,#4045,#4046,#4047,#4048,#4049,#4050,
#4051),(#4052,#4053,#4054,#4055,#4056,#4057,#4058,#4059,#4060),(#4061,#4062,
#4063,#4064,#4065,#4066,#4067,#4068,#4069),(#4070,#4071,#4072,#4073,#4074,
#4075,#4076,#4077,#4078),(#4079,#4080,#4081,#4082,#4083,#4084,#4085,#4086,
#4087),(#4088,#4089,#4090,#4091,#4092,#4093,#4094,#4095,#4096),(#4097,#4098,
#4099,#4100,#4101,#4102,#4103,#4104,#4105),(#4106,#4107,#4108,#4109,#4110,
#4111,#4112,#4113,#4114),(#4115,#4116,#4117,#4118,#4119,#4120,#4121,#4122,
#4123),(#4124,#4125,#4126,#4127,#4128,#4129,#4130,#4131,#4132),(#4133,#4134,
#4135,#4136,#4137,#4138,#4139,#4140,#4141),(#4142,#4143,#4144,#4145,#4146,
#4147,#4148,#4149,#4150),(#4151,#4152,#4153,#4154,#4155,#4156,#4157,#4158,
#4159),(#4160,#4161,#4162,#4163,#4164,#4165,#4166,#4167,#4168),(#4169,#4170,
#4171,#4172,#4173,#4174,#4175,#4176,#4177),(#4178,#4179,#4180,#4181,#4182,
#4183,#4184,#4185,#4186),(#4187,#4188,#4189,#4190,#4191,#4192,#4193,#4194,
#4195),(#4196,#4197,#4198,#4199,#4200,#4201,#4202,#4203,#4204),(#4205,#4206,
#4207,#4208,#4209,#4210,#4211,#4212,#4213),(#4214,#4215,#4216,#4217,#4218,
#4219,#4220,#4221,#4222),(#4223,#4224,#4225,#4226,#4227,#4228,#4229,#4230,
#4231)),.UNSPECIFIED.,.F.,.T.,.F.)
B_SPLINE_SURFACE_WITH_KNOTS((6,1,1,1,1,1,1,1,1,1,1,1,1,1,1,1,1,1,1,1,6),
(3,2,2,2,3),(0.,0.05,0.1,0.15,0.2,0.25,0.3,0.35,0.4,0.45,0.5,0.55,0.6,0.65,
0.7,0.75,0.8,0.85,0.9,0.95,1.),(0.,1.5707963267949,3.14159265358979,4.71238898038469,
6.28318530717959),.UNSPECIFIED.)
GEOMETRIC_REPRESENTATION_ITEM()
RATIONAL_B_SPLINE_SURFACE(((1.,0.707106781186548,1.,0.707106781186548,1.,
0.707106781186548,1.,0.707106781186548,1.),(1.,0.707106781186548,1.,0.707106781186548,
1.,0.707106781186548,1.,0.707106781186548,1.),(1.,0.707106781186548,1.,
0.707106781186548,1.,0.707106781186548,1.,0.707106781186548,1.),(1.,0.707106781186548,
1.,0.707106781186548,1.,0.707106781186548,1.,0.707106781186548,1.),(1.,
0.707106781186548,1.,0.707106781186548,1.,0.707106781186548,1.,0.707106781186548,
1.),(1.,0.707106781186548,1.,0.707106781186548,1.,0.707106781186548,1.,
0.707106781186548,1.),(1.,0.707106781186548,1.,0.707106781186548,1.,0.707106781186548,
1.,0.707106781186548,1.),(1.,0.707106781186548,1.,0.707106781186548,1.,
0.707106781186548,1.,0.707106781186548,1.),(1.,0.707106781186548,1.,0.707106781186548,
1.,0.707106781186548,1.,0.707106781186548,1.),(1.,0.707106781186548,1.,
0.707106781186548,1.,0.707106781186548,1.,0.707106781186548,1.),(1.,0.707106781186548,
1.,0.707106781186548,1.,0.707106781186548,1.,0.707106781186548,1.),(1.,
0.707106781186548,1.,0.707106781186548,1.,0.707106781186548,1.,0.707106781186548,
1.),(1.,0.707106781186548,1.,0.707106781186548,1.,0.707106781186548,1.,
0.707106781186548,1.),(1.,0.707106781186548,1.,0.707106781186548,1.,0.707106781186548,
1.,0.707106781186548,1.),(1.,0.707106781186548,1.,0.707106781186548,1.,
0.707106781186548,1.,0.707106781186548,1.),(1.,0.707106781186548,1.,0.707106781186548,
1.,0.707106781186548,1.,0.707106781186548,1.),(1.,0.707106781186548,1.,
0.707106781186548,1.,0.707106781186548,1.,0.707106781186548,1.),(1.,0.707106781186548,
1.,0.707106781186548,1.,0.707106781186548,1.,0.707106781186548,1.),(1.,
0.707106781186548,1.,0.707106781186548,1.,0.707106781186548,1.,0.707106781186548,
1.),(1.,0.707106781186548,1.,0.707106781186548,1.,0.707106781186548,1.,
0.707106781186548,1.),(1.,0.707106781186548,1.,0.707106781186548,1.,0.707106781186548,
1.,0.707106781186548,1.),(1.,0.707106781186548,1.,0.707106781186548,1.,
0.707106781186548,1.,0.707106781186548,1.),(1.,0.707106781186548,1.,0.707106781186548,
1.,0.707106781186548,1.,0.707106781186548,1.),(1.,0.707106781186548,1.,
0.707106781186548,1.,0.707106781186548,1.,0.707106781186548,1.),(1.,0.707106781186548,
1.,0.707106781186548,1.,0.707106781186548,1.,0.707106781186548,1.)))
REPRESENTATION_ITEM('')
SURFACE()
);
#48=(
BOUNDED_SURFACE()
B_SPLINE_SURFACE(5,2,((#4300,#4301,#4302,#4303,#4304,#4305,#4306,#4307,
#4308),(#4309,#4310,#4311,#4312,#4313,#4314,#4315,#4316,#4317),(#4318,#4319,
#4320,#4321,#4322,#4323,#4324,#4325,#4326),(#4327,#4328,#4329,#4330,#4331,
#4332,#4333,#4334,#4335),(#4336,#4337,#4338,#4339,#4340,#4341,#4342,#4343,
#4344),(#4345,#4346,#4347,#4348,#4349,#4350,#4351,#4352,#4353),(#4354,#4355,
#4356,#4357,#4358,#4359,#4360,#4361,#4362),(#4363,#4364,#4365,#4366,#4367,
#4368,#4369,#4370,#4371),(#4372,#4373,#4374,#4375,#4376,#4377,#4378,#4379,
#4380),(#4381,#4382,#4383,#4384,#4385,#4386,#4387,#4388,#4389),(#4390,#4391,
#4392,#4393,#4394,#4395,#4396,#4397,#4398),(#4399,#4400,#4401,#4402,#4403,
#4404,#4405,#4406,#4407),(#4408,#4409,#4410,#4411,#4412,#4413,#4414,#4415,
#4416),(#4417,#4418,#4419,#4420,#4421,#4422,#4423,#4424,#4425),(#4426,#4427,
#4428,#4429,#4430,#4431,#4432,#4433,#4434),(#4435,#4436,#4437,#4438,#4439,
#4440,#4441,#4442,#4443),(#4444,#4445,#4446,#4447,#4448,#4449,#4450,#4451,
#4452),(#4453,#4454,#4455,#4456,#4457,#4458,#4459,#4460,#4461),(#4462,#4463,
#4464,#4465,#4466,#4467,#4468,#4469,#4470),(#4471,#4472,#4473,#4474,#4475,
#4476,#4477,#4478,#4479),(#4480,#4481,#4482,#4483,#4484,#4485,#4486,#4487,
#4488),(#4489,#4490,#4491,#4492,#4493,#4494,#4495,#4496,#4497),(#4498,#4499,
#4500,#4501,#4502,#4503,#4504,#4505,#4506),(#4507,#4508,#4509,#4510,#4511,
#4512,#4513,#4514,#4515),(#4516,#4517,#4518,#4519,#4520,#4521,#4522,#4523,
#4524)),.UNSPECIFIED.,.F.,.T.,.F.)
B_SPLINE_SURFACE_WITH_KNOTS((6,1,1,1,1,1,1,1,1,1,1,1,1,1,1,1,1,1,1,1,6),
(3,2,2,2,3),(0.,0.05,0.1,0.15,0.2,0.25,0.3,0.35,0.4,0.45,0.5,0.55,0.6,0.65,
0.7,0.75,0.8,0.85,0.9,0.95,1.),(0.,1.5707963267949,3.14159265358979,4.71238898038469,
6.28318530717959),.UNSPECIFIED.)
GEOMETRIC_REPRESENTATION_ITEM()
RATIONAL_B_SPLINE_SURFACE(((1.,0.707106781186548,1.,0.707106781186548,1.,
0.707106781186548,1.,0.707106781186548,1.),(1.,0.707106781186548,1.,0.707106781186548,
1.,0.707106781186548,1.,0.707106781186548,1.),(1.,0.707106781186548,1.,
0.707106781186548,1.,0.707106781186548,1.,0.707106781186548,1.),(1.,0.707106781186548,
1.,0.707106781186548,1.,0.707106781186548,1.,0.707106781186548,1.),(1.,
0.707106781186548,1.,0.707106781186548,1.,0.707106781186548,1.,0.707106781186548,
1.),(1.,0.707106781186548,1.,0.707106781186548,1.,0.707106781186548,1.,
0.707106781186548,1.),(1.,0.707106781186548,1.,0.707106781186548,1.,0.707106781186548,
1.,0.707106781186548,1.),(1.,0.707106781186548,1.,0.707106781186548,1.,
0.707106781186548,1.,0.707106781186548,1.),(1.,0.707106781186548,1.,0.707106781186548,
1.,0.707106781186548,1.,0.707106781186548,1.),(1.,0.707106781186548,1.,
0.707106781186548,1.,0.707106781186548,1.,0.707106781186548,1.),(1.,0.707106781186548,
1.,0.707106781186548,1.,0.707106781186548,1.,0.707106781186548,1.),(1.,
0.707106781186548,1.,0.707106781186548,1.,0.707106781186548,1.,0.707106781186548,
1.),(1.,0.707106781186548,1.,0.707106781186548,1.,0.707106781186548,1.,
0.707106781186548,1.),(1.,0.707106781186548,1.,0.707106781186548,1.,0.707106781186548,
1.,0.707106781186548,1.),(1.,0.707106781186548,1.,0.707106781186548,1.,
0.707106781186548,1.,0.707106781186548,1.),(1.,0.707106781186548,1.,0.707106781186548,
1.,0.707106781186548,1.,0.707106781186548,1.),(1.,0.707106781186548,1.,
0.707106781186548,1.,0.707106781186548,1.,0.707106781186548,1.),(1.,0.707106781186548,
1.,0.707106781186548,1.,0.707106781186548,1.,0.707106781186548,1.),(1.,
0.707106781186548,1.,0.707106781186548,1.,0.707106781186548,1.,0.707106781186548,
1.),(1.,0.707106781186548,1.,0.707106781186548,1.,0.707106781186548,1.,
0.707106781186548,1.),(1.,0.707106781186548,1.,0.707106781186548,1.,0.707106781186548,
1.,0.707106781186548,1.),(1.,0.707106781186548,1.,0.707106781186548,1.,
0.707106781186548,1.,0.707106781186548,1.),(1.,0.707106781186548,1.,0.707106781186548,
1.,0.707106781186548,1.,0.707106781186548,1.),(1.,0.707106781186548,1.,
0.707106781186548,1.,0.707106781186548,1.,0.707106781186548,1.),(1.,0.707106781186548,
1.,0.707106781186548,1.,0.707106781186548,1.,0.707106781186548,1.)))
REPRESENTATION_ITEM('')
SURFACE()
);
#49=(
BOUNDED_SURFACE()
B_SPLINE_SURFACE(5,2,((#4552,#4553,#4554,#4555,#4556,#4557,#4558,#4559,
#4560),(#4561,#4562,#4563,#4564,#4565,#4566,#4567,#4568,#4569),(#4570,#4571,
#4572,#4573,#4574,#4575,#4576,#4577,#4578),(#4579,#4580,#4581,#4582,#4583,
#4584,#4585,#4586,#4587),(#4588,#4589,#4590,#4591,#4592,#4593,#4594,#4595,
#4596),(#4597,#4598,#4599,#4600,#4601,#4602,#4603,#4604,#4605),(#4606,#4607,
#4608,#4609,#4610,#4611,#4612,#4613,#4614),(#4615,#4616,#4617,#4618,#4619,
#4620,#4621,#4622,#4623),(#4624,#4625,#4626,#4627,#4628,#4629,#4630,#4631,
#4632),(#4633,#4634,#4635,#4636,#4637,#4638,#4639,#4640,#4641),(#4642,#4643,
#4644,#4645,#4646,#4647,#4648,#4649,#4650),(#4651,#4652,#4653,#4654,#4655,
#4656,#4657,#4658,#4659),(#4660,#4661,#4662,#4663,#4664,#4665,#4666,#4667,
#4668),(#4669,#4670,#4671,#4672,#4673,#4674,#4675,#4676,#4677),(#4678,#4679,
#4680,#4681,#4682,#4683,#4684,#4685,#4686),(#4687,#4688,#4689,#4690,#4691,
#4692,#4693,#4694,#4695),(#4696,#4697,#4698,#4699,#4700,#4701,#4702,#4703,
#4704),(#4705,#4706,#4707,#4708,#4709,#4710,#4711,#4712,#4713),(#4714,#4715,
#4716,#4717,#4718,#4719,#4720,#4721,#4722),(#4723,#4724,#4725,#4726,#4727,
#4728,#4729,#4730,#4731),(#4732,#4733,#4734,#4735,#4736,#4737,#4738,#4739,
#4740),(#4741,#4742,#4743,#4744,#4745,#4746,#4747,#4748,#4749),(#4750,#4751,
#4752,#4753,#4754,#4755,#4756,#4757,#4758),(#4759,#4760,#4761,#4762,#4763,
#4764,#4765,#4766,#4767),(#4768,#4769,#4770,#4771,#4772,#4773,#4774,#4775,
#4776)),.UNSPECIFIED.,.F.,.T.,.F.)
B_SPLINE_SURFACE_WITH_KNOTS((6,1,1,1,1,1,1,1,1,1,1,1,1,1,1,1,1,1,1,1,6),
(3,2,2,2,3),(0.,0.05,0.1,0.15,0.2,0.25,0.3,0.35,0.4,0.45,0.5,0.55,0.6,0.65,
0.7,0.75,0.8,0.85,0.9,0.95,1.),(0.,1.5707963267949,3.14159265358979,4.71238898038469,
6.28318530717959),.UNSPECIFIED.)
GEOMETRIC_REPRESENTATION_ITEM()
RATIONAL_B_SPLINE_SURFACE(((1.,0.707106781186548,1.,0.707106781186548,1.,
0.707106781186548,1.,0.707106781186548,1.),(1.,0.707106781186548,1.,0.707106781186548,
1.,0.707106781186548,1.,0.707106781186548,1.),(1.,0.707106781186548,1.,
0.707106781186548,1.,0.707106781186548,1.,0.707106781186548,1.),(1.,0.707106781186548,
1.,0.707106781186548,1.,0.707106781186548,1.,0.707106781186548,1.),(1.,
0.707106781186548,1.,0.707106781186548,1.,0.707106781186548,1.,0.707106781186548,
1.),(1.,0.707106781186548,1.,0.707106781186548,1.,0.707106781186548,1.,
0.707106781186548,1.),(1.,0.707106781186548,1.,0.707106781186548,1.,0.707106781186548,
1.,0.707106781186548,1.),(1.,0.707106781186548,1.,0.707106781186548,1.,
0.707106781186548,1.,0.707106781186548,1.),(1.,0.707106781186548,1.,0.707106781186548,
1.,0.707106781186548,1.,0.707106781186548,1.),(1.,0.707106781186548,1.,
0.707106781186548,1.,0.707106781186548,1.,0.707106781186548,1.),(1.,0.707106781186548,
1.,0.707106781186548,1.,0.707106781186548,1.,0.707106781186548,1.),(1.,
0.707106781186548,1.,0.707106781186548,1.,0.707106781186548,1.,0.707106781186548,
1.),(1.,0.707106781186548,1.,0.707106781186548,1.,0.707106781186548,1.,
0.707106781186548,1.),(1.,0.707106781186548,1.,0.707106781186548,1.,0.707106781186548,
1.,0.707106781186548,1.),(1.,0.707106781186548,1.,0.707106781186548,1.,
0.707106781186548,1.,0.707106781186548,1.),(1.,0.707106781186548,1.,0.707106781186548,
1.,0.707106781186548,1.,0.707106781186548,1.),(1.,0.707106781186548,1.,
0.707106781186548,1.,0.707106781186548,1.,0.707106781186548,1.),(1.,0.707106781186548,
1.,0.707106781186548,1.,0.707106781186548,1.,0.707106781186548,1.),(1.,
0.707106781186548,1.,0.707106781186548,1.,0.707106781186548,1.,0.707106781186548,
1.),(1.,0.707106781186548,1.,0.707106781186548,1.,0.707106781186548,1.,
0.707106781186548,1.),(1.,0.707106781186548,1.,0.707106781186548,1.,0.707106781186548,
1.,0.707106781186548,1.),(1.,0.707106781186548,1.,0.707106781186548,1.,
0.707106781186548,1.,0.707106781186548,1.),(1.,0.707106781186548,1.,0.707106781186548,
1.,0.707106781186548,1.,0.707106781186548,1.),(1.,0.707106781186548,1.,
0.707106781186548,1.,0.707106781186548,1.,0.707106781186548,1.),(1.,0.707106781186548,
1.,0.707106781186548,1.,0.707106781186548,1.,0.707106781186548,1.)))
REPRESENTATION_ITEM('')
SURFACE()
);
#50=(
BOUNDED_SURFACE()
B_SPLINE_SURFACE(2,2,((#4790,#4791,#4792),(#4793,#4794,#4795),(#4796,#4797,
#4798),(#4799,#4800,#4801),(#4802,#4803,#4804),(#4805,#4806,#4807),(#4808,
#4809,#4810),(#4811,#4812,#4813),(#4814,#4815,#4816)),.UNSPECIFIED.,.T.,
 .F.,.F.)
B_SPLINE_SURFACE_WITH_KNOTS((3,2,2,2,3),(3,3),(-3.14159265358979,-1.5707963267949,
0.,1.5707963267949,3.14159265358979),(0.,0.783952016868504),
 .UNSPECIFIED.)
GEOMETRIC_REPRESENTATION_ITEM()
RATIONAL_B_SPLINE_SURFACE(((1.,0.924155999127632,1.),(0.707106781186546,
0.653476973857376,0.707106781186546),(1.,0.924155999127632,1.),(0.707106781186546,
0.653476973857376,0.707106781186546),(1.,0.924155999127632,1.),(0.707106781186546,
0.653476973857376,0.707106781186546),(1.,0.924155999127632,1.),(0.707106781186546,
0.653476973857376,0.707106781186546),(1.,0.924155999127632,1.)))
REPRESENTATION_ITEM('')
SURFACE()
);
#51=(
BOUNDED_SURFACE()
B_SPLINE_SURFACE(2,2,((#4825,#4826,#4827),(#4828,#4829,#4830),(#4831,#4832,
#4833),(#4834,#4835,#4836),(#4837,#4838,#4839),(#4840,#4841,#4842),(#4843,
#4844,#4845),(#4846,#4847,#4848),(#4849,#4850,#4851)),.UNSPECIFIED.,.T.,
 .F.,.F.)
B_SPLINE_SURFACE_WITH_KNOTS((3,2,2,2,3),(3,3),(-3.14159265358979,-1.5707963267949,
0.,1.5707963267949,3.14159265358979),(0.,0.783952016868504),
 .UNSPECIFIED.)
GEOMETRIC_REPRESENTATION_ITEM()
RATIONAL_B_SPLINE_SURFACE(((1.,0.924155999127632,1.),(0.707106781186546,
0.653476973857376,0.707106781186546),(1.,0.924155999127632,1.),(0.707106781186546,
0.653476973857376,0.707106781186546),(1.,0.924155999127632,1.),(0.707106781186546,
0.653476973857376,0.707106781186546),(1.,0.924155999127632,1.),(0.707106781186546,
0.653476973857376,0.707106781186546),(1.,0.924155999127632,1.)))
REPRESENTATION_ITEM('')
SURFACE()
);
#52=(
BOUNDED_SURFACE()
B_SPLINE_SURFACE(5,2,((#4931,#4932,#4933,#4934,#4935,#4936,#4937,#4938,
#4939),(#4940,#4941,#4942,#4943,#4944,#4945,#4946,#4947,#4948),(#4949,#4950,
#4951,#4952,#4953,#4954,#4955,#4956,#4957),(#4958,#4959,#4960,#4961,#4962,
#4963,#4964,#4965,#4966),(#4967,#4968,#4969,#4970,#4971,#4972,#4973,#4974,
#4975),(#4976,#4977,#4978,#4979,#4980,#4981,#4982,#4983,#4984),(#4985,#4986,
#4987,#4988,#4989,#4990,#4991,#4992,#4993),(#4994,#4995,#4996,#4997,#4998,
#4999,#5000,#5001,#5002),(#5003,#5004,#5005,#5006,#5007,#5008,#5009,#5010,
#5011),(#5012,#5013,#5014,#5015,#5016,#5017,#5018,#5019,#5020),(#5021,#5022,
#5023,#5024,#5025,#5026,#5027,#5028,#5029),(#5030,#5031,#5032,#5033,#5034,
#5035,#5036,#5037,#5038),(#5039,#5040,#5041,#5042,#5043,#5044,#5045,#5046,
#5047),(#5048,#5049,#5050,#5051,#5052,#5053,#5054,#5055,#5056),(#5057,#5058,
#5059,#5060,#5061,#5062,#5063,#5064,#5065),(#5066,#5067,#5068,#5069,#5070,
#5071,#5072,#5073,#5074),(#5075,#5076,#5077,#5078,#5079,#5080,#5081,#5082,
#5083),(#5084,#5085,#5086,#5087,#5088,#5089,#5090,#5091,#5092),(#5093,#5094,
#5095,#5096,#5097,#5098,#5099,#5100,#5101),(#5102,#5103,#5104,#5105,#5106,
#5107,#5108,#5109,#5110),(#5111,#5112,#5113,#5114,#5115,#5116,#5117,#5118,
#5119),(#5120,#5121,#5122,#5123,#5124,#5125,#5126,#5127,#5128),(#5129,#5130,
#5131,#5132,#5133,#5134,#5135,#5136,#5137),(#5138,#5139,#5140,#5141,#5142,
#5143,#5144,#5145,#5146),(#5147,#5148,#5149,#5150,#5151,#5152,#5153,#5154,
#5155)),.UNSPECIFIED.,.F.,.T.,.F.)
B_SPLINE_SURFACE_WITH_KNOTS((6,1,1,1,1,1,1,1,1,1,1,1,1,1,1,1,1,1,1,1,6),
(3,2,2,2,3),(0.,0.05,0.1,0.15,0.2,0.25,0.3,0.35,0.4,0.45,0.5,0.55,0.6,0.65,
0.7,0.75,0.8,0.85,0.9,0.95,1.),(0.,1.5707963267949,3.14159265358979,4.71238898038469,
6.28318530717959),.UNSPECIFIED.)
GEOMETRIC_REPRESENTATION_ITEM()
RATIONAL_B_SPLINE_SURFACE(((1.,0.707106781186548,1.,0.707106781186548,1.,
0.707106781186548,1.,0.707106781186548,1.),(1.,0.707106781186548,1.,0.707106781186548,
1.,0.707106781186548,1.,0.707106781186548,1.),(1.,0.707106781186548,1.,
0.707106781186548,1.,0.707106781186548,1.,0.707106781186548,1.),(1.,0.707106781186548,
1.,0.707106781186548,1.,0.707106781186548,1.,0.707106781186548,1.),(1.,
0.707106781186548,1.,0.707106781186548,1.,0.707106781186548,1.,0.707106781186548,
1.),(1.,0.707106781186548,1.,0.707106781186548,1.,0.707106781186548,1.,
0.707106781186548,1.),(1.,0.707106781186548,1.,0.707106781186548,1.,0.707106781186548,
1.,0.707106781186548,1.),(1.,0.707106781186548,1.,0.707106781186548,1.,
0.707106781186548,1.,0.707106781186548,1.),(1.,0.707106781186548,1.,0.707106781186548,
1.,0.707106781186548,1.,0.707106781186548,1.),(1.,0.707106781186548,1.,
0.707106781186548,1.,0.707106781186548,1.,0.707106781186548,1.),(1.,0.707106781186548,
1.,0.707106781186548,1.,0.707106781186548,1.,0.707106781186548,1.),(1.,
0.707106781186548,1.,0.707106781186548,1.,0.707106781186548,1.,0.707106781186548,
1.),(1.,0.707106781186548,1.,0.707106781186548,1.,0.707106781186548,1.,
0.707106781186548,1.),(1.,0.707106781186548,1.,0.707106781186548,1.,0.707106781186548,
1.,0.707106781186548,1.),(1.,0.707106781186548,1.,0.707106781186548,1.,
0.707106781186548,1.,0.707106781186548,1.),(1.,0.707106781186548,1.,0.707106781186548,
1.,0.707106781186548,1.,0.707106781186548,1.),(1.,0.707106781186548,1.,
0.707106781186548,1.,0.707106781186548,1.,0.707106781186548,1.),(1.,0.707106781186548,
1.,0.707106781186548,1.,0.707106781186548,1.,0.707106781186548,1.),(1.,
0.707106781186548,1.,0.707106781186548,1.,0.707106781186548,1.,0.707106781186548,
1.),(1.,0.707106781186548,1.,0.707106781186548,1.,0.707106781186548,1.,
0.707106781186548,1.),(1.,0.707106781186548,1.,0.707106781186548,1.,0.707106781186548,
1.,0.707106781186548,1.),(1.,0.707106781186548,1.,0.707106781186548,1.,
0.707106781186548,1.,0.707106781186548,1.),(1.,0.707106781186548,1.,0.707106781186548,
1.,0.707106781186548,1.,0.707106781186548,1.),(1.,0.707106781186548,1.,
0.707106781186548,1.,0.707106781186548,1.,0.707106781186548,1.),(1.,0.707106781186548,
1.,0.707106781186548,1.,0.707106781186548,1.,0.707106781186548,1.)))
REPRESENTATION_ITEM('')
SURFACE()
);
#53=(
BOUNDED_SURFACE()
B_SPLINE_SURFACE(5,2,((#5216,#5217,#5218,#5219,#5220,#5221,#5222,#5223,
#5224),(#5225,#5226,#5227,#5228,#5229,#5230,#5231,#5232,#5233),(#5234,#5235,
#5236,#5237,#5238,#5239,#5240,#5241,#5242),(#5243,#5244,#5245,#5246,#5247,
#5248,#5249,#5250,#5251),(#5252,#5253,#5254,#5255,#5256,#5257,#5258,#5259,
#5260),(#5261,#5262,#5263,#5264,#5265,#5266,#5267,#5268,#5269),(#5270,#5271,
#5272,#5273,#5274,#5275,#5276,#5277,#5278),(#5279,#5280,#5281,#5282,#5283,
#5284,#5285,#5286,#5287),(#5288,#5289,#5290,#5291,#5292,#5293,#5294,#5295,
#5296),(#5297,#5298,#5299,#5300,#5301,#5302,#5303,#5304,#5305),(#5306,#5307,
#5308,#5309,#5310,#5311,#5312,#5313,#5314),(#5315,#5316,#5317,#5318,#5319,
#5320,#5321,#5322,#5323),(#5324,#5325,#5326,#5327,#5328,#5329,#5330,#5331,
#5332),(#5333,#5334,#5335,#5336,#5337,#5338,#5339,#5340,#5341),(#5342,#5343,
#5344,#5345,#5346,#5347,#5348,#5349,#5350),(#5351,#5352,#5353,#5354,#5355,
#5356,#5357,#5358,#5359),(#5360,#5361,#5362,#5363,#5364,#5365,#5366,#5367,
#5368),(#5369,#5370,#5371,#5372,#5373,#5374,#5375,#5376,#5377),(#5378,#5379,
#5380,#5381,#5382,#5383,#5384,#5385,#5386),(#5387,#5388,#5389,#5390,#5391,
#5392,#5393,#5394,#5395),(#5396,#5397,#5398,#5399,#5400,#5401,#5402,#5403,
#5404),(#5405,#5406,#5407,#5408,#5409,#5410,#5411,#5412,#5413),(#5414,#5415,
#5416,#5417,#5418,#5419,#5420,#5421,#5422),(#5423,#5424,#5425,#5426,#5427,
#5428,#5429,#5430,#5431),(#5432,#5433,#5434,#5435,#5436,#5437,#5438,#5439,
#5440),(#5441,#5442,#5443,#5444,#5445,#5446,#5447,#5448,#5449),(#5450,#5451,
#5452,#5453,#5454,#5455,#5456,#5457,#5458),(#5459,#5460,#5461,#5462,#5463,
#5464,#5465,#5466,#5467),(#5468,#5469,#5470,#5471,#5472,#5473,#5474,#5475,
#5476),(#5477,#5478,#5479,#5480,#5481,#5482,#5483,#5484,#5485),(#5486,#5487,
#5488,#5489,#5490,#5491,#5492,#5493,#5494),(#5495,#5496,#5497,#5498,#5499,
#5500,#5501,#5502,#5503),(#5504,#5505,#5506,#5507,#5508,#5509,#5510,#5511,
#5512),(#5513,#5514,#5515,#5516,#5517,#5518,#5519,#5520,#5521),(#5522,#5523,
#5524,#5525,#5526,#5527,#5528,#5529,#5530)),.UNSPECIFIED.,.F.,.T.,.F.)
B_SPLINE_SURFACE_WITH_KNOTS((6,1,1,1,1,1,1,1,1,1,1,1,1,1,1,1,1,1,1,1,1,
1,1,1,1,1,1,1,1,1,6),(3,2,2,2,3),(-1.,-0.966666666666667,-0.933333333333333,
-0.9,-0.866666666666667,-0.833333333333333,-0.8,-0.766666666666667,-0.733333333333333,
-0.7,-0.666666666666667,-0.633333333333333,-0.6,-0.566666666666667,-0.533333333333333,
-0.5,-0.466666666666667,-0.433333333333333,-0.4,-0.366666666666667,-0.333333333333333,
-0.3,-0.266666666666667,-0.233333333333333,-0.2,-0.166666666666667,-0.133333333333333,
-0.1,-0.0666666666666667,-0.0333333333333333,0.),(0.,1.5707963267949,3.14159265358979,
4.71238898038469,6.28318530717959),.UNSPECIFIED.)
GEOMETRIC_REPRESENTATION_ITEM()
RATIONAL_B_SPLINE_SURFACE(((1.,0.707106781186548,1.,0.707106781186548,1.,
0.707106781186548,1.,0.707106781186548,1.),(1.,0.707106781186548,1.,0.707106781186548,
1.,0.707106781186548,1.,0.707106781186548,1.),(1.,0.707106781186548,1.,
0.707106781186548,1.,0.707106781186548,1.,0.707106781186548,1.),(1.,0.707106781186548,
1.,0.707106781186548,1.,0.707106781186548,1.,0.707106781186548,1.),(1.,
0.707106781186548,1.,0.707106781186548,1.,0.707106781186548,1.,0.707106781186548,
1.),(1.,0.707106781186548,1.,0.707106781186548,1.,0.707106781186548,1.,
0.707106781186548,1.),(1.,0.707106781186548,1.,0.707106781186548,1.,0.707106781186548,
1.,0.707106781186548,1.),(1.,0.707106781186548,1.,0.707106781186548,1.,
0.707106781186548,1.,0.707106781186548,1.),(1.,0.707106781186548,1.,0.707106781186548,
1.,0.707106781186548,1.,0.707106781186548,1.),(1.,0.707106781186548,1.,
0.707106781186548,1.,0.707106781186548,1.,0.707106781186548,1.),(1.,0.707106781186548,
1.,0.707106781186548,1.,0.707106781186548,1.,0.707106781186548,1.),(1.,
0.707106781186548,1.,0.707106781186548,1.,0.707106781186548,1.,0.707106781186548,
1.),(1.,0.707106781186548,1.,0.707106781186548,1.,0.707106781186548,1.,
0.707106781186548,1.),(1.,0.707106781186548,1.,0.707106781186548,1.,0.707106781186548,
1.,0.707106781186548,1.),(1.,0.707106781186548,1.,0.707106781186548,1.,
0.707106781186548,1.,0.707106781186548,1.),(1.,0.707106781186548,1.,0.707106781186548,
1.,0.707106781186548,1.,0.707106781186548,1.),(1.,0.707106781186548,1.,
0.707106781186548,1.,0.707106781186548,1.,0.707106781186548,1.),(1.,0.707106781186548,
1.,0.707106781186548,1.,0.707106781186548,1.,0.707106781186548,1.),(1.,
0.707106781186548,1.,0.707106781186548,1.,0.707106781186548,1.,0.707106781186548,
1.),(1.,0.707106781186548,1.,0.707106781186548,1.,0.707106781186548,1.,
0.707106781186548,1.),(1.,0.707106781186548,1.,0.707106781186548,1.,0.707106781186548,
1.,0.707106781186548,1.),(1.,0.707106781186548,1.,0.707106781186548,1.,
0.707106781186548,1.,0.707106781186548,1.),(1.,0.707106781186548,1.,0.707106781186548,
1.,0.707106781186548,1.,0.707106781186548,1.),(1.,0.707106781186548,1.,
0.707106781186548,1.,0.707106781186548,1.,0.707106781186548,1.),(1.,0.707106781186548,
1.,0.707106781186548,1.,0.707106781186548,1.,0.707106781186548,1.),(1.,
0.707106781186548,1.,0.707106781186548,1.,0.707106781186548,1.,0.707106781186548,
1.),(1.,0.707106781186548,1.,0.707106781186548,1.,0.707106781186548,1.,
0.707106781186548,1.),(1.,0.707106781186548,1.,0.707106781186548,1.,0.707106781186548,
1.,0.707106781186548,1.),(1.,0.707106781186548,1.,0.707106781186548,1.,
0.707106781186548,1.,0.707106781186548,1.),(1.,0.707106781186548,1.,0.707106781186548,
1.,0.707106781186548,1.,0.707106781186548,1.),(1.,0.707106781186548,1.,
0.707106781186548,1.,0.707106781186548,1.,0.707106781186548,1.),(1.,0.707106781186548,
1.,0.707106781186548,1.,0.707106781186548,1.,0.707106781186548,1.),(1.,
0.707106781186548,1.,0.707106781186548,1.,0.707106781186548,1.,0.707106781186548,
1.),(1.,0.707106781186548,1.,0.707106781186548,1.,0.707106781186548,1.,
0.707106781186548,1.),(1.,0.707106781186548,1.,0.707106781186548,1.,0.707106781186548,
1.,0.707106781186548,1.)))
REPRESENTATION_ITEM('')
SURFACE()
);
#54=(
BOUNDED_SURFACE()
B_SPLINE_SURFACE(5,2,((#5575,#5576,#5577,#5578,#5579,#5580,#5581,#5582,
#5583),(#5584,#5585,#5586,#5587,#5588,#5589,#5590,#5591,#5592),(#5593,#5594,
#5595,#5596,#5597,#5598,#5599,#5600,#5601),(#5602,#5603,#5604,#5605,#5606,
#5607,#5608,#5609,#5610),(#5611,#5612,#5613,#5614,#5615,#5616,#5617,#5618,
#5619),(#5620,#5621,#5622,#5623,#5624,#5625,#5626,#5627,#5628),(#5629,#5630,
#5631,#5632,#5633,#5634,#5635,#5636,#5637),(#5638,#5639,#5640,#5641,#5642,
#5643,#5644,#5645,#5646),(#5647,#5648,#5649,#5650,#5651,#5652,#5653,#5654,
#5655),(#5656,#5657,#5658,#5659,#5660,#5661,#5662,#5663,#5664),(#5665,#5666,
#5667,#5668,#5669,#5670,#5671,#5672,#5673),(#5674,#5675,#5676,#5677,#5678,
#5679,#5680,#5681,#5682),(#5683,#5684,#5685,#5686,#5687,#5688,#5689,#5690,
#5691),(#5692,#5693,#5694,#5695,#5696,#5697,#5698,#5699,#5700),(#5701,#5702,
#5703,#5704,#5705,#5706,#5707,#5708,#5709),(#5710,#5711,#5712,#5713,#5714,
#5715,#5716,#5717,#5718),(#5719,#5720,#5721,#5722,#5723,#5724,#5725,#5726,
#5727),(#5728,#5729,#5730,#5731,#5732,#5733,#5734,#5735,#5736),(#5737,#5738,
#5739,#5740,#5741,#5742,#5743,#5744,#5745),(#5746,#5747,#5748,#5749,#5750,
#5751,#5752,#5753,#5754),(#5755,#5756,#5757,#5758,#5759,#5760,#5761,#5762,
#5763),(#5764,#5765,#5766,#5767,#5768,#5769,#5770,#5771,#5772),(#5773,#5774,
#5775,#5776,#5777,#5778,#5779,#5780,#5781),(#5782,#5783,#5784,#5785,#5786,
#5787,#5788,#5789,#5790),(#5791,#5792,#5793,#5794,#5795,#5796,#5797,#5798,
#5799),(#5800,#5801,#5802,#5803,#5804,#5805,#5806,#5807,#5808),(#5809,#5810,
#5811,#5812,#5813,#5814,#5815,#5816,#5817),(#5818,#5819,#5820,#5821,#5822,
#5823,#5824,#5825,#5826),(#5827,#5828,#5829,#5830,#5831,#5832,#5833,#5834,
#5835),(#5836,#5837,#5838,#5839,#5840,#5841,#5842,#5843,#5844),(#5845,#5846,
#5847,#5848,#5849,#5850,#5851,#5852,#5853),(#5854,#5855,#5856,#5857,#5858,
#5859,#5860,#5861,#5862),(#5863,#5864,#5865,#5866,#5867,#5868,#5869,#5870,
#5871),(#5872,#5873,#5874,#5875,#5876,#5877,#5878,#5879,#5880),(#5881,#5882,
#5883,#5884,#5885,#5886,#5887,#5888,#5889)),.UNSPECIFIED.,.F.,.T.,.F.)
B_SPLINE_SURFACE_WITH_KNOTS((6,1,1,1,1,1,1,1,1,1,1,1,1,1,1,1,1,1,1,1,1,
1,1,1,1,1,1,1,1,1,6),(3,2,2,2,3),(-1.,-0.966666666666667,-0.933333333333333,
-0.9,-0.866666666666667,-0.833333333333333,-0.8,-0.766666666666667,-0.733333333333333,
-0.7,-0.666666666666667,-0.633333333333333,-0.6,-0.566666666666667,-0.533333333333333,
-0.5,-0.466666666666667,-0.433333333333333,-0.4,-0.366666666666667,-0.333333333333333,
-0.3,-0.266666666666667,-0.233333333333333,-0.2,-0.166666666666667,-0.133333333333333,
-0.1,-0.0666666666666667,-0.0333333333333333,0.),(0.,1.5707963267949,3.14159265358979,
4.71238898038469,6.28318530717959),.UNSPECIFIED.)
GEOMETRIC_REPRESENTATION_ITEM()
RATIONAL_B_SPLINE_SURFACE(((1.,0.707106781186548,1.,0.707106781186548,1.,
0.707106781186548,1.,0.707106781186548,1.),(1.,0.707106781186548,1.,0.707106781186548,
1.,0.707106781186548,1.,0.707106781186548,1.),(1.,0.707106781186548,1.,
0.707106781186548,1.,0.707106781186548,1.,0.707106781186548,1.),(1.,0.707106781186548,
1.,0.707106781186548,1.,0.707106781186548,1.,0.707106781186548,1.),(1.,
0.707106781186548,1.,0.707106781186548,1.,0.707106781186548,1.,0.707106781186548,
1.),(1.,0.707106781186548,1.,0.707106781186548,1.,0.707106781186548,1.,
0.707106781186548,1.),(1.,0.707106781186548,1.,0.707106781186548,1.,0.707106781186548,
1.,0.707106781186548,1.),(1.,0.707106781186548,1.,0.707106781186548,1.,
0.707106781186548,1.,0.707106781186548,1.),(1.,0.707106781186548,1.,0.707106781186548,
1.,0.707106781186548,1.,0.707106781186548,1.),(1.,0.707106781186548,1.,
0.707106781186548,1.,0.707106781186548,1.,0.707106781186548,1.),(1.,0.707106781186548,
1.,0.707106781186548,1.,0.707106781186548,1.,0.707106781186548,1.),(1.,
0.707106781186548,1.,0.707106781186548,1.,0.707106781186548,1.,0.707106781186548,
1.),(1.,0.707106781186548,1.,0.707106781186548,1.,0.707106781186548,1.,
0.707106781186548,1.),(1.,0.707106781186548,1.,0.707106781186548,1.,0.707106781186548,
1.,0.707106781186548,1.),(1.,0.707106781186548,1.,0.707106781186548,1.,
0.707106781186548,1.,0.707106781186548,1.),(1.,0.707106781186548,1.,0.707106781186548,
1.,0.707106781186548,1.,0.707106781186548,1.),(1.,0.707106781186548,1.,
0.707106781186548,1.,0.707106781186548,1.,0.707106781186548,1.),(1.,0.707106781186548,
1.,0.707106781186548,1.,0.707106781186548,1.,0.707106781186548,1.),(1.,
0.707106781186548,1.,0.707106781186548,1.,0.707106781186548,1.,0.707106781186548,
1.),(1.,0.707106781186548,1.,0.707106781186548,1.,0.707106781186548,1.,
0.707106781186548,1.),(1.,0.707106781186548,1.,0.707106781186548,1.,0.707106781186548,
1.,0.707106781186548,1.),(1.,0.707106781186548,1.,0.707106781186548,1.,
0.707106781186548,1.,0.707106781186548,1.),(1.,0.707106781186548,1.,0.707106781186548,
1.,0.707106781186548,1.,0.707106781186548,1.),(1.,0.707106781186548,1.,
0.707106781186548,1.,0.707106781186548,1.,0.707106781186548,1.),(1.,0.707106781186548,
1.,0.707106781186548,1.,0.707106781186548,1.,0.707106781186548,1.),(1.,
0.707106781186548,1.,0.707106781186548,1.,0.707106781186548,1.,0.707106781186548,
1.),(1.,0.707106781186548,1.,0.707106781186548,1.,0.707106781186548,1.,
0.707106781186548,1.),(1.,0.707106781186548,1.,0.707106781186548,1.,0.707106781186548,
1.,0.707106781186548,1.),(1.,0.707106781186548,1.,0.707106781186548,1.,
0.707106781186548,1.,0.707106781186548,1.),(1.,0.707106781186548,1.,0.707106781186548,
1.,0.707106781186548,1.,0.707106781186548,1.),(1.,0.707106781186548,1.,
0.707106781186548,1.,0.707106781186548,1.,0.707106781186548,1.),(1.,0.707106781186548,
1.,0.707106781186548,1.,0.707106781186548,1.,0.707106781186548,1.),(1.,
0.707106781186548,1.,0.707106781186548,1.,0.707106781186548,1.,0.707106781186548,
1.),(1.,0.707106781186548,1.,0.707106781186548,1.,0.707106781186548,1.,
0.707106781186548,1.),(1.,0.707106781186548,1.,0.707106781186548,1.,0.707106781186548,
1.,0.707106781186548,1.)))
REPRESENTATION_ITEM('')
SURFACE()
);
#55=(
BOUNDED_SURFACE()
B_SPLINE_SURFACE(5,2,((#5898,#5899,#5900,#5901,#5902,#5903,#5904,#5905,
#5906),(#5907,#5908,#5909,#5910,#5911,#5912,#5913,#5914,#5915),(#5916,#5917,
#5918,#5919,#5920,#5921,#5922,#5923,#5924),(#5925,#5926,#5927,#5928,#5929,
#5930,#5931,#5932,#5933),(#5934,#5935,#5936,#5937,#5938,#5939,#5940,#5941,
#5942),(#5943,#5944,#5945,#5946,#5947,#5948,#5949,#5950,#5951),(#5952,#5953,
#5954,#5955,#5956,#5957,#5958,#5959,#5960),(#5961,#5962,#5963,#5964,#5965,
#5966,#5967,#5968,#5969),(#5970,#5971,#5972,#5973,#5974,#5975,#5976,#5977,
#5978),(#5979,#5980,#5981,#5982,#5983,#5984,#5985,#5986,#5987),(#5988,#5989,
#5990,#5991,#5992,#5993,#5994,#5995,#5996),(#5997,#5998,#5999,#6000,#6001,
#6002,#6003,#6004,#6005),(#6006,#6007,#6008,#6009,#6010,#6011,#6012,#6013,
#6014),(#6015,#6016,#6017,#6018,#6019,#6020,#6021,#6022,#6023),(#6024,#6025,
#6026,#6027,#6028,#6029,#6030,#6031,#6032),(#6033,#6034,#6035,#6036,#6037,
#6038,#6039,#6040,#6041),(#6042,#6043,#6044,#6045,#6046,#6047,#6048,#6049,
#6050),(#6051,#6052,#6053,#6054,#6055,#6056,#6057,#6058,#6059),(#6060,#6061,
#6062,#6063,#6064,#6065,#6066,#6067,#6068),(#6069,#6070,#6071,#6072,#6073,
#6074,#6075,#6076,#6077),(#6078,#6079,#6080,#6081,#6082,#6083,#6084,#6085,
#6086),(#6087,#6088,#6089,#6090,#6091,#6092,#6093,#6094,#6095),(#6096,#6097,
#6098,#6099,#6100,#6101,#6102,#6103,#6104),(#6105,#6106,#6107,#6108,#6109,
#6110,#6111,#6112,#6113),(#6114,#6115,#6116,#6117,#6118,#6119,#6120,#6121,
#6122)),.UNSPECIFIED.,.F.,.T.,.F.)
B_SPLINE_SURFACE_WITH_KNOTS((6,1,1,1,1,1,1,1,1,1,1,1,1,1,1,1,1,1,1,1,6),
(3,2,2,2,3),(0.,0.05,0.1,0.15,0.2,0.25,0.3,0.35,0.4,0.45,0.5,0.55,0.6,0.65,
0.7,0.75,0.8,0.85,0.9,0.95,1.),(0.,1.5707963267949,3.14159265358979,4.71238898038469,
6.28318530717959),.UNSPECIFIED.)
GEOMETRIC_REPRESENTATION_ITEM()
RATIONAL_B_SPLINE_SURFACE(((1.,0.707106781186548,1.,0.707106781186548,1.,
0.707106781186548,1.,0.707106781186548,1.),(1.,0.707106781186548,1.,0.707106781186548,
1.,0.707106781186548,1.,0.707106781186548,1.),(1.,0.707106781186548,1.,
0.707106781186548,1.,0.707106781186548,1.,0.707106781186548,1.),(1.,0.707106781186548,
1.,0.707106781186548,1.,0.707106781186548,1.,0.707106781186548,1.),(1.,
0.707106781186548,1.,0.707106781186548,1.,0.707106781186548,1.,0.707106781186548,
1.),(1.,0.707106781186548,1.,0.707106781186548,1.,0.707106781186548,1.,
0.707106781186548,1.),(1.,0.707106781186548,1.,0.707106781186548,1.,0.707106781186548,
1.,0.707106781186548,1.),(1.,0.707106781186548,1.,0.707106781186548,1.,
0.707106781186548,1.,0.707106781186548,1.),(1.,0.707106781186548,1.,0.707106781186548,
1.,0.707106781186548,1.,0.707106781186548,1.),(1.,0.707106781186548,1.,
0.707106781186548,1.,0.707106781186548,1.,0.707106781186548,1.),(1.,0.707106781186548,
1.,0.707106781186548,1.,0.707106781186548,1.,0.707106781186548,1.),(1.,
0.707106781186548,1.,0.707106781186548,1.,0.707106781186548,1.,0.707106781186548,
1.),(1.,0.707106781186548,1.,0.707106781186548,1.,0.707106781186548,1.,
0.707106781186548,1.),(1.,0.707106781186548,1.,0.707106781186548,1.,0.707106781186548,
1.,0.707106781186548,1.),(1.,0.707106781186548,1.,0.707106781186548,1.,
0.707106781186548,1.,0.707106781186548,1.),(1.,0.707106781186548,1.,0.707106781186548,
1.,0.707106781186548,1.,0.707106781186548,1.),(1.,0.707106781186548,1.,
0.707106781186548,1.,0.707106781186548,1.,0.707106781186548,1.),(1.,0.707106781186548,
1.,0.707106781186548,1.,0.707106781186548,1.,0.707106781186548,1.),(1.,
0.707106781186548,1.,0.707106781186548,1.,0.707106781186548,1.,0.707106781186548,
1.),(1.,0.707106781186548,1.,0.707106781186548,1.,0.707106781186548,1.,
0.707106781186548,1.),(1.,0.707106781186548,1.,0.707106781186548,1.,0.707106781186548,
1.,0.707106781186548,1.),(1.,0.707106781186548,1.,0.707106781186548,1.,
0.707106781186548,1.,0.707106781186548,1.),(1.,0.707106781186548,1.,0.707106781186548,
1.,0.707106781186548,1.,0.707106781186548,1.),(1.,0.707106781186548,1.,
0.707106781186548,1.,0.707106781186548,1.,0.707106781186548,1.),(1.,0.707106781186548,
1.,0.707106781186548,1.,0.707106781186548,1.,0.707106781186548,1.)))
REPRESENTATION_ITEM('')
SURFACE()
);
#56=(
BOUNDED_SURFACE()
B_SPLINE_SURFACE(5,2,((#6129,#6130,#6131,#6132,#6133,#6134,#6135,#6136,
#6137),(#6138,#6139,#6140,#6141,#6142,#6143,#6144,#6145,#6146),(#6147,#6148,
#6149,#6150,#6151,#6152,#6153,#6154,#6155),(#6156,#6157,#6158,#6159,#6160,
#6161,#6162,#6163,#6164),(#6165,#6166,#6167,#6168,#6169,#6170,#6171,#6172,
#6173),(#6174,#6175,#6176,#6177,#6178,#6179,#6180,#6181,#6182),(#6183,#6184,
#6185,#6186,#6187,#6188,#6189,#6190,#6191),(#6192,#6193,#6194,#6195,#6196,
#6197,#6198,#6199,#6200),(#6201,#6202,#6203,#6204,#6205,#6206,#6207,#6208,
#6209),(#6210,#6211,#6212,#6213,#6214,#6215,#6216,#6217,#6218),(#6219,#6220,
#6221,#6222,#6223,#6224,#6225,#6226,#6227),(#6228,#6229,#6230,#6231,#6232,
#6233,#6234,#6235,#6236),(#6237,#6238,#6239,#6240,#6241,#6242,#6243,#6244,
#6245),(#6246,#6247,#6248,#6249,#6250,#6251,#6252,#6253,#6254),(#6255,#6256,
#6257,#6258,#6259,#6260,#6261,#6262,#6263),(#6264,#6265,#6266,#6267,#6268,
#6269,#6270,#6271,#6272),(#6273,#6274,#6275,#6276,#6277,#6278,#6279,#6280,
#6281),(#6282,#6283,#6284,#6285,#6286,#6287,#6288,#6289,#6290),(#6291,#6292,
#6293,#6294,#6295,#6296,#6297,#6298,#6299),(#6300,#6301,#6302,#6303,#6304,
#6305,#6306,#6307,#6308),(#6309,#6310,#6311,#6312,#6313,#6314,#6315,#6316,
#6317),(#6318,#6319,#6320,#6321,#6322,#6323,#6324,#6325,#6326),(#6327,#6328,
#6329,#6330,#6331,#6332,#6333,#6334,#6335),(#6336,#6337,#6338,#6339,#6340,
#6341,#6342,#6343,#6344),(#6345,#6346,#6347,#6348,#6349,#6350,#6351,#6352,
#6353),(#6354,#6355,#6356,#6357,#6358,#6359,#6360,#6361,#6362),(#6363,#6364,
#6365,#6366,#6367,#6368,#6369,#6370,#6371),(#6372,#6373,#6374,#6375,#6376,
#6377,#6378,#6379,#6380),(#6381,#6382,#6383,#6384,#6385,#6386,#6387,#6388,
#6389),(#6390,#6391,#6392,#6393,#6394,#6395,#6396,#6397,#6398),(#6399,#6400,
#6401,#6402,#6403,#6404,#6405,#6406,#6407),(#6408,#6409,#6410,#6411,#6412,
#6413,#6414,#6415,#6416),(#6417,#6418,#6419,#6420,#6421,#6422,#6423,#6424,
#6425),(#6426,#6427,#6428,#6429,#6430,#6431,#6432,#6433,#6434),(#6435,#6436,
#6437,#6438,#6439,#6440,#6441,#6442,#6443)),.UNSPECIFIED.,.F.,.T.,.F.)
B_SPLINE_SURFACE_WITH_KNOTS((6,1,1,1,1,1,1,1,1,1,1,1,1,1,1,1,1,1,1,1,1,
1,1,1,1,1,1,1,1,1,6),(3,2,2,2,3),(-1.,-0.966666666666667,-0.933333333333333,
-0.9,-0.866666666666667,-0.833333333333333,-0.8,-0.766666666666667,-0.733333333333333,
-0.7,-0.666666666666667,-0.633333333333333,-0.6,-0.566666666666667,-0.533333333333333,
-0.5,-0.466666666666667,-0.433333333333333,-0.4,-0.366666666666667,-0.333333333333333,
-0.3,-0.266666666666667,-0.233333333333333,-0.2,-0.166666666666667,-0.133333333333333,
-0.1,-0.0666666666666667,-0.0333333333333333,0.),(0.,1.5707963267949,3.14159265358979,
4.71238898038469,6.28318530717959),.UNSPECIFIED.)
GEOMETRIC_REPRESENTATION_ITEM()
RATIONAL_B_SPLINE_SURFACE(((1.,0.707106781186548,1.,0.707106781186548,1.,
0.707106781186548,1.,0.707106781186548,1.),(1.,0.707106781186548,1.,0.707106781186548,
1.,0.707106781186548,1.,0.707106781186548,1.),(1.,0.707106781186548,1.,
0.707106781186548,1.,0.707106781186548,1.,0.707106781186548,1.),(1.,0.707106781186548,
1.,0.707106781186548,1.,0.707106781186548,1.,0.707106781186548,1.),(1.,
0.707106781186548,1.,0.707106781186548,1.,0.707106781186548,1.,0.707106781186548,
1.),(1.,0.707106781186548,1.,0.707106781186548,1.,0.707106781186548,1.,
0.707106781186548,1.),(1.,0.707106781186548,1.,0.707106781186548,1.,0.707106781186548,
1.,0.707106781186548,1.),(1.,0.707106781186548,1.,0.707106781186548,1.,
0.707106781186548,1.,0.707106781186548,1.),(1.,0.707106781186548,1.,0.707106781186548,
1.,0.707106781186548,1.,0.707106781186548,1.),(1.,0.707106781186548,1.,
0.707106781186548,1.,0.707106781186548,1.,0.707106781186548,1.),(1.,0.707106781186548,
1.,0.707106781186548,1.,0.707106781186548,1.,0.707106781186548,1.),(1.,
0.707106781186548,1.,0.707106781186548,1.,0.707106781186548,1.,0.707106781186548,
1.),(1.,0.707106781186548,1.,0.707106781186548,1.,0.707106781186548,1.,
0.707106781186548,1.),(1.,0.707106781186548,1.,0.707106781186548,1.,0.707106781186548,
1.,0.707106781186548,1.),(1.,0.707106781186548,1.,0.707106781186548,1.,
0.707106781186548,1.,0.707106781186548,1.),(1.,0.707106781186548,1.,0.707106781186548,
1.,0.707106781186548,1.,0.707106781186548,1.),(1.,0.707106781186548,1.,
0.707106781186548,1.,0.707106781186548,1.,0.707106781186548,1.),(1.,0.707106781186548,
1.,0.707106781186548,1.,0.707106781186548,1.,0.707106781186548,1.),(1.,
0.707106781186548,1.,0.707106781186548,1.,0.707106781186548,1.,0.707106781186548,
1.),(1.,0.707106781186548,1.,0.707106781186548,1.,0.707106781186548,1.,
0.707106781186548,1.),(1.,0.707106781186548,1.,0.707106781186548,1.,0.707106781186548,
1.,0.707106781186548,1.),(1.,0.707106781186548,1.,0.707106781186548,1.,
0.707106781186548,1.,0.707106781186548,1.),(1.,0.707106781186548,1.,0.707106781186548,
1.,0.707106781186548,1.,0.707106781186548,1.),(1.,0.707106781186548,1.,
0.707106781186548,1.,0.707106781186548,1.,0.707106781186548,1.),(1.,0.707106781186548,
1.,0.707106781186548,1.,0.707106781186548,1.,0.707106781186548,1.),(1.,
0.707106781186548,1.,0.707106781186548,1.,0.707106781186548,1.,0.707106781186548,
1.),(1.,0.707106781186548,1.,0.707106781186548,1.,0.707106781186548,1.,
0.707106781186548,1.),(1.,0.707106781186548,1.,0.707106781186548,1.,0.707106781186548,
1.,0.707106781186548,1.),(1.,0.707106781186548,1.,0.707106781186548,1.,
0.707106781186548,1.,0.707106781186548,1.),(1.,0.707106781186548,1.,0.707106781186548,
1.,0.707106781186548,1.,0.707106781186548,1.),(1.,0.707106781186548,1.,
0.707106781186548,1.,0.707106781186548,1.,0.707106781186548,1.),(1.,0.707106781186548,
1.,0.707106781186548,1.,0.707106781186548,1.,0.707106781186548,1.),(1.,
0.707106781186548,1.,0.707106781186548,1.,0.707106781186548,1.,0.707106781186548,
1.),(1.,0.707106781186548,1.,0.707106781186548,1.,0.707106781186548,1.,
0.707106781186548,1.),(1.,0.707106781186548,1.,0.707106781186548,1.,0.707106781186548,
1.,0.707106781186548,1.)))
REPRESENTATION_ITEM('')
SURFACE()
);
#57=(
BOUNDED_SURFACE()
B_SPLINE_SURFACE(5,2,((#6452,#6453,#6454,#6455,#6456,#6457,#6458,#6459,
#6460),(#6461,#6462,#6463,#6464,#6465,#6466,#6467,#6468,#6469),(#6470,#6471,
#6472,#6473,#6474,#6475,#6476,#6477,#6478),(#6479,#6480,#6481,#6482,#6483,
#6484,#6485,#6486,#6487),(#6488,#6489,#6490,#6491,#6492,#6493,#6494,#6495,
#6496),(#6497,#6498,#6499,#6500,#6501,#6502,#6503,#6504,#6505),(#6506,#6507,
#6508,#6509,#6510,#6511,#6512,#6513,#6514),(#6515,#6516,#6517,#6518,#6519,
#6520,#6521,#6522,#6523),(#6524,#6525,#6526,#6527,#6528,#6529,#6530,#6531,
#6532),(#6533,#6534,#6535,#6536,#6537,#6538,#6539,#6540,#6541),(#6542,#6543,
#6544,#6545,#6546,#6547,#6548,#6549,#6550),(#6551,#6552,#6553,#6554,#6555,
#6556,#6557,#6558,#6559),(#6560,#6561,#6562,#6563,#6564,#6565,#6566,#6567,
#6568),(#6569,#6570,#6571,#6572,#6573,#6574,#6575,#6576,#6577),(#6578,#6579,
#6580,#6581,#6582,#6583,#6584,#6585,#6586),(#6587,#6588,#6589,#6590,#6591,
#6592,#6593,#6594,#6595),(#6596,#6597,#6598,#6599,#6600,#6601,#6602,#6603,
#6604),(#6605,#6606,#6607,#6608,#6609,#6610,#6611,#6612,#6613),(#6614,#6615,
#6616,#6617,#6618,#6619,#6620,#6621,#6622),(#6623,#6624,#6625,#6626,#6627,
#6628,#6629,#6630,#6631),(#6632,#6633,#6634,#6635,#6636,#6637,#6638,#6639,
#6640),(#6641,#6642,#6643,#6644,#6645,#6646,#6647,#6648,#6649),(#6650,#6651,
#6652,#6653,#6654,#6655,#6656,#6657,#6658),(#6659,#6660,#6661,#6662,#6663,
#6664,#6665,#6666,#6667),(#6668,#6669,#6670,#6671,#6672,#6673,#6674,#6675,
#6676),(#6677,#6678,#6679,#6680,#6681,#6682,#6683,#6684,#6685),(#6686,#6687,
#6688,#6689,#6690,#6691,#6692,#6693,#6694),(#6695,#6696,#6697,#6698,#6699,
#6700,#6701,#6702,#6703),(#6704,#6705,#6706,#6707,#6708,#6709,#6710,#6711,
#6712),(#6713,#6714,#6715,#6716,#6717,#6718,#6719,#6720,#6721),(#6722,#6723,
#6724,#6725,#6726,#6727,#6728,#6729,#6730),(#6731,#6732,#6733,#6734,#6735,
#6736,#6737,#6738,#6739),(#6740,#6741,#6742,#6743,#6744,#6745,#6746,#6747,
#6748),(#6749,#6750,#6751,#6752,#6753,#6754,#6755,#6756,#6757),(#6758,#6759,
#6760,#6761,#6762,#6763,#6764,#6765,#6766)),.UNSPECIFIED.,.F.,.T.,.F.)
B_SPLINE_SURFACE_WITH_KNOTS((6,1,1,1,1,1,1,1,1,1,1,1,1,1,1,1,1,1,1,1,1,
1,1,1,1,1,1,1,1,1,6),(3,2,2,2,3),(-1.,-0.966666666666667,-0.933333333333333,
-0.9,-0.866666666666667,-0.833333333333333,-0.8,-0.766666666666667,-0.733333333333333,
-0.7,-0.666666666666667,-0.633333333333333,-0.6,-0.566666666666667,-0.533333333333333,
-0.5,-0.466666666666667,-0.433333333333333,-0.4,-0.366666666666667,-0.333333333333333,
-0.3,-0.266666666666667,-0.233333333333333,-0.2,-0.166666666666667,-0.133333333333333,
-0.1,-0.0666666666666667,-0.0333333333333333,0.),(0.,1.5707963267949,3.14159265358979,
4.71238898038469,6.28318530717959),.UNSPECIFIED.)
GEOMETRIC_REPRESENTATION_ITEM()
RATIONAL_B_SPLINE_SURFACE(((1.,0.707106781186548,1.,0.707106781186548,1.,
0.707106781186548,1.,0.707106781186548,1.),(1.,0.707106781186548,1.,0.707106781186548,
1.,0.707106781186548,1.,0.707106781186548,1.),(1.,0.707106781186548,1.,
0.707106781186548,1.,0.707106781186548,1.,0.707106781186548,1.),(1.,0.707106781186548,
1.,0.707106781186548,1.,0.707106781186548,1.,0.707106781186548,1.),(1.,
0.707106781186548,1.,0.707106781186548,1.,0.707106781186548,1.,0.707106781186548,
1.),(1.,0.707106781186548,1.,0.707106781186548,1.,0.707106781186548,1.,
0.707106781186548,1.),(1.,0.707106781186548,1.,0.707106781186548,1.,0.707106781186548,
1.,0.707106781186548,1.),(1.,0.707106781186548,1.,0.707106781186548,1.,
0.707106781186548,1.,0.707106781186548,1.),(1.,0.707106781186548,1.,0.707106781186548,
1.,0.707106781186548,1.,0.707106781186548,1.),(1.,0.707106781186548,1.,
0.707106781186548,1.,0.707106781186548,1.,0.707106781186548,1.),(1.,0.707106781186548,
1.,0.707106781186548,1.,0.707106781186548,1.,0.707106781186548,1.),(1.,
0.707106781186548,1.,0.707106781186548,1.,0.707106781186548,1.,0.707106781186548,
1.),(1.,0.707106781186548,1.,0.707106781186548,1.,0.707106781186548,1.,
0.707106781186548,1.),(1.,0.707106781186548,1.,0.707106781186548,1.,0.707106781186548,
1.,0.707106781186548,1.),(1.,0.707106781186548,1.,0.707106781186548,1.,
0.707106781186548,1.,0.707106781186548,1.),(1.,0.707106781186548,1.,0.707106781186548,
1.,0.707106781186548,1.,0.707106781186548,1.),(1.,0.707106781186548,1.,
0.707106781186548,1.,0.707106781186548,1.,0.707106781186548,1.),(1.,0.707106781186548,
1.,0.707106781186548,1.,0.707106781186548,1.,0.707106781186548,1.),(1.,
0.707106781186548,1.,0.707106781186548,1.,0.707106781186548,1.,0.707106781186548,
1.),(1.,0.707106781186548,1.,0.707106781186548,1.,0.707106781186548,1.,
0.707106781186548,1.),(1.,0.707106781186548,1.,0.707106781186548,1.,0.707106781186548,
1.,0.707106781186548,1.),(1.,0.707106781186548,1.,0.707106781186548,1.,
0.707106781186548,1.,0.707106781186548,1.),(1.,0.707106781186548,1.,0.707106781186548,
1.,0.707106781186548,1.,0.707106781186548,1.),(1.,0.707106781186548,1.,
0.707106781186548,1.,0.707106781186548,1.,0.707106781186548,1.),(1.,0.707106781186548,
1.,0.707106781186548,1.,0.707106781186548,1.,0.707106781186548,1.),(1.,
0.707106781186548,1.,0.707106781186548,1.,0.707106781186548,1.,0.707106781186548,
1.),(1.,0.707106781186548,1.,0.707106781186548,1.,0.707106781186548,1.,
0.707106781186548,1.),(1.,0.707106781186548,1.,0.707106781186548,1.,0.707106781186548,
1.,0.707106781186548,1.),(1.,0.707106781186548,1.,0.707106781186548,1.,
0.707106781186548,1.,0.707106781186548,1.),(1.,0.707106781186548,1.,0.707106781186548,
1.,0.707106781186548,1.,0.707106781186548,1.),(1.,0.707106781186548,1.,
0.707106781186548,1.,0.707106781186548,1.,0.707106781186548,1.),(1.,0.707106781186548,
1.,0.707106781186548,1.,0.707106781186548,1.,0.707106781186548,1.),(1.,
0.707106781186548,1.,0.707106781186548,1.,0.707106781186548,1.,0.707106781186548,
1.),(1.,0.707106781186548,1.,0.707106781186548,1.,0.707106781186548,1.,
0.707106781186548,1.),(1.,0.707106781186548,1.,0.707106781186548,1.,0.707106781186548,
1.,0.707106781186548,1.)))
REPRESENTATION_ITEM('')
SURFACE()
);
#58=(
BOUNDED_SURFACE()
B_SPLINE_SURFACE(5,2,((#6886,#6887,#6888,#6889,#6890,#6891,#6892,#6893,
#6894),(#6895,#6896,#6897,#6898,#6899,#6900,#6901,#6902,#6903),(#6904,#6905,
#6906,#6907,#6908,#6909,#6910,#6911,#6912),(#6913,#6914,#6915,#6916,#6917,
#6918,#6919,#6920,#6921),(#6922,#6923,#6924,#6925,#6926,#6927,#6928,#6929,
#6930),(#6931,#6932,#6933,#6934,#6935,#6936,#6937,#6938,#6939),(#6940,#6941,
#6942,#6943,#6944,#6945,#6946,#6947,#6948),(#6949,#6950,#6951,#6952,#6953,
#6954,#6955,#6956,#6957),(#6958,#6959,#6960,#6961,#6962,#6963,#6964,#6965,
#6966),(#6967,#6968,#6969,#6970,#6971,#6972,#6973,#6974,#6975),(#6976,#6977,
#6978,#6979,#6980,#6981,#6982,#6983,#6984),(#6985,#6986,#6987,#6988,#6989,
#6990,#6991,#6992,#6993),(#6994,#6995,#6996,#6997,#6998,#6999,#7000,#7001,
#7002),(#7003,#7004,#7005,#7006,#7007,#7008,#7009,#7010,#7011),(#7012,#7013,
#7014,#7015,#7016,#7017,#7018,#7019,#7020),(#7021,#7022,#7023,#7024,#7025,
#7026,#7027,#7028,#7029),(#7030,#7031,#7032,#7033,#7034,#7035,#7036,#7037,
#7038),(#7039,#7040,#7041,#7042,#7043,#7044,#7045,#7046,#7047),(#7048,#7049,
#7050,#7051,#7052,#7053,#7054,#7055,#7056),(#7057,#7058,#7059,#7060,#7061,
#7062,#7063,#7064,#7065),(#7066,#7067,#7068,#7069,#7070,#7071,#7072,#7073,
#7074),(#7075,#7076,#7077,#7078,#7079,#7080,#7081,#7082,#7083),(#7084,#7085,
#7086,#7087,#7088,#7089,#7090,#7091,#7092),(#7093,#7094,#7095,#7096,#7097,
#7098,#7099,#7100,#7101),(#7102,#7103,#7104,#7105,#7106,#7107,#7108,#7109,
#7110),(#7111,#7112,#7113,#7114,#7115,#7116,#7117,#7118,#7119),(#7120,#7121,
#7122,#7123,#7124,#7125,#7126,#7127,#7128),(#7129,#7130,#7131,#7132,#7133,
#7134,#7135,#7136,#7137),(#7138,#7139,#7140,#7141,#7142,#7143,#7144,#7145,
#7146),(#7147,#7148,#7149,#7150,#7151,#7152,#7153,#7154,#7155),(#7156,#7157,
#7158,#7159,#7160,#7161,#7162,#7163,#7164),(#7165,#7166,#7167,#7168,#7169,
#7170,#7171,#7172,#7173),(#7174,#7175,#7176,#7177,#7178,#7179,#7180,#7181,
#7182),(#7183,#7184,#7185,#7186,#7187,#7188,#7189,#7190,#7191),(#7192,#7193,
#7194,#7195,#7196,#7197,#7198,#7199,#7200)),.UNSPECIFIED.,.F.,.T.,.F.)
B_SPLINE_SURFACE_WITH_KNOTS((6,1,1,1,1,1,1,1,1,1,1,1,1,1,1,1,1,1,1,1,1,
1,1,1,1,1,1,1,1,1,6),(3,2,2,2,3),(-1.,-0.966666666666667,-0.933333333333333,
-0.9,-0.866666666666667,-0.833333333333333,-0.8,-0.766666666666667,-0.733333333333333,
-0.7,-0.666666666666667,-0.633333333333333,-0.6,-0.566666666666667,-0.533333333333333,
-0.5,-0.466666666666667,-0.433333333333333,-0.4,-0.366666666666667,-0.333333333333333,
-0.3,-0.266666666666667,-0.233333333333333,-0.2,-0.166666666666667,-0.133333333333333,
-0.1,-0.0666666666666667,-0.0333333333333333,0.),(0.,1.5707963267949,3.14159265358979,
4.71238898038469,6.28318530717959),.UNSPECIFIED.)
GEOMETRIC_REPRESENTATION_ITEM()
RATIONAL_B_SPLINE_SURFACE(((1.,0.707106781186548,1.,0.707106781186548,1.,
0.707106781186548,1.,0.707106781186548,1.),(1.,0.707106781186548,1.,0.707106781186548,
1.,0.707106781186548,1.,0.707106781186548,1.),(1.,0.707106781186548,1.,
0.707106781186548,1.,0.707106781186548,1.,0.707106781186548,1.),(1.,0.707106781186548,
1.,0.707106781186548,1.,0.707106781186548,1.,0.707106781186548,1.),(1.,
0.707106781186548,1.,0.707106781186548,1.,0.707106781186548,1.,0.707106781186548,
1.),(1.,0.707106781186548,1.,0.707106781186548,1.,0.707106781186548,1.,
0.707106781186548,1.),(1.,0.707106781186548,1.,0.707106781186548,1.,0.707106781186548,
1.,0.707106781186548,1.),(1.,0.707106781186548,1.,0.707106781186548,1.,
0.707106781186548,1.,0.707106781186548,1.),(1.,0.707106781186548,1.,0.707106781186548,
1.,0.707106781186548,1.,0.707106781186548,1.),(1.,0.707106781186548,1.,
0.707106781186548,1.,0.707106781186548,1.,0.707106781186548,1.),(1.,0.707106781186548,
1.,0.707106781186548,1.,0.707106781186548,1.,0.707106781186548,1.),(1.,
0.707106781186548,1.,0.707106781186548,1.,0.707106781186548,1.,0.707106781186548,
1.),(1.,0.707106781186548,1.,0.707106781186548,1.,0.707106781186548,1.,
0.707106781186548,1.),(1.,0.707106781186548,1.,0.707106781186548,1.,0.707106781186548,
1.,0.707106781186548,1.),(1.,0.707106781186548,1.,0.707106781186548,1.,
0.707106781186548,1.,0.707106781186548,1.),(1.,0.707106781186548,1.,0.707106781186548,
1.,0.707106781186548,1.,0.707106781186548,1.),(1.,0.707106781186548,1.,
0.707106781186548,1.,0.707106781186548,1.,0.707106781186548,1.),(1.,0.707106781186548,
1.,0.707106781186548,1.,0.707106781186548,1.,0.707106781186548,1.),(1.,
0.707106781186548,1.,0.707106781186548,1.,0.707106781186548,1.,0.707106781186548,
1.),(1.,0.707106781186548,1.,0.707106781186548,1.,0.707106781186548,1.,
0.707106781186548,1.),(1.,0.707106781186548,1.,0.707106781186548,1.,0.707106781186548,
1.,0.707106781186548,1.),(1.,0.707106781186548,1.,0.707106781186548,1.,
0.707106781186548,1.,0.707106781186548,1.),(1.,0.707106781186548,1.,0.707106781186548,
1.,0.707106781186548,1.,0.707106781186548,1.),(1.,0.707106781186548,1.,
0.707106781186548,1.,0.707106781186548,1.,0.707106781186548,1.),(1.,0.707106781186548,
1.,0.707106781186548,1.,0.707106781186548,1.,0.707106781186548,1.),(1.,
0.707106781186548,1.,0.707106781186548,1.,0.707106781186548,1.,0.707106781186548,
1.),(1.,0.707106781186548,1.,0.707106781186548,1.,0.707106781186548,1.,
0.707106781186548,1.),(1.,0.707106781186548,1.,0.707106781186548,1.,0.707106781186548,
1.,0.707106781186548,1.),(1.,0.707106781186548,1.,0.707106781186548,1.,
0.707106781186548,1.,0.707106781186548,1.),(1.,0.707106781186548,1.,0.707106781186548,
1.,0.707106781186548,1.,0.707106781186548,1.),(1.,0.707106781186548,1.,
0.707106781186548,1.,0.707106781186548,1.,0.707106781186548,1.),(1.,0.707106781186548,
1.,0.707106781186548,1.,0.707106781186548,1.,0.707106781186548,1.),(1.,
0.707106781186548,1.,0.707106781186548,1.,0.707106781186548,1.,0.707106781186548,
1.),(1.,0.707106781186548,1.,0.707106781186548,1.,0.707106781186548,1.,
0.707106781186548,1.),(1.,0.707106781186548,1.,0.707106781186548,1.,0.707106781186548,
1.,0.707106781186548,1.)))
REPRESENTATION_ITEM('')
SURFACE()
);
#59=(
BOUNDED_SURFACE()
B_SPLINE_SURFACE(5,2,((#7239,#7240,#7241,#7242,#7243,#7244,#7245,#7246,
#7247),(#7248,#7249,#7250,#7251,#7252,#7253,#7254,#7255,#7256),(#7257,#7258,
#7259,#7260,#7261,#7262,#7263,#7264,#7265),(#7266,#7267,#7268,#7269,#7270,
#7271,#7272,#7273,#7274),(#7275,#7276,#7277,#7278,#7279,#7280,#7281,#7282,
#7283),(#7284,#7285,#7286,#7287,#7288,#7289,#7290,#7291,#7292),(#7293,#7294,
#7295,#7296,#7297,#7298,#7299,#7300,#7301),(#7302,#7303,#7304,#7305,#7306,
#7307,#7308,#7309,#7310),(#7311,#7312,#7313,#7314,#7315,#7316,#7317,#7318,
#7319),(#7320,#7321,#7322,#7323,#7324,#7325,#7326,#7327,#7328),(#7329,#7330,
#7331,#7332,#7333,#7334,#7335,#7336,#7337),(#7338,#7339,#7340,#7341,#7342,
#7343,#7344,#7345,#7346),(#7347,#7348,#7349,#7350,#7351,#7352,#7353,#7354,
#7355),(#7356,#7357,#7358,#7359,#7360,#7361,#7362,#7363,#7364),(#7365,#7366,
#7367,#7368,#7369,#7370,#7371,#7372,#7373),(#7374,#7375,#7376,#7377,#7378,
#7379,#7380,#7381,#7382),(#7383,#7384,#7385,#7386,#7387,#7388,#7389,#7390,
#7391),(#7392,#7393,#7394,#7395,#7396,#7397,#7398,#7399,#7400),(#7401,#7402,
#7403,#7404,#7405,#7406,#7407,#7408,#7409),(#7410,#7411,#7412,#7413,#7414,
#7415,#7416,#7417,#7418),(#7419,#7420,#7421,#7422,#7423,#7424,#7425,#7426,
#7427),(#7428,#7429,#7430,#7431,#7432,#7433,#7434,#7435,#7436),(#7437,#7438,
#7439,#7440,#7441,#7442,#7443,#7444,#7445),(#7446,#7447,#7448,#7449,#7450,
#7451,#7452,#7453,#7454),(#7455,#7456,#7457,#7458,#7459,#7460,#7461,#7462,
#7463),(#7464,#7465,#7466,#7467,#7468,#7469,#7470,#7471,#7472),(#7473,#7474,
#7475,#7476,#7477,#7478,#7479,#7480,#7481),(#7482,#7483,#7484,#7485,#7486,
#7487,#7488,#7489,#7490),(#7491,#7492,#7493,#7494,#7495,#7496,#7497,#7498,
#7499),(#7500,#7501,#7502,#7503,#7504,#7505,#7506,#7507,#7508),(#7509,#7510,
#7511,#7512,#7513,#7514,#7515,#7516,#7517),(#7518,#7519,#7520,#7521,#7522,
#7523,#7524,#7525,#7526),(#7527,#7528,#7529,#7530,#7531,#7532,#7533,#7534,
#7535),(#7536,#7537,#7538,#7539,#7540,#7541,#7542,#7543,#7544),(#7545,#7546,
#7547,#7548,#7549,#7550,#7551,#7552,#7553)),.UNSPECIFIED.,.F.,.T.,.F.)
B_SPLINE_SURFACE_WITH_KNOTS((6,1,1,1,1,1,1,1,1,1,1,1,1,1,1,1,1,1,1,1,1,
1,1,1,1,1,1,1,1,1,6),(3,2,2,2,3),(-1.,-0.966666666666667,-0.933333333333333,
-0.9,-0.866666666666667,-0.833333333333333,-0.8,-0.766666666666667,-0.733333333333333,
-0.7,-0.666666666666667,-0.633333333333333,-0.6,-0.566666666666667,-0.533333333333333,
-0.5,-0.466666666666667,-0.433333333333333,-0.4,-0.366666666666667,-0.333333333333333,
-0.3,-0.266666666666667,-0.233333333333333,-0.2,-0.166666666666667,-0.133333333333333,
-0.1,-0.0666666666666667,-0.0333333333333333,0.),(0.,1.5707963267949,3.14159265358979,
4.71238898038469,6.28318530717959),.UNSPECIFIED.)
GEOMETRIC_REPRESENTATION_ITEM()
RATIONAL_B_SPLINE_SURFACE(((1.,0.707106781186548,1.,0.707106781186548,1.,
0.707106781186548,1.,0.707106781186548,1.),(1.,0.707106781186548,1.,0.707106781186548,
1.,0.707106781186548,1.,0.707106781186548,1.),(1.,0.707106781186548,1.,
0.707106781186548,1.,0.707106781186548,1.,0.707106781186548,1.),(1.,0.707106781186548,
1.,0.707106781186548,1.,0.707106781186548,1.,0.707106781186548,1.),(1.,
0.707106781186548,1.,0.707106781186548,1.,0.707106781186548,1.,0.707106781186548,
1.),(1.,0.707106781186548,1.,0.707106781186548,1.,0.707106781186548,1.,
0.707106781186548,1.),(1.,0.707106781186548,1.,0.707106781186548,1.,0.707106781186548,
1.,0.707106781186548,1.),(1.,0.707106781186548,1.,0.707106781186548,1.,
0.707106781186548,1.,0.707106781186548,1.),(1.,0.707106781186548,1.,0.707106781186548,
1.,0.707106781186548,1.,0.707106781186548,1.),(1.,0.707106781186548,1.,
0.707106781186548,1.,0.707106781186548,1.,0.707106781186548,1.),(1.,0.707106781186548,
1.,0.707106781186548,1.,0.707106781186548,1.,0.707106781186548,1.),(1.,
0.707106781186548,1.,0.707106781186548,1.,0.707106781186548,1.,0.707106781186548,
1.),(1.,0.707106781186548,1.,0.707106781186548,1.,0.707106781186548,1.,
0.707106781186548,1.),(1.,0.707106781186548,1.,0.707106781186548,1.,0.707106781186548,
1.,0.707106781186548,1.),(1.,0.707106781186548,1.,0.707106781186548,1.,
0.707106781186548,1.,0.707106781186548,1.),(1.,0.707106781186548,1.,0.707106781186548,
1.,0.707106781186548,1.,0.707106781186548,1.),(1.,0.707106781186548,1.,
0.707106781186548,1.,0.707106781186548,1.,0.707106781186548,1.),(1.,0.707106781186548,
1.,0.707106781186548,1.,0.707106781186548,1.,0.707106781186548,1.),(1.,
0.707106781186548,1.,0.707106781186548,1.,0.707106781186548,1.,0.707106781186548,
1.),(1.,0.707106781186548,1.,0.707106781186548,1.,0.707106781186548,1.,
0.707106781186548,1.),(1.,0.707106781186548,1.,0.707106781186548,1.,0.707106781186548,
1.,0.707106781186548,1.),(1.,0.707106781186548,1.,0.707106781186548,1.,
0.707106781186548,1.,0.707106781186548,1.),(1.,0.707106781186548,1.,0.707106781186548,
1.,0.707106781186548,1.,0.707106781186548,1.),(1.,0.707106781186548,1.,
0.707106781186548,1.,0.707106781186548,1.,0.707106781186548,1.),(1.,0.707106781186548,
1.,0.707106781186548,1.,0.707106781186548,1.,0.707106781186548,1.),(1.,
0.707106781186548,1.,0.707106781186548,1.,0.707106781186548,1.,0.707106781186548,
1.),(1.,0.707106781186548,1.,0.707106781186548,1.,0.707106781186548,1.,
0.707106781186548,1.),(1.,0.707106781186548,1.,0.707106781186548,1.,0.707106781186548,
1.,0.707106781186548,1.),(1.,0.707106781186548,1.,0.707106781186548,1.,
0.707106781186548,1.,0.707106781186548,1.),(1.,0.707106781186548,1.,0.707106781186548,
1.,0.707106781186548,1.,0.707106781186548,1.),(1.,0.707106781186548,1.,
0.707106781186548,1.,0.707106781186548,1.,0.707106781186548,1.),(1.,0.707106781186548,
1.,0.707106781186548,1.,0.707106781186548,1.,0.707106781186548,1.),(1.,
0.707106781186548,1.,0.707106781186548,1.,0.707106781186548,1.,0.707106781186548,
1.),(1.,0.707106781186548,1.,0.707106781186548,1.,0.707106781186548,1.,
0.707106781186548,1.),(1.,0.707106781186548,1.,0.707106781186548,1.,0.707106781186548,
1.,0.707106781186548,1.)))
REPRESENTATION_ITEM('')
SURFACE()
);
#60=(
BOUNDED_SURFACE()
B_SPLINE_SURFACE(5,2,((#7556,#7557,#7558,#7559,#7560,#7561,#7562,#7563,
#7564),(#7565,#7566,#7567,#7568,#7569,#7570,#7571,#7572,#7573),(#7574,#7575,
#7576,#7577,#7578,#7579,#7580,#7581,#7582),(#7583,#7584,#7585,#7586,#7587,
#7588,#7589,#7590,#7591),(#7592,#7593,#7594,#7595,#7596,#7597,#7598,#7599,
#7600),(#7601,#7602,#7603,#7604,#7605,#7606,#7607,#7608,#7609),(#7610,#7611,
#7612,#7613,#7614,#7615,#7616,#7617,#7618),(#7619,#7620,#7621,#7622,#7623,
#7624,#7625,#7626,#7627),(#7628,#7629,#7630,#7631,#7632,#7633,#7634,#7635,
#7636),(#7637,#7638,#7639,#7640,#7641,#7642,#7643,#7644,#7645),(#7646,#7647,
#7648,#7649,#7650,#7651,#7652,#7653,#7654),(#7655,#7656,#7657,#7658,#7659,
#7660,#7661,#7662,#7663),(#7664,#7665,#7666,#7667,#7668,#7669,#7670,#7671,
#7672),(#7673,#7674,#7675,#7676,#7677,#7678,#7679,#7680,#7681),(#7682,#7683,
#7684,#7685,#7686,#7687,#7688,#7689,#7690),(#7691,#7692,#7693,#7694,#7695,
#7696,#7697,#7698,#7699),(#7700,#7701,#7702,#7703,#7704,#7705,#7706,#7707,
#7708),(#7709,#7710,#7711,#7712,#7713,#7714,#7715,#7716,#7717),(#7718,#7719,
#7720,#7721,#7722,#7723,#7724,#7725,#7726),(#7727,#7728,#7729,#7730,#7731,
#7732,#7733,#7734,#7735),(#7736,#7737,#7738,#7739,#7740,#7741,#7742,#7743,
#7744),(#7745,#7746,#7747,#7748,#7749,#7750,#7751,#7752,#7753),(#7754,#7755,
#7756,#7757,#7758,#7759,#7760,#7761,#7762),(#7763,#7764,#7765,#7766,#7767,
#7768,#7769,#7770,#7771),(#7772,#7773,#7774,#7775,#7776,#7777,#7778,#7779,
#7780)),.UNSPECIFIED.,.F.,.T.,.F.)
B_SPLINE_SURFACE_WITH_KNOTS((6,1,1,1,1,1,1,1,1,1,1,1,1,1,1,1,1,1,1,1,6),
(3,2,2,2,3),(0.,0.05,0.1,0.15,0.2,0.25,0.3,0.35,0.4,0.45,0.5,0.55,0.6,0.65,
0.7,0.75,0.8,0.85,0.9,0.95,1.),(0.,1.5707963267949,3.14159265358979,4.71238898038469,
6.28318530717959),.UNSPECIFIED.)
GEOMETRIC_REPRESENTATION_ITEM()
RATIONAL_B_SPLINE_SURFACE(((1.,0.707106781186548,1.,0.707106781186548,1.,
0.707106781186548,1.,0.707106781186548,1.),(1.,0.707106781186548,1.,0.707106781186548,
1.,0.707106781186548,1.,0.707106781186548,1.),(1.,0.707106781186548,1.,
0.707106781186548,1.,0.707106781186548,1.,0.707106781186548,1.),(1.,0.707106781186548,
1.,0.707106781186548,1.,0.707106781186548,1.,0.707106781186548,1.),(1.,
0.707106781186548,1.,0.707106781186548,1.,0.707106781186548,1.,0.707106781186548,
1.),(1.,0.707106781186548,1.,0.707106781186548,1.,0.707106781186548,1.,
0.707106781186548,1.),(1.,0.707106781186548,1.,0.707106781186548,1.,0.707106781186548,
1.,0.707106781186548,1.),(1.,0.707106781186548,1.,0.707106781186548,1.,
0.707106781186548,1.,0.707106781186548,1.),(1.,0.707106781186548,1.,0.707106781186548,
1.,0.707106781186548,1.,0.707106781186548,1.),(1.,0.707106781186548,1.,
0.707106781186548,1.,0.707106781186548,1.,0.707106781186548,1.),(1.,0.707106781186548,
1.,0.707106781186548,1.,0.707106781186548,1.,0.707106781186548,1.),(1.,
0.707106781186548,1.,0.707106781186548,1.,0.707106781186548,1.,0.707106781186548,
1.),(1.,0.707106781186548,1.,0.707106781186548,1.,0.707106781186548,1.,
0.707106781186548,1.),(1.,0.707106781186548,1.,0.707106781186548,1.,0.707106781186548,
1.,0.707106781186548,1.),(1.,0.707106781186548,1.,0.707106781186548,1.,
0.707106781186548,1.,0.707106781186548,1.),(1.,0.707106781186548,1.,0.707106781186548,
1.,0.707106781186548,1.,0.707106781186548,1.),(1.,0.707106781186548,1.,
0.707106781186548,1.,0.707106781186548,1.,0.707106781186548,1.),(1.,0.707106781186548,
1.,0.707106781186548,1.,0.707106781186548,1.,0.707106781186548,1.),(1.,
0.707106781186548,1.,0.707106781186548,1.,0.707106781186548,1.,0.707106781186548,
1.),(1.,0.707106781186548,1.,0.707106781186548,1.,0.707106781186548,1.,
0.707106781186548,1.),(1.,0.707106781186548,1.,0.707106781186548,1.,0.707106781186548,
1.,0.707106781186548,1.),(1.,0.707106781186548,1.,0.707106781186548,1.,
0.707106781186548,1.,0.707106781186548,1.),(1.,0.707106781186548,1.,0.707106781186548,
1.,0.707106781186548,1.,0.707106781186548,1.),(1.,0.707106781186548,1.,
0.707106781186548,1.,0.707106781186548,1.,0.707106781186548,1.),(1.,0.707106781186548,
1.,0.707106781186548,1.,0.707106781186548,1.,0.707106781186548,1.)))
REPRESENTATION_ITEM('')
SURFACE()
);
#61=(
BOUNDED_SURFACE()
B_SPLINE_SURFACE(5,2,((#7808,#7809,#7810,#7811,#7812,#7813,#7814,#7815,
#7816),(#7817,#7818,#7819,#7820,#7821,#7822,#7823,#7824,#7825),(#7826,#7827,
#7828,#7829,#7830,#7831,#7832,#7833,#7834),(#7835,#7836,#7837,#7838,#7839,
#7840,#7841,#7842,#7843),(#7844,#7845,#7846,#7847,#7848,#7849,#7850,#7851,
#7852),(#7853,#7854,#7855,#7856,#7857,#7858,#7859,#7860,#7861),(#7862,#7863,
#7864,#7865,#7866,#7867,#7868,#7869,#7870),(#7871,#7872,#7873,#7874,#7875,
#7876,#7877,#7878,#7879),(#7880,#7881,#7882,#7883,#7884,#7885,#7886,#7887,
#7888),(#7889,#7890,#7891,#7892,#7893,#7894,#7895,#7896,#7897),(#7898,#7899,
#7900,#7901,#7902,#7903,#7904,#7905,#7906),(#7907,#7908,#7909,#7910,#7911,
#7912,#7913,#7914,#7915),(#7916,#7917,#7918,#7919,#7920,#7921,#7922,#7923,
#7924),(#7925,#7926,#7927,#7928,#7929,#7930,#7931,#7932,#7933),(#7934,#7935,
#7936,#7937,#7938,#7939,#7940,#7941,#7942),(#7943,#7944,#7945,#7946,#7947,
#7948,#7949,#7950,#7951),(#7952,#7953,#7954,#7955,#7956,#7957,#7958,#7959,
#7960),(#7961,#7962,#7963,#7964,#7965,#7966,#7967,#7968,#7969),(#7970,#7971,
#7972,#7973,#7974,#7975,#7976,#7977,#7978),(#7979,#7980,#7981,#7982,#7983,
#7984,#7985,#7986,#7987),(#7988,#7989,#7990,#7991,#7992,#7993,#7994,#7995,
#7996),(#7997,#7998,#7999,#8000,#8001,#8002,#8003,#8004,#8005),(#8006,#8007,
#8008,#8009,#8010,#8011,#8012,#8013,#8014),(#8015,#8016,#8017,#8018,#8019,
#8020,#8021,#8022,#8023),(#8024,#8025,#8026,#8027,#8028,#8029,#8030,#8031,
#8032)),.UNSPECIFIED.,.F.,.T.,.F.)
B_SPLINE_SURFACE_WITH_KNOTS((6,1,1,1,1,1,1,1,1,1,1,1,1,1,1,1,1,1,1,1,6),
(3,2,2,2,3),(0.,0.05,0.1,0.15,0.2,0.25,0.3,0.35,0.4,0.45,0.5,0.55,0.6,0.65,
0.7,0.75,0.8,0.85,0.9,0.95,1.),(0.,1.5707963267949,3.14159265358979,4.71238898038469,
6.28318530717959),.UNSPECIFIED.)
GEOMETRIC_REPRESENTATION_ITEM()
RATIONAL_B_SPLINE_SURFACE(((1.,0.707106781186548,1.,0.707106781186548,1.,
0.707106781186548,1.,0.707106781186548,1.),(1.,0.707106781186548,1.,0.707106781186548,
1.,0.707106781186548,1.,0.707106781186548,1.),(1.,0.707106781186548,1.,
0.707106781186548,1.,0.707106781186548,1.,0.707106781186548,1.),(1.,0.707106781186548,
1.,0.707106781186548,1.,0.707106781186548,1.,0.707106781186548,1.),(1.,
0.707106781186548,1.,0.707106781186548,1.,0.707106781186548,1.,0.707106781186548,
1.),(1.,0.707106781186548,1.,0.707106781186548,1.,0.707106781186548,1.,
0.707106781186548,1.),(1.,0.707106781186548,1.,0.707106781186548,1.,0.707106781186548,
1.,0.707106781186548,1.),(1.,0.707106781186548,1.,0.707106781186548,1.,
0.707106781186548,1.,0.707106781186548,1.),(1.,0.707106781186548,1.,0.707106781186548,
1.,0.707106781186548,1.,0.707106781186548,1.),(1.,0.707106781186548,1.,
0.707106781186548,1.,0.707106781186548,1.,0.707106781186548,1.),(1.,0.707106781186548,
1.,0.707106781186548,1.,0.707106781186548,1.,0.707106781186548,1.),(1.,
0.707106781186548,1.,0.707106781186548,1.,0.707106781186548,1.,0.707106781186548,
1.),(1.,0.707106781186548,1.,0.707106781186548,1.,0.707106781186548,1.,
0.707106781186548,1.),(1.,0.707106781186548,1.,0.707106781186548,1.,0.707106781186548,
1.,0.707106781186548,1.),(1.,0.707106781186548,1.,0.707106781186548,1.,
0.707106781186548,1.,0.707106781186548,1.),(1.,0.707106781186548,1.,0.707106781186548,
1.,0.707106781186548,1.,0.707106781186548,1.),(1.,0.707106781186548,1.,
0.707106781186548,1.,0.707106781186548,1.,0.707106781186548,1.),(1.,0.707106781186548,
1.,0.707106781186548,1.,0.707106781186548,1.,0.707106781186548,1.),(1.,
0.707106781186548,1.,0.707106781186548,1.,0.707106781186548,1.,0.707106781186548,
1.),(1.,0.707106781186548,1.,0.707106781186548,1.,0.707106781186548,1.,
0.707106781186548,1.),(1.,0.707106781186548,1.,0.707106781186548,1.,0.707106781186548,
1.,0.707106781186548,1.),(1.,0.707106781186548,1.,0.707106781186548,1.,
0.707106781186548,1.,0.707106781186548,1.),(1.,0.707106781186548,1.,0.707106781186548,
1.,0.707106781186548,1.,0.707106781186548,1.),(1.,0.707106781186548,1.,
0.707106781186548,1.,0.707106781186548,1.,0.707106781186548,1.),(1.,0.707106781186548,
1.,0.707106781186548,1.,0.707106781186548,1.,0.707106781186548,1.)))
REPRESENTATION_ITEM('')
SURFACE()
);
#62=(
BOUNDED_SURFACE()
B_SPLINE_SURFACE(5,2,((#8034,#8035,#8036,#8037,#8038,#8039,#8040,#8041,
#8042),(#8043,#8044,#8045,#8046,#8047,#8048,#8049,#8050,#8051),(#8052,#8053,
#8054,#8055,#8056,#8057,#8058,#8059,#8060),(#8061,#8062,#8063,#8064,#8065,
#8066,#8067,#8068,#8069),(#8070,#8071,#8072,#8073,#8074,#8075,#8076,#8077,
#8078),(#8079,#8080,#8081,#8082,#8083,#8084,#8085,#8086,#8087),(#8088,#8089,
#8090,#8091,#8092,#8093,#8094,#8095,#8096),(#8097,#8098,#8099,#8100,#8101,
#8102,#8103,#8104,#8105),(#8106,#8107,#8108,#8109,#8110,#8111,#8112,#8113,
#8114),(#8115,#8116,#8117,#8118,#8119,#8120,#8121,#8122,#8123),(#8124,#8125,
#8126,#8127,#8128,#8129,#8130,#8131,#8132),(#8133,#8134,#8135,#8136,#8137,
#8138,#8139,#8140,#8141),(#8142,#8143,#8144,#8145,#8146,#8147,#8148,#8149,
#8150),(#8151,#8152,#8153,#8154,#8155,#8156,#8157,#8158,#8159),(#8160,#8161,
#8162,#8163,#8164,#8165,#8166,#8167,#8168),(#8169,#8170,#8171,#8172,#8173,
#8174,#8175,#8176,#8177),(#8178,#8179,#8180,#8181,#8182,#8183,#8184,#8185,
#8186),(#8187,#8188,#8189,#8190,#8191,#8192,#8193,#8194,#8195),(#8196,#8197,
#8198,#8199,#8200,#8201,#8202,#8203,#8204),(#8205,#8206,#8207,#8208,#8209,
#8210,#8211,#8212,#8213),(#8214,#8215,#8216,#8217,#8218,#8219,#8220,#8221,
#8222),(#8223,#8224,#8225,#8226,#8227,#8228,#8229,#8230,#8231),(#8232,#8233,
#8234,#8235,#8236,#8237,#8238,#8239,#8240),(#8241,#8242,#8243,#8244,#8245,
#8246,#8247,#8248,#8249),(#8250,#8251,#8252,#8253,#8254,#8255,#8256,#8257,
#8258)),.UNSPECIFIED.,.F.,.T.,.F.)
B_SPLINE_SURFACE_WITH_KNOTS((6,1,1,1,1,1,1,1,1,1,1,1,1,1,1,1,1,1,1,1,6),
(3,2,2,2,3),(0.,0.05,0.1,0.15,0.2,0.25,0.3,0.35,0.4,0.45,0.5,0.55,0.6,0.65,
0.7,0.75,0.8,0.85,0.9,0.95,1.),(0.,1.5707963267949,3.14159265358979,4.71238898038469,
6.28318530717959),.UNSPECIFIED.)
GEOMETRIC_REPRESENTATION_ITEM()
RATIONAL_B_SPLINE_SURFACE(((1.,0.707106781186548,1.,0.707106781186548,1.,
0.707106781186548,1.,0.707106781186548,1.),(1.,0.707106781186548,1.,0.707106781186548,
1.,0.707106781186548,1.,0.707106781186548,1.),(1.,0.707106781186548,1.,
0.707106781186548,1.,0.707106781186548,1.,0.707106781186548,1.),(1.,0.707106781186548,
1.,0.707106781186548,1.,0.707106781186548,1.,0.707106781186548,1.),(1.,
0.707106781186548,1.,0.707106781186548,1.,0.707106781186548,1.,0.707106781186548,
1.),(1.,0.707106781186548,1.,0.707106781186548,1.,0.707106781186548,1.,
0.707106781186548,1.),(1.,0.707106781186548,1.,0.707106781186548,1.,0.707106781186548,
1.,0.707106781186548,1.),(1.,0.707106781186548,1.,0.707106781186548,1.,
0.707106781186548,1.,0.707106781186548,1.),(1.,0.707106781186548,1.,0.707106781186548,
1.,0.707106781186548,1.,0.707106781186548,1.),(1.,0.707106781186548,1.,
0.707106781186548,1.,0.707106781186548,1.,0.707106781186548,1.),(1.,0.707106781186548,
1.,0.707106781186548,1.,0.707106781186548,1.,0.707106781186548,1.),(1.,
0.707106781186548,1.,0.707106781186548,1.,0.707106781186548,1.,0.707106781186548,
1.),(1.,0.707106781186548,1.,0.707106781186548,1.,0.707106781186548,1.,
0.707106781186548,1.),(1.,0.707106781186548,1.,0.707106781186548,1.,0.707106781186548,
1.,0.707106781186548,1.),(1.,0.707106781186548,1.,0.707106781186548,1.,
0.707106781186548,1.,0.707106781186548,1.),(1.,0.707106781186548,1.,0.707106781186548,
1.,0.707106781186548,1.,0.707106781186548,1.),(1.,0.707106781186548,1.,
0.707106781186548,1.,0.707106781186548,1.,0.707106781186548,1.),(1.,0.707106781186548,
1.,0.707106781186548,1.,0.707106781186548,1.,0.707106781186548,1.),(1.,
0.707106781186548,1.,0.707106781186548,1.,0.707106781186548,1.,0.707106781186548,
1.),(1.,0.707106781186548,1.,0.707106781186548,1.,0.707106781186548,1.,
0.707106781186548,1.),(1.,0.707106781186548,1.,0.707106781186548,1.,0.707106781186548,
1.,0.707106781186548,1.),(1.,0.707106781186548,1.,0.707106781186548,1.,
0.707106781186548,1.,0.707106781186548,1.),(1.,0.707106781186548,1.,0.707106781186548,
1.,0.707106781186548,1.,0.707106781186548,1.),(1.,0.707106781186548,1.,
0.707106781186548,1.,0.707106781186548,1.,0.707106781186548,1.),(1.,0.707106781186548,
1.,0.707106781186548,1.,0.707106781186548,1.,0.707106781186548,1.)))
REPRESENTATION_ITEM('')
SURFACE()
);
#63=(
BOUNDED_SURFACE()
B_SPLINE_SURFACE(5,2,((#8280,#8281,#8282,#8283,#8284,#8285,#8286,#8287,
#8288),(#8289,#8290,#8291,#8292,#8293,#8294,#8295,#8296,#8297),(#8298,#8299,
#8300,#8301,#8302,#8303,#8304,#8305,#8306),(#8307,#8308,#8309,#8310,#8311,
#8312,#8313,#8314,#8315),(#8316,#8317,#8318,#8319,#8320,#8321,#8322,#8323,
#8324),(#8325,#8326,#8327,#8328,#8329,#8330,#8331,#8332,#8333),(#8334,#8335,
#8336,#8337,#8338,#8339,#8340,#8341,#8342),(#8343,#8344,#8345,#8346,#8347,
#8348,#8349,#8350,#8351),(#8352,#8353,#8354,#8355,#8356,#8357,#8358,#8359,
#8360),(#8361,#8362,#8363,#8364,#8365,#8366,#8367,#8368,#8369),(#8370,#8371,
#8372,#8373,#8374,#8375,#8376,#8377,#8378),(#8379,#8380,#8381,#8382,#8383,
#8384,#8385,#8386,#8387),(#8388,#8389,#8390,#8391,#8392,#8393,#8394,#8395,
#8396),(#8397,#8398,#8399,#8400,#8401,#8402,#8403,#8404,#8405),(#8406,#8407,
#8408,#8409,#8410,#8411,#8412,#8413,#8414),(#8415,#8416,#8417,#8418,#8419,
#8420,#8421,#8422,#8423),(#8424,#8425,#8426,#8427,#8428,#8429,#8430,#8431,
#8432),(#8433,#8434,#8435,#8436,#8437,#8438,#8439,#8440,#8441),(#8442,#8443,
#8444,#8445,#8446,#8447,#8448,#8449,#8450),(#8451,#8452,#8453,#8454,#8455,
#8456,#8457,#8458,#8459),(#8460,#8461,#8462,#8463,#8464,#8465,#8466,#8467,
#8468),(#8469,#8470,#8471,#8472,#8473,#8474,#8475,#8476,#8477),(#8478,#8479,
#8480,#8481,#8482,#8483,#8484,#8485,#8486),(#8487,#8488,#8489,#8490,#8491,
#8492,#8493,#8494,#8495),(#8496,#8497,#8498,#8499,#8500,#8501,#8502,#8503,
#8504)),.UNSPECIFIED.,.F.,.T.,.F.)
B_SPLINE_SURFACE_WITH_KNOTS((6,1,1,1,1,1,1,1,1,1,1,1,1,1,1,1,1,1,1,1,6),
(3,2,2,2,3),(0.,0.05,0.1,0.15,0.2,0.25,0.3,0.35,0.4,0.45,0.5,0.55,0.6,0.65,
0.7,0.75,0.8,0.85,0.9,0.95,1.),(0.,1.5707963267949,3.14159265358979,4.71238898038469,
6.28318530717959),.UNSPECIFIED.)
GEOMETRIC_REPRESENTATION_ITEM()
RATIONAL_B_SPLINE_SURFACE(((1.,0.707106781186548,1.,0.707106781186548,1.,
0.707106781186548,1.,0.707106781186548,1.),(1.,0.707106781186548,1.,0.707106781186548,
1.,0.707106781186548,1.,0.707106781186548,1.),(1.,0.707106781186548,1.,
0.707106781186548,1.,0.707106781186548,1.,0.707106781186548,1.),(1.,0.707106781186548,
1.,0.707106781186548,1.,0.707106781186548,1.,0.707106781186548,1.),(1.,
0.707106781186548,1.,0.707106781186548,1.,0.707106781186548,1.,0.707106781186548,
1.),(1.,0.707106781186548,1.,0.707106781186548,1.,0.707106781186548,1.,
0.707106781186548,1.),(1.,0.707106781186548,1.,0.707106781186548,1.,0.707106781186548,
1.,0.707106781186548,1.),(1.,0.707106781186548,1.,0.707106781186548,1.,
0.707106781186548,1.,0.707106781186548,1.),(1.,0.707106781186548,1.,0.707106781186548,
1.,0.707106781186548,1.,0.707106781186548,1.),(1.,0.707106781186548,1.,
0.707106781186548,1.,0.707106781186548,1.,0.707106781186548,1.),(1.,0.707106781186548,
1.,0.707106781186548,1.,0.707106781186548,1.,0.707106781186548,1.),(1.,
0.707106781186548,1.,0.707106781186548,1.,0.707106781186548,1.,0.707106781186548,
1.),(1.,0.707106781186548,1.,0.707106781186548,1.,0.707106781186548,1.,
0.707106781186548,1.),(1.,0.707106781186548,1.,0.707106781186548,1.,0.707106781186548,
1.,0.707106781186548,1.),(1.,0.707106781186548,1.,0.707106781186548,1.,
0.707106781186548,1.,0.707106781186548,1.),(1.,0.707106781186548,1.,0.707106781186548,
1.,0.707106781186548,1.,0.707106781186548,1.),(1.,0.707106781186548,1.,
0.707106781186548,1.,0.707106781186548,1.,0.707106781186548,1.),(1.,0.707106781186548,
1.,0.707106781186548,1.,0.707106781186548,1.,0.707106781186548,1.),(1.,
0.707106781186548,1.,0.707106781186548,1.,0.707106781186548,1.,0.707106781186548,
1.),(1.,0.707106781186548,1.,0.707106781186548,1.,0.707106781186548,1.,
0.707106781186548,1.),(1.,0.707106781186548,1.,0.707106781186548,1.,0.707106781186548,
1.,0.707106781186548,1.),(1.,0.707106781186548,1.,0.707106781186548,1.,
0.707106781186548,1.,0.707106781186548,1.),(1.,0.707106781186548,1.,0.707106781186548,
1.,0.707106781186548,1.,0.707106781186548,1.),(1.,0.707106781186548,1.,
0.707106781186548,1.,0.707106781186548,1.,0.707106781186548,1.),(1.,0.707106781186548,
1.,0.707106781186548,1.,0.707106781186548,1.,0.707106781186548,1.)))
REPRESENTATION_ITEM('')
SURFACE()
);
#64=(
BOUNDED_SURFACE()
B_SPLINE_SURFACE(5,2,((#8506,#8507,#8508,#8509,#8510,#8511,#8512,#8513,
#8514),(#8515,#8516,#8517,#8518,#8519,#8520,#8521,#8522,#8523),(#8524,#8525,
#8526,#8527,#8528,#8529,#8530,#8531,#8532),(#8533,#8534,#8535,#8536,#8537,
#8538,#8539,#8540,#8541),(#8542,#8543,#8544,#8545,#8546,#8547,#8548,#8549,
#8550),(#8551,#8552,#8553,#8554,#8555,#8556,#8557,#8558,#8559),(#8560,#8561,
#8562,#8563,#8564,#8565,#8566,#8567,#8568),(#8569,#8570,#8571,#8572,#8573,
#8574,#8575,#8576,#8577),(#8578,#8579,#8580,#8581,#8582,#8583,#8584,#8585,
#8586),(#8587,#8588,#8589,#8590,#8591,#8592,#8593,#8594,#8595),(#8596,#8597,
#8598,#8599,#8600,#8601,#8602,#8603,#8604),(#8605,#8606,#8607,#8608,#8609,
#8610,#8611,#8612,#8613),(#8614,#8615,#8616,#8617,#8618,#8619,#8620,#8621,
#8622),(#8623,#8624,#8625,#8626,#8627,#8628,#8629,#8630,#8631),(#8632,#8633,
#8634,#8635,#8636,#8637,#8638,#8639,#8640),(#8641,#8642,#8643,#8644,#8645,
#8646,#8647,#8648,#8649),(#8650,#8651,#8652,#8653,#8654,#8655,#8656,#8657,
#8658),(#8659,#8660,#8661,#8662,#8663,#8664,#8665,#8666,#8667),(#8668,#8669,
#8670,#8671,#8672,#8673,#8674,#8675,#8676),(#8677,#8678,#8679,#8680,#8681,
#8682,#8683,#8684,#8685),(#8686,#8687,#8688,#8689,#8690,#8691,#8692,#8693,
#8694),(#8695,#8696,#8697,#8698,#8699,#8700,#8701,#8702,#8703),(#8704,#8705,
#8706,#8707,#8708,#8709,#8710,#8711,#8712),(#8713,#8714,#8715,#8716,#8717,
#8718,#8719,#8720,#8721),(#8722,#8723,#8724,#8725,#8726,#8727,#8728,#8729,
#8730),(#8731,#8732,#8733,#8734,#8735,#8736,#8737,#8738,#8739),(#8740,#8741,
#8742,#8743,#8744,#8745,#8746,#8747,#8748),(#8749,#8750,#8751,#8752,#8753,
#8754,#8755,#8756,#8757),(#8758,#8759,#8760,#8761,#8762,#8763,#8764,#8765,
#8766),(#8767,#8768,#8769,#8770,#8771,#8772,#8773,#8774,#8775),(#8776,#8777,
#8778,#8779,#8780,#8781,#8782,#8783,#8784),(#8785,#8786,#8787,#8788,#8789,
#8790,#8791,#8792,#8793),(#8794,#8795,#8796,#8797,#8798,#8799,#8800,#8801,
#8802),(#8803,#8804,#8805,#8806,#8807,#8808,#8809,#8810,#8811),(#8812,#8813,
#8814,#8815,#8816,#8817,#8818,#8819,#8820)),.UNSPECIFIED.,.F.,.T.,.F.)
B_SPLINE_SURFACE_WITH_KNOTS((6,1,1,1,1,1,1,1,1,1,1,1,1,1,1,1,1,1,1,1,1,
1,1,1,1,1,1,1,1,1,6),(3,2,2,2,3),(-1.,-0.966666666666667,-0.933333333333333,
-0.9,-0.866666666666667,-0.833333333333333,-0.8,-0.766666666666667,-0.733333333333333,
-0.7,-0.666666666666667,-0.633333333333333,-0.6,-0.566666666666667,-0.533333333333333,
-0.5,-0.466666666666667,-0.433333333333333,-0.4,-0.366666666666667,-0.333333333333333,
-0.3,-0.266666666666667,-0.233333333333333,-0.2,-0.166666666666667,-0.133333333333333,
-0.1,-0.0666666666666667,-0.0333333333333333,0.),(0.,1.5707963267949,3.14159265358979,
4.71238898038469,6.28318530717959),.UNSPECIFIED.)
GEOMETRIC_REPRESENTATION_ITEM()
RATIONAL_B_SPLINE_SURFACE(((1.,0.707106781186548,1.,0.707106781186548,1.,
0.707106781186548,1.,0.707106781186548,1.),(1.,0.707106781186548,1.,0.707106781186548,
1.,0.707106781186548,1.,0.707106781186548,1.),(1.,0.707106781186548,1.,
0.707106781186548,1.,0.707106781186548,1.,0.707106781186548,1.),(1.,0.707106781186548,
1.,0.707106781186548,1.,0.707106781186548,1.,0.707106781186548,1.),(1.,
0.707106781186548,1.,0.707106781186548,1.,0.707106781186548,1.,0.707106781186548,
1.),(1.,0.707106781186548,1.,0.707106781186548,1.,0.707106781186548,1.,
0.707106781186548,1.),(1.,0.707106781186548,1.,0.707106781186548,1.,0.707106781186548,
1.,0.707106781186548,1.),(1.,0.707106781186548,1.,0.707106781186548,1.,
0.707106781186548,1.,0.707106781186548,1.),(1.,0.707106781186548,1.,0.707106781186548,
1.,0.707106781186548,1.,0.707106781186548,1.),(1.,0.707106781186548,1.,
0.707106781186548,1.,0.707106781186548,1.,0.707106781186548,1.),(1.,0.707106781186548,
1.,0.707106781186548,1.,0.707106781186548,1.,0.707106781186548,1.),(1.,
0.707106781186548,1.,0.707106781186548,1.,0.707106781186548,1.,0.707106781186548,
1.),(1.,0.707106781186548,1.,0.707106781186548,1.,0.707106781186548,1.,
0.707106781186548,1.),(1.,0.707106781186548,1.,0.707106781186548,1.,0.707106781186548,
1.,0.707106781186548,1.),(1.,0.707106781186548,1.,0.707106781186548,1.,
0.707106781186548,1.,0.707106781186548,1.),(1.,0.707106781186548,1.,0.707106781186548,
1.,0.707106781186548,1.,0.707106781186548,1.),(1.,0.707106781186548,1.,
0.707106781186548,1.,0.707106781186548,1.,0.707106781186548,1.),(1.,0.707106781186548,
1.,0.707106781186548,1.,0.707106781186548,1.,0.707106781186548,1.),(1.,
0.707106781186548,1.,0.707106781186548,1.,0.707106781186548,1.,0.707106781186548,
1.),(1.,0.707106781186548,1.,0.707106781186548,1.,0.707106781186548,1.,
0.707106781186548,1.),(1.,0.707106781186548,1.,0.707106781186548,1.,0.707106781186548,
1.,0.707106781186548,1.),(1.,0.707106781186548,1.,0.707106781186548,1.,
0.707106781186548,1.,0.707106781186548,1.),(1.,0.707106781186548,1.,0.707106781186548,
1.,0.707106781186548,1.,0.707106781186548,1.),(1.,0.707106781186548,1.,
0.707106781186548,1.,0.707106781186548,1.,0.707106781186548,1.),(1.,0.707106781186548,
1.,0.707106781186548,1.,0.707106781186548,1.,0.707106781186548,1.),(1.,
0.707106781186548,1.,0.707106781186548,1.,0.707106781186548,1.,0.707106781186548,
1.),(1.,0.707106781186548,1.,0.707106781186548,1.,0.707106781186548,1.,
0.707106781186548,1.),(1.,0.707106781186548,1.,0.707106781186548,1.,0.707106781186548,
1.,0.707106781186548,1.),(1.,0.707106781186548,1.,0.707106781186548,1.,
0.707106781186548,1.,0.707106781186548,1.),(1.,0.707106781186548,1.,0.707106781186548,
1.,0.707106781186548,1.,0.707106781186548,1.),(1.,0.707106781186548,1.,
0.707106781186548,1.,0.707106781186548,1.,0.707106781186548,1.),(1.,0.707106781186548,
1.,0.707106781186548,1.,0.707106781186548,1.,0.707106781186548,1.),(1.,
0.707106781186548,1.,0.707106781186548,1.,0.707106781186548,1.,0.707106781186548,
1.),(1.,0.707106781186548,1.,0.707106781186548,1.,0.707106781186548,1.,
0.707106781186548,1.),(1.,0.707106781186548,1.,0.707106781186548,1.,0.707106781186548,
1.,0.707106781186548,1.)))
REPRESENTATION_ITEM('')
SURFACE()
);
#65=(
BOUNDED_SURFACE()
B_SPLINE_SURFACE(5,2,((#8846,#8847,#8848,#8849,#8850,#8851,#8852,#8853,
#8854),(#8855,#8856,#8857,#8858,#8859,#8860,#8861,#8862,#8863),(#8864,#8865,
#8866,#8867,#8868,#8869,#8870,#8871,#8872),(#8873,#8874,#8875,#8876,#8877,
#8878,#8879,#8880,#8881),(#8882,#8883,#8884,#8885,#8886,#8887,#8888,#8889,
#8890),(#8891,#8892,#8893,#8894,#8895,#8896,#8897,#8898,#8899),(#8900,#8901,
#8902,#8903,#8904,#8905,#8906,#8907,#8908),(#8909,#8910,#8911,#8912,#8913,
#8914,#8915,#8916,#8917),(#8918,#8919,#8920,#8921,#8922,#8923,#8924,#8925,
#8926),(#8927,#8928,#8929,#8930,#8931,#8932,#8933,#8934,#8935),(#8936,#8937,
#8938,#8939,#8940,#8941,#8942,#8943,#8944),(#8945,#8946,#8947,#8948,#8949,
#8950,#8951,#8952,#8953),(#8954,#8955,#8956,#8957,#8958,#8959,#8960,#8961,
#8962),(#8963,#8964,#8965,#8966,#8967,#8968,#8969,#8970,#8971),(#8972,#8973,
#8974,#8975,#8976,#8977,#8978,#8979,#8980),(#8981,#8982,#8983,#8984,#8985,
#8986,#8987,#8988,#8989),(#8990,#8991,#8992,#8993,#8994,#8995,#8996,#8997,
#8998),(#8999,#9000,#9001,#9002,#9003,#9004,#9005,#9006,#9007),(#9008,#9009,
#9010,#9011,#9012,#9013,#9014,#9015,#9016),(#9017,#9018,#9019,#9020,#9021,
#9022,#9023,#9024,#9025),(#9026,#9027,#9028,#9029,#9030,#9031,#9032,#9033,
#9034),(#9035,#9036,#9037,#9038,#9039,#9040,#9041,#9042,#9043),(#9044,#9045,
#9046,#9047,#9048,#9049,#9050,#9051,#9052),(#9053,#9054,#9055,#9056,#9057,
#9058,#9059,#9060,#9061),(#9062,#9063,#9064,#9065,#9066,#9067,#9068,#9069,
#9070),(#9071,#9072,#9073,#9074,#9075,#9076,#9077,#9078,#9079),(#9080,#9081,
#9082,#9083,#9084,#9085,#9086,#9087,#9088),(#9089,#9090,#9091,#9092,#9093,
#9094,#9095,#9096,#9097),(#9098,#9099,#9100,#9101,#9102,#9103,#9104,#9105,
#9106),(#9107,#9108,#9109,#9110,#9111,#9112,#9113,#9114,#9115),(#9116,#9117,
#9118,#9119,#9120,#9121,#9122,#9123,#9124),(#9125,#9126,#9127,#9128,#9129,
#9130,#9131,#9132,#9133),(#9134,#9135,#9136,#9137,#9138,#9139,#9140,#9141,
#9142),(#9143,#9144,#9145,#9146,#9147,#9148,#9149,#9150,#9151),(#9152,#9153,
#9154,#9155,#9156,#9157,#9158,#9159,#9160)),.UNSPECIFIED.,.F.,.T.,.F.)
B_SPLINE_SURFACE_WITH_KNOTS((6,1,1,1,1,1,1,1,1,1,1,1,1,1,1,1,1,1,1,1,1,
1,1,1,1,1,1,1,1,1,6),(3,2,2,2,3),(-1.,-0.966666666666667,-0.933333333333333,
-0.9,-0.866666666666667,-0.833333333333333,-0.8,-0.766666666666667,-0.733333333333333,
-0.7,-0.666666666666667,-0.633333333333333,-0.6,-0.566666666666667,-0.533333333333333,
-0.5,-0.466666666666667,-0.433333333333333,-0.4,-0.366666666666667,-0.333333333333333,
-0.3,-0.266666666666667,-0.233333333333333,-0.2,-0.166666666666667,-0.133333333333333,
-0.1,-0.0666666666666667,-0.0333333333333333,0.),(0.,1.5707963267949,3.14159265358979,
4.71238898038469,6.28318530717959),.UNSPECIFIED.)
GEOMETRIC_REPRESENTATION_ITEM()
RATIONAL_B_SPLINE_SURFACE(((1.,0.707106781186548,1.,0.707106781186548,1.,
0.707106781186548,1.,0.707106781186548,1.),(1.,0.707106781186548,1.,0.707106781186548,
1.,0.707106781186548,1.,0.707106781186548,1.),(1.,0.707106781186548,1.,
0.707106781186548,1.,0.707106781186548,1.,0.707106781186548,1.),(1.,0.707106781186548,
1.,0.707106781186548,1.,0.707106781186548,1.,0.707106781186548,1.),(1.,
0.707106781186548,1.,0.707106781186548,1.,0.707106781186548,1.,0.707106781186548,
1.),(1.,0.707106781186548,1.,0.707106781186548,1.,0.707106781186548,1.,
0.707106781186548,1.),(1.,0.707106781186548,1.,0.707106781186548,1.,0.707106781186548,
1.,0.707106781186548,1.),(1.,0.707106781186548,1.,0.707106781186548,1.,
0.707106781186548,1.,0.707106781186548,1.),(1.,0.707106781186548,1.,0.707106781186548,
1.,0.707106781186548,1.,0.707106781186548,1.),(1.,0.707106781186548,1.,
0.707106781186548,1.,0.707106781186548,1.,0.707106781186548,1.),(1.,0.707106781186548,
1.,0.707106781186548,1.,0.707106781186548,1.,0.707106781186548,1.),(1.,
0.707106781186548,1.,0.707106781186548,1.,0.707106781186548,1.,0.707106781186548,
1.),(1.,0.707106781186548,1.,0.707106781186548,1.,0.707106781186548,1.,
0.707106781186548,1.),(1.,0.707106781186548,1.,0.707106781186548,1.,0.707106781186548,
1.,0.707106781186548,1.),(1.,0.707106781186548,1.,0.707106781186548,1.,
0.707106781186548,1.,0.707106781186548,1.),(1.,0.707106781186548,1.,0.707106781186548,
1.,0.707106781186548,1.,0.707106781186548,1.),(1.,0.707106781186548,1.,
0.707106781186548,1.,0.707106781186548,1.,0.707106781186548,1.),(1.,0.707106781186548,
1.,0.707106781186548,1.,0.707106781186548,1.,0.707106781186548,1.),(1.,
0.707106781186548,1.,0.707106781186548,1.,0.707106781186548,1.,0.707106781186548,
1.),(1.,0.707106781186548,1.,0.707106781186548,1.,0.707106781186548,1.,
0.707106781186548,1.),(1.,0.707106781186548,1.,0.707106781186548,1.,0.707106781186548,
1.,0.707106781186548,1.),(1.,0.707106781186548,1.,0.707106781186548,1.,
0.707106781186548,1.,0.707106781186548,1.),(1.,0.707106781186548,1.,0.707106781186548,
1.,0.707106781186548,1.,0.707106781186548,1.),(1.,0.707106781186548,1.,
0.707106781186548,1.,0.707106781186548,1.,0.707106781186548,1.),(1.,0.707106781186548,
1.,0.707106781186548,1.,0.707106781186548,1.,0.707106781186548,1.),(1.,
0.707106781186548,1.,0.707106781186548,1.,0.707106781186548,1.,0.707106781186548,
1.),(1.,0.707106781186548,1.,0.707106781186548,1.,0.707106781186548,1.,
0.707106781186548,1.),(1.,0.707106781186548,1.,0.707106781186548,1.,0.707106781186548,
1.,0.707106781186548,1.),(1.,0.707106781186548,1.,0.707106781186548,1.,
0.707106781186548,1.,0.707106781186548,1.),(1.,0.707106781186548,1.,0.707106781186548,
1.,0.707106781186548,1.,0.707106781186548,1.),(1.,0.707106781186548,1.,
0.707106781186548,1.,0.707106781186548,1.,0.707106781186548,1.),(1.,0.707106781186548,
1.,0.707106781186548,1.,0.707106781186548,1.,0.707106781186548,1.),(1.,
0.707106781186548,1.,0.707106781186548,1.,0.707106781186548,1.,0.707106781186548,
1.),(1.,0.707106781186548,1.,0.707106781186548,1.,0.707106781186548,1.,
0.707106781186548,1.),(1.,0.707106781186548,1.,0.707106781186548,1.,0.707106781186548,
1.,0.707106781186548,1.)))
REPRESENTATION_ITEM('')
SURFACE()
);
#66=(
BOUNDED_SURFACE()
B_SPLINE_SURFACE(5,2,((#9162,#9163,#9164,#9165,#9166,#9167,#9168,#9169,
#9170),(#9171,#9172,#9173,#9174,#9175,#9176,#9177,#9178,#9179),(#9180,#9181,
#9182,#9183,#9184,#9185,#9186,#9187,#9188),(#9189,#9190,#9191,#9192,#9193,
#9194,#9195,#9196,#9197),(#9198,#9199,#9200,#9201,#9202,#9203,#9204,#9205,
#9206),(#9207,#9208,#9209,#9210,#9211,#9212,#9213,#9214,#9215),(#9216,#9217,
#9218,#9219,#9220,#9221,#9222,#9223,#9224),(#9225,#9226,#9227,#9228,#9229,
#9230,#9231,#9232,#9233),(#9234,#9235,#9236,#9237,#9238,#9239,#9240,#9241,
#9242),(#9243,#9244,#9245,#9246,#9247,#9248,#9249,#9250,#9251),(#9252,#9253,
#9254,#9255,#9256,#9257,#9258,#9259,#9260),(#9261,#9262,#9263,#9264,#9265,
#9266,#9267,#9268,#9269),(#9270,#9271,#9272,#9273,#9274,#9275,#9276,#9277,
#9278),(#9279,#9280,#9281,#9282,#9283,#9284,#9285,#9286,#9287),(#9288,#9289,
#9290,#9291,#9292,#9293,#9294,#9295,#9296),(#9297,#9298,#9299,#9300,#9301,
#9302,#9303,#9304,#9305),(#9306,#9307,#9308,#9309,#9310,#9311,#9312,#9313,
#9314),(#9315,#9316,#9317,#9318,#9319,#9320,#9321,#9322,#9323),(#9324,#9325,
#9326,#9327,#9328,#9329,#9330,#9331,#9332),(#9333,#9334,#9335,#9336,#9337,
#9338,#9339,#9340,#9341),(#9342,#9343,#9344,#9345,#9346,#9347,#9348,#9349,
#9350),(#9351,#9352,#9353,#9354,#9355,#9356,#9357,#9358,#9359),(#9360,#9361,
#9362,#9363,#9364,#9365,#9366,#9367,#9368),(#9369,#9370,#9371,#9372,#9373,
#9374,#9375,#9376,#9377),(#9378,#9379,#9380,#9381,#9382,#9383,#9384,#9385,
#9386)),.UNSPECIFIED.,.F.,.T.,.F.)
B_SPLINE_SURFACE_WITH_KNOTS((6,1,1,1,1,1,1,1,1,1,1,1,1,1,1,1,1,1,1,1,6),
(3,2,2,2,3),(0.,0.05,0.1,0.15,0.2,0.25,0.3,0.35,0.4,0.45,0.5,0.55,0.6,0.65,
0.7,0.75,0.8,0.85,0.9,0.95,1.),(0.,1.5707963267949,3.14159265358979,4.71238898038469,
6.28318530717959),.UNSPECIFIED.)
GEOMETRIC_REPRESENTATION_ITEM()
RATIONAL_B_SPLINE_SURFACE(((1.,0.707106781186548,1.,0.707106781186548,1.,
0.707106781186548,1.,0.707106781186548,1.),(1.,0.707106781186548,1.,0.707106781186548,
1.,0.707106781186548,1.,0.707106781186548,1.),(1.,0.707106781186548,1.,
0.707106781186548,1.,0.707106781186548,1.,0.707106781186548,1.),(1.,0.707106781186548,
1.,0.707106781186548,1.,0.707106781186548,1.,0.707106781186548,1.),(1.,
0.707106781186548,1.,0.707106781186548,1.,0.707106781186548,1.,0.707106781186548,
1.),(1.,0.707106781186548,1.,0.707106781186548,1.,0.707106781186548,1.,
0.707106781186548,1.),(1.,0.707106781186548,1.,0.707106781186548,1.,0.707106781186548,
1.,0.707106781186548,1.),(1.,0.707106781186548,1.,0.707106781186548,1.,
0.707106781186548,1.,0.707106781186548,1.),(1.,0.707106781186548,1.,0.707106781186548,
1.,0.707106781186548,1.,0.707106781186548,1.),(1.,0.707106781186548,1.,
0.707106781186548,1.,0.707106781186548,1.,0.707106781186548,1.),(1.,0.707106781186548,
1.,0.707106781186548,1.,0.707106781186548,1.,0.707106781186548,1.),(1.,
0.707106781186548,1.,0.707106781186548,1.,0.707106781186548,1.,0.707106781186548,
1.),(1.,0.707106781186548,1.,0.707106781186548,1.,0.707106781186548,1.,
0.707106781186548,1.),(1.,0.707106781186548,1.,0.707106781186548,1.,0.707106781186548,
1.,0.707106781186548,1.),(1.,0.707106781186548,1.,0.707106781186548,1.,
0.707106781186548,1.,0.707106781186548,1.),(1.,0.707106781186548,1.,0.707106781186548,
1.,0.707106781186548,1.,0.707106781186548,1.),(1.,0.707106781186548,1.,
0.707106781186548,1.,0.707106781186548,1.,0.707106781186548,1.),(1.,0.707106781186548,
1.,0.707106781186548,1.,0.707106781186548,1.,0.707106781186548,1.),(1.,
0.707106781186548,1.,0.707106781186548,1.,0.707106781186548,1.,0.707106781186548,
1.),(1.,0.707106781186548,1.,0.707106781186548,1.,0.707106781186548,1.,
0.707106781186548,1.),(1.,0.707106781186548,1.,0.707106781186548,1.,0.707106781186548,
1.,0.707106781186548,1.),(1.,0.707106781186548,1.,0.707106781186548,1.,
0.707106781186548,1.,0.707106781186548,1.),(1.,0.707106781186548,1.,0.707106781186548,
1.,0.707106781186548,1.,0.707106781186548,1.),(1.,0.707106781186548,1.,
0.707106781186548,1.,0.707106781186548,1.,0.707106781186548,1.),(1.,0.707106781186548,
1.,0.707106781186548,1.,0.707106781186548,1.,0.707106781186548,1.)))
REPRESENTATION_ITEM('')
SURFACE()
);
#67=(
BOUNDED_SURFACE()
B_SPLINE_SURFACE(5,2,((#9388,#9389,#9390,#9391,#9392,#9393,#9394,#9395,
#9396),(#9397,#9398,#9399,#9400,#9401,#9402,#9403,#9404,#9405),(#9406,#9407,
#9408,#9409,#9410,#9411,#9412,#9413,#9414),(#9415,#9416,#9417,#9418,#9419,
#9420,#9421,#9422,#9423),(#9424,#9425,#9426,#9427,#9428,#9429,#9430,#9431,
#9432),(#9433,#9434,#9435,#9436,#9437,#9438,#9439,#9440,#9441),(#9442,#9443,
#9444,#9445,#9446,#9447,#9448,#9449,#9450),(#9451,#9452,#9453,#9454,#9455,
#9456,#9457,#9458,#9459),(#9460,#9461,#9462,#9463,#9464,#9465,#9466,#9467,
#9468),(#9469,#9470,#9471,#9472,#9473,#9474,#9475,#9476,#9477),(#9478,#9479,
#9480,#9481,#9482,#9483,#9484,#9485,#9486),(#9487,#9488,#9489,#9490,#9491,
#9492,#9493,#9494,#9495),(#9496,#9497,#9498,#9499,#9500,#9501,#9502,#9503,
#9504),(#9505,#9506,#9507,#9508,#9509,#9510,#9511,#9512,#9513),(#9514,#9515,
#9516,#9517,#9518,#9519,#9520,#9521,#9522),(#9523,#9524,#9525,#9526,#9527,
#9528,#9529,#9530,#9531),(#9532,#9533,#9534,#9535,#9536,#9537,#9538,#9539,
#9540),(#9541,#9542,#9543,#9544,#9545,#9546,#9547,#9548,#9549),(#9550,#9551,
#9552,#9553,#9554,#9555,#9556,#9557,#9558),(#9559,#9560,#9561,#9562,#9563,
#9564,#9565,#9566,#9567),(#9568,#9569,#9570,#9571,#9572,#9573,#9574,#9575,
#9576),(#9577,#9578,#9579,#9580,#9581,#9582,#9583,#9584,#9585),(#9586,#9587,
#9588,#9589,#9590,#9591,#9592,#9593,#9594),(#9595,#9596,#9597,#9598,#9599,
#9600,#9601,#9602,#9603),(#9604,#9605,#9606,#9607,#9608,#9609,#9610,#9611,
#9612),(#9613,#9614,#9615,#9616,#9617,#9618,#9619,#9620,#9621),(#9622,#9623,
#9624,#9625,#9626,#9627,#9628,#9629,#9630),(#9631,#9632,#9633,#9634,#9635,
#9636,#9637,#9638,#9639),(#9640,#9641,#9642,#9643,#9644,#9645,#9646,#9647,
#9648),(#9649,#9650,#9651,#9652,#9653,#9654,#9655,#9656,#9657),(#9658,#9659,
#9660,#9661,#9662,#9663,#9664,#9665,#9666),(#9667,#9668,#9669,#9670,#9671,
#9672,#9673,#9674,#9675),(#9676,#9677,#9678,#9679,#9680,#9681,#9682,#9683,
#9684),(#9685,#9686,#9687,#9688,#9689,#9690,#9691,#9692,#9693),(#9694,#9695,
#9696,#9697,#9698,#9699,#9700,#9701,#9702)),.UNSPECIFIED.,.F.,.T.,.F.)
B_SPLINE_SURFACE_WITH_KNOTS((6,1,1,1,1,1,1,1,1,1,1,1,1,1,1,1,1,1,1,1,1,
1,1,1,1,1,1,1,1,1,6),(3,2,2,2,3),(-1.,-0.966666666666667,-0.933333333333333,
-0.9,-0.866666666666667,-0.833333333333333,-0.8,-0.766666666666667,-0.733333333333333,
-0.7,-0.666666666666667,-0.633333333333333,-0.6,-0.566666666666667,-0.533333333333333,
-0.5,-0.466666666666667,-0.433333333333333,-0.4,-0.366666666666667,-0.333333333333333,
-0.3,-0.266666666666667,-0.233333333333333,-0.2,-0.166666666666667,-0.133333333333333,
-0.1,-0.0666666666666667,-0.0333333333333333,0.),(0.,1.5707963267949,3.14159265358979,
4.71238898038469,6.28318530717959),.UNSPECIFIED.)
GEOMETRIC_REPRESENTATION_ITEM()
RATIONAL_B_SPLINE_SURFACE(((1.,0.707106781186548,1.,0.707106781186548,1.,
0.707106781186548,1.,0.707106781186548,1.),(1.,0.707106781186548,1.,0.707106781186548,
1.,0.707106781186548,1.,0.707106781186548,1.),(1.,0.707106781186548,1.,
0.707106781186548,1.,0.707106781186548,1.,0.707106781186548,1.),(1.,0.707106781186548,
1.,0.707106781186548,1.,0.707106781186548,1.,0.707106781186548,1.),(1.,
0.707106781186548,1.,0.707106781186548,1.,0.707106781186548,1.,0.707106781186548,
1.),(1.,0.707106781186548,1.,0.707106781186548,1.,0.707106781186548,1.,
0.707106781186548,1.),(1.,0.707106781186548,1.,0.707106781186548,1.,0.707106781186548,
1.,0.707106781186548,1.),(1.,0.707106781186548,1.,0.707106781186548,1.,
0.707106781186548,1.,0.707106781186548,1.),(1.,0.707106781186548,1.,0.707106781186548,
1.,0.707106781186548,1.,0.707106781186548,1.),(1.,0.707106781186548,1.,
0.707106781186548,1.,0.707106781186548,1.,0.707106781186548,1.),(1.,0.707106781186548,
1.,0.707106781186548,1.,0.707106781186548,1.,0.707106781186548,1.),(1.,
0.707106781186548,1.,0.707106781186548,1.,0.707106781186548,1.,0.707106781186548,
1.),(1.,0.707106781186548,1.,0.707106781186548,1.,0.707106781186548,1.,
0.707106781186548,1.),(1.,0.707106781186548,1.,0.707106781186548,1.,0.707106781186548,
1.,0.707106781186548,1.),(1.,0.707106781186548,1.,0.707106781186548,1.,
0.707106781186548,1.,0.707106781186548,1.),(1.,0.707106781186548,1.,0.707106781186548,
1.,0.707106781186548,1.,0.707106781186548,1.),(1.,0.707106781186548,1.,
0.707106781186548,1.,0.707106781186548,1.,0.707106781186548,1.),(1.,0.707106781186548,
1.,0.707106781186548,1.,0.707106781186548,1.,0.707106781186548,1.),(1.,
0.707106781186548,1.,0.707106781186548,1.,0.707106781186548,1.,0.707106781186548,
1.),(1.,0.707106781186548,1.,0.707106781186548,1.,0.707106781186548,1.,
0.707106781186548,1.),(1.,0.707106781186548,1.,0.707106781186548,1.,0.707106781186548,
1.,0.707106781186548,1.),(1.,0.707106781186548,1.,0.707106781186548,1.,
0.707106781186548,1.,0.707106781186548,1.),(1.,0.707106781186548,1.,0.707106781186548,
1.,0.707106781186548,1.,0.707106781186548,1.),(1.,0.707106781186548,1.,
0.707106781186548,1.,0.707106781186548,1.,0.707106781186548,1.),(1.,0.707106781186548,
1.,0.707106781186548,1.,0.707106781186548,1.,0.707106781186548,1.),(1.,
0.707106781186548,1.,0.707106781186548,1.,0.707106781186548,1.,0.707106781186548,
1.),(1.,0.707106781186548,1.,0.707106781186548,1.,0.707106781186548,1.,
0.707106781186548,1.),(1.,0.707106781186548,1.,0.707106781186548,1.,0.707106781186548,
1.,0.707106781186548,1.),(1.,0.707106781186548,1.,0.707106781186548,1.,
0.707106781186548,1.,0.707106781186548,1.),(1.,0.707106781186548,1.,0.707106781186548,
1.,0.707106781186548,1.,0.707106781186548,1.),(1.,0.707106781186548,1.,
0.707106781186548,1.,0.707106781186548,1.,0.707106781186548,1.),(1.,0.707106781186548,
1.,0.707106781186548,1.,0.707106781186548,1.,0.707106781186548,1.),(1.,
0.707106781186548,1.,0.707106781186548,1.,0.707106781186548,1.,0.707106781186548,
1.),(1.,0.707106781186548,1.,0.707106781186548,1.,0.707106781186548,1.,
0.707106781186548,1.),(1.,0.707106781186548,1.,0.707106781186548,1.,0.707106781186548,
1.,0.707106781186548,1.)))
REPRESENTATION_ITEM('')
SURFACE()
);
#68=(
BOUNDED_SURFACE()
B_SPLINE_SURFACE(5,2,((#9715,#9716,#9717,#9718,#9719,#9720,#9721,#9722,
#9723),(#9724,#9725,#9726,#9727,#9728,#9729,#9730,#9731,#9732),(#9733,#9734,
#9735,#9736,#9737,#9738,#9739,#9740,#9741),(#9742,#9743,#9744,#9745,#9746,
#9747,#9748,#9749,#9750),(#9751,#9752,#9753,#9754,#9755,#9756,#9757,#9758,
#9759),(#9760,#9761,#9762,#9763,#9764,#9765,#9766,#9767,#9768),(#9769,#9770,
#9771,#9772,#9773,#9774,#9775,#9776,#9777),(#9778,#9779,#9780,#9781,#9782,
#9783,#9784,#9785,#9786),(#9787,#9788,#9789,#9790,#9791,#9792,#9793,#9794,
#9795),(#9796,#9797,#9798,#9799,#9800,#9801,#9802,#9803,#9804),(#9805,#9806,
#9807,#9808,#9809,#9810,#9811,#9812,#9813),(#9814,#9815,#9816,#9817,#9818,
#9819,#9820,#9821,#9822),(#9823,#9824,#9825,#9826,#9827,#9828,#9829,#9830,
#9831),(#9832,#9833,#9834,#9835,#9836,#9837,#9838,#9839,#9840),(#9841,#9842,
#9843,#9844,#9845,#9846,#9847,#9848,#9849),(#9850,#9851,#9852,#9853,#9854,
#9855,#9856,#9857,#9858),(#9859,#9860,#9861,#9862,#9863,#9864,#9865,#9866,
#9867),(#9868,#9869,#9870,#9871,#9872,#9873,#9874,#9875,#9876),(#9877,#9878,
#9879,#9880,#9881,#9882,#9883,#9884,#9885),(#9886,#9887,#9888,#9889,#9890,
#9891,#9892,#9893,#9894),(#9895,#9896,#9897,#9898,#9899,#9900,#9901,#9902,
#9903),(#9904,#9905,#9906,#9907,#9908,#9909,#9910,#9911,#9912),(#9913,#9914,
#9915,#9916,#9917,#9918,#9919,#9920,#9921),(#9922,#9923,#9924,#9925,#9926,
#9927,#9928,#9929,#9930),(#9931,#9932,#9933,#9934,#9935,#9936,#9937,#9938,
#9939)),.UNSPECIFIED.,.F.,.T.,.F.)
B_SPLINE_SURFACE_WITH_KNOTS((6,1,1,1,1,1,1,1,1,1,1,1,1,1,1,1,1,1,1,1,6),
(3,2,2,2,3),(-1.,-0.95,-0.9,-0.85,-0.8,-0.75,-0.7,-0.65,-0.6,-0.55,-0.5,
-0.45,-0.4,-0.35,-0.3,-0.25,-0.2,-0.15,-0.1,-0.05,0.),(0.,1.5707963267949,
3.14159265358979,4.71238898038469,6.28318530717959),.UNSPECIFIED.)
GEOMETRIC_REPRESENTATION_ITEM()
RATIONAL_B_SPLINE_SURFACE(((1.,0.707106781186548,1.,0.707106781186548,1.,
0.707106781186548,1.,0.707106781186548,1.),(1.,0.707106781186548,1.,0.707106781186548,
1.,0.707106781186548,1.,0.707106781186548,1.),(1.,0.707106781186548,1.,
0.707106781186548,1.,0.707106781186548,1.,0.707106781186548,1.),(1.,0.707106781186548,
1.,0.707106781186548,1.,0.707106781186548,1.,0.707106781186548,1.),(1.,
0.707106781186548,1.,0.707106781186548,1.,0.707106781186548,1.,0.707106781186548,
1.),(1.,0.707106781186548,1.,0.707106781186548,1.,0.707106781186548,1.,
0.707106781186548,1.),(1.,0.707106781186548,1.,0.707106781186548,1.,0.707106781186548,
1.,0.707106781186548,1.),(1.,0.707106781186548,1.,0.707106781186548,1.,
0.707106781186548,1.,0.707106781186548,1.),(1.,0.707106781186548,1.,0.707106781186548,
1.,0.707106781186548,1.,0.707106781186548,1.),(1.,0.707106781186548,1.,
0.707106781186548,1.,0.707106781186548,1.,0.707106781186548,1.),(1.,0.707106781186548,
1.,0.707106781186548,1.,0.707106781186548,1.,0.707106781186548,1.),(1.,
0.707106781186548,1.,0.707106781186548,1.,0.707106781186548,1.,0.707106781186548,
1.),(1.,0.707106781186548,1.,0.707106781186548,1.,0.707106781186548,1.,
0.707106781186548,1.),(1.,0.707106781186548,1.,0.707106781186548,1.,0.707106781186548,
1.,0.707106781186548,1.),(1.,0.707106781186548,1.,0.707106781186548,1.,
0.707106781186548,1.,0.707106781186548,1.),(1.,0.707106781186548,1.,0.707106781186548,
1.,0.707106781186548,1.,0.707106781186548,1.),(1.,0.707106781186548,1.,
0.707106781186548,1.,0.707106781186548,1.,0.707106781186548,1.),(1.,0.707106781186548,
1.,0.707106781186548,1.,0.707106781186548,1.,0.707106781186548,1.),(1.,
0.707106781186548,1.,0.707106781186548,1.,0.707106781186548,1.,0.707106781186548,
1.),(1.,0.707106781186548,1.,0.707106781186548,1.,0.707106781186548,1.,
0.707106781186548,1.),(1.,0.707106781186548,1.,0.707106781186548,1.,0.707106781186548,
1.,0.707106781186548,1.),(1.,0.707106781186548,1.,0.707106781186548,1.,
0.707106781186548,1.,0.707106781186548,1.),(1.,0.707106781186548,1.,0.707106781186548,
1.,0.707106781186548,1.,0.707106781186548,1.),(1.,0.707106781186548,1.,
0.707106781186548,1.,0.707106781186548,1.,0.707106781186548,1.),(1.,0.707106781186548,
1.,0.707106781186548,1.,0.707106781186548,1.,0.707106781186548,1.)))
REPRESENTATION_ITEM('')
SURFACE()
);
#69=(
BOUNDED_SURFACE()
B_SPLINE_SURFACE(5,2,((#9988,#9989,#9990,#9991,#9992,#9993,#9994,#9995,
#9996),(#9997,#9998,#9999,#10000,#10001,#10002,#10003,#10004,#10005),(#10006,
#10007,#10008,#10009,#10010,#10011,#10012,#10013,#10014),(#10015,#10016,
#10017,#10018,#10019,#10020,#10021,#10022,#10023),(#10024,#10025,#10026,
#10027,#10028,#10029,#10030,#10031,#10032),(#10033,#10034,#10035,#10036,
#10037,#10038,#10039,#10040,#10041),(#10042,#10043,#10044,#10045,#10046,
#10047,#10048,#10049,#10050),(#10051,#10052,#10053,#10054,#10055,#10056,
#10057,#10058,#10059),(#10060,#10061,#10062,#10063,#10064,#10065,#10066,
#10067,#10068),(#10069,#10070,#10071,#10072,#10073,#10074,#10075,#10076,
#10077),(#10078,#10079,#10080,#10081,#10082,#10083,#10084,#10085,#10086),
(#10087,#10088,#10089,#10090,#10091,#10092,#10093,#10094,#10095),(#10096,
#10097,#10098,#10099,#10100,#10101,#10102,#10103,#10104),(#10105,#10106,
#10107,#10108,#10109,#10110,#10111,#10112,#10113),(#10114,#10115,#10116,
#10117,#10118,#10119,#10120,#10121,#10122),(#10123,#10124,#10125,#10126,
#10127,#10128,#10129,#10130,#10131),(#10132,#10133,#10134,#10135,#10136,
#10137,#10138,#10139,#10140),(#10141,#10142,#10143,#10144,#10145,#10146,
#10147,#10148,#10149),(#10150,#10151,#10152,#10153,#10154,#10155,#10156,
#10157,#10158),(#10159,#10160,#10161,#10162,#10163,#10164,#10165,#10166,
#10167),(#10168,#10169,#10170,#10171,#10172,#10173,#10174,#10175,#10176),
(#10177,#10178,#10179,#10180,#10181,#10182,#10183,#10184,#10185),(#10186,
#10187,#10188,#10189,#10190,#10191,#10192,#10193,#10194),(#10195,#10196,
#10197,#10198,#10199,#10200,#10201,#10202,#10203),(#10204,#10205,#10206,
#10207,#10208,#10209,#10210,#10211,#10212)),.UNSPECIFIED.,.F.,.T.,.F.)
B_SPLINE_SURFACE_WITH_KNOTS((6,1,1,1,1,1,1,1,1,1,1,1,1,1,1,1,1,1,1,1,6),
(3,2,2,2,3),(-1.,-0.95,-0.9,-0.85,-0.8,-0.75,-0.7,-0.65,-0.6,-0.55,-0.5,
-0.45,-0.4,-0.35,-0.3,-0.25,-0.2,-0.15,-0.1,-0.05,0.),(0.,1.5707963267949,
3.14159265358979,4.71238898038469,6.28318530717959),.UNSPECIFIED.)
GEOMETRIC_REPRESENTATION_ITEM()
RATIONAL_B_SPLINE_SURFACE(((1.,0.707106781186548,1.,0.707106781186548,1.,
0.707106781186548,1.,0.707106781186548,1.),(1.,0.707106781186548,1.,0.707106781186548,
1.,0.707106781186548,1.,0.707106781186548,1.),(1.,0.707106781186548,1.,
0.707106781186548,1.,0.707106781186548,1.,0.707106781186548,1.),(1.,0.707106781186548,
1.,0.707106781186548,1.,0.707106781186548,1.,0.707106781186548,1.),(1.,
0.707106781186548,1.,0.707106781186548,1.,0.707106781186548,1.,0.707106781186548,
1.),(1.,0.707106781186548,1.,0.707106781186548,1.,0.707106781186548,1.,
0.707106781186548,1.),(1.,0.707106781186548,1.,0.707106781186548,1.,0.707106781186548,
1.,0.707106781186548,1.),(1.,0.707106781186548,1.,0.707106781186548,1.,
0.707106781186548,1.,0.707106781186548,1.),(1.,0.707106781186548,1.,0.707106781186548,
1.,0.707106781186548,1.,0.707106781186548,1.),(1.,0.707106781186548,1.,
0.707106781186548,1.,0.707106781186548,1.,0.707106781186548,1.),(1.,0.707106781186548,
1.,0.707106781186548,1.,0.707106781186548,1.,0.707106781186548,1.),(1.,
0.707106781186548,1.,0.707106781186548,1.,0.707106781186548,1.,0.707106781186548,
1.),(1.,0.707106781186548,1.,0.707106781186548,1.,0.707106781186548,1.,
0.707106781186548,1.),(1.,0.707106781186548,1.,0.707106781186548,1.,0.707106781186548,
1.,0.707106781186548,1.),(1.,0.707106781186548,1.,0.707106781186548,1.,
0.707106781186548,1.,0.707106781186548,1.),(1.,0.707106781186548,1.,0.707106781186548,
1.,0.707106781186548,1.,0.707106781186548,1.),(1.,0.707106781186548,1.,
0.707106781186548,1.,0.707106781186548,1.,0.707106781186548,1.),(1.,0.707106781186548,
1.,0.707106781186548,1.,0.707106781186548,1.,0.707106781186548,1.),(1.,
0.707106781186548,1.,0.707106781186548,1.,0.707106781186548,1.,0.707106781186548,
1.),(1.,0.707106781186548,1.,0.707106781186548,1.,0.707106781186548,1.,
0.707106781186548,1.),(1.,0.707106781186548,1.,0.707106781186548,1.,0.707106781186548,
1.,0.707106781186548,1.),(1.,0.707106781186548,1.,0.707106781186548,1.,
0.707106781186548,1.,0.707106781186548,1.),(1.,0.707106781186548,1.,0.707106781186548,
1.,0.707106781186548,1.,0.707106781186548,1.),(1.,0.707106781186548,1.,
0.707106781186548,1.,0.707106781186548,1.,0.707106781186548,1.),(1.,0.707106781186548,
1.,0.707106781186548,1.,0.707106781186548,1.,0.707106781186548,1.)))
REPRESENTATION_ITEM('')
SURFACE()
);
#70=LINE('',#3136,#102);
#71=LINE('',#3925,#103);
#72=LINE('',#3951,#104);
#73=LINE('',#3963,#105);
#74=LINE('',#3990,#106);
#75=LINE('',#4256,#107);
#76=LINE('',#4283,#108);
#77=LINE('',#4887,#109);
#78=LINE('',#4914,#110);
#79=LINE('',#5185,#111);
#80=LINE('',#5200,#112);
#81=LINE('',#5215,#113);
#82=LINE('',#6769,#114);
#83=LINE('',#6770,#115);
#84=LINE('',#6771,#116);
#85=LINE('',#6772,#117);
#86=LINE('',#6775,#118);
#87=LINE('',#6784,#119);
#88=LINE('',#6790,#120);
#89=LINE('',#6812,#121);
#90=LINE('',#6821,#122);
#91=LINE('',#6827,#123);
#92=LINE('',#6858,#124);
#93=LINE('',#6873,#125);
#94=LINE('',#6885,#126);
#95=LINE('',#8279,#127);
#96=LINE('',#8824,#128);
#97=LINE('',#8832,#129);
#98=LINE('',#9711,#130);
#99=LINE('',#9968,#131);
#100=LINE('',#9975,#132);
#101=LINE('',#9986,#133);
#102=VECTOR('',#1567,1.);
#103=VECTOR('',#1660,1.);
#104=VECTOR('',#1661,1.);
#105=VECTOR('',#1664,1.);
#106=VECTOR('',#1665,1.);
#107=VECTOR('',#1670,1.);
#108=VECTOR('',#1671,1.);
#109=VECTOR('',#1694,1.);
#110=VECTOR('',#1695,1.);
#111=VECTOR('',#1700,1.);
#112=VECTOR('',#1703,1.);
#113=VECTOR('',#1706,1.);
#114=VECTOR('',#1719,1.);
#115=VECTOR('',#1720,1.);
#116=VECTOR('',#1721,1.);
#117=VECTOR('',#1722,1.);
#118=VECTOR('',#1725,1.);
#119=VECTOR('',#1726,1.);
#120=VECTOR('',#1727,1.);
#121=VECTOR('',#1732,1.);
#122=VECTOR('',#1733,1.);
#123=VECTOR('',#1734,1.);
#124=VECTOR('',#1739,1.);
#125=VECTOR('',#1742,1.);
#126=VECTOR('',#1743,1.);
#127=VECTOR('',#1772,1.);
#128=VECTOR('',#1779,1.);
#129=VECTOR('',#1780,1.);
#130=VECTOR('',#1797,0.609599996469915);
#131=VECTOR('',#1804,0.635);
#132=VECTOR('',#1813,0.635);
#133=VECTOR('',#1828,0.609599996469915);
#134=PLANE('',#1440);
#135=PLANE('',#1446);
#136=PLANE('',#1451);
#137=PLANE('',#1473);
#138=PLANE('',#1486);
#139=PLANE('',#1487);
#140=PLANE('',#1489);
#141=PLANE('',#1499);
#142=PLANE('',#1500);
#143=PLANE('',#1502);
#144=PLANE('',#1503);
#145=PLANE('',#1504);
#146=PLANE('',#1510);
#147=PLANE('',#1511);
#148=PLANE('',#1512);
#149=PLANE('',#1513);
#150=PLANE('',#1514);
#151=PLANE('',#1515);
#152=PLANE('',#1516);
#153=PLANE('',#1533);
#154=PLANE('',#1534);
#155=PLANE('',#1538);
#156=PLANE('',#1546);
#157=PLANE('',#1550);
#158=PLANE('',#1551);
#159=PLANE('',#1552);
#160=FACE_BOUND('',#246,.T.);
#161=FACE_BOUND('',#248,.T.);
#162=FACE_BOUND('',#253,.T.);
#163=FACE_BOUND('',#255,.T.);
#164=FACE_BOUND('',#257,.T.);
#165=FACE_BOUND('',#261,.T.);
#166=FACE_BOUND('',#267,.T.);
#167=FACE_BOUND('',#282,.T.);
#168=FACE_BOUND('',#286,.T.);
#169=FACE_BOUND('',#288,.T.);
#170=FACE_BOUND('',#290,.T.);
#171=FACE_OUTER_BOUND('',#245,.T.);
#172=FACE_OUTER_BOUND('',#247,.T.);
#173=FACE_OUTER_BOUND('',#249,.T.);
#174=FACE_OUTER_BOUND('',#250,.T.);
#175=FACE_OUTER_BOUND('',#251,.T.);
#176=FACE_OUTER_BOUND('',#252,.T.);
#177=FACE_OUTER_BOUND('',#254,.T.);
#178=FACE_OUTER_BOUND('',#256,.T.);
#179=FACE_OUTER_BOUND('',#258,.T.);
#180=FACE_OUTER_BOUND('',#259,.T.);
#181=FACE_OUTER_BOUND('',#260,.T.);
#182=FACE_OUTER_BOUND('',#262,.T.);
#183=FACE_OUTER_BOUND('',#263,.T.);
#184=FACE_OUTER_BOUND('',#264,.T.);
#185=FACE_OUTER_BOUND('',#265,.T.);
#186=FACE_OUTER_BOUND('',#266,.T.);
#187=FACE_OUTER_BOUND('',#268,.T.);
#188=FACE_OUTER_BOUND('',#269,.T.);
#189=FACE_OUTER_BOUND('',#270,.T.);
#190=FACE_OUTER_BOUND('',#271,.T.);
#191=FACE_OUTER_BOUND('',#272,.T.);
#192=FACE_OUTER_BOUND('',#273,.T.);
#193=FACE_OUTER_BOUND('',#274,.T.);
#194=FACE_OUTER_BOUND('',#275,.T.);
#195=FACE_OUTER_BOUND('',#276,.T.);
#196=FACE_OUTER_BOUND('',#277,.T.);
#197=FACE_OUTER_BOUND('',#278,.T.);
#198=FACE_OUTER_BOUND('',#279,.T.);
#199=FACE_OUTER_BOUND('',#280,.T.);
#200=FACE_OUTER_BOUND('',#281,.T.);
#201=FACE_OUTER_BOUND('',#283,.T.);
#202=FACE_OUTER_BOUND('',#284,.T.);
#203=FACE_OUTER_BOUND('',#285,.T.);
#204=FACE_OUTER_BOUND('',#287,.T.);
#205=FACE_OUTER_BOUND('',#289,.T.);
#206=FACE_OUTER_BOUND('',#291,.T.);
#207=FACE_OUTER_BOUND('',#292,.T.);
#208=FACE_OUTER_BOUND('',#293,.T.);
#209=FACE_OUTER_BOUND('',#294,.T.);
#210=FACE_OUTER_BOUND('',#295,.T.);
#211=FACE_OUTER_BOUND('',#296,.T.);
#212=FACE_OUTER_BOUND('',#297,.T.);
#213=FACE_OUTER_BOUND('',#298,.T.);
#214=FACE_OUTER_BOUND('',#299,.T.);
#215=FACE_OUTER_BOUND('',#300,.T.);
#216=FACE_OUTER_BOUND('',#301,.T.);
#217=FACE_OUTER_BOUND('',#302,.T.);
#218=FACE_OUTER_BOUND('',#303,.T.);
#219=FACE_OUTER_BOUND('',#304,.T.);
#220=FACE_OUTER_BOUND('',#305,.T.);
#221=FACE_OUTER_BOUND('',#306,.T.);
#222=FACE_OUTER_BOUND('',#307,.T.);
#223=FACE_OUTER_BOUND('',#308,.T.);
#224=FACE_OUTER_BOUND('',#309,.T.);
#225=FACE_OUTER_BOUND('',#310,.T.);
#226=FACE_OUTER_BOUND('',#311,.T.);
#227=FACE_OUTER_BOUND('',#312,.T.);
#228=FACE_OUTER_BOUND('',#313,.T.);
#229=FACE_OUTER_BOUND('',#314,.T.);
#230=FACE_OUTER_BOUND('',#315,.T.);
#231=FACE_OUTER_BOUND('',#316,.T.);
#232=FACE_OUTER_BOUND('',#317,.T.);
#233=FACE_OUTER_BOUND('',#318,.T.);
#234=FACE_OUTER_BOUND('',#319,.T.);
#235=FACE_OUTER_BOUND('',#320,.T.);
#236=FACE_OUTER_BOUND('',#321,.T.);
#237=FACE_OUTER_BOUND('',#322,.T.);
#238=FACE_OUTER_BOUND('',#323,.T.);
#239=FACE_OUTER_BOUND('',#324,.T.);
#240=FACE_OUTER_BOUND('',#325,.T.);
#241=FACE_OUTER_BOUND('',#326,.T.);
#242=FACE_OUTER_BOUND('',#327,.T.);
#243=FACE_OUTER_BOUND('',#328,.T.);
#244=FACE_OUTER_BOUND('',#329,.T.);
#245=EDGE_LOOP('',(#887,#888,#889,#890,#891,#892,#893,#894,#895,#896,#897,
#898,#899,#900,#901,#902,#903,#904,#905,#906));
#246=EDGE_LOOP('',(#907,#908));
#247=EDGE_LOOP('',(#909,#910,#911,#912,#913,#914,#915,#916,#917,#918,#919,
#920,#921,#922,#923,#924,#925,#926,#927,#928,#929,#930,#931,#932,#933,#934,
#935,#936,#937,#938));
#248=EDGE_LOOP('',(#939,#940));
#249=EDGE_LOOP('',(#941,#942));
#250=EDGE_LOOP('',(#943,#944,#945));
#251=EDGE_LOOP('',(#946,#947,#948));
#252=EDGE_LOOP('',(#949,#950,#951,#952,#953,#954));
#253=EDGE_LOOP('',(#955,#956,#957,#958));
#254=EDGE_LOOP('',(#959,#960));
#255=EDGE_LOOP('',(#961,#962,#963,#964));
#256=EDGE_LOOP('',(#965,#966));
#257=EDGE_LOOP('',(#967,#968,#969,#970));
#258=EDGE_LOOP('',(#971,#972,#973,#974));
#259=EDGE_LOOP('',(#975,#976,#977,#978));
#260=EDGE_LOOP('',(#979,#980,#981,#982,#983,#984,#985,#986,#987));
#261=EDGE_LOOP('',(#988,#989));
#262=EDGE_LOOP('',(#990,#991,#992,#993,#994,#995,#996,#997,#998,#999,#1000));
#263=EDGE_LOOP('',(#1001,#1002,#1003,#1004,#1005,#1006,#1007,#1008,#1009,
#1010,#1011));
#264=EDGE_LOOP('',(#1012,#1013,#1014,#1015));
#265=EDGE_LOOP('',(#1016,#1017,#1018,#1019,#1020,#1021,#1022,#1023));
#266=EDGE_LOOP('',(#1024,#1025));
#267=EDGE_LOOP('',(#1026));
#268=EDGE_LOOP('',(#1027,#1028,#1029,#1030));
#269=EDGE_LOOP('',(#1031,#1032,#1033,#1034,#1035,#1036,#1037,#1038));
#270=EDGE_LOOP('',(#1039,#1040,#1041,#1042,#1043));
#271=EDGE_LOOP('',(#1044,#1045,#1046,#1047,#1048,#1049,#1050,#1051,#1052,
#1053,#1054));
#272=EDGE_LOOP('',(#1055,#1056,#1057,#1058,#1059));
#273=EDGE_LOOP('',(#1060,#1061,#1062,#1063,#1064,#1065,#1066));
#274=EDGE_LOOP('',(#1067,#1068,#1069,#1070,#1071,#1072,#1073));
#275=EDGE_LOOP('',(#1074,#1075,#1076,#1077,#1078));
#276=EDGE_LOOP('',(#1079,#1080,#1081,#1082,#1083,#1084,#1085));
#277=EDGE_LOOP('',(#1086,#1087,#1088,#1089));
#278=EDGE_LOOP('',(#1090,#1091,#1092,#1093,#1094));
#279=EDGE_LOOP('',(#1095,#1096,#1097,#1098));
#280=EDGE_LOOP('',(#1099,#1100,#1101,#1102,#1103,#1104,#1105,#1106));
#281=EDGE_LOOP('',(#1107,#1108));
#282=EDGE_LOOP('',(#1109,#1110,#1111,#1112));
#283=EDGE_LOOP('',(#1113,#1114,#1115,#1116,#1117,#1118,#1119));
#284=EDGE_LOOP('',(#1120,#1121,#1122,#1123,#1124));
#285=EDGE_LOOP('',(#1125,#1126,#1127,#1128,#1129,#1130));
#286=EDGE_LOOP('',(#1131));
#287=EDGE_LOOP('',(#1132,#1133,#1134,#1135,#1136,#1137));
#288=EDGE_LOOP('',(#1138,#1139,#1140,#1141));
#289=EDGE_LOOP('',(#1142,#1143,#1144,#1145,#1146,#1147));
#290=EDGE_LOOP('',(#1148));
#291=EDGE_LOOP('',(#1149,#1150,#1151,#1152,#1153));
#292=EDGE_LOOP('',(#1154,#1155,#1156,#1157,#1158));
#293=EDGE_LOOP('',(#1159,#1160,#1161,#1162,#1163));
#294=EDGE_LOOP('',(#1164,#1165,#1166,#1167,#1168));
#295=EDGE_LOOP('',(#1169,#1170,#1171,#1172));
#296=EDGE_LOOP('',(#1173,#1174,#1175,#1176,#1177,#1178,#1179,#1180,#1181));
#297=EDGE_LOOP('',(#1182,#1183,#1184,#1185,#1186,#1187,#1188,#1189,#1190,
#1191));
#298=EDGE_LOOP('',(#1192,#1193,#1194));
#299=EDGE_LOOP('',(#1195,#1196,#1197,#1198,#1199,#1200,#1201,#1202,#1203,
#1204));
#300=EDGE_LOOP('',(#1205,#1206,#1207));
#301=EDGE_LOOP('',(#1208,#1209,#1210));
#302=EDGE_LOOP('',(#1211,#1212,#1213,#1214,#1215,#1216,#1217,#1218,#1219,
#1220));
#303=EDGE_LOOP('',(#1221,#1222,#1223,#1224,#1225));
#304=EDGE_LOOP('',(#1226,#1227,#1228,#1229,#1230));
#305=EDGE_LOOP('',(#1231,#1232,#1233,#1234,#1235));
#306=EDGE_LOOP('',(#1236,#1237,#1238,#1239,#1240));
#307=EDGE_LOOP('',(#1241,#1242,#1243,#1244,#1245));
#308=EDGE_LOOP('',(#1246,#1247,#1248,#1249));
#309=EDGE_LOOP('',(#1250,#1251,#1252,#1253,#1254,#1255));
#310=EDGE_LOOP('',(#1256,#1257,#1258,#1259));
#311=EDGE_LOOP('',(#1260,#1261,#1262,#1263));
#312=EDGE_LOOP('',(#1264,#1265,#1266,#1267,#1268));
#313=EDGE_LOOP('',(#1269,#1270,#1271,#1272,#1273));
#314=EDGE_LOOP('',(#1274,#1275,#1276,#1277,#1278,#1279,#1280,#1281,#1282,
#1283));
#315=EDGE_LOOP('',(#1284,#1285,#1286));
#316=EDGE_LOOP('',(#1287,#1288,#1289,#1290,#1291));
#317=EDGE_LOOP('',(#1292,#1293,#1294,#1295));
#318=EDGE_LOOP('',(#1296,#1297,#1298,#1299));
#319=EDGE_LOOP('',(#1300,#1301,#1302,#1303,#1304,#1305,#1306,#1307,#1308));
#320=EDGE_LOOP('',(#1309,#1310,#1311,#1312,#1313,#1314));
#321=EDGE_LOOP('',(#1315,#1316,#1317,#1318));
#322=EDGE_LOOP('',(#1319,#1320,#1321,#1322,#1323));
#323=EDGE_LOOP('',(#1324));
#324=EDGE_LOOP('',(#1325,#1326,#1327,#1328));
#325=EDGE_LOOP('',(#1329));
#326=EDGE_LOOP('',(#1330));
#327=EDGE_LOOP('',(#1331));
#328=EDGE_LOOP('',(#1332,#1333,#1334,#1335,#1336));
#329=EDGE_LOOP('',(#1337,#1338,#1339,#1340));
#330=CIRCLE('',#1437,0.1143);
#331=CIRCLE('',#1438,0.1143);
#332=CIRCLE('',#1439,0.1143);
#333=CIRCLE('',#1441,0.200474814535195);
#334=CIRCLE('',#1442,0.200474814535195);
#335=CIRCLE('',#1443,0.200474814535195);
#336=CIRCLE('',#1444,0.127);
#337=CIRCLE('',#1445,0.127);
#338=CIRCLE('',#1447,0.200474814535195);
#339=CIRCLE('',#1448,0.200474814535195);
#340=CIRCLE('',#1449,0.127);
#341=CIRCLE('',#1450,0.127);
#342=CIRCLE('',#1452,0.200474814535195);
#343=CIRCLE('',#1453,0.200474814535195);
#344=CIRCLE('',#1454,0.127);
#345=CIRCLE('',#1455,0.127);
#346=CIRCLE('',#1456,0.127);
#347=CIRCLE('',#1457,4.10184940133352);
#348=CIRCLE('',#1458,0.127);
#349=CIRCLE('',#1459,0.127);
#350=CIRCLE('',#1460,4.10184940133352);
#351=CIRCLE('',#1461,0.127);
#352=CIRCLE('',#1462,0.127);
#353=CIRCLE('',#1463,4.10184940133351);
#354=CIRCLE('',#1464,4.10184940133351);
#355=CIRCLE('',#1465,0.127);
#356=CIRCLE('',#1466,4.10184940133351);
#357=CIRCLE('',#1467,4.10184940133351);
#358=CIRCLE('',#1468,0.127);
#359=CIRCLE('',#1469,3.97922751986641);
#360=CIRCLE('',#1470,0.200474814535195);
#361=CIRCLE('',#1471,4.17291088199521);
#362=CIRCLE('',#1472,0.200474814535195);
#363=CIRCLE('',#1474,3.97922751986641);
#364=CIRCLE('',#1475,4.17291088199521);
#365=CIRCLE('',#1476,0.200474814535195);
#366=CIRCLE('',#1477,0.200474814535195);
#367=CIRCLE('',#1478,0.200474814535195);
#368=CIRCLE('',#1479,3.97922751986641);
#369=CIRCLE('',#1480,4.17291088199521);
#370=CIRCLE('',#1481,0.200474814535195);
#371=CIRCLE('',#1482,3.97922751986641);
#372=CIRCLE('',#1483,0.200474814535195);
#373=CIRCLE('',#1484,0.200474814535195);
#374=CIRCLE('',#1485,0.953904839200302);
#375=CIRCLE('',#1488,1.27);
#376=CIRCLE('',#1490,1.27);
#377=CIRCLE('',#1491,1.27);
#378=CIRCLE('',#1492,3.97922751986641);
#379=CIRCLE('',#1493,0.200474814535195);
#380=CIRCLE('',#1494,4.17291088199521);
#381=CIRCLE('',#1495,0.200474814535195);
#382=CIRCLE('',#1496,0.200474814535195);
#383=CIRCLE('',#1497,0.200474814535195);
#384=CIRCLE('',#1498,0.200474814535195);
#385=CIRCLE('',#1501,1.27);
#386=CIRCLE('',#1505,0.953904839200302);
#387=CIRCLE('',#1506,0.953904839200302);
#388=CIRCLE('',#1507,1.27);
#389=CIRCLE('',#1508,0.953904839200302);
#390=CIRCLE('',#1509,0.953904839200302);
#391=CIRCLE('',#1517,0.953904839200302);
#392=CIRCLE('',#1518,3.97922751986641);
#393=CIRCLE('',#1519,0.953904839200302);
#394=CIRCLE('',#1520,3.97922751986641);
#395=CIRCLE('',#1521,1.27);
#396=CIRCLE('',#1522,1.27);
#397=CIRCLE('',#1523,1.27);
#398=CIRCLE('',#1524,3.97922751986641);
#399=CIRCLE('',#1526,1.27);
#400=CIRCLE('',#1528,1.27);
#401=CIRCLE('',#1531,3.97922751986641);
#402=CIRCLE('',#1532,0.953904839200302);
#403=CIRCLE('',#1535,0.953904839200302);
#404=CIRCLE('',#1536,3.97922751986641);
#405=CIRCLE('',#1537,0.953904839200302);
#406=CIRCLE('',#1540,0.58419999293983);
#407=CIRCLE('',#1541,0.58419999293983);
#408=CIRCLE('',#1542,0.635);
#409=CIRCLE('',#1543,0.635);
#410=CIRCLE('',#1545,0.635);
#411=CIRCLE('',#1548,0.635);
#412=CIRCLE('',#1549,0.635);
#413=CIRCLE('',#1553,0.635);
#414=CIRCLE('',#1555,0.58419999293983);
#415=CIRCLE('',#1556,0.58419999293983);
#416=B_SPLINE_CURVE_WITH_KNOTS('',3,(#1977,#1978,#1979,#1980,#1981,#1982,
#1983,#1984,#1985,#1986,#1987,#1988,#1989),.UNSPECIFIED.,.F.,.F.,(4,2,2,
2,3,4),(0.619967883993709,0.628034033887337,0.673003858340944,0.698477776856991,
0.723890296343108,0.735012658881012),.UNSPECIFIED.);
#417=B_SPLINE_CURVE_WITH_KNOTS('',3,(#1991,#1992,#1993,#1994,#1995,#1996,
#1997,#1998,#1999,#2000,#2001,#2002),.UNSPECIFIED.,.F.,.F.,(4,2,2,2,2,4),
(0.27655712541821,0.283978299470468,0.341759269824314,0.407134376092756,
0.472248548852595,0.558224713609641),.UNSPECIFIED.);
#418=B_SPLINE_CURVE_WITH_KNOTS('',3,(#2004,#2005,#2006,#2007,#2008,#2009,
#2010,#2011,#2012),.UNSPECIFIED.,.F.,.F.,(4,1,1,1,1,1,4),(0.124582695578121,
0.142295918373082,0.160082908169717,0.177869897966353,0.213443877559623,
0.231230867356258,0.249017857152894),.UNSPECIFIED.);
#419=B_SPLINE_CURVE_WITH_KNOTS('',3,(#2014,#2015,#2016,#2017,#2018,#2019,
#2020,#2021,#2022,#2023,#2024,#2025,#2026,#2027,#2028,#2029),
 .UNSPECIFIED.,.F.,.F.,(4,3,3,3,3,4),(1.42847864996207,1.53130471663546,
1.63413078330885,1.64698404164302,1.73695684998223,1.74132979015277),
 .UNSPECIFIED.);
#420=B_SPLINE_CURVE_WITH_KNOTS('',3,(#2032,#2033,#2034,#2035,#2036,#2037,
#2038),.UNSPECIFIED.,.F.,.F.,(4,1,1,1,4),(1.11571384241014,1.12000044994192,
1.2228265166153,1.32565258328869,1.42847864996207),.UNSPECIFIED.);
#421=B_SPLINE_CURVE_WITH_KNOTS('',3,(#2040,#2041,#2042,#2043,#2044,#2045,
#2046,#2047,#2048,#2049),.UNSPECIFIED.,.F.,.F.,(4,2,2,2,4),(0.,0.0927245835012612,
0.16634227085823,0.228158890646383,0.27655712541821),.UNSPECIFIED.);
#422=B_SPLINE_CURVE_WITH_KNOTS('',3,(#2050,#2051,#2052,#2053,#2054,#2055,
#2056,#2057,#2058,#2059),.UNSPECIFIED.,.F.,.F.,(4,2,2,2,4),(0.0111223625379036,
0.0441464114690255,0.088426232352301,0.133231523901502,0.135979775797909),
 .UNSPECIFIED.);
#423=B_SPLINE_CURVE_WITH_KNOTS('',3,(#2061,#2062,#2063,#2064,#2065,#2066,
#2067),.UNSPECIFIED.,.F.,.F.,(4,1,1,1,4),(0.00348527265295959,0.0355739795932705,
0.071147959186541,0.106721938779812,0.120137281632739),.UNSPECIFIED.);
#424=B_SPLINE_CURVE_WITH_KNOTS('',3,(#2069,#2070,#2071,#2072,#2073,#2074,
#2075,#2076,#2077,#2078,#2079,#2080),.UNSPECIFIED.,.F.,.F.,(4,2,2,2,2,4),
(0.148580651250606,0.151075843048886,0.202476888772055,0.24864229532781,
0.290946684525231,0.300915639758431),.UNSPECIFIED.);
#425=B_SPLINE_CURVE_WITH_KNOTS('',3,(#2082,#2083,#2084,#2085),
 .UNSPECIFIED.,.F.,.F.,(4,4),(0.,0.0592920192437447),.UNSPECIFIED.);
#426=B_SPLINE_CURVE_WITH_KNOTS('',3,(#2087,#2088,#2089,#2090),
 .UNSPECIFIED.,.F.,.F.,(4,4),(-1.3098142881593,-1.2486106183698),
 .UNSPECIFIED.);
#427=B_SPLINE_CURVE_WITH_KNOTS('',3,(#2092,#2093,#2094,#2095,#2096,#2097,
#2098,#2099,#2100,#2101),.UNSPECIFIED.,.F.,.F.,(4,3,3,4),(-1.2486106183698,
-1.2228265166153,-1.12000044994191,-1.11571384469311),.UNSPECIFIED.);
#428=B_SPLINE_CURVE_WITH_KNOTS('',3,(#2103,#2104,#2105,#2106),
 .UNSPECIFIED.,.F.,.F.,(4,4),(-1.11571384469311,-1.02154732343905),
 .UNSPECIFIED.);
#429=B_SPLINE_CURVE_WITH_KNOTS('',3,(#2108,#2109,#2110,#2111,#2112,#2113,
#2114,#2115,#2116,#2117,#2118,#2119,#2120),.UNSPECIFIED.,.F.,.F.,(4,3,3,
3,4),(-1.02154732343905,-1.01717438326853,-0.927201574929313,-0.91434831659514,
-0.888650820805901),.UNSPECIFIED.);
#430=B_SPLINE_CURVE_WITH_KNOTS('',3,(#2122,#2123,#2124,#2125),
 .UNSPECIFIED.,.F.,.F.,(4,4),(-0.888650820805901,-0.817790083016155),
 .UNSPECIFIED.);
#431=B_SPLINE_CURVE_WITH_KNOTS('',3,(#2127,#2128,#2129,#2130),
 .UNSPECIFIED.,.F.,.F.,(4,4),(0.,0.0530463648357458),.UNSPECIFIED.);
#432=B_SPLINE_CURVE_WITH_KNOTS('',3,(#2131,#2132,#2133,#2134,#2135,#2136,
#2137,#2138,#2139,#2140),.UNSPECIFIED.,.F.,.F.,(4,2,2,2,4),(0.300915639758431,
0.33157881089256,0.37360501490205,0.419572115304806,0.446682832226139),
 .UNSPECIFIED.);
#433=B_SPLINE_CURVE_WITH_KNOTS('',3,(#2143,#2144,#2145,#2146,#2147,#2148,
#2149,#2150,#2151,#2152,#2153,#2154,#2155,#2156,#2157,#2158,#2159,#2160,
#2161,#2162,#2163,#2164,#2165,#2166,#2167,#2168,#2169,#2170),
 .UNSPECIFIED.,.F.,.F.,(4,2,2,2,2,2,2,2,2,2,2,2,2,4),(0.00814203042733025,
0.0149876229710124,0.0312981489829737,0.0756640404716931,0.186491114197418,
0.254438814565282,0.304004290848239,0.348191660324819,0.397264515465554,
0.464728361107554,0.521377613987677,0.539524788540324,0.54898494435574,
0.549586790154132),.UNSPECIFIED.);
#434=B_SPLINE_CURVE_WITH_KNOTS('',3,(#2171,#2172,#2173,#2174,#2175,#2176,
#2177,#2178,#2179,#2180,#2181,#2182,#2183,#2184,#2185,#2186,#2187,#2188,
#2189,#2190,#2191,#2192,#2193,#2194,#2195,#2196,#2197,#2198,#2199,#2200,
#2201,#2202,#2203,#2204,#2205,#2206,#2207),.UNSPECIFIED.,.F.,.F.,(4,2,2,
2,2,2,2,2,2,2,2,2,2,2,2,3,2,4),(0.549586790154132,0.556322376554332,0.563798223118821,
0.574075901065838,0.593399514453075,0.648966457402493,0.721448823807443,
0.780237490445081,0.8383732667069,0.90889445118701,1.01101668484247,1.11850783064679,
1.1519928334434,1.16371976249521,1.1687681853506,1.17355372451433,1.17995329118149,
1.18169575494166),.UNSPECIFIED.);
#435=B_SPLINE_CURVE_WITH_KNOTS('',3,(#2599,#2600,#2601,#2602,#2603,#2604,
#2605,#2606,#2607,#2608),.UNSPECIFIED.,.F.,.F.,(4,2,2,2,4),(0.015607578125013,
0.0930235366350645,0.160158338910808,0.211489845053817,0.224209087326653),
 .UNSPECIFIED.);
#436=B_SPLINE_CURVE_WITH_KNOTS('',3,(#2609,#2610,#2611,#2612),
 .UNSPECIFIED.,.F.,.F.,(4,4),(-0.410679099714216,0.410679119643296),
 .UNSPECIFIED.);
#437=B_SPLINE_CURVE_WITH_KNOTS('',3,(#2613,#2614,#2615,#2616,#2617,#2618,
#2619,#2620,#2621,#2622,#2623,#2624),.UNSPECIFIED.,.F.,.F.,(4,2,2,2,2,4),
(0.224209087326653,0.256492170183122,0.302739151323077,0.357953313471813,
0.413019864740032,0.464745851930015),.UNSPECIFIED.);
#438=B_SPLINE_CURVE_WITH_KNOTS('',3,(#2626,#2627,#2628,#2629,#2630,#2631,
#2632),.UNSPECIFIED.,.F.,.F.,(4,3,4),(0.958439573064443,0.97317920918676,
0.993951102159439),.UNSPECIFIED.);
#439=B_SPLINE_CURVE_WITH_KNOTS('',3,(#2634,#2635,#2636,#2637,#2638,#2639,
#2640,#2641,#2642,#2643,#2644,#2645,#2646,#2647,#2648,#2649,#2650,#2651,
#2652,#2653,#2654,#2655,#2656,#2657,#2658,#2659,#2660,#2661,#2662,#2663,
#2664,#2665,#2666,#2667,#2668,#2669,#2670,#2671,#2672),.UNSPECIFIED.,.F.,
 .F.,(4,2,2,2,2,2,2,2,2,2,2,2,2,2,2,2,3,2,4),(0.672725686965111,0.689928257528207,
0.707063931661873,0.733873393531684,0.777982637664497,0.852053559361187,
0.945451974059092,0.991511570392927,1.02321404872693,1.05179086097644,1.08575000017401,
1.13842755526136,1.23515746959009,1.31099339722944,1.34505085985411,1.36052886521008,
1.37419211648248,1.39268248825132,1.39865939024144),.UNSPECIFIED.);
#440=B_SPLINE_CURVE_WITH_KNOTS('',3,(#2674,#2675,#2676,#2677,#2678,#2679,
#2680,#2681,#2682,#2683,#2684,#2685,#2686,#2687,#2688,#2689,#2690,#2691,
#2692,#2693,#2694,#2695,#2696,#2697,#2698,#2699,#2700,#2701,#2702,#2703,
#2704),.UNSPECIFIED.,.F.,.F.,(4,3,3,3,3,3,3,3,3,3,4),(0.716687191418184,
0.731792091840088,0.74967261905046,0.767553146260832,0.785433673471204,
0.803314200681576,0.821194727891948,0.839075255102321,0.856955782312693,
0.865896045917879,0.878430309573335),.UNSPECIFIED.);
#441=B_SPLINE_CURVE_WITH_KNOTS('',3,(#2706,#2707,#2708,#2709,#2710,#2711,
#2712,#2713,#2714,#2715,#2716,#2717,#2718,#2719,#2720,#2721,#2722,#2723,
#2724,#2725,#2726,#2727,#2728,#2729,#2730,#2731,#2732,#2733),
 .UNSPECIFIED.,.F.,.F.,(4,3,3,3,3,3,3,3,3,4),(0.539533535588394,0.550595886653676,
0.577099695323155,0.593116372296227,0.598555371800175,0.625252929984408,
0.644395787980199,0.670490226072463,0.688039281003475,0.697173070965582),
 .UNSPECIFIED.);
#442=B_SPLINE_CURVE_WITH_KNOTS('',3,(#2735,#2736,#2737,#2738,#2739,#2740,
#2741,#2742,#2743,#2744,#2745,#2746,#2747,#2748,#2749,#2750,#2751,#2752,
#2753,#2754,#2755,#2756,#2757,#2758,#2759,#2760,#2761,#2762,#2763,#2764),
 .UNSPECIFIED.,.F.,.F.,(4,2,2,2,2,2,2,2,2,2,2,2,2,2,4),(0.,0.148645035820219,
0.44301087980264,0.640609521287078,0.781231910871986,0.915175835141094,
1.09045161283944,1.46310834374833,1.79408384261135,1.86508519456721,1.91954221460494,
1.9830359936946,2.11739812583191,2.33002002928859,2.62013858573108),
 .UNSPECIFIED.);
#443=B_SPLINE_CURVE_WITH_KNOTS('',3,(#2766,#2767,#2768,#2769,#2770,#2771,
#2772,#2773,#2774,#2775),.UNSPECIFIED.,.F.,.F.,(4,3,3,4),(0.0558172073945165,
0.0820134177289056,0.0869615049461031,0.103968443285216),.UNSPECIFIED.);
#444=B_SPLINE_CURVE_WITH_KNOTS('',3,(#2777,#2778,#2779,#2780,#2781,#2782,
#2783,#2784,#2785,#2786,#2787),.UNSPECIFIED.,.F.,.F.,(4,1,1,1,1,1,1,1,4),
(0.496286981222934,0.499345238101929,0.517225765312574,0.53510629252322,
0.552986819733865,0.570867346944511,0.588747874155156,0.606628401365801,
0.606815197351332),.UNSPECIFIED.);
#445=B_SPLINE_CURVE_WITH_KNOTS('',3,(#2789,#2790,#2791,#2792,#2793,#2794,
#2795,#2796,#2797,#2798,#2799,#2800,#2801,#2802,#2803,#2804,#2805,#2806,
#2807),.UNSPECIFIED.,.F.,.F.,(4,3,3,3,3,3,4),(0.555694075187679,0.575256118343493,
0.59813066415737,0.624621766147111,0.643038489989086,0.669162340417772,
0.679255493809695),.UNSPECIFIED.);
#446=B_SPLINE_CURVE_WITH_KNOTS('',3,(#2809,#2810,#2811,#2812,#2813,#2814,
#2815,#2816,#2817,#2818,#2819,#2820,#2821,#2822,#2823,#2824),
 .UNSPECIFIED.,.F.,.F.,(4,2,2,2,2,2,2,4),(0.835368615239923,0.841710402799675,
0.856180344333472,0.871357774032343,0.894345586087295,0.943920101232186,
1.11883062875559,2.01103937260069),.UNSPECIFIED.);
#447=B_SPLINE_CURVE_WITH_KNOTS('',3,(#2826,#2827,#2828,#2829,#2830,#2831,
#2832,#2833,#2834,#2835,#2836,#2837,#2838),.UNSPECIFIED.,.F.,.F.,(4,1,1,
1,1,1,1,1,1,1,4),(0.249017857152894,0.275838647968862,0.30265943878483,
0.329480229600798,0.342890625008782,0.356301020416766,0.383121811232734,
0.409942602048702,0.43676339286467,0.463584183680638,0.480209677887827),
 .UNSPECIFIED.);
#448=B_SPLINE_CURVE_WITH_KNOTS('',3,(#2842,#2843,#2844,#2845,#2846,#2847,
#2848,#2849,#2850,#2851),.UNSPECIFIED.,.F.,.F.,(4,2,2,2,4),(0.,0.659164611568663,
0.792231393568767,0.823399061167437,0.835368615239923),.UNSPECIFIED.);
#449=B_SPLINE_CURVE_WITH_KNOTS('',3,(#2852,#2853,#2854,#2855,#2856,#2857,
#2858,#2859,#2860,#2861,#2862,#2863,#2864,#2865,#2866,#2867,#2868,#2869,
#2870,#2871,#2872,#2873),.UNSPECIFIED.,.F.,.F.,(4,3,3,3,3,3,3,4),(0.679255493809695,
0.68627659315472,0.710538500851207,0.734913899703224,0.761616110843288,
0.779286306648751,0.783090215708254,0.793578770025797),.UNSPECIFIED.);
#450=B_SPLINE_CURVE_WITH_KNOTS('',3,(#2875,#2876,#2877,#2878,#2879,#2880,
#2881),.UNSPECIFIED.,.F.,.F.,(4,3,4),(0.0198893086774535,0.0439305832368897,
0.0558172073945165),.UNSPECIFIED.);
#451=B_SPLINE_CURVE_WITH_KNOTS('',3,(#2883,#2884,#2885,#2886,#2887,#2888,
#2889,#2890,#2891,#2892,#2893,#2894,#2895,#2896,#2897,#2898,#2899,#2900,
#2901,#2902,#2903,#2904,#2905,#2906,#2907,#2908,#2909,#2910,#2911,#2912),
 .UNSPECIFIED.,.F.,.F.,(4,2,2,2,2,2,2,2,2,2,2,2,2,2,4),(0.,0.496945495120416,
0.707904686886504,0.784571648600987,0.842183226056055,0.908160959581493,
1.04225965744872,1.46936660843655,1.80600022589696,1.97375948099379,2.11114700668812,
2.2649792342642,2.50143106172696,2.73217151834249,3.16689599332457),
 .UNSPECIFIED.);
#452=B_SPLINE_CURVE_WITH_KNOTS('',3,(#2913,#2914,#2915,#2916,#2917,#2918,
#2919,#2920,#2921,#2922,#2923,#2924,#2925,#2926,#2927,#2928,#2929,#2930,
#2931,#2932,#2933,#2934),.UNSPECIFIED.,.F.,.F.,(4,3,3,3,3,3,3,4),(0.697173070965582,
0.712149181376962,0.736321659695788,0.762827807303258,0.779937647646584,
0.801149337386945,0.825664839330645,0.84845381516665),.UNSPECIFIED.);
#453=B_SPLINE_CURVE_WITH_KNOTS('',3,(#2935,#2936,#2937,#2938,#2939,#2940,
#2941,#2942,#2943,#2944,#2945,#2946,#2947,#2948,#2949,#2950,#2951,#2952,
#2953,#2954,#2955,#2956,#2957,#2958,#2959,#2960,#2961,#2962,#2963,#2964,
#2965,#2966,#2967,#2968),.UNSPECIFIED.,.F.,.F.,(4,2,2,2,2,2,2,2,2,2,2,2,
2,2,2,2,4),(0.0244672737589592,0.0360913126145251,0.0579751307044077,0.0894190999244797,
0.138309404734235,0.232321304084068,0.295994522864716,0.331975194264234,
0.358446096609614,0.384333868871167,0.417882496452289,0.474254437614954,
0.576606612864894,0.623296385880651,0.652280609695718,0.672560454015198,
0.672725686965111),.UNSPECIFIED.);
#454=B_SPLINE_CURVE_WITH_KNOTS('',3,(#2971,#2972,#2973,#2974,#2975,#2976,
#2977,#2978,#2979,#2980,#2981,#2982,#2983,#2984,#2985,#2986,#2987,#2988,
#2989,#2990,#2991,#2992,#2993,#2994),.UNSPECIFIED.,.F.,.F.,(4,2,2,2,2,2,
2,2,2,2,2,4),(0.248897509972953,0.258325723287975,0.308228751885463,0.426725736429357,
0.472625540581584,0.501398782509028,0.526924482357451,0.557728752340214,
0.610398428902699,0.704899709746704,0.766460346372488,0.771008377820669),
 .UNSPECIFIED.);
#455=B_SPLINE_CURVE_WITH_KNOTS('',3,(#2995,#2996,#2997,#2998,#2999,#3000,
#3001,#3002,#3003,#3004,#3005,#3006,#3007,#3008,#3009,#3010,#3011,#3012,
#3013,#3014,#3015,#3016,#3017,#3018,#3019,#3020,#3021,#3022,#3023,#3024,
#3025,#3026,#3027,#3028,#3029,#3030,#3031,#3032,#3033,#3034,#3035,#3036,
#3037,#3038,#3039,#3040,#3041,#3042,#3043),.UNSPECIFIED.,.F.,.F.,(4,2,2,
2,2,2,2,2,2,2,2,2,3,2,2,2,2,2,2,2,2,2,2,4),(0.771008377820669,0.775597770601106,
0.779420646352393,0.781904551897901,0.784143700048656,0.786865132456195,
0.79168607591756,0.803641370079603,0.850407313948159,0.969670999457665,
1.01498148301059,1.04312526672505,1.06289788760298,1.09003717009793,1.13257324268975,
1.2194917152736,1.27894248476586,1.29061513644975,1.29515132520736,1.29802833426216,
1.30056433998473,1.30353710508316,1.30862886467791,1.31179539757594),
 .UNSPECIFIED.);
#456=B_SPLINE_CURVE_WITH_KNOTS('',3,(#3088,#3089,#3090,#3091),
 .UNSPECIFIED.,.F.,.F.,(4,4),(0.249017857152894,0.249313883024993),
 .UNSPECIFIED.);
#457=B_SPLINE_CURVE_WITH_KNOTS('',3,(#3123,#3124,#3125,#3126,#3127,#3128,
#3129,#3130,#3131,#3132,#3133,#3134),.UNSPECIFIED.,.F.,.F.,(4,2,2,2,2,4),
(-1.94572666870432,-1.8202624424123,-1.67914900496341,-1.32701210611826,
-0.650959721061236,-0.0494014403433611),.UNSPECIFIED.);
#458=B_SPLINE_CURVE_WITH_KNOTS('',3,(#3138,#3139,#3140,#3141,#3142,#3143),
 .UNSPECIFIED.,.F.,.F.,(4,2,4),(-3.48446459893736,-1.09396600932637,-0.0105873742993453),
 .UNSPECIFIED.);
#459=B_SPLINE_CURVE_WITH_KNOTS('',3,(#3381,#3382,#3383,#3384,#3385,#3386),
 .UNSPECIFIED.,.F.,.F.,(4,2,4),(0.,1.55326990572972,3.12624920887012),
 .UNSPECIFIED.);
#460=B_SPLINE_CURVE_WITH_KNOTS('',3,(#3389,#3390,#3391,#3392,#3393,#3394),
 .UNSPECIFIED.,.F.,.F.,(4,2,4),(0.00239991779710152,1.5509888785782,3.12248124208958),
 .UNSPECIFIED.);
#461=B_SPLINE_CURVE_WITH_KNOTS('',3,(#3395,#3396,#3397,#3398),
 .UNSPECIFIED.,.F.,.F.,(4,4),(0.00305638988312612,0.00890892542091073),
 .UNSPECIFIED.);
#462=B_SPLINE_CURVE_WITH_KNOTS('',3,(#3461,#3462,#3463,#3464,#3465,#3466),
 .UNSPECIFIED.,.F.,.F.,(4,2,4),(0.,1.55326990572971,3.12624920887011),
 .UNSPECIFIED.);
#463=B_SPLINE_CURVE_WITH_KNOTS('',3,(#3471,#3472,#3473,#3474,#3475,#3476),
 .UNSPECIFIED.,.F.,.F.,(4,2,4),(0.00239991779710286,1.5509888785782,3.12248124208958),
 .UNSPECIFIED.);
#464=B_SPLINE_CURVE_WITH_KNOTS('',3,(#3477,#3478,#3479,#3480),
 .UNSPECIFIED.,.F.,.F.,(4,4),(0.00305638988312349,0.00890892542091159),
 .UNSPECIFIED.);
#465=B_SPLINE_CURVE_WITH_KNOTS('',3,(#3544,#3545,#3546,#3547,#3548,#3549),
 .UNSPECIFIED.,.F.,.F.,(4,2,4),(0.,1.55326990572971,3.10931156262457),
 .UNSPECIFIED.);
#466=B_SPLINE_CURVE_WITH_KNOTS('',3,(#3554,#3555,#3556,#3557,#3558,#3559),
 .UNSPECIFIED.,.F.,.F.,(4,2,4),(0.,1.5509888785782,3.10312882603462),
 .UNSPECIFIED.);
#467=B_SPLINE_CURVE_WITH_KNOTS('',3,(#3561,#3562,#3563,#3564),
 .UNSPECIFIED.,.F.,.F.,(4,4),(0.00239988273453178,0.0191692702562141),
 .UNSPECIFIED.);
#468=B_SPLINE_CURVE_WITH_KNOTS('',3,(#3566,#3567,#3568,#3569),
 .UNSPECIFIED.,.F.,.F.,(4,4),(0.00305638988312525,0.00890892542091067),
 .UNSPECIFIED.);
#469=B_SPLINE_CURVE_WITH_KNOTS('',3,(#3570,#3571,#3572,#3573),
 .UNSPECIFIED.,.F.,.F.,(4,4),(0.,0.0167693855977268),.UNSPECIFIED.);
#470=B_SPLINE_CURVE_WITH_KNOTS('',3,(#3890,#3891,#3892,#3893,#3894,#3895,
#3896,#3897,#3898,#3899,#3900,#3901,#3902,#3903,#3904,#3905),
 .UNSPECIFIED.,.F.,.F.,(4,2,2,2,2,2,2,4),(-6.02949642066374,-5.02125929725015,
-3.8401445207135,-1.70393580472864,-1.06066535177918,-0.664988340578122,
-0.318458140187696,-0.00622950877172031),.UNSPECIFIED.);
#471=B_SPLINE_CURVE_WITH_KNOTS('',3,(#3908,#3909,#3910,#3911,#3912,#3913),
 .UNSPECIFIED.,.F.,.F.,(4,2,4),(-0.815664443836772,-0.2581058387675,0.),
 .UNSPECIFIED.);
#472=B_SPLINE_CURVE_WITH_KNOTS('',3,(#3916,#3917,#3918,#3919,#3920,#3921,
#3922,#3923),.UNSPECIFIED.,.F.,.F.,(4,2,2,4),(-1.85579658603848,-1.01607464804681,
-0.452471117398013,0.),.UNSPECIFIED.);
#473=B_SPLINE_CURVE_WITH_KNOTS('',3,(#3926,#3927,#3928,#3929,#3930,#3931,
#3932,#3933),.UNSPECIFIED.,.F.,.F.,(4,2,2,4),(-1.86187978072765,-1.01607464804681,
-0.452471117398013,0.),.UNSPECIFIED.);
#474=B_SPLINE_CURVE_WITH_KNOTS('',3,(#3935,#3936,#3937,#3938,#3939,#3940,
#3941,#3942,#3943,#3944,#3945,#3946,#3947,#3948,#3949,#3950),
 .UNSPECIFIED.,.F.,.F.,(4,2,2,2,2,2,2,4),(-6.02949642066374,-5.02125929725015,
-3.8401445207135,-1.70393580472864,-1.06066535177918,-0.664988340578122,
-0.318458140187696,0.),.UNSPECIFIED.);
#475=B_SPLINE_CURVE_WITH_KNOTS('',3,(#3954,#3955,#3956,#3957,#3958,#3959,
#3960,#3961),.UNSPECIFIED.,.F.,.F.,(4,2,2,4),(-1.85579658603528,-1.0160746480455,
-0.452471117398025,0.),.UNSPECIFIED.);
#476=B_SPLINE_CURVE_WITH_KNOTS('',3,(#3964,#3965,#3966,#3967,#3968,#3969,
#3970,#3971),.UNSPECIFIED.,.F.,.F.,(4,2,2,4),(-1.86187978072444,-1.0160746480455,
-0.452471117398025,0.),.UNSPECIFIED.);
#477=B_SPLINE_CURVE_WITH_KNOTS('',3,(#3973,#3974,#3975,#3976,#3977,#3978,
#3979,#3980,#3981,#3982,#3983,#3984,#3985,#3986,#3987,#3988),
 .UNSPECIFIED.,.F.,.F.,(4,2,2,2,2,2,2,4),(-6.02949642066349,-5.02125929724994,
-3.84014452071335,-1.70393580472858,-1.06066535177914,-0.664988340578109,
-0.318458140187696,0.),.UNSPECIFIED.);
#478=B_SPLINE_CURVE_WITH_KNOTS('',3,(#3991,#3992,#3993,#3994,#3995,#3996,
#3997,#3998,#3999,#4000,#4001,#4002,#4003,#4004,#4005,#4006),
 .UNSPECIFIED.,.F.,.F.,(4,2,2,2,2,2,2,4),(-6.02949642066349,-5.02125929724994,
-3.84014452071335,-1.70393580472858,-1.06066535177914,-0.664988340578109,
-0.318458140187696,-0.00622950877171952),.UNSPECIFIED.);
#479=B_SPLINE_CURVE_WITH_KNOTS('',3,(#4233,#4234,#4235,#4236,#4237,#4238),
 .UNSPECIFIED.,.F.,.F.,(4,2,4),(-3.48685873309507,-1.09267570220456,-0.0105873855439511),
 .UNSPECIFIED.);
#480=B_SPLINE_CURVE_WITH_KNOTS('',3,(#4240,#4241,#4242,#4243),
 .UNSPECIFIED.,.F.,.F.,(4,4),(-0.538658773664213,-0.0506353132189507),
 .UNSPECIFIED.);
#481=B_SPLINE_CURVE_WITH_KNOTS('',3,(#4247,#4248,#4249,#4250,#4251,#4252,
#4253,#4254),.UNSPECIFIED.,.F.,.F.,(4,2,2,4),(-1.85581086411074,-1.01610067883734,
-0.452480352325013,0.),.UNSPECIFIED.);
#482=B_SPLINE_CURVE_WITH_KNOTS('',3,(#4257,#4258,#4259,#4260,#4261,#4262,
#4263,#4264),.UNSPECIFIED.,.F.,.F.,(4,2,2,4),(-1.86189405929169,-1.01610067883734,
-0.452480352325013,0.),.UNSPECIFIED.);
#483=B_SPLINE_CURVE_WITH_KNOTS('',3,(#4266,#4267,#4268,#4269,#4270,#4271,
#4272,#4273,#4274,#4275,#4276,#4277,#4278,#4279,#4280,#4281),
 .UNSPECIFIED.,.F.,.F.,(4,2,2,2,2,2,2,4),(-6.02897280384158,-5.02088111839764,
-3.8399864144002,-1.70395501408963,-1.06066235480107,-0.664987612578768,
-0.318457985129299,0.),.UNSPECIFIED.);
#484=B_SPLINE_CURVE_WITH_KNOTS('',3,(#4284,#4285,#4286,#4287,#4288,#4289,
#4290,#4291,#4292,#4293,#4294,#4295,#4296,#4297,#4298,#4299),
 .UNSPECIFIED.,.F.,.F.,(4,2,2,2,2,2,2,4),(-6.02897280384158,-5.02088111839764,
-3.8399864144002,-1.70395501408963,-1.06066235480107,-0.664987612578768,
-0.318457985129299,-0.00622950877092909),.UNSPECIFIED.);
#485=B_SPLINE_CURVE_WITH_KNOTS('',3,(#4778,#4779,#4780,#4781,#4782,#4783),
 .UNSPECIFIED.,.F.,.F.,(4,2,4),(-3.48685873309074,-1.09267570220454,-0.0105873855439522),
 .UNSPECIFIED.);
#486=B_SPLINE_CURVE_WITH_KNOTS('',3,(#4785,#4786,#4787,#4788),
 .UNSPECIFIED.,.F.,.F.,(4,4),(-0.538658773664212,-0.0506353132189508),
 .UNSPECIFIED.);
#487=B_SPLINE_CURVE_WITH_KNOTS('',3,(#4854,#4855,#4856,#4857,#4858,#4859),
 .UNSPECIFIED.,.F.,.F.,(4,2,4),(0.,1.55326990572971,3.12624920887011),
 .UNSPECIFIED.);
#488=B_SPLINE_CURVE_WITH_KNOTS('',3,(#4865,#4866,#4867,#4868,#4869,#4870),
 .UNSPECIFIED.,.F.,.F.,(4,2,4),(0.00239991779710215,1.5509888785782,3.12248124208958),
 .UNSPECIFIED.);
#489=B_SPLINE_CURVE_WITH_KNOTS('',3,(#4871,#4872,#4873,#4874),
 .UNSPECIFIED.,.F.,.F.,(4,4),(0.00305638988312481,0.00890892542091071),
 .UNSPECIFIED.);
#490=B_SPLINE_CURVE_WITH_KNOTS('',3,(#4878,#4879,#4880,#4881,#4882,#4883,
#4884,#4885),.UNSPECIFIED.,.F.,.F.,(4,2,2,4),(-1.8557948861652,-1.01607154906102,
-0.452470017947785,0.),.UNSPECIFIED.);
#491=B_SPLINE_CURVE_WITH_KNOTS('',3,(#4888,#4889,#4890,#4891,#4892,#4893,
#4894,#4895),.UNSPECIFIED.,.F.,.F.,(4,2,2,4),(-1.86187808079552,-1.01607154906102,
-0.452470017947785,0.),.UNSPECIFIED.);
#492=B_SPLINE_CURVE_WITH_KNOTS('',3,(#4897,#4898,#4899,#4900,#4901,#4902,
#4903,#4904,#4905,#4906,#4907,#4908,#4909,#4910,#4911,#4912),
 .UNSPECIFIED.,.F.,.F.,(4,2,2,2,2,2,2,4),(-6.02954450343742,-5.02129402393132,
-3.84015903846314,-1.70393404165791,-1.06066562682306,-0.664988407388872,
-0.318458154417353,0.),.UNSPECIFIED.);
#493=B_SPLINE_CURVE_WITH_KNOTS('',3,(#4915,#4916,#4917,#4918,#4919,#4920,
#4921,#4922,#4923,#4924,#4925,#4926,#4927,#4928,#4929,#4930),
 .UNSPECIFIED.,.F.,.F.,(4,2,2,2,2,2,2,4),(-6.02954450343742,-5.02129402393132,
-3.84015903846314,-1.70393404165791,-1.06066562682306,-0.664988407388872,
-0.318458154417353,-0.00622950877179219),.UNSPECIFIED.);
#494=B_SPLINE_CURVE_WITH_KNOTS('',3,(#5157,#5158,#5159,#5160,#5161,#5162,
#5163,#5164),.UNSPECIFIED.,.F.,.F.,(4,2,2,4),(-2.29084823354245,-1.85656421164117,
-1.08239447057056,-0.0105874761493184),.UNSPECIFIED.);
#495=B_SPLINE_CURVE_WITH_KNOTS('',3,(#5166,#5167,#5168,#5169),
 .UNSPECIFIED.,.F.,.F.,(4,4),(-0.538658773664334,-0.0506353132189517),
 .UNSPECIFIED.);
#496=B_SPLINE_CURVE_WITH_KNOTS('',3,(#5173,#5174,#5175,#5176,#5177,#5178,
#5179,#5180,#5181,#5182,#5183,#5184),.UNSPECIFIED.,.F.,.F.,(4,2,2,2,2,4),
(-0.917309694063628,-0.86371015988985,-0.80361592802055,-0.690089139750489,
-0.471975557595175,-0.046477564285718),.UNSPECIFIED.);
#497=B_SPLINE_CURVE_WITH_KNOTS('',3,(#5188,#5189,#5190,#5191,#5192,#5193,
#5194,#5195,#5196,#5197,#5198,#5199),.UNSPECIFIED.,.F.,.F.,(4,2,2,2,2,4),
(-0.917309694071749,-0.863710159896056,-0.803615928024591,-0.690089139752624,
-0.471975557596939,-0.046477564285756),.UNSPECIFIED.);
#498=B_SPLINE_CURVE_WITH_KNOTS('',3,(#5203,#5204,#5205,#5206,#5207,#5208,
#5209,#5210,#5211,#5212,#5213,#5214),.UNSPECIFIED.,.F.,.F.,(4,2,2,2,2,4),
(-1.60643411320313,-1.53321943003137,-1.45086268509153,-1.24604610882227,
-0.707538305715719,-0.0500399681614265),.UNSPECIFIED.);
#499=B_SPLINE_CURVE_WITH_KNOTS('',3,(#5569,#5570,#5571,#5572,#5573,#5574),
 .UNSPECIFIED.,.F.,.F.,(4,2,4),(-0.817258564545686,-0.260318781511469,0.),
 .UNSPECIFIED.);
#500=B_SPLINE_CURVE_WITH_KNOTS('',3,(#5892,#5893,#5894,#5895,#5896,#5897),
 .UNSPECIFIED.,.F.,.F.,(4,2,4),(-0.817258564545685,-0.260318781511468,0.),
 .UNSPECIFIED.);
#501=B_SPLINE_CURVE_WITH_KNOTS('',3,(#6124,#6125,#6126,#6127),
 .UNSPECIFIED.,.F.,.F.,(4,4),(-0.538658773664253,-0.050635313218951),
 .UNSPECIFIED.);
#502=B_SPLINE_CURVE_WITH_KNOTS('',3,(#6446,#6447,#6448,#6449,#6450,#6451),
 .UNSPECIFIED.,.F.,.F.,(4,2,4),(-0.822140443723215,-0.439353312542763,0.),
 .UNSPECIFIED.);
#503=B_SPLINE_CURVE_WITH_KNOTS('',3,(#6777,#6778,#6779,#6780,#6781,#6782),
 .UNSPECIFIED.,.F.,.F.,(4,2,4),(-0.817258564545685,-0.260318781511468,0.),
 .UNSPECIFIED.);
#504=B_SPLINE_CURVE_WITH_KNOTS('',3,(#6786,#6787,#6788,#6789),
 .UNSPECIFIED.,.F.,.F.,(4,4),(-0.538658773664213,-0.0506353132189507),
 .UNSPECIFIED.);
#505=B_SPLINE_CURVE_WITH_KNOTS('',3,(#6792,#6793,#6794,#6795,#6796,#6797,
#6798,#6799,#6800,#6801,#6802,#6803),.UNSPECIFIED.,.F.,.F.,(4,2,2,2,2,4),
(-0.919125881785503,-0.86371015988985,-0.80361592802055,-0.690089139750489,
-0.471975557595175,-0.046477564285718),.UNSPECIFIED.);
#506=B_SPLINE_CURVE_WITH_KNOTS('',3,(#6804,#6805,#6806,#6807,#6808,#6809),
 .UNSPECIFIED.,.F.,.F.,(4,2,4),(-3.48685873309507,-1.09267570220456,0.),
 .UNSPECIFIED.);
#507=B_SPLINE_CURVE_WITH_KNOTS('',3,(#6814,#6815,#6816,#6817,#6818,#6819),
 .UNSPECIFIED.,.F.,.F.,(4,2,4),(-0.817258564545686,-0.260318781511469,0.),
 .UNSPECIFIED.);
#508=B_SPLINE_CURVE_WITH_KNOTS('',3,(#6823,#6824,#6825,#6826),
 .UNSPECIFIED.,.F.,.F.,(4,4),(-0.538658773664212,-0.0506353132189508),
 .UNSPECIFIED.);
#509=B_SPLINE_CURVE_WITH_KNOTS('',3,(#6829,#6830,#6831,#6832,#6833,#6834,
#6835,#6836,#6837,#6838,#6839,#6840),.UNSPECIFIED.,.F.,.F.,(4,2,2,2,2,4),
(-0.919125881793689,-0.863710159896056,-0.803615928024591,-0.690089139752624,
-0.471975557596939,-0.046477564285756),.UNSPECIFIED.);
#510=B_SPLINE_CURVE_WITH_KNOTS('',3,(#6841,#6842,#6843,#6844,#6845,#6846),
 .UNSPECIFIED.,.F.,.F.,(4,2,4),(-3.48685873309074,-1.09267570220454,0.),
 .UNSPECIFIED.);
#511=B_SPLINE_CURVE_WITH_KNOTS('',3,(#6849,#6850,#6851,#6852,#6853,#6854,
#6855,#6856),.UNSPECIFIED.,.F.,.F.,(4,2,2,4),(-2.29084823354245,-1.85656421164117,
-1.08239447057056,0.),.UNSPECIFIED.);
#512=B_SPLINE_CURVE_WITH_KNOTS('',3,(#6859,#6860,#6861,#6862,#6863,#6864,
#6865,#6866,#6867,#6868,#6869,#6870),.UNSPECIFIED.,.F.,.F.,(4,2,2,2,2,4),
(-1.60865788554174,-1.53321943003137,-1.45086268509153,-1.24604610882227,
-0.707538305715719,-0.0500399681614265),.UNSPECIFIED.);
#513=B_SPLINE_CURVE_WITH_KNOTS('',3,(#6874,#6875,#6876,#6877,#6878,#6879),
 .UNSPECIFIED.,.F.,.F.,(4,2,4),(-0.822140443723215,-0.439353312542763,0.),
 .UNSPECIFIED.);
#514=B_SPLINE_CURVE_WITH_KNOTS('',3,(#6881,#6882,#6883,#6884),
 .UNSPECIFIED.,.F.,.F.,(4,4),(-0.538658773664334,-0.0506353132189517),
 .UNSPECIFIED.);
#515=B_SPLINE_CURVE_WITH_KNOTS('',3,(#8262,#8263,#8264,#8265),
 .UNSPECIFIED.,.F.,.F.,(4,4),(-0.538658773664253,-0.050635313218951),
 .UNSPECIFIED.);
#516=B_SPLINE_CURVE_WITH_KNOTS('',3,(#8266,#8267,#8268,#8269,#8270,#8271),
 .UNSPECIFIED.,.F.,.F.,(4,2,4),(-3.48446459893736,-1.09396600932637,0.),
 .UNSPECIFIED.);
#517=B_SPLINE_CURVE_WITH_KNOTS('',3,(#8826,#8827,#8828,#8829,#8830,#8831),
 .UNSPECIFIED.,.F.,.F.,(4,2,4),(-0.815664443836772,-0.2581058387675,0.),
 .UNSPECIFIED.);
#518=B_SPLINE_CURVE_WITH_KNOTS('',3,(#8834,#8835,#8836,#8837,#8838,#8839,
#8840,#8841,#8842,#8843,#8844,#8845),.UNSPECIFIED.,.F.,.F.,(4,2,2,2,2,4),
(-1.9497966310008,-1.8202624424123,-1.67914900496341,-1.32701210611826,
-0.650959721061236,-0.0494014403433611),.UNSPECIFIED.);
#519=VERTEX_POINT('',#1975);
#520=VERTEX_POINT('',#1976);
#521=VERTEX_POINT('',#1990);
#522=VERTEX_POINT('',#2003);
#523=VERTEX_POINT('',#2013);
#524=VERTEX_POINT('',#2030);
#525=VERTEX_POINT('',#2039);
#526=VERTEX_POINT('',#2060);
#527=VERTEX_POINT('',#2068);
#528=VERTEX_POINT('',#2081);
#529=VERTEX_POINT('',#2086);
#530=VERTEX_POINT('',#2091);
#531=VERTEX_POINT('',#2102);
#532=VERTEX_POINT('',#2107);
#533=VERTEX_POINT('',#2121);
#534=VERTEX_POINT('',#2126);
#535=VERTEX_POINT('',#2141);
#536=VERTEX_POINT('',#2142);
#537=VERTEX_POINT('',#2598);
#538=VERTEX_POINT('',#2625);
#539=VERTEX_POINT('',#2633);
#540=VERTEX_POINT('',#2673);
#541=VERTEX_POINT('',#2705);
#542=VERTEX_POINT('',#2734);
#543=VERTEX_POINT('',#2765);
#544=VERTEX_POINT('',#2776);
#545=VERTEX_POINT('',#2788);
#546=VERTEX_POINT('',#2808);
#547=VERTEX_POINT('',#2825);
#548=VERTEX_POINT('',#2841);
#549=VERTEX_POINT('',#2874);
#550=VERTEX_POINT('',#2882);
#551=VERTEX_POINT('',#2969);
#552=VERTEX_POINT('',#2970);
#553=VERTEX_POINT('',#3121);
#554=VERTEX_POINT('',#3122);
#555=VERTEX_POINT('',#3135);
#556=VERTEX_POINT('',#3137);
#557=VERTEX_POINT('',#3144);
#558=VERTEX_POINT('',#3146);
#559=VERTEX_POINT('',#3149);
#560=VERTEX_POINT('',#3153);
#561=VERTEX_POINT('',#3154);
#562=VERTEX_POINT('',#3157);
#563=VERTEX_POINT('',#3161);
#564=VERTEX_POINT('',#3162);
#565=VERTEX_POINT('',#3165);
#566=VERTEX_POINT('',#3195);
#567=VERTEX_POINT('',#3253);
#568=VERTEX_POINT('',#3255);
#569=VERTEX_POINT('',#3287);
#570=VERTEX_POINT('',#3318);
#571=VERTEX_POINT('',#3348);
#572=VERTEX_POINT('',#3350);
#573=VERTEX_POINT('',#3380);
#574=VERTEX_POINT('',#3388);
#575=VERTEX_POINT('',#3427);
#576=VERTEX_POINT('',#3429);
#577=VERTEX_POINT('',#3459);
#578=VERTEX_POINT('',#3460);
#579=VERTEX_POINT('',#3468);
#580=VERTEX_POINT('',#3470);
#581=VERTEX_POINT('',#3508);
#582=VERTEX_POINT('',#3510);
#583=VERTEX_POINT('',#3512);
#584=VERTEX_POINT('',#3542);
#585=VERTEX_POINT('',#3543);
#586=VERTEX_POINT('',#3551);
#587=VERTEX_POINT('',#3553);
#588=VERTEX_POINT('',#3560);
#589=VERTEX_POINT('',#3565);
#590=VERTEX_POINT('',#3889);
#591=VERTEX_POINT('',#3906);
#592=VERTEX_POINT('',#3915);
#593=VERTEX_POINT('',#3924);
#594=VERTEX_POINT('',#3934);
#595=VERTEX_POINT('',#3953);
#596=VERTEX_POINT('',#3962);
#597=VERTEX_POINT('',#3972);
#598=VERTEX_POINT('',#3989);
#599=VERTEX_POINT('',#4232);
#600=VERTEX_POINT('',#4239);
#601=VERTEX_POINT('',#4246);
#602=VERTEX_POINT('',#4255);
#603=VERTEX_POINT('',#4265);
#604=VERTEX_POINT('',#4282);
#605=VERTEX_POINT('',#4525);
#606=VERTEX_POINT('',#4777);
#607=VERTEX_POINT('',#4784);
#608=VERTEX_POINT('',#4817);
#609=VERTEX_POINT('',#4818);
#610=VERTEX_POINT('',#4820);
#611=VERTEX_POINT('',#4822);
#612=VERTEX_POINT('',#4852);
#613=VERTEX_POINT('',#4853);
#614=VERTEX_POINT('',#4862);
#615=VERTEX_POINT('',#4864);
#616=VERTEX_POINT('',#4877);
#617=VERTEX_POINT('',#4886);
#618=VERTEX_POINT('',#4896);
#619=VERTEX_POINT('',#4913);
#620=VERTEX_POINT('',#5156);
#621=VERTEX_POINT('',#5165);
#622=VERTEX_POINT('',#5172);
#623=VERTEX_POINT('',#5187);
#624=VERTEX_POINT('',#5202);
#625=VERTEX_POINT('',#5531);
#626=VERTEX_POINT('',#5567);
#627=VERTEX_POINT('',#5890);
#628=VERTEX_POINT('',#6123);
#629=VERTEX_POINT('',#6444);
#630=VERTEX_POINT('',#6774);
#631=VERTEX_POINT('',#6776);
#632=VERTEX_POINT('',#6783);
#633=VERTEX_POINT('',#6785);
#634=VERTEX_POINT('',#6811);
#635=VERTEX_POINT('',#6813);
#636=VERTEX_POINT('',#6820);
#637=VERTEX_POINT('',#6822);
#638=VERTEX_POINT('',#6848);
#639=VERTEX_POINT('',#6857);
#640=VERTEX_POINT('',#6872);
#641=VERTEX_POINT('',#6880);
#642=VERTEX_POINT('',#7201);
#643=VERTEX_POINT('',#7781);
#644=VERTEX_POINT('',#8259);
#645=VERTEX_POINT('',#8261);
#646=VERTEX_POINT('',#8823);
#647=VERTEX_POINT('',#8825);
#648=VERTEX_POINT('',#9706);
#649=VERTEX_POINT('',#9707);
#650=VERTEX_POINT('',#9710);
#651=VERTEX_POINT('',#9712);
#652=VERTEX_POINT('',#9940);
#653=VERTEX_POINT('',#9967);
#654=VERTEX_POINT('',#9972);
#655=VERTEX_POINT('',#9974);
#656=VERTEX_POINT('',#9980);
#657=VERTEX_POINT('',#9983);
#658=VERTEX_POINT('',#9984);
#659=VERTEX_POINT('',#10213);
#660=EDGE_CURVE('',#519,#520,#416,.T.);
#661=EDGE_CURVE('',#521,#519,#417,.T.);
#662=EDGE_CURVE('',#521,#522,#418,.T.);
#663=EDGE_CURVE('',#522,#523,#419,.T.);
#664=EDGE_CURVE('',#524,#523,#330,.T.);
#665=EDGE_CURVE('',#524,#522,#420,.T.);
#666=EDGE_CURVE('',#525,#521,#421,.T.);
#667=EDGE_CURVE('',#520,#525,#422,.T.);
#668=EDGE_CURVE('',#526,#520,#423,.T.);
#669=EDGE_CURVE('',#527,#526,#424,.T.);
#670=EDGE_CURVE('',#528,#527,#425,.T.);
#671=EDGE_CURVE('',#528,#529,#426,.T.);
#672=EDGE_CURVE('',#529,#530,#427,.T.);
#673=EDGE_CURVE('',#530,#531,#428,.T.);
#674=EDGE_CURVE('',#531,#532,#429,.T.);
#675=EDGE_CURVE('',#532,#533,#430,.T.);
#676=EDGE_CURVE('',#534,#533,#431,.T.);
#677=EDGE_CURVE('',#526,#534,#432,.T.);
#678=EDGE_CURVE('',#535,#536,#433,.T.);
#679=EDGE_CURVE('',#536,#535,#434,.T.);
#680=EDGE_CURVE('',#533,#537,#435,.T.);
#681=EDGE_CURVE('',#531,#530,#436,.T.);
#682=EDGE_CURVE('',#537,#528,#437,.T.);
#683=EDGE_CURVE('',#538,#537,#438,.T.);
#684=EDGE_CURVE('',#539,#538,#439,.T.);
#685=EDGE_CURVE('',#540,#539,#440,.T.);
#686=EDGE_CURVE('',#541,#540,#441,.T.);
#687=EDGE_CURVE('',#542,#541,#442,.T.);
#688=EDGE_CURVE('',#543,#542,#443,.T.);
#689=EDGE_CURVE('',#544,#543,#444,.T.);
#690=EDGE_CURVE('',#545,#544,#445,.T.);
#691=EDGE_CURVE('',#546,#545,#446,.T.);
#692=EDGE_CURVE('',#547,#546,#447,.T.);
#693=EDGE_CURVE('',#547,#524,#331,.T.);
#694=EDGE_CURVE('',#523,#547,#332,.T.);
#695=EDGE_CURVE('',#548,#546,#448,.T.);
#696=EDGE_CURVE('',#544,#548,#449,.T.);
#697=EDGE_CURVE('',#549,#543,#450,.T.);
#698=EDGE_CURVE('',#550,#549,#451,.T.);
#699=EDGE_CURVE('',#540,#550,#452,.T.);
#700=EDGE_CURVE('',#538,#539,#453,.T.);
#701=EDGE_CURVE('',#551,#552,#454,.T.);
#702=EDGE_CURVE('',#552,#551,#455,.T.);
#703=EDGE_CURVE('',#522,#547,#456,.T.);
#704=EDGE_CURVE('',#553,#554,#457,.T.);
#705=EDGE_CURVE('',#554,#555,#70,.T.);
#706=EDGE_CURVE('',#555,#556,#458,.T.);
#707=EDGE_CURVE('',#556,#557,#333,.T.);
#708=EDGE_CURVE('',#557,#558,#334,.T.);
#709=EDGE_CURVE('',#558,#553,#335,.T.);
#710=EDGE_CURVE('',#525,#559,#336,.T.);
#711=EDGE_CURVE('',#559,#519,#337,.T.);
#712=EDGE_CURVE('',#560,#561,#338,.T.);
#713=EDGE_CURVE('',#561,#560,#339,.T.);
#714=EDGE_CURVE('',#548,#562,#340,.T.);
#715=EDGE_CURVE('',#562,#545,#341,.T.);
#716=EDGE_CURVE('',#563,#564,#342,.T.);
#717=EDGE_CURVE('',#564,#563,#343,.T.);
#718=EDGE_CURVE('',#550,#565,#344,.T.);
#719=EDGE_CURVE('',#565,#541,#345,.T.);
#720=EDGE_CURVE('',#566,#549,#346,.T.);
#721=EDGE_CURVE('',#566,#565,#347,.T.);
#722=EDGE_CURVE('',#542,#566,#348,.T.);
#723=EDGE_CURVE('',#567,#527,#349,.T.);
#724=EDGE_CURVE('',#568,#567,#350,.T.);
#725=EDGE_CURVE('',#568,#568,#351,.T.);
#726=EDGE_CURVE('',#534,#567,#352,.T.);
#727=EDGE_CURVE('',#559,#535,#353,.T.);
#728=EDGE_CURVE('',#536,#569,#354,.T.);
#729=EDGE_CURVE('',#569,#569,#355,.T.);
#730=EDGE_CURVE('',#552,#562,#356,.T.);
#731=EDGE_CURVE('',#570,#551,#357,.T.);
#732=EDGE_CURVE('',#570,#570,#358,.T.);
#733=EDGE_CURVE('',#557,#571,#359,.T.);
#734=EDGE_CURVE('',#572,#571,#360,.T.);
#735=EDGE_CURVE('',#558,#572,#361,.T.);
#736=EDGE_CURVE('',#553,#573,#459,.T.);
#737=EDGE_CURVE('',#571,#572,#362,.T.);
#738=EDGE_CURVE('',#574,#556,#460,.T.);
#739=EDGE_CURVE('',#573,#574,#461,.T.);
#740=EDGE_CURVE('',#575,#561,#363,.T.);
#741=EDGE_CURVE('',#576,#560,#364,.T.);
#742=EDGE_CURVE('',#575,#576,#365,.T.);
#743=EDGE_CURVE('',#577,#578,#462,.T.);
#744=EDGE_CURVE('',#576,#577,#366,.T.);
#745=EDGE_CURVE('',#579,#575,#367,.T.);
#746=EDGE_CURVE('',#580,#579,#463,.T.);
#747=EDGE_CURVE('',#578,#580,#464,.T.);
#748=EDGE_CURVE('',#581,#564,#368,.T.);
#749=EDGE_CURVE('',#582,#563,#369,.T.);
#750=EDGE_CURVE('',#583,#582,#370,.T.);
#751=EDGE_CURVE('',#583,#581,#371,.T.);
#752=EDGE_CURVE('',#584,#585,#465,.T.);
#753=EDGE_CURVE('',#582,#584,#372,.T.);
#754=EDGE_CURVE('',#586,#583,#373,.T.);
#755=EDGE_CURVE('',#587,#586,#466,.T.);
#756=EDGE_CURVE('',#588,#587,#467,.T.);
#757=EDGE_CURVE('',#589,#588,#468,.T.);
#758=EDGE_CURVE('',#585,#589,#469,.T.);
#759=EDGE_CURVE('',#590,#573,#470,.T.);
#760=EDGE_CURVE('',#590,#591,#374,.T.);
#761=EDGE_CURVE('',#554,#591,#471,.T.);
#762=EDGE_CURVE('',#574,#592,#472,.T.);
#763=EDGE_CURVE('',#592,#593,#71,.T.);
#764=EDGE_CURVE('',#571,#593,#473,.T.);
#765=EDGE_CURVE('',#594,#571,#474,.T.);
#766=EDGE_CURVE('',#590,#594,#72,.T.);
#767=EDGE_CURVE('',#580,#595,#475,.T.);
#768=EDGE_CURVE('',#595,#596,#73,.T.);
#769=EDGE_CURVE('',#561,#596,#476,.T.);
#770=EDGE_CURVE('',#597,#561,#477,.T.);
#771=EDGE_CURVE('',#598,#597,#74,.T.);
#772=EDGE_CURVE('',#598,#578,#478,.T.);
#773=EDGE_CURVE('',#599,#579,#479,.T.);
#774=EDGE_CURVE('',#600,#599,#480,.T.);
#775=EDGE_CURVE('',#595,#600,#375,.T.);
#776=EDGE_CURVE('',#588,#601,#481,.T.);
#777=EDGE_CURVE('',#601,#602,#75,.T.);
#778=EDGE_CURVE('',#564,#602,#482,.T.);
#779=EDGE_CURVE('',#603,#564,#483,.T.);
#780=EDGE_CURVE('',#604,#603,#76,.T.);
#781=EDGE_CURVE('',#604,#589,#484,.T.);
#782=EDGE_CURVE('',#605,#587,#29,.T.);
#783=EDGE_CURVE('',#601,#605,#376,.T.);
#784=EDGE_CURVE('',#606,#586,#485,.T.);
#785=EDGE_CURVE('',#607,#606,#486,.T.);
#786=EDGE_CURVE('',#605,#607,#377,.T.);
#787=EDGE_CURVE('',#608,#609,#378,.T.);
#788=EDGE_CURVE('',#610,#609,#379,.T.);
#789=EDGE_CURVE('',#611,#610,#380,.T.);
#790=EDGE_CURVE('',#608,#611,#381,.T.);
#791=EDGE_CURVE('',#612,#613,#487,.T.);
#792=EDGE_CURVE('',#611,#612,#382,.T.);
#793=EDGE_CURVE('',#609,#610,#383,.T.);
#794=EDGE_CURVE('',#614,#608,#384,.T.);
#795=EDGE_CURVE('',#615,#614,#488,.T.);
#796=EDGE_CURVE('',#613,#615,#489,.T.);
#797=EDGE_CURVE('',#615,#616,#490,.T.);
#798=EDGE_CURVE('',#616,#617,#77,.T.);
#799=EDGE_CURVE('',#609,#617,#491,.T.);
#800=EDGE_CURVE('',#618,#609,#492,.T.);
#801=EDGE_CURVE('',#619,#618,#78,.T.);
#802=EDGE_CURVE('',#619,#613,#493,.T.);
#803=EDGE_CURVE('',#620,#614,#494,.T.);
#804=EDGE_CURVE('',#621,#620,#495,.T.);
#805=EDGE_CURVE('',#616,#621,#385,.T.);
#806=EDGE_CURVE('',#577,#622,#496,.T.);
#807=EDGE_CURVE('',#622,#599,#79,.T.);
#808=EDGE_CURVE('',#584,#623,#497,.T.);
#809=EDGE_CURVE('',#623,#606,#80,.T.);
#810=EDGE_CURVE('',#612,#624,#498,.T.);
#811=EDGE_CURVE('',#624,#620,#81,.T.);
#812=EDGE_CURVE('',#625,#585,#30,.T.);
#813=EDGE_CURVE('',#625,#626,#386,.T.);
#814=EDGE_CURVE('',#623,#626,#499,.T.);
#815=EDGE_CURVE('',#598,#627,#387,.T.);
#816=EDGE_CURVE('',#622,#627,#500,.T.);
#817=EDGE_CURVE('',#628,#555,#501,.T.);
#818=EDGE_CURVE('',#592,#628,#388,.T.);
#819=EDGE_CURVE('',#619,#629,#389,.T.);
#820=EDGE_CURVE('',#624,#629,#502,.T.);
#821=EDGE_CURVE('',#604,#625,#390,.T.);
#822=EDGE_CURVE('',#627,#590,#82,.T.);
#823=EDGE_CURVE('',#626,#598,#83,.T.);
#824=EDGE_CURVE('',#629,#604,#84,.T.);
#825=EDGE_CURVE('',#591,#619,#85,.T.);
#826=EDGE_CURVE('',#630,#594,#86,.T.);
#827=EDGE_CURVE('',#631,#630,#503,.T.);
#828=EDGE_CURVE('',#631,#632,#87,.T.);
#829=EDGE_CURVE('',#633,#632,#504,.T.);
#830=EDGE_CURVE('',#600,#633,#88,.T.);
#831=EDGE_CURVE('',#575,#631,#505,.T.);
#832=EDGE_CURVE('',#632,#575,#506,.T.);
#833=EDGE_CURVE('',#634,#597,#89,.T.);
#834=EDGE_CURVE('',#635,#634,#507,.T.);
#835=EDGE_CURVE('',#635,#636,#90,.T.);
#836=EDGE_CURVE('',#637,#636,#508,.T.);
#837=EDGE_CURVE('',#607,#637,#91,.T.);
#838=EDGE_CURVE('',#583,#635,#509,.T.);
#839=EDGE_CURVE('',#636,#583,#510,.T.);
#840=EDGE_CURVE('',#638,#608,#511,.T.);
#841=EDGE_CURVE('',#639,#638,#92,.T.);
#842=EDGE_CURVE('',#608,#639,#512,.T.);
#843=EDGE_CURVE('',#640,#603,#93,.T.);
#844=EDGE_CURVE('',#639,#640,#513,.T.);
#845=EDGE_CURVE('',#641,#638,#514,.T.);
#846=EDGE_CURVE('',#621,#641,#94,.T.);
#847=EDGE_CURVE('',#642,#634,#391,.T.);
#848=EDGE_CURVE('',#642,#581,#31,.T.);
#849=EDGE_CURVE('',#583,#581,#392,.T.);
#850=EDGE_CURVE('',#597,#630,#393,.T.);
#851=EDGE_CURVE('',#575,#561,#394,.T.);
#852=EDGE_CURVE('',#643,#581,#32,.T.);
#853=EDGE_CURVE('',#643,#637,#395,.T.);
#854=EDGE_CURVE('',#596,#633,#396,.T.);
#855=EDGE_CURVE('',#593,#644,#397,.T.);
#856=EDGE_CURVE('',#644,#645,#515,.T.);
#857=EDGE_CURVE('',#645,#557,#516,.T.);
#858=EDGE_CURVE('',#557,#571,#398,.T.);
#859=EDGE_CURVE('',#617,#641,#399,.T.);
#860=EDGE_CURVE('',#602,#643,#400,.T.);
#861=EDGE_CURVE('',#628,#644,#95,.T.);
#862=EDGE_CURVE('',#608,#609,#401,.T.);
#863=EDGE_CURVE('',#618,#640,#402,.T.);
#864=EDGE_CURVE('',#646,#618,#96,.T.);
#865=EDGE_CURVE('',#647,#646,#517,.T.);
#866=EDGE_CURVE('',#647,#645,#97,.T.);
#867=EDGE_CURVE('',#557,#647,#518,.T.);
#868=EDGE_CURVE('',#594,#646,#403,.T.);
#869=EDGE_CURVE('',#581,#564,#404,.T.);
#870=EDGE_CURVE('',#603,#642,#405,.T.);
#871=EDGE_CURVE('',#648,#649,#406,.T.);
#872=EDGE_CURVE('',#649,#648,#407,.T.);
#873=EDGE_CURVE('',#649,#650,#98,.T.);
#874=EDGE_CURVE('',#650,#651,#408,.T.);
#875=EDGE_CURVE('',#651,#650,#409,.T.);
#876=EDGE_CURVE('',#648,#652,#33,.T.);
#877=EDGE_CURVE('',#651,#653,#99,.T.);
#878=EDGE_CURVE('',#653,#653,#410,.T.);
#879=EDGE_CURVE('',#654,#654,#411,.T.);
#880=EDGE_CURVE('',#654,#655,#100,.T.);
#881=EDGE_CURVE('',#655,#655,#412,.T.);
#882=EDGE_CURVE('',#656,#656,#413,.T.);
#883=EDGE_CURVE('',#657,#658,#414,.T.);
#884=EDGE_CURVE('',#658,#656,#101,.T.);
#885=EDGE_CURVE('',#658,#657,#415,.T.);
#886=EDGE_CURVE('',#657,#659,#34,.T.);
#887=ORIENTED_EDGE('',*,*,#660,.F.);
#888=ORIENTED_EDGE('',*,*,#661,.F.);
#889=ORIENTED_EDGE('',*,*,#662,.T.);
#890=ORIENTED_EDGE('',*,*,#663,.T.);
#891=ORIENTED_EDGE('',*,*,#664,.F.);
#892=ORIENTED_EDGE('',*,*,#665,.T.);
#893=ORIENTED_EDGE('',*,*,#662,.F.);
#894=ORIENTED_EDGE('',*,*,#666,.F.);
#895=ORIENTED_EDGE('',*,*,#667,.F.);
#896=ORIENTED_EDGE('',*,*,#668,.F.);
#897=ORIENTED_EDGE('',*,*,#669,.F.);
#898=ORIENTED_EDGE('',*,*,#670,.F.);
#899=ORIENTED_EDGE('',*,*,#671,.T.);
#900=ORIENTED_EDGE('',*,*,#672,.T.);
#901=ORIENTED_EDGE('',*,*,#673,.T.);
#902=ORIENTED_EDGE('',*,*,#674,.T.);
#903=ORIENTED_EDGE('',*,*,#675,.T.);
#904=ORIENTED_EDGE('',*,*,#676,.F.);
#905=ORIENTED_EDGE('',*,*,#677,.F.);
#906=ORIENTED_EDGE('',*,*,#668,.T.);
#907=ORIENTED_EDGE('',*,*,#678,.F.);
#908=ORIENTED_EDGE('',*,*,#679,.F.);
#909=ORIENTED_EDGE('',*,*,#680,.F.);
#910=ORIENTED_EDGE('',*,*,#675,.F.);
#911=ORIENTED_EDGE('',*,*,#674,.F.);
#912=ORIENTED_EDGE('',*,*,#681,.T.);
#913=ORIENTED_EDGE('',*,*,#672,.F.);
#914=ORIENTED_EDGE('',*,*,#671,.F.);
#915=ORIENTED_EDGE('',*,*,#682,.F.);
#916=ORIENTED_EDGE('',*,*,#683,.F.);
#917=ORIENTED_EDGE('',*,*,#684,.F.);
#918=ORIENTED_EDGE('',*,*,#685,.F.);
#919=ORIENTED_EDGE('',*,*,#686,.F.);
#920=ORIENTED_EDGE('',*,*,#687,.F.);
#921=ORIENTED_EDGE('',*,*,#688,.F.);
#922=ORIENTED_EDGE('',*,*,#689,.F.);
#923=ORIENTED_EDGE('',*,*,#690,.F.);
#924=ORIENTED_EDGE('',*,*,#691,.F.);
#925=ORIENTED_EDGE('',*,*,#692,.F.);
#926=ORIENTED_EDGE('',*,*,#693,.T.);
#927=ORIENTED_EDGE('',*,*,#664,.T.);
#928=ORIENTED_EDGE('',*,*,#694,.T.);
#929=ORIENTED_EDGE('',*,*,#692,.T.);
#930=ORIENTED_EDGE('',*,*,#695,.F.);
#931=ORIENTED_EDGE('',*,*,#696,.F.);
#932=ORIENTED_EDGE('',*,*,#689,.T.);
#933=ORIENTED_EDGE('',*,*,#697,.F.);
#934=ORIENTED_EDGE('',*,*,#698,.F.);
#935=ORIENTED_EDGE('',*,*,#699,.F.);
#936=ORIENTED_EDGE('',*,*,#685,.T.);
#937=ORIENTED_EDGE('',*,*,#700,.F.);
#938=ORIENTED_EDGE('',*,*,#683,.T.);
#939=ORIENTED_EDGE('',*,*,#701,.F.);
#940=ORIENTED_EDGE('',*,*,#702,.F.);
#941=ORIENTED_EDGE('',*,*,#681,.F.);
#942=ORIENTED_EDGE('',*,*,#673,.F.);
#943=ORIENTED_EDGE('',*,*,#665,.F.);
#944=ORIENTED_EDGE('',*,*,#693,.F.);
#945=ORIENTED_EDGE('',*,*,#703,.F.);
#946=ORIENTED_EDGE('',*,*,#663,.F.);
#947=ORIENTED_EDGE('',*,*,#703,.T.);
#948=ORIENTED_EDGE('',*,*,#694,.F.);
#949=ORIENTED_EDGE('',*,*,#704,.T.);
#950=ORIENTED_EDGE('',*,*,#705,.T.);
#951=ORIENTED_EDGE('',*,*,#706,.T.);
#952=ORIENTED_EDGE('',*,*,#707,.T.);
#953=ORIENTED_EDGE('',*,*,#708,.T.);
#954=ORIENTED_EDGE('',*,*,#709,.T.);
#955=ORIENTED_EDGE('',*,*,#660,.T.);
#956=ORIENTED_EDGE('',*,*,#667,.T.);
#957=ORIENTED_EDGE('',*,*,#710,.T.);
#958=ORIENTED_EDGE('',*,*,#711,.T.);
#959=ORIENTED_EDGE('',*,*,#712,.T.);
#960=ORIENTED_EDGE('',*,*,#713,.T.);
#961=ORIENTED_EDGE('',*,*,#690,.T.);
#962=ORIENTED_EDGE('',*,*,#696,.T.);
#963=ORIENTED_EDGE('',*,*,#714,.T.);
#964=ORIENTED_EDGE('',*,*,#715,.T.);
#965=ORIENTED_EDGE('',*,*,#716,.T.);
#966=ORIENTED_EDGE('',*,*,#717,.T.);
#967=ORIENTED_EDGE('',*,*,#686,.T.);
#968=ORIENTED_EDGE('',*,*,#699,.T.);
#969=ORIENTED_EDGE('',*,*,#718,.T.);
#970=ORIENTED_EDGE('',*,*,#719,.T.);
#971=ORIENTED_EDGE('',*,*,#698,.T.);
#972=ORIENTED_EDGE('',*,*,#720,.F.);
#973=ORIENTED_EDGE('',*,*,#721,.T.);
#974=ORIENTED_EDGE('',*,*,#718,.F.);
#975=ORIENTED_EDGE('',*,*,#687,.T.);
#976=ORIENTED_EDGE('',*,*,#719,.F.);
#977=ORIENTED_EDGE('',*,*,#721,.F.);
#978=ORIENTED_EDGE('',*,*,#722,.F.);
#979=ORIENTED_EDGE('',*,*,#676,.T.);
#980=ORIENTED_EDGE('',*,*,#680,.T.);
#981=ORIENTED_EDGE('',*,*,#682,.T.);
#982=ORIENTED_EDGE('',*,*,#670,.T.);
#983=ORIENTED_EDGE('',*,*,#723,.F.);
#984=ORIENTED_EDGE('',*,*,#724,.F.);
#985=ORIENTED_EDGE('',*,*,#725,.F.);
#986=ORIENTED_EDGE('',*,*,#724,.T.);
#987=ORIENTED_EDGE('',*,*,#726,.F.);
#988=ORIENTED_EDGE('',*,*,#700,.T.);
#989=ORIENTED_EDGE('',*,*,#684,.T.);
#990=ORIENTED_EDGE('',*,*,#661,.T.);
#991=ORIENTED_EDGE('',*,*,#711,.F.);
#992=ORIENTED_EDGE('',*,*,#727,.T.);
#993=ORIENTED_EDGE('',*,*,#678,.T.);
#994=ORIENTED_EDGE('',*,*,#728,.T.);
#995=ORIENTED_EDGE('',*,*,#729,.F.);
#996=ORIENTED_EDGE('',*,*,#728,.F.);
#997=ORIENTED_EDGE('',*,*,#679,.T.);
#998=ORIENTED_EDGE('',*,*,#727,.F.);
#999=ORIENTED_EDGE('',*,*,#710,.F.);
#1000=ORIENTED_EDGE('',*,*,#666,.T.);
#1001=ORIENTED_EDGE('',*,*,#691,.T.);
#1002=ORIENTED_EDGE('',*,*,#715,.F.);
#1003=ORIENTED_EDGE('',*,*,#730,.F.);
#1004=ORIENTED_EDGE('',*,*,#702,.T.);
#1005=ORIENTED_EDGE('',*,*,#731,.F.);
#1006=ORIENTED_EDGE('',*,*,#732,.F.);
#1007=ORIENTED_EDGE('',*,*,#731,.T.);
#1008=ORIENTED_EDGE('',*,*,#701,.T.);
#1009=ORIENTED_EDGE('',*,*,#730,.T.);
#1010=ORIENTED_EDGE('',*,*,#714,.F.);
#1011=ORIENTED_EDGE('',*,*,#695,.T.);
#1012=ORIENTED_EDGE('',*,*,#733,.T.);
#1013=ORIENTED_EDGE('',*,*,#734,.F.);
#1014=ORIENTED_EDGE('',*,*,#735,.F.);
#1015=ORIENTED_EDGE('',*,*,#708,.F.);
#1016=ORIENTED_EDGE('',*,*,#736,.F.);
#1017=ORIENTED_EDGE('',*,*,#709,.F.);
#1018=ORIENTED_EDGE('',*,*,#735,.T.);
#1019=ORIENTED_EDGE('',*,*,#737,.F.);
#1020=ORIENTED_EDGE('',*,*,#733,.F.);
#1021=ORIENTED_EDGE('',*,*,#707,.F.);
#1022=ORIENTED_EDGE('',*,*,#738,.F.);
#1023=ORIENTED_EDGE('',*,*,#739,.F.);
#1024=ORIENTED_EDGE('',*,*,#734,.T.);
#1025=ORIENTED_EDGE('',*,*,#737,.T.);
#1026=ORIENTED_EDGE('',*,*,#729,.T.);
#1027=ORIENTED_EDGE('',*,*,#740,.T.);
#1028=ORIENTED_EDGE('',*,*,#712,.F.);
#1029=ORIENTED_EDGE('',*,*,#741,.F.);
#1030=ORIENTED_EDGE('',*,*,#742,.F.);
#1031=ORIENTED_EDGE('',*,*,#743,.F.);
#1032=ORIENTED_EDGE('',*,*,#744,.F.);
#1033=ORIENTED_EDGE('',*,*,#741,.T.);
#1034=ORIENTED_EDGE('',*,*,#713,.F.);
#1035=ORIENTED_EDGE('',*,*,#740,.F.);
#1036=ORIENTED_EDGE('',*,*,#745,.F.);
#1037=ORIENTED_EDGE('',*,*,#746,.F.);
#1038=ORIENTED_EDGE('',*,*,#747,.F.);
#1039=ORIENTED_EDGE('',*,*,#748,.T.);
#1040=ORIENTED_EDGE('',*,*,#716,.F.);
#1041=ORIENTED_EDGE('',*,*,#749,.F.);
#1042=ORIENTED_EDGE('',*,*,#750,.F.);
#1043=ORIENTED_EDGE('',*,*,#751,.T.);
#1044=ORIENTED_EDGE('',*,*,#752,.F.);
#1045=ORIENTED_EDGE('',*,*,#753,.F.);
#1046=ORIENTED_EDGE('',*,*,#749,.T.);
#1047=ORIENTED_EDGE('',*,*,#717,.F.);
#1048=ORIENTED_EDGE('',*,*,#748,.F.);
#1049=ORIENTED_EDGE('',*,*,#751,.F.);
#1050=ORIENTED_EDGE('',*,*,#754,.F.);
#1051=ORIENTED_EDGE('',*,*,#755,.F.);
#1052=ORIENTED_EDGE('',*,*,#756,.F.);
#1053=ORIENTED_EDGE('',*,*,#757,.F.);
#1054=ORIENTED_EDGE('',*,*,#758,.F.);
#1055=ORIENTED_EDGE('',*,*,#736,.T.);
#1056=ORIENTED_EDGE('',*,*,#759,.F.);
#1057=ORIENTED_EDGE('',*,*,#760,.T.);
#1058=ORIENTED_EDGE('',*,*,#761,.F.);
#1059=ORIENTED_EDGE('',*,*,#704,.F.);
#1060=ORIENTED_EDGE('',*,*,#739,.T.);
#1061=ORIENTED_EDGE('',*,*,#762,.T.);
#1062=ORIENTED_EDGE('',*,*,#763,.T.);
#1063=ORIENTED_EDGE('',*,*,#764,.F.);
#1064=ORIENTED_EDGE('',*,*,#765,.F.);
#1065=ORIENTED_EDGE('',*,*,#766,.F.);
#1066=ORIENTED_EDGE('',*,*,#759,.T.);
#1067=ORIENTED_EDGE('',*,*,#747,.T.);
#1068=ORIENTED_EDGE('',*,*,#767,.T.);
#1069=ORIENTED_EDGE('',*,*,#768,.T.);
#1070=ORIENTED_EDGE('',*,*,#769,.F.);
#1071=ORIENTED_EDGE('',*,*,#770,.F.);
#1072=ORIENTED_EDGE('',*,*,#771,.F.);
#1073=ORIENTED_EDGE('',*,*,#772,.T.);
#1074=ORIENTED_EDGE('',*,*,#746,.T.);
#1075=ORIENTED_EDGE('',*,*,#773,.F.);
#1076=ORIENTED_EDGE('',*,*,#774,.F.);
#1077=ORIENTED_EDGE('',*,*,#775,.F.);
#1078=ORIENTED_EDGE('',*,*,#767,.F.);
#1079=ORIENTED_EDGE('',*,*,#757,.T.);
#1080=ORIENTED_EDGE('',*,*,#776,.T.);
#1081=ORIENTED_EDGE('',*,*,#777,.T.);
#1082=ORIENTED_EDGE('',*,*,#778,.F.);
#1083=ORIENTED_EDGE('',*,*,#779,.F.);
#1084=ORIENTED_EDGE('',*,*,#780,.F.);
#1085=ORIENTED_EDGE('',*,*,#781,.T.);
#1086=ORIENTED_EDGE('',*,*,#756,.T.);
#1087=ORIENTED_EDGE('',*,*,#782,.F.);
#1088=ORIENTED_EDGE('',*,*,#783,.F.);
#1089=ORIENTED_EDGE('',*,*,#776,.F.);
#1090=ORIENTED_EDGE('',*,*,#755,.T.);
#1091=ORIENTED_EDGE('',*,*,#784,.F.);
#1092=ORIENTED_EDGE('',*,*,#785,.F.);
#1093=ORIENTED_EDGE('',*,*,#786,.F.);
#1094=ORIENTED_EDGE('',*,*,#782,.T.);
#1095=ORIENTED_EDGE('',*,*,#787,.T.);
#1096=ORIENTED_EDGE('',*,*,#788,.F.);
#1097=ORIENTED_EDGE('',*,*,#789,.F.);
#1098=ORIENTED_EDGE('',*,*,#790,.F.);
#1099=ORIENTED_EDGE('',*,*,#791,.F.);
#1100=ORIENTED_EDGE('',*,*,#792,.F.);
#1101=ORIENTED_EDGE('',*,*,#789,.T.);
#1102=ORIENTED_EDGE('',*,*,#793,.F.);
#1103=ORIENTED_EDGE('',*,*,#787,.F.);
#1104=ORIENTED_EDGE('',*,*,#794,.F.);
#1105=ORIENTED_EDGE('',*,*,#795,.F.);
#1106=ORIENTED_EDGE('',*,*,#796,.F.);
#1107=ORIENTED_EDGE('',*,*,#788,.T.);
#1108=ORIENTED_EDGE('',*,*,#793,.T.);
#1109=ORIENTED_EDGE('',*,*,#677,.T.);
#1110=ORIENTED_EDGE('',*,*,#726,.T.);
#1111=ORIENTED_EDGE('',*,*,#723,.T.);
#1112=ORIENTED_EDGE('',*,*,#669,.T.);
#1113=ORIENTED_EDGE('',*,*,#796,.T.);
#1114=ORIENTED_EDGE('',*,*,#797,.T.);
#1115=ORIENTED_EDGE('',*,*,#798,.T.);
#1116=ORIENTED_EDGE('',*,*,#799,.F.);
#1117=ORIENTED_EDGE('',*,*,#800,.F.);
#1118=ORIENTED_EDGE('',*,*,#801,.F.);
#1119=ORIENTED_EDGE('',*,*,#802,.T.);
#1120=ORIENTED_EDGE('',*,*,#795,.T.);
#1121=ORIENTED_EDGE('',*,*,#803,.F.);
#1122=ORIENTED_EDGE('',*,*,#804,.F.);
#1123=ORIENTED_EDGE('',*,*,#805,.F.);
#1124=ORIENTED_EDGE('',*,*,#797,.F.);
#1125=ORIENTED_EDGE('',*,*,#806,.T.);
#1126=ORIENTED_EDGE('',*,*,#807,.T.);
#1127=ORIENTED_EDGE('',*,*,#773,.T.);
#1128=ORIENTED_EDGE('',*,*,#745,.T.);
#1129=ORIENTED_EDGE('',*,*,#742,.T.);
#1130=ORIENTED_EDGE('',*,*,#744,.T.);
#1131=ORIENTED_EDGE('',*,*,#732,.T.);
#1132=ORIENTED_EDGE('',*,*,#808,.T.);
#1133=ORIENTED_EDGE('',*,*,#809,.T.);
#1134=ORIENTED_EDGE('',*,*,#784,.T.);
#1135=ORIENTED_EDGE('',*,*,#754,.T.);
#1136=ORIENTED_EDGE('',*,*,#750,.T.);
#1137=ORIENTED_EDGE('',*,*,#753,.T.);
#1138=ORIENTED_EDGE('',*,*,#688,.T.);
#1139=ORIENTED_EDGE('',*,*,#722,.T.);
#1140=ORIENTED_EDGE('',*,*,#720,.T.);
#1141=ORIENTED_EDGE('',*,*,#697,.T.);
#1142=ORIENTED_EDGE('',*,*,#810,.T.);
#1143=ORIENTED_EDGE('',*,*,#811,.T.);
#1144=ORIENTED_EDGE('',*,*,#803,.T.);
#1145=ORIENTED_EDGE('',*,*,#794,.T.);
#1146=ORIENTED_EDGE('',*,*,#790,.T.);
#1147=ORIENTED_EDGE('',*,*,#792,.T.);
#1148=ORIENTED_EDGE('',*,*,#725,.T.);
#1149=ORIENTED_EDGE('',*,*,#752,.T.);
#1150=ORIENTED_EDGE('',*,*,#812,.F.);
#1151=ORIENTED_EDGE('',*,*,#813,.T.);
#1152=ORIENTED_EDGE('',*,*,#814,.F.);
#1153=ORIENTED_EDGE('',*,*,#808,.F.);
#1154=ORIENTED_EDGE('',*,*,#743,.T.);
#1155=ORIENTED_EDGE('',*,*,#772,.F.);
#1156=ORIENTED_EDGE('',*,*,#815,.T.);
#1157=ORIENTED_EDGE('',*,*,#816,.F.);
#1158=ORIENTED_EDGE('',*,*,#806,.F.);
#1159=ORIENTED_EDGE('',*,*,#738,.T.);
#1160=ORIENTED_EDGE('',*,*,#706,.F.);
#1161=ORIENTED_EDGE('',*,*,#817,.F.);
#1162=ORIENTED_EDGE('',*,*,#818,.F.);
#1163=ORIENTED_EDGE('',*,*,#762,.F.);
#1164=ORIENTED_EDGE('',*,*,#791,.T.);
#1165=ORIENTED_EDGE('',*,*,#802,.F.);
#1166=ORIENTED_EDGE('',*,*,#819,.T.);
#1167=ORIENTED_EDGE('',*,*,#820,.F.);
#1168=ORIENTED_EDGE('',*,*,#810,.F.);
#1169=ORIENTED_EDGE('',*,*,#758,.T.);
#1170=ORIENTED_EDGE('',*,*,#781,.F.);
#1171=ORIENTED_EDGE('',*,*,#821,.T.);
#1172=ORIENTED_EDGE('',*,*,#812,.T.);
#1173=ORIENTED_EDGE('',*,*,#822,.F.);
#1174=ORIENTED_EDGE('',*,*,#815,.F.);
#1175=ORIENTED_EDGE('',*,*,#823,.F.);
#1176=ORIENTED_EDGE('',*,*,#813,.F.);
#1177=ORIENTED_EDGE('',*,*,#821,.F.);
#1178=ORIENTED_EDGE('',*,*,#824,.F.);
#1179=ORIENTED_EDGE('',*,*,#819,.F.);
#1180=ORIENTED_EDGE('',*,*,#825,.F.);
#1181=ORIENTED_EDGE('',*,*,#760,.F.);
#1182=ORIENTED_EDGE('',*,*,#826,.F.);
#1183=ORIENTED_EDGE('',*,*,#827,.F.);
#1184=ORIENTED_EDGE('',*,*,#828,.T.);
#1185=ORIENTED_EDGE('',*,*,#829,.F.);
#1186=ORIENTED_EDGE('',*,*,#830,.F.);
#1187=ORIENTED_EDGE('',*,*,#774,.T.);
#1188=ORIENTED_EDGE('',*,*,#807,.F.);
#1189=ORIENTED_EDGE('',*,*,#816,.T.);
#1190=ORIENTED_EDGE('',*,*,#822,.T.);
#1191=ORIENTED_EDGE('',*,*,#766,.T.);
#1192=ORIENTED_EDGE('',*,*,#831,.F.);
#1193=ORIENTED_EDGE('',*,*,#832,.F.);
#1194=ORIENTED_EDGE('',*,*,#828,.F.);
#1195=ORIENTED_EDGE('',*,*,#833,.F.);
#1196=ORIENTED_EDGE('',*,*,#834,.F.);
#1197=ORIENTED_EDGE('',*,*,#835,.T.);
#1198=ORIENTED_EDGE('',*,*,#836,.F.);
#1199=ORIENTED_EDGE('',*,*,#837,.F.);
#1200=ORIENTED_EDGE('',*,*,#785,.T.);
#1201=ORIENTED_EDGE('',*,*,#809,.F.);
#1202=ORIENTED_EDGE('',*,*,#814,.T.);
#1203=ORIENTED_EDGE('',*,*,#823,.T.);
#1204=ORIENTED_EDGE('',*,*,#771,.T.);
#1205=ORIENTED_EDGE('',*,*,#838,.F.);
#1206=ORIENTED_EDGE('',*,*,#839,.F.);
#1207=ORIENTED_EDGE('',*,*,#835,.F.);
#1208=ORIENTED_EDGE('',*,*,#840,.F.);
#1209=ORIENTED_EDGE('',*,*,#841,.F.);
#1210=ORIENTED_EDGE('',*,*,#842,.F.);
#1211=ORIENTED_EDGE('',*,*,#780,.T.);
#1212=ORIENTED_EDGE('',*,*,#843,.F.);
#1213=ORIENTED_EDGE('',*,*,#844,.F.);
#1214=ORIENTED_EDGE('',*,*,#841,.T.);
#1215=ORIENTED_EDGE('',*,*,#845,.F.);
#1216=ORIENTED_EDGE('',*,*,#846,.F.);
#1217=ORIENTED_EDGE('',*,*,#804,.T.);
#1218=ORIENTED_EDGE('',*,*,#811,.F.);
#1219=ORIENTED_EDGE('',*,*,#820,.T.);
#1220=ORIENTED_EDGE('',*,*,#824,.T.);
#1221=ORIENTED_EDGE('',*,*,#834,.T.);
#1222=ORIENTED_EDGE('',*,*,#847,.F.);
#1223=ORIENTED_EDGE('',*,*,#848,.T.);
#1224=ORIENTED_EDGE('',*,*,#849,.F.);
#1225=ORIENTED_EDGE('',*,*,#838,.T.);
#1226=ORIENTED_EDGE('',*,*,#827,.T.);
#1227=ORIENTED_EDGE('',*,*,#850,.F.);
#1228=ORIENTED_EDGE('',*,*,#770,.T.);
#1229=ORIENTED_EDGE('',*,*,#851,.F.);
#1230=ORIENTED_EDGE('',*,*,#831,.T.);
#1231=ORIENTED_EDGE('',*,*,#839,.T.);
#1232=ORIENTED_EDGE('',*,*,#849,.T.);
#1233=ORIENTED_EDGE('',*,*,#852,.F.);
#1234=ORIENTED_EDGE('',*,*,#853,.T.);
#1235=ORIENTED_EDGE('',*,*,#836,.T.);
#1236=ORIENTED_EDGE('',*,*,#832,.T.);
#1237=ORIENTED_EDGE('',*,*,#851,.T.);
#1238=ORIENTED_EDGE('',*,*,#769,.T.);
#1239=ORIENTED_EDGE('',*,*,#854,.T.);
#1240=ORIENTED_EDGE('',*,*,#829,.T.);
#1241=ORIENTED_EDGE('',*,*,#764,.T.);
#1242=ORIENTED_EDGE('',*,*,#855,.T.);
#1243=ORIENTED_EDGE('',*,*,#856,.T.);
#1244=ORIENTED_EDGE('',*,*,#857,.T.);
#1245=ORIENTED_EDGE('',*,*,#858,.T.);
#1246=ORIENTED_EDGE('',*,*,#846,.T.);
#1247=ORIENTED_EDGE('',*,*,#859,.F.);
#1248=ORIENTED_EDGE('',*,*,#798,.F.);
#1249=ORIENTED_EDGE('',*,*,#805,.T.);
#1250=ORIENTED_EDGE('',*,*,#837,.T.);
#1251=ORIENTED_EDGE('',*,*,#853,.F.);
#1252=ORIENTED_EDGE('',*,*,#860,.F.);
#1253=ORIENTED_EDGE('',*,*,#777,.F.);
#1254=ORIENTED_EDGE('',*,*,#783,.T.);
#1255=ORIENTED_EDGE('',*,*,#786,.T.);
#1256=ORIENTED_EDGE('',*,*,#830,.T.);
#1257=ORIENTED_EDGE('',*,*,#854,.F.);
#1258=ORIENTED_EDGE('',*,*,#768,.F.);
#1259=ORIENTED_EDGE('',*,*,#775,.T.);
#1260=ORIENTED_EDGE('',*,*,#763,.F.);
#1261=ORIENTED_EDGE('',*,*,#818,.T.);
#1262=ORIENTED_EDGE('',*,*,#861,.T.);
#1263=ORIENTED_EDGE('',*,*,#855,.F.);
#1264=ORIENTED_EDGE('',*,*,#845,.T.);
#1265=ORIENTED_EDGE('',*,*,#840,.T.);
#1266=ORIENTED_EDGE('',*,*,#862,.T.);
#1267=ORIENTED_EDGE('',*,*,#799,.T.);
#1268=ORIENTED_EDGE('',*,*,#859,.T.);
#1269=ORIENTED_EDGE('',*,*,#842,.T.);
#1270=ORIENTED_EDGE('',*,*,#844,.T.);
#1271=ORIENTED_EDGE('',*,*,#863,.F.);
#1272=ORIENTED_EDGE('',*,*,#800,.T.);
#1273=ORIENTED_EDGE('',*,*,#862,.F.);
#1274=ORIENTED_EDGE('',*,*,#864,.F.);
#1275=ORIENTED_EDGE('',*,*,#865,.F.);
#1276=ORIENTED_EDGE('',*,*,#866,.T.);
#1277=ORIENTED_EDGE('',*,*,#856,.F.);
#1278=ORIENTED_EDGE('',*,*,#861,.F.);
#1279=ORIENTED_EDGE('',*,*,#817,.T.);
#1280=ORIENTED_EDGE('',*,*,#705,.F.);
#1281=ORIENTED_EDGE('',*,*,#761,.T.);
#1282=ORIENTED_EDGE('',*,*,#825,.T.);
#1283=ORIENTED_EDGE('',*,*,#801,.T.);
#1284=ORIENTED_EDGE('',*,*,#867,.F.);
#1285=ORIENTED_EDGE('',*,*,#857,.F.);
#1286=ORIENTED_EDGE('',*,*,#866,.F.);
#1287=ORIENTED_EDGE('',*,*,#765,.T.);
#1288=ORIENTED_EDGE('',*,*,#858,.F.);
#1289=ORIENTED_EDGE('',*,*,#867,.T.);
#1290=ORIENTED_EDGE('',*,*,#865,.T.);
#1291=ORIENTED_EDGE('',*,*,#868,.F.);
#1292=ORIENTED_EDGE('',*,*,#778,.T.);
#1293=ORIENTED_EDGE('',*,*,#860,.T.);
#1294=ORIENTED_EDGE('',*,*,#852,.T.);
#1295=ORIENTED_EDGE('',*,*,#869,.T.);
#1296=ORIENTED_EDGE('',*,*,#779,.T.);
#1297=ORIENTED_EDGE('',*,*,#869,.F.);
#1298=ORIENTED_EDGE('',*,*,#848,.F.);
#1299=ORIENTED_EDGE('',*,*,#870,.F.);
#1300=ORIENTED_EDGE('',*,*,#826,.T.);
#1301=ORIENTED_EDGE('',*,*,#868,.T.);
#1302=ORIENTED_EDGE('',*,*,#864,.T.);
#1303=ORIENTED_EDGE('',*,*,#863,.T.);
#1304=ORIENTED_EDGE('',*,*,#843,.T.);
#1305=ORIENTED_EDGE('',*,*,#870,.T.);
#1306=ORIENTED_EDGE('',*,*,#847,.T.);
#1307=ORIENTED_EDGE('',*,*,#833,.T.);
#1308=ORIENTED_EDGE('',*,*,#850,.T.);
#1309=ORIENTED_EDGE('',*,*,#871,.F.);
#1310=ORIENTED_EDGE('',*,*,#872,.F.);
#1311=ORIENTED_EDGE('',*,*,#873,.T.);
#1312=ORIENTED_EDGE('',*,*,#874,.T.);
#1313=ORIENTED_EDGE('',*,*,#875,.T.);
#1314=ORIENTED_EDGE('',*,*,#873,.F.);
#1315=ORIENTED_EDGE('',*,*,#876,.F.);
#1316=ORIENTED_EDGE('',*,*,#871,.T.);
#1317=ORIENTED_EDGE('',*,*,#872,.T.);
#1318=ORIENTED_EDGE('',*,*,#876,.T.);
#1319=ORIENTED_EDGE('',*,*,#874,.F.);
#1320=ORIENTED_EDGE('',*,*,#875,.F.);
#1321=ORIENTED_EDGE('',*,*,#877,.T.);
#1322=ORIENTED_EDGE('',*,*,#878,.T.);
#1323=ORIENTED_EDGE('',*,*,#877,.F.);
#1324=ORIENTED_EDGE('',*,*,#878,.F.);
#1325=ORIENTED_EDGE('',*,*,#879,.T.);
#1326=ORIENTED_EDGE('',*,*,#880,.T.);
#1327=ORIENTED_EDGE('',*,*,#881,.F.);
#1328=ORIENTED_EDGE('',*,*,#880,.F.);
#1329=ORIENTED_EDGE('',*,*,#879,.F.);
#1330=ORIENTED_EDGE('',*,*,#881,.T.);
#1331=ORIENTED_EDGE('',*,*,#882,.T.);
#1332=ORIENTED_EDGE('',*,*,#883,.T.);
#1333=ORIENTED_EDGE('',*,*,#884,.T.);
#1334=ORIENTED_EDGE('',*,*,#882,.F.);
#1335=ORIENTED_EDGE('',*,*,#884,.F.);
#1336=ORIENTED_EDGE('',*,*,#885,.T.);
#1337=ORIENTED_EDGE('',*,*,#886,.T.);
#1338=ORIENTED_EDGE('',*,*,#886,.F.);
#1339=ORIENTED_EDGE('',*,*,#885,.F.);
#1340=ORIENTED_EDGE('',*,*,#883,.F.);
#1341=B_SPLINE_SURFACE_WITH_KNOTS('',3,3,((#1832,#1833,#1834,#1835,#1836,
#1837,#1838,#1839,#1840,#1841,#1842,#1843,#1844),(#1845,#1846,#1847,#1848,
#1849,#1850,#1851,#1852,#1853,#1854,#1855,#1856,#1857),(#1858,#1859,#1860,
#1861,#1862,#1863,#1864,#1865,#1866,#1867,#1868,#1869,#1870),(#1871,#1872,
#1873,#1874,#1875,#1876,#1877,#1878,#1879,#1880,#1881,#1882,#1883),(#1884,
#1885,#1886,#1887,#1888,#1889,#1890,#1891,#1892,#1893,#1894,#1895,#1896),
(#1897,#1898,#1899,#1900,#1901,#1902,#1903,#1904,#1905,#1906,#1907,#1908,
#1909),(#1910,#1911,#1912,#1913,#1914,#1915,#1916,#1917,#1918,#1919,#1920,
#1921,#1922),(#1923,#1924,#1925,#1926,#1927,#1928,#1929,#1930,#1931,#1932,
#1933,#1934,#1935),(#1936,#1937,#1938,#1939,#1940,#1941,#1942,#1943,#1944,
#1945,#1946,#1947,#1948),(#1949,#1950,#1951,#1952,#1953,#1954,#1955,#1956,
#1957,#1958,#1959,#1960,#1961),(#1962,#1963,#1964,#1965,#1966,#1967,#1968,
#1969,#1970,#1971,#1972,#1973,#1974)),.UNSPECIFIED.,.T.,.F.,.F.,(4,1,1,
1,1,1,1,1,4),(4,1,1,1,1,1,1,1,1,1,4),(-1.42847864996207,-1.32565258328869,
-1.2228265166153,-1.12000044994192,-1.01717438326853,-0.927201574929316,
-0.914348316595142,-0.811522249921756,-0.708696183248369),(0.,0.0355739795932705,
0.071147959186541,0.106721938779812,0.124508928576447,0.142295918373082,
0.160082908169717,0.177869897966353,0.213443877559623,0.231230867356258,
0.249017857152894),.UNSPECIFIED.);
#1342=B_SPLINE_SURFACE_WITH_KNOTS('',3,3,((#2208,#2209,#2210,#2211,#2212,
#2213,#2214,#2215,#2216,#2217,#2218,#2219,#2220,#2221,#2222,#2223,#2224,
#2225,#2226,#2227,#2228,#2229,#2230,#2231,#2232,#2233,#2234,#2235,#2236,
#2237,#2238,#2239,#2240,#2241,#2242,#2243,#2244,#2245,#2246),(#2247,#2248,
#2249,#2250,#2251,#2252,#2253,#2254,#2255,#2256,#2257,#2258,#2259,#2260,
#2261,#2262,#2263,#2264,#2265,#2266,#2267,#2268,#2269,#2270,#2271,#2272,
#2273,#2274,#2275,#2276,#2277,#2278,#2279,#2280,#2281,#2282,#2283,#2284,
#2285),(#2286,#2287,#2288,#2289,#2290,#2291,#2292,#2293,#2294,#2295,#2296,
#2297,#2298,#2299,#2300,#2301,#2302,#2303,#2304,#2305,#2306,#2307,#2308,
#2309,#2310,#2311,#2312,#2313,#2314,#2315,#2316,#2317,#2318,#2319,#2320,
#2321,#2322,#2323,#2324),(#2325,#2326,#2327,#2328,#2329,#2330,#2331,#2332,
#2333,#2334,#2335,#2336,#2337,#2338,#2339,#2340,#2341,#2342,#2343,#2344,
#2345,#2346,#2347,#2348,#2349,#2350,#2351,#2352,#2353,#2354,#2355,#2356,
#2357,#2358,#2359,#2360,#2361,#2362,#2363),(#2364,#2365,#2366,#2367,#2368,
#2369,#2370,#2371,#2372,#2373,#2374,#2375,#2376,#2377,#2378,#2379,#2380,
#2381,#2382,#2383,#2384,#2385,#2386,#2387,#2388,#2389,#2390,#2391,#2392,
#2393,#2394,#2395,#2396,#2397,#2398,#2399,#2400,#2401,#2402),(#2403,#2404,
#2405,#2406,#2407,#2408,#2409,#2410,#2411,#2412,#2413,#2414,#2415,#2416,
#2417,#2418,#2419,#2420,#2421,#2422,#2423,#2424,#2425,#2426,#2427,#2428,
#2429,#2430,#2431,#2432,#2433,#2434,#2435,#2436,#2437,#2438,#2439,#2440,
#2441),(#2442,#2443,#2444,#2445,#2446,#2447,#2448,#2449,#2450,#2451,#2452,
#2453,#2454,#2455,#2456,#2457,#2458,#2459,#2460,#2461,#2462,#2463,#2464,
#2465,#2466,#2467,#2468,#2469,#2470,#2471,#2472,#2473,#2474,#2475,#2476,
#2477,#2478,#2479,#2480),(#2481,#2482,#2483,#2484,#2485,#2486,#2487,#2488,
#2489,#2490,#2491,#2492,#2493,#2494,#2495,#2496,#2497,#2498,#2499,#2500,
#2501,#2502,#2503,#2504,#2505,#2506,#2507,#2508,#2509,#2510,#2511,#2512,
#2513,#2514,#2515,#2516,#2517,#2518,#2519),(#2520,#2521,#2522,#2523,#2524,
#2525,#2526,#2527,#2528,#2529,#2530,#2531,#2532,#2533,#2534,#2535,#2536,
#2537,#2538,#2539,#2540,#2541,#2542,#2543,#2544,#2545,#2546,#2547,#2548,
#2549,#2550,#2551,#2552,#2553,#2554,#2555,#2556,#2557,#2558),(#2559,#2560,
#2561,#2562,#2563,#2564,#2565,#2566,#2567,#2568,#2569,#2570,#2571,#2572,
#2573,#2574,#2575,#2576,#2577,#2578,#2579,#2580,#2581,#2582,#2583,#2584,
#2585,#2586,#2587,#2588,#2589,#2590,#2591,#2592,#2593,#2594,#2595,#2596,
#2597)),.UNSPECIFIED.,.T.,.F.,.F.,(4,1,1,1,1,1,1,4),(4,1,1,1,1,1,1,1,1,
1,1,1,1,1,1,1,1,1,1,1,1,1,1,1,1,1,1,1,1,1,1,1,1,1,1,1,4),(-3.14159265358979,
-2.24399475256414,-1.34639685153848,-0.448798950512828,0.448798950512828,
1.34639685153848,2.24399475256414,3.14159265358979),(0.249017857152894,
0.275838647968862,0.30265943878483,0.329480229600798,0.342890625008782,
0.356301020416766,0.383121811232734,0.409942602048702,0.43676339286467,
0.463584183680638,0.499345238101929,0.517225765312574,0.53510629252322,
0.552986819733865,0.570867346944511,0.588747874155156,0.606628401365801,
0.624508928576447,0.642389455787092,0.660269982997738,0.678150510208383,
0.696031037419028,0.713911564629674,0.731792091840319,0.749672619050965,
0.76755314626161,0.785433673472255,0.803314200682901,0.821194727893546,
0.839075255104192,0.856955782314837,0.86589604592016,0.892716836736128,
0.919537627552096,0.946358418368064,0.973179209184032,1.),.UNSPECIFIED.);
#1343=B_SPLINE_SURFACE_WITH_KNOTS('',3,3,((#3044,#3045,#3046,#3047),(#3048,
#3049,#3050,#3051),(#3052,#3053,#3054,#3055),(#3056,#3057,#3058,#3059)),
 .UNSPECIFIED.,.F.,.F.,.F.,(4,4),(4,4),(-0.410679119650584,0.410679099714219),
(1.,1.00004244845533),.UNSPECIFIED.);
#1344=B_SPLINE_SURFACE_WITH_KNOTS('',3,3,((#3060,#3061,#3062,#3063),(#3064,
#3065,#3066,#3067),(#3068,#3069,#3070,#3071),(#3072,#3073,#3074,#3075),
(#3076,#3077,#3078,#3079),(#3080,#3081,#3082,#3083),(#3084,#3085,#3086,
#3087)),.UNSPECIFIED.,.F.,.F.,.F.,(4,1,1,1,4),(4,4),(-1.42847864996207,
-1.36145761977238,-1.29443658958268,-1.20507521599641,-1.11571384241014),
(0.249017857152894,0.249313883024993),.UNSPECIFIED.);
#1345=B_SPLINE_SURFACE_WITH_KNOTS('',3,3,((#3092,#3093,#3094,#3095),(#3096,
#3097,#3098,#3099),(#3100,#3101,#3102,#3103),(#3104,#3105,#3106,#3107),
(#3108,#3109,#3110,#3111),(#3112,#3113,#3114,#3115),(#3116,#3117,#3118,
#3119)),.UNSPECIFIED.,.F.,.F.,.F.,(4,1,1,1,4),(4,4),(-1.02154732343906,
-0.9545077933982,-0.887468263357337,-0.798082223302853,-0.708696183248369),
(0.249017857152894,0.249313883024993),.UNSPECIFIED.);
#1346=ADVANCED_FACE('',(#171,#160),#1341,.T.);
#1347=ADVANCED_FACE('',(#172,#161),#1342,.T.);
#1348=ADVANCED_FACE('',(#173),#1343,.T.);
#1349=ADVANCED_FACE('',(#174),#1344,.T.);
#1350=ADVANCED_FACE('',(#175),#1345,.T.);
#1351=ADVANCED_FACE('',(#176,#162),#134,.T.);
#1352=ADVANCED_FACE('',(#177,#163),#135,.F.);
#1353=ADVANCED_FACE('',(#178,#164),#136,.F.);
#1354=ADVANCED_FACE('',(#179),#35,.F.);
#1355=ADVANCED_FACE('',(#180),#36,.F.);
#1356=ADVANCED_FACE('',(#181,#165),#37,.F.);
#1357=ADVANCED_FACE('',(#182),#38,.F.);
#1358=ADVANCED_FACE('',(#183),#39,.F.);
#1359=ADVANCED_FACE('',(#184),#40,.T.);
#1360=ADVANCED_FACE('',(#185),#41,.T.);
#1361=ADVANCED_FACE('',(#186,#166),#137,.F.);
#1362=ADVANCED_FACE('',(#187),#42,.T.);
#1363=ADVANCED_FACE('',(#188),#43,.T.);
#1364=ADVANCED_FACE('',(#189),#44,.T.);
#1365=ADVANCED_FACE('',(#190),#45,.T.);
#1366=ADVANCED_FACE('',(#191),#46,.F.);
#1367=ADVANCED_FACE('',(#192),#138,.F.);
#1368=ADVANCED_FACE('',(#193),#139,.F.);
#1369=ADVANCED_FACE('',(#194),#47,.F.);
#1370=ADVANCED_FACE('',(#195),#140,.F.);
#1371=ADVANCED_FACE('',(#196),#48,.F.);
#1372=ADVANCED_FACE('',(#197),#49,.F.);
#1373=ADVANCED_FACE('',(#198),#50,.T.);
#1374=ADVANCED_FACE('',(#199),#51,.T.);
#1375=ADVANCED_FACE('',(#200,#167),#141,.F.);
#1376=ADVANCED_FACE('',(#201),#142,.F.);
#1377=ADVANCED_FACE('',(#202),#52,.F.);
#1378=ADVANCED_FACE('',(#203,#168),#143,.T.);
#1379=ADVANCED_FACE('',(#204,#169),#144,.T.);
#1380=ADVANCED_FACE('',(#205,#170),#145,.T.);
#1381=ADVANCED_FACE('',(#206),#53,.F.);
#1382=ADVANCED_FACE('',(#207),#54,.F.);
#1383=ADVANCED_FACE('',(#208),#55,.F.);
#1384=ADVANCED_FACE('',(#209),#56,.F.);
#1385=ADVANCED_FACE('',(#210),#57,.F.);
#1386=ADVANCED_FACE('',(#211),#146,.F.);
#1387=ADVANCED_FACE('',(#212),#147,.F.);
#1388=ADVANCED_FACE('',(#213),#148,.F.);
#1389=ADVANCED_FACE('',(#214),#149,.F.);
#1390=ADVANCED_FACE('',(#215),#150,.F.);
#1391=ADVANCED_FACE('',(#216),#151,.F.);
#1392=ADVANCED_FACE('',(#217),#152,.F.);
#1393=ADVANCED_FACE('',(#218),#58,.T.);
#1394=ADVANCED_FACE('',(#219),#59,.T.);
#1395=ADVANCED_FACE('',(#220),#60,.T.);
#1396=ADVANCED_FACE('',(#221),#61,.T.);
#1397=ADVANCED_FACE('',(#222),#62,.T.);
#1398=ADVANCED_FACE('',(#223),#23,.T.);
#1399=ADVANCED_FACE('',(#224),#24,.T.);
#1400=ADVANCED_FACE('',(#225),#25,.T.);
#1401=ADVANCED_FACE('',(#226),#26,.T.);
#1402=ADVANCED_FACE('',(#227),#63,.T.);
#1403=ADVANCED_FACE('',(#228),#64,.T.);
#1404=ADVANCED_FACE('',(#229),#153,.F.);
#1405=ADVANCED_FACE('',(#230),#154,.F.);
#1406=ADVANCED_FACE('',(#231),#65,.T.);
#1407=ADVANCED_FACE('',(#232),#66,.T.);
#1408=ADVANCED_FACE('',(#233),#67,.T.);
#1409=ADVANCED_FACE('',(#234),#155,.T.);
#1410=ADVANCED_FACE('',(#235),#13,.T.);
#1411=ADVANCED_FACE('',(#236),#68,.T.);
#1412=ADVANCED_FACE('',(#237),#27,.T.);
#1413=ADVANCED_FACE('',(#238),#156,.F.);
#1414=ADVANCED_FACE('',(#239),#28,.T.);
#1415=ADVANCED_FACE('',(#240),#157,.F.);
#1416=ADVANCED_FACE('',(#241),#158,.T.);
#1417=ADVANCED_FACE('',(#242),#159,.F.);
#1418=ADVANCED_FACE('',(#243),#14,.T.);
#1419=ADVANCED_FACE('',(#244),#69,.F.);
#1420=CLOSED_SHELL('',(#1346,#1347,#1348,#1349,#1350,#1351,#1352,#1353,
#1354,#1355,#1356,#1357,#1358,#1359,#1360,#1361,#1362,#1363,#1364,#1365,
#1366,#1367,#1368,#1369,#1370,#1371,#1372,#1373,#1374,#1375,#1376,#1377,
#1378,#1379,#1380,#1381,#1382,#1383,#1384,#1385,#1386,#1387,#1388,#1389,
#1390,#1391,#1392,#1393,#1394,#1395,#1396,#1397,#1398,#1399,#1400,#1401,
#1402,#1403,#1404,#1405,#1406,#1407,#1408,#1409));
#1421=CLOSED_SHELL('',(#1410,#1411,#1412,#1413));
#1422=CLOSED_SHELL('',(#1414,#1415,#1416));
#1423=CLOSED_SHELL('',(#1417,#1418,#1419));
#1424=DERIVED_UNIT_ELEMENT(#1426,1.);
#1425=DERIVED_UNIT_ELEMENT(#10244,-3.);
#1426=(
MASS_UNIT()
NAMED_UNIT(*)
SI_UNIT(.KILO.,.GRAM.)
);
#1427=DERIVED_UNIT((#1424,#1425));
#1428=MEASURE_REPRESENTATION_ITEM('density measure',
POSITIVE_RATIO_MEASURE(7850.),#1427);
#1429=PROPERTY_DEFINITION_REPRESENTATION(#1434,#1431);
#1430=PROPERTY_DEFINITION_REPRESENTATION(#1435,#1432);
#1431=REPRESENTATION('material name',(#1433),#10241);
#1432=REPRESENTATION('density',(#1428),#10241);
#1433=DESCRIPTIVE_REPRESENTATION_ITEM('Steel','Steel');
#1434=PROPERTY_DEFINITION('material property','material name',#10251);
#1435=PROPERTY_DEFINITION('material property','density of part',#10251);
#1436=AXIS2_PLACEMENT_3D('',#1831,#1557,#1558);
#1437=AXIS2_PLACEMENT_3D('',#2031,#1559,#1560);
#1438=AXIS2_PLACEMENT_3D('',#2839,#1561,#1562);
#1439=AXIS2_PLACEMENT_3D('',#2840,#1563,#1564);
#1440=AXIS2_PLACEMENT_3D('',#3120,#1565,#1566);
#1441=AXIS2_PLACEMENT_3D('',#3145,#1568,#1569);
#1442=AXIS2_PLACEMENT_3D('',#3147,#1570,#1571);
#1443=AXIS2_PLACEMENT_3D('',#3148,#1572,#1573);
#1444=AXIS2_PLACEMENT_3D('',#3150,#1574,#1575);
#1445=AXIS2_PLACEMENT_3D('',#3151,#1576,#1577);
#1446=AXIS2_PLACEMENT_3D('',#3152,#1578,#1579);
#1447=AXIS2_PLACEMENT_3D('',#3155,#1580,#1581);
#1448=AXIS2_PLACEMENT_3D('',#3156,#1582,#1583);
#1449=AXIS2_PLACEMENT_3D('',#3158,#1584,#1585);
#1450=AXIS2_PLACEMENT_3D('',#3159,#1586,#1587);
#1451=AXIS2_PLACEMENT_3D('',#3160,#1588,#1589);
#1452=AXIS2_PLACEMENT_3D('',#3163,#1590,#1591);
#1453=AXIS2_PLACEMENT_3D('',#3164,#1592,#1593);
#1454=AXIS2_PLACEMENT_3D('',#3166,#1594,#1595);
#1455=AXIS2_PLACEMENT_3D('',#3167,#1596,#1597);
#1456=AXIS2_PLACEMENT_3D('',#3196,#1598,#1599);
#1457=AXIS2_PLACEMENT_3D('',#3197,#1600,#1601);
#1458=AXIS2_PLACEMENT_3D('',#3225,#1602,#1603);
#1459=AXIS2_PLACEMENT_3D('',#3254,#1604,#1605);
#1460=AXIS2_PLACEMENT_3D('',#3256,#1606,#1607);
#1461=AXIS2_PLACEMENT_3D('',#3257,#1608,#1609);
#1462=AXIS2_PLACEMENT_3D('',#3258,#1610,#1611);
#1463=AXIS2_PLACEMENT_3D('',#3286,#1612,#1613);
#1464=AXIS2_PLACEMENT_3D('',#3288,#1614,#1615);
#1465=AXIS2_PLACEMENT_3D('',#3289,#1616,#1617);
#1466=AXIS2_PLACEMENT_3D('',#3317,#1618,#1619);
#1467=AXIS2_PLACEMENT_3D('',#3319,#1620,#1621);
#1468=AXIS2_PLACEMENT_3D('',#3320,#1622,#1623);
#1469=AXIS2_PLACEMENT_3D('',#3349,#1624,#1625);
#1470=AXIS2_PLACEMENT_3D('',#3351,#1626,#1627);
#1471=AXIS2_PLACEMENT_3D('',#3352,#1628,#1629);
#1472=AXIS2_PLACEMENT_3D('',#3387,#1630,#1631);
#1473=AXIS2_PLACEMENT_3D('',#3399,#1632,#1633);
#1474=AXIS2_PLACEMENT_3D('',#3428,#1634,#1635);
#1475=AXIS2_PLACEMENT_3D('',#3430,#1636,#1637);
#1476=AXIS2_PLACEMENT_3D('',#3431,#1638,#1639);
#1477=AXIS2_PLACEMENT_3D('',#3467,#1640,#1641);
#1478=AXIS2_PLACEMENT_3D('',#3469,#1642,#1643);
#1479=AXIS2_PLACEMENT_3D('',#3509,#1644,#1645);
#1480=AXIS2_PLACEMENT_3D('',#3511,#1646,#1647);
#1481=AXIS2_PLACEMENT_3D('',#3513,#1648,#1649);
#1482=AXIS2_PLACEMENT_3D('',#3514,#1650,#1651);
#1483=AXIS2_PLACEMENT_3D('',#3550,#1652,#1653);
#1484=AXIS2_PLACEMENT_3D('',#3552,#1654,#1655);
#1485=AXIS2_PLACEMENT_3D('',#3907,#1656,#1657);
#1486=AXIS2_PLACEMENT_3D('',#3914,#1658,#1659);
#1487=AXIS2_PLACEMENT_3D('',#3952,#1662,#1663);
#1488=AXIS2_PLACEMENT_3D('',#4244,#1666,#1667);
#1489=AXIS2_PLACEMENT_3D('',#4245,#1668,#1669);
#1490=AXIS2_PLACEMENT_3D('',#4551,#1672,#1673);
#1491=AXIS2_PLACEMENT_3D('',#4789,#1674,#1675);
#1492=AXIS2_PLACEMENT_3D('',#4819,#1676,#1677);
#1493=AXIS2_PLACEMENT_3D('',#4821,#1678,#1679);
#1494=AXIS2_PLACEMENT_3D('',#4823,#1680,#1681);
#1495=AXIS2_PLACEMENT_3D('',#4824,#1682,#1683);
#1496=AXIS2_PLACEMENT_3D('',#4860,#1684,#1685);
#1497=AXIS2_PLACEMENT_3D('',#4861,#1686,#1687);
#1498=AXIS2_PLACEMENT_3D('',#4863,#1688,#1689);
#1499=AXIS2_PLACEMENT_3D('',#4875,#1690,#1691);
#1500=AXIS2_PLACEMENT_3D('',#4876,#1692,#1693);
#1501=AXIS2_PLACEMENT_3D('',#5170,#1696,#1697);
#1502=AXIS2_PLACEMENT_3D('',#5171,#1698,#1699);
#1503=AXIS2_PLACEMENT_3D('',#5186,#1701,#1702);
#1504=AXIS2_PLACEMENT_3D('',#5201,#1704,#1705);
#1505=AXIS2_PLACEMENT_3D('',#5568,#1707,#1708);
#1506=AXIS2_PLACEMENT_3D('',#5891,#1709,#1710);
#1507=AXIS2_PLACEMENT_3D('',#6128,#1711,#1712);
#1508=AXIS2_PLACEMENT_3D('',#6445,#1713,#1714);
#1509=AXIS2_PLACEMENT_3D('',#6767,#1715,#1716);
#1510=AXIS2_PLACEMENT_3D('',#6768,#1717,#1718);
#1511=AXIS2_PLACEMENT_3D('',#6773,#1723,#1724);
#1512=AXIS2_PLACEMENT_3D('',#6791,#1728,#1729);
#1513=AXIS2_PLACEMENT_3D('',#6810,#1730,#1731);
#1514=AXIS2_PLACEMENT_3D('',#6828,#1735,#1736);
#1515=AXIS2_PLACEMENT_3D('',#6847,#1737,#1738);
#1516=AXIS2_PLACEMENT_3D('',#6871,#1740,#1741);
#1517=AXIS2_PLACEMENT_3D('',#7202,#1744,#1745);
#1518=AXIS2_PLACEMENT_3D('',#7238,#1746,#1747);
#1519=AXIS2_PLACEMENT_3D('',#7554,#1748,#1749);
#1520=AXIS2_PLACEMENT_3D('',#7555,#1750,#1751);
#1521=AXIS2_PLACEMENT_3D('',#7807,#1752,#1753);
#1522=AXIS2_PLACEMENT_3D('',#8033,#1754,#1755);
#1523=AXIS2_PLACEMENT_3D('',#8260,#1756,#1757);
#1524=AXIS2_PLACEMENT_3D('',#8272,#1758,#1759);
#1525=AXIS2_PLACEMENT_3D('',#8273,#1760,#1761);
#1526=AXIS2_PLACEMENT_3D('',#8274,#1762,#1763);
#1527=AXIS2_PLACEMENT_3D('',#8275,#1764,#1765);
#1528=AXIS2_PLACEMENT_3D('',#8276,#1766,#1767);
#1529=AXIS2_PLACEMENT_3D('',#8277,#1768,#1769);
#1530=AXIS2_PLACEMENT_3D('',#8278,#1770,#1771);
#1531=AXIS2_PLACEMENT_3D('',#8505,#1773,#1774);
#1532=AXIS2_PLACEMENT_3D('',#8821,#1775,#1776);
#1533=AXIS2_PLACEMENT_3D('',#8822,#1777,#1778);
#1534=AXIS2_PLACEMENT_3D('',#8833,#1781,#1782);
#1535=AXIS2_PLACEMENT_3D('',#9161,#1783,#1784);
#1536=AXIS2_PLACEMENT_3D('',#9387,#1785,#1786);
#1537=AXIS2_PLACEMENT_3D('',#9703,#1787,#1788);
#1538=AXIS2_PLACEMENT_3D('',#9704,#1789,#1790);
#1539=AXIS2_PLACEMENT_3D('',#9705,#1791,#1792);
#1540=AXIS2_PLACEMENT_3D('',#9708,#1793,#1794);
#1541=AXIS2_PLACEMENT_3D('',#9709,#1795,#1796);
#1542=AXIS2_PLACEMENT_3D('',#9713,#1798,#1799);
#1543=AXIS2_PLACEMENT_3D('',#9714,#1800,#1801);
#1544=AXIS2_PLACEMENT_3D('',#9966,#1802,#1803);
#1545=AXIS2_PLACEMENT_3D('',#9969,#1805,#1806);
#1546=AXIS2_PLACEMENT_3D('',#9970,#1807,#1808);
#1547=AXIS2_PLACEMENT_3D('',#9971,#1809,#1810);
#1548=AXIS2_PLACEMENT_3D('',#9973,#1811,#1812);
#1549=AXIS2_PLACEMENT_3D('',#9976,#1814,#1815);
#1550=AXIS2_PLACEMENT_3D('',#9977,#1816,#1817);
#1551=AXIS2_PLACEMENT_3D('',#9978,#1818,#1819);
#1552=AXIS2_PLACEMENT_3D('',#9979,#1820,#1821);
#1553=AXIS2_PLACEMENT_3D('',#9981,#1822,#1823);
#1554=AXIS2_PLACEMENT_3D('',#9982,#1824,#1825);
#1555=AXIS2_PLACEMENT_3D('',#9985,#1826,#1827);
#1556=AXIS2_PLACEMENT_3D('',#9987,#1829,#1830);
#1557=DIRECTION('axis',(0.,0.,1.));
#1558=DIRECTION('refdir',(1.,0.,0.));
#1559=DIRECTION('center_axis',(0.,-1.,0.));
#1560=DIRECTION('ref_axis',(1.,0.,0.));
#1561=DIRECTION('center_axis',(0.,-1.,0.));
#1562=DIRECTION('ref_axis',(1.,0.,0.));
#1563=DIRECTION('center_axis',(0.,-1.,0.));
#1564=DIRECTION('ref_axis',(1.,0.,0.));
#1565=DIRECTION('center_axis',(-0.866025403784439,0.5,0.));
#1566=DIRECTION('ref_axis',(-0.5,-0.866025403784439,0.));
#1567=DIRECTION('',(0.,0.,1.));
#1568=DIRECTION('center_axis',(-0.866025403784439,0.5,0.));
#1569=DIRECTION('ref_axis',(-0.5,-0.866025403784439,0.));
#1570=DIRECTION('center_axis',(-0.866025403784439,0.5,0.));
#1571=DIRECTION('ref_axis',(-0.5,-0.866025403784439,0.));
#1572=DIRECTION('center_axis',(-0.866025403784439,0.5,0.));
#1573=DIRECTION('ref_axis',(-0.5,-0.866025403784439,0.));
#1574=DIRECTION('center_axis',(0.866025403784439,-0.5,0.));
#1575=DIRECTION('ref_axis',(-0.5,-0.866025403784439,0.));
#1576=DIRECTION('center_axis',(0.866025403784439,-0.5,0.));
#1577=DIRECTION('ref_axis',(-0.5,-0.866025403784439,0.));
#1578=DIRECTION('center_axis',(0.965550526116452,0.260215644257302,0.));
#1579=DIRECTION('ref_axis',(-0.260215644257302,0.965550526116452,0.));
#1580=DIRECTION('center_axis',(-0.965550526116452,-0.260215644257302,0.));
#1581=DIRECTION('ref_axis',(-0.260215644257302,0.965550526116452,0.));
#1582=DIRECTION('center_axis',(-0.965550526116452,-0.260215644257302,0.));
#1583=DIRECTION('ref_axis',(-0.260215644257302,0.965550526116452,0.));
#1584=DIRECTION('center_axis',(0.965550526116452,0.260215644257302,0.));
#1585=DIRECTION('ref_axis',(-0.260215644257302,0.965550526116452,0.));
#1586=DIRECTION('center_axis',(0.965550526116452,0.260215644257302,0.));
#1587=DIRECTION('ref_axis',(-0.260215644257302,0.965550526116452,0.));
#1588=DIRECTION('center_axis',(0.260215644257302,-0.965550526116452,0.));
#1589=DIRECTION('ref_axis',(0.965550526116452,0.260215644257302,0.));
#1590=DIRECTION('center_axis',(-0.260215644257302,0.965550526116452,0.));
#1591=DIRECTION('ref_axis',(0.965550526116452,0.260215644257302,0.));
#1592=DIRECTION('center_axis',(-0.260215644257302,0.965550526116452,0.));
#1593=DIRECTION('ref_axis',(0.965550526116452,0.260215644257302,0.));
#1594=DIRECTION('center_axis',(0.260215644257302,-0.965550526116452,0.));
#1595=DIRECTION('ref_axis',(0.965550526116452,0.260215644257302,0.));
#1596=DIRECTION('center_axis',(0.260215644257302,-0.965550526116452,0.));
#1597=DIRECTION('ref_axis',(0.965550526116452,0.260215644257302,0.));
#1598=DIRECTION('center_axis',(-0.866025403784439,0.5,0.));
#1599=DIRECTION('ref_axis',(0.5,0.866025403784439,0.));
#1600=DIRECTION('center_axis',(-1.38297407388799E-16,-8.12090383161139E-17,
-1.));
#1601=DIRECTION('ref_axis',(-0.705320975738383,-0.708888087911946,1.55103167514551E-16));
#1602=DIRECTION('center_axis',(-0.866025403784439,0.5,0.));
#1603=DIRECTION('ref_axis',(0.5,0.866025403784439,0.));
#1604=DIRECTION('center_axis',(-0.965550526116452,-0.260215644257302,0.));
#1605=DIRECTION('ref_axis',(0.260215644257302,-0.965550526116452,0.));
#1606=DIRECTION('center_axis',(-8.12090383161139E-17,1.38297407388799E-16,
-1.));
#1607=DIRECTION('ref_axis',(-0.708888087911946,0.705320975738383,1.55103167514551E-16));
#1608=DIRECTION('center_axis',(0.5,0.866025403784439,0.));
#1609=DIRECTION('ref_axis',(0.866025403784439,-0.5,0.));
#1610=DIRECTION('center_axis',(-0.965550526116452,-0.260215644257302,0.));
#1611=DIRECTION('ref_axis',(0.260215644257302,-0.965550526116452,0.));
#1612=DIRECTION('center_axis',(0.,0.,-1.));
#1613=DIRECTION('ref_axis',(0.705320975738382,0.708888087911947,0.));
#1614=DIRECTION('center_axis',(0.,0.,-1.));
#1615=DIRECTION('ref_axis',(0.705320975738382,0.708888087911947,0.));
#1616=DIRECTION('center_axis',(-0.260215644257302,0.965550526116452,0.));
#1617=DIRECTION('ref_axis',(-0.965550526116452,-0.260215644257302,0.));
#1618=DIRECTION('center_axis',(0.,0.,-1.));
#1619=DIRECTION('ref_axis',(0.708888087911947,-0.705320975738382,0.));
#1620=DIRECTION('center_axis',(0.,0.,-1.));
#1621=DIRECTION('ref_axis',(0.708888087911947,-0.705320975738382,0.));
#1622=DIRECTION('center_axis',(-0.5,-0.866025403784439,0.));
#1623=DIRECTION('ref_axis',(-0.866025403784439,0.5,0.));
#1624=DIRECTION('center_axis',(0.,0.,-1.));
#1625=DIRECTION('ref_axis',(1.,0.,0.));
#1626=DIRECTION('center_axis',(0.260215644257302,-0.965550526116452,0.));
#1627=DIRECTION('ref_axis',(-0.965550526116452,-0.260215644257302,0.));
#1628=DIRECTION('center_axis',(1.49943778530099E-16,8.34174574303579E-17,
-1.));
#1629=DIRECTION('ref_axis',(0.702113683277892,0.712064867658805,1.64725343242209E-16));
#1630=DIRECTION('center_axis',(0.260215644257302,-0.965550526116452,0.));
#1631=DIRECTION('ref_axis',(-0.965550526116452,-0.260215644257302,0.));
#1632=DIRECTION('center_axis',(-0.260215644257302,0.965550526116452,0.));
#1633=DIRECTION('ref_axis',(-0.965550526116452,-0.260215644257302,0.));
#1634=DIRECTION('center_axis',(0.,0.,-1.));
#1635=DIRECTION('ref_axis',(1.,0.,0.));
#1636=DIRECTION('center_axis',(8.34174574303579E-17,-1.49943778530099E-16,
-1.));
#1637=DIRECTION('ref_axis',(0.712064867658805,-0.702113683277892,1.64725343242209E-16));
#1638=DIRECTION('center_axis',(0.5,0.866025403784439,0.));
#1639=DIRECTION('ref_axis',(-0.866025403784439,0.5,0.));
#1640=DIRECTION('center_axis',(0.5,0.866025403784439,0.));
#1641=DIRECTION('ref_axis',(-0.866025403784439,0.5,0.));
#1642=DIRECTION('center_axis',(0.5,0.866025403784439,0.));
#1643=DIRECTION('ref_axis',(-0.866025403784439,0.5,0.));
#1644=DIRECTION('center_axis',(0.,0.,-1.));
#1645=DIRECTION('ref_axis',(1.,0.,0.));
#1646=DIRECTION('center_axis',(-1.49943778530099E-16,-8.34174574303579E-17,
-1.));
#1647=DIRECTION('ref_axis',(-0.702113683277892,-0.712064867658805,1.64725343242209E-16));
#1648=DIRECTION('center_axis',(0.866025403784439,-0.5,0.));
#1649=DIRECTION('ref_axis',(0.5,0.866025403784439,0.));
#1650=DIRECTION('center_axis',(0.,0.,-1.));
#1651=DIRECTION('ref_axis',(1.,0.,0.));
#1652=DIRECTION('center_axis',(0.866025403784439,-0.5,0.));
#1653=DIRECTION('ref_axis',(0.5,0.866025403784439,0.));
#1654=DIRECTION('center_axis',(0.866025403784439,-0.5,0.));
#1655=DIRECTION('ref_axis',(0.5,0.866025403784439,0.));
#1656=DIRECTION('center_axis',(0.,0.,1.));
#1657=DIRECTION('ref_axis',(-1.,0.,0.));
#1658=DIRECTION('center_axis',(1.82786403874215E-16,1.,0.));
#1659=DIRECTION('ref_axis',(1.,-1.82786403874215E-16,0.));
#1660=DIRECTION('',(0.,0.,1.));
#1661=DIRECTION('',(0.,0.,1.));
#1662=DIRECTION('center_axis',(1.,-1.21554063916847E-16,0.));
#1663=DIRECTION('ref_axis',(-1.21554063916847E-16,-1.,0.));
#1664=DIRECTION('',(0.,0.,1.));
#1665=DIRECTION('',(0.,0.,1.));
#1666=DIRECTION('center_axis',(0.,0.,1.));
#1667=DIRECTION('ref_axis',(1.,0.,0.));
#1668=DIRECTION('center_axis',(-6.03217239594796E-17,-1.,0.));
#1669=DIRECTION('ref_axis',(-1.,6.03217239594796E-17,0.));
#1670=DIRECTION('',(0.,0.,1.));
#1671=DIRECTION('',(0.,0.,1.));
#1672=DIRECTION('center_axis',(0.,0.,1.));
#1673=DIRECTION('ref_axis',(1.,0.,0.));
#1674=DIRECTION('center_axis',(0.,0.,1.));
#1675=DIRECTION('ref_axis',(1.,0.,0.));
#1676=DIRECTION('center_axis',(0.,0.,-1.));
#1677=DIRECTION('ref_axis',(1.,0.,0.));
#1678=DIRECTION('center_axis',(0.965550526116452,0.260215644257302,0.));
#1679=DIRECTION('ref_axis',(0.260215644257302,-0.965550526116452,0.));
#1680=DIRECTION('center_axis',(-8.34174574303579E-17,1.49943778530099E-16,
-1.));
#1681=DIRECTION('ref_axis',(-0.712064867658805,0.702113683277892,1.64725343242209E-16));
#1682=DIRECTION('center_axis',(-0.5,-0.866025403784439,0.));
#1683=DIRECTION('ref_axis',(0.866025403784439,-0.5,0.));
#1684=DIRECTION('center_axis',(-0.5,-0.866025403784439,0.));
#1685=DIRECTION('ref_axis',(0.866025403784439,-0.5,0.));
#1686=DIRECTION('center_axis',(0.965550526116452,0.260215644257302,0.));
#1687=DIRECTION('ref_axis',(0.260215644257302,-0.965550526116452,0.));
#1688=DIRECTION('center_axis',(-0.5,-0.866025403784439,0.));
#1689=DIRECTION('ref_axis',(0.866025403784439,-0.5,0.));
#1690=DIRECTION('center_axis',(-0.965550526116452,-0.260215644257302,0.));
#1691=DIRECTION('ref_axis',(0.260215644257302,-0.965550526116452,0.));
#1692=DIRECTION('center_axis',(-1.,-9.10615997888088E-19,0.));
#1693=DIRECTION('ref_axis',(-9.10615997888088E-19,1.,0.));
#1694=DIRECTION('',(0.,0.,1.));
#1695=DIRECTION('',(0.,0.,1.));
#1696=DIRECTION('center_axis',(0.,0.,1.));
#1697=DIRECTION('ref_axis',(1.,0.,0.));
#1698=DIRECTION('center_axis',(0.5,0.866025403784439,0.));
#1699=DIRECTION('ref_axis',(-0.866025403784439,0.5,0.));
#1700=DIRECTION('',(0.,0.,1.));
#1701=DIRECTION('center_axis',(0.866025403784439,-0.5,0.));
#1702=DIRECTION('ref_axis',(0.5,0.866025403784439,0.));
#1703=DIRECTION('',(0.,0.,1.));
#1704=DIRECTION('center_axis',(-0.5,-0.866025403784439,0.));
#1705=DIRECTION('ref_axis',(0.866025403784439,-0.5,0.));
#1706=DIRECTION('',(0.,0.,1.));
#1707=DIRECTION('center_axis',(0.,0.,1.));
#1708=DIRECTION('ref_axis',(-1.,0.,0.));
#1709=DIRECTION('center_axis',(0.,0.,1.));
#1710=DIRECTION('ref_axis',(-1.,0.,0.));
#1711=DIRECTION('center_axis',(0.,0.,1.));
#1712=DIRECTION('ref_axis',(1.,0.,0.));
#1713=DIRECTION('center_axis',(0.,0.,1.));
#1714=DIRECTION('ref_axis',(-1.,0.,0.));
#1715=DIRECTION('center_axis',(0.,0.,1.));
#1716=DIRECTION('ref_axis',(-1.,0.,0.));
#1717=DIRECTION('center_axis',(0.,0.,1.));
#1718=DIRECTION('ref_axis',(1.,0.,0.));
#1719=DIRECTION('',(0.258819045102521,0.965925826289068,0.));
#1720=DIRECTION('',(0.965925826289068,-0.258819045102521,0.));
#1721=DIRECTION('',(-0.258819045102521,-0.965925826289068,0.));
#1722=DIRECTION('',(-0.965925826289068,0.258819045102521,0.));
#1723=DIRECTION('center_axis',(-0.965925826289068,0.258819045102521,0.));
#1724=DIRECTION('ref_axis',(0.258819045102521,0.965925826289068,0.));
#1725=DIRECTION('',(0.258819045102521,0.965925826289068,0.));
#1726=DIRECTION('',(0.,0.,-1.));
#1727=DIRECTION('',(0.,0.,1.));
#1728=DIRECTION('center_axis',(-0.5,-0.866025403784439,0.));
#1729=DIRECTION('ref_axis',(-0.866025403784439,0.5,0.));
#1730=DIRECTION('center_axis',(0.258819045102521,0.965925826289068,0.));
#1731=DIRECTION('ref_axis',(0.965925826289068,-0.258819045102521,0.));
#1732=DIRECTION('',(0.965925826289068,-0.258819045102521,0.));
#1733=DIRECTION('',(0.,0.,-1.));
#1734=DIRECTION('',(0.,0.,1.));
#1735=DIRECTION('center_axis',(-0.866025403784439,0.5,0.));
#1736=DIRECTION('ref_axis',(0.5,0.866025403784439,0.));
#1737=DIRECTION('center_axis',(0.5,0.866025403784439,0.));
#1738=DIRECTION('ref_axis',(0.866025403784439,-0.5,0.));
#1739=DIRECTION('',(0.,0.,-1.));
#1740=DIRECTION('center_axis',(0.965925826289068,-0.258819045102521,0.));
#1741=DIRECTION('ref_axis',(-0.258819045102521,-0.965925826289068,0.));
#1742=DIRECTION('',(-0.258819045102521,-0.965925826289068,0.));
#1743=DIRECTION('',(0.,0.,1.));
#1744=DIRECTION('center_axis',(0.,0.,1.));
#1745=DIRECTION('ref_axis',(-1.,0.,0.));
#1746=DIRECTION('center_axis',(0.,0.,-1.));
#1747=DIRECTION('ref_axis',(1.,0.,0.));
#1748=DIRECTION('center_axis',(0.,0.,1.));
#1749=DIRECTION('ref_axis',(-1.,0.,0.));
#1750=DIRECTION('center_axis',(0.,0.,-1.));
#1751=DIRECTION('ref_axis',(1.,0.,0.));
#1752=DIRECTION('center_axis',(0.,0.,1.));
#1753=DIRECTION('ref_axis',(1.,0.,0.));
#1754=DIRECTION('center_axis',(0.,0.,1.));
#1755=DIRECTION('ref_axis',(1.,0.,0.));
#1756=DIRECTION('center_axis',(0.,0.,1.));
#1757=DIRECTION('ref_axis',(1.,0.,0.));
#1758=DIRECTION('center_axis',(0.,0.,-1.));
#1759=DIRECTION('ref_axis',(1.,0.,0.));
#1760=DIRECTION('center_axis',(0.,0.,1.));
#1761=DIRECTION('ref_axis',(1.,0.,0.));
#1762=DIRECTION('center_axis',(0.,0.,1.));
#1763=DIRECTION('ref_axis',(1.,0.,0.));
#1764=DIRECTION('center_axis',(0.,0.,1.));
#1765=DIRECTION('ref_axis',(-0.963558480627756,-0.26749776524362,0.));
#1766=DIRECTION('center_axis',(0.,0.,1.));
#1767=DIRECTION('ref_axis',(1.,0.,0.));
#1768=DIRECTION('center_axis',(0.,0.,1.));
#1769=DIRECTION('ref_axis',(1.,0.,0.));
#1770=DIRECTION('center_axis',(0.,0.,1.));
#1771=DIRECTION('ref_axis',(1.,0.,0.));
#1772=DIRECTION('',(0.,0.,1.));
#1773=DIRECTION('center_axis',(0.,0.,-1.));
#1774=DIRECTION('ref_axis',(1.,0.,0.));
#1775=DIRECTION('center_axis',(0.,0.,1.));
#1776=DIRECTION('ref_axis',(-1.,0.,0.));
#1777=DIRECTION('center_axis',(-0.258819045102521,-0.965925826289068,0.));
#1778=DIRECTION('ref_axis',(-0.965925826289068,0.258819045102521,0.));
#1779=DIRECTION('',(-0.965925826289068,0.258819045102521,0.));
#1780=DIRECTION('',(0.,0.,-1.));
#1781=DIRECTION('center_axis',(0.866025403784439,-0.5,0.));
#1782=DIRECTION('ref_axis',(-0.5,-0.866025403784439,0.));
#1783=DIRECTION('center_axis',(0.,0.,1.));
#1784=DIRECTION('ref_axis',(-1.,0.,0.));
#1785=DIRECTION('center_axis',(0.,0.,-1.));
#1786=DIRECTION('ref_axis',(1.,0.,0.));
#1787=DIRECTION('center_axis',(0.,0.,1.));
#1788=DIRECTION('ref_axis',(-1.,0.,0.));
#1789=DIRECTION('center_axis',(0.,0.,1.));
#1790=DIRECTION('ref_axis',(1.,0.,0.));
#1791=DIRECTION('center_axis',(0.,0.,-1.));
#1792=DIRECTION('ref_axis',(0.,-1.,0.));
#1793=DIRECTION('center_axis',(0.,0.,1.));
#1794=DIRECTION('ref_axis',(1.,0.,0.));
#1795=DIRECTION('center_axis',(0.,0.,1.));
#1796=DIRECTION('ref_axis',(1.,0.,0.));
#1797=DIRECTION('',(-2.97020532201251E-17,0.242535670209605,-0.970142488852013));
#1798=DIRECTION('center_axis',(0.,0.,1.));
#1799=DIRECTION('ref_axis',(-1.,0.,0.));
#1800=DIRECTION('center_axis',(0.,0.,1.));
#1801=DIRECTION('ref_axis',(-1.,0.,0.));
#1802=DIRECTION('center_axis',(0.,0.,1.));
#1803=DIRECTION('ref_axis',(-1.,0.,0.));
#1804=DIRECTION('',(0.,0.,-1.));
#1805=DIRECTION('center_axis',(0.,0.,1.));
#1806=DIRECTION('ref_axis',(-1.,0.,0.));
#1807=DIRECTION('center_axis',(0.,0.,1.));
#1808=DIRECTION('ref_axis',(-1.,0.,0.));
#1809=DIRECTION('center_axis',(0.,0.,1.));
#1810=DIRECTION('ref_axis',(-1.,0.,0.));
#1811=DIRECTION('center_axis',(0.,0.,1.));
#1812=DIRECTION('ref_axis',(-1.,0.,0.));
#1813=DIRECTION('',(0.,0.,1.));
#1814=DIRECTION('center_axis',(0.,0.,1.));
#1815=DIRECTION('ref_axis',(-1.,0.,0.));
#1816=DIRECTION('center_axis',(0.,0.,1.));
#1817=DIRECTION('ref_axis',(-1.,0.,0.));
#1818=DIRECTION('center_axis',(0.,0.,1.));
#1819=DIRECTION('ref_axis',(-1.,0.,0.));
#1820=DIRECTION('center_axis',(0.,0.,-1.));
#1821=DIRECTION('ref_axis',(-1.,0.,0.));
#1822=DIRECTION('center_axis',(0.,0.,1.));
#1823=DIRECTION('ref_axis',(1.,0.,0.));
#1824=DIRECTION('center_axis',(0.,0.,1.));
#1825=DIRECTION('ref_axis',(0.,-1.,0.));
#1826=DIRECTION('center_axis',(0.,0.,1.));
#1827=DIRECTION('ref_axis',(1.,0.,0.));
#1828=DIRECTION('',(-2.97020532201251E-17,0.242535670209605,0.970142488852013));
#1829=DIRECTION('center_axis',(0.,0.,1.));
#1830=DIRECTION('ref_axis',(1.,0.,0.));
#1831=CARTESIAN_POINT('',(0.,0.,0.));
#1832=CARTESIAN_POINT('Ctrl Pts',(-0.0312421095455411,3.8474920672296,-0.00369446751645445));
#1833=CARTESIAN_POINT('Ctrl Pts',(0.266858358820742,3.79724131899896,-0.00369446751645445));
#1834=CARTESIAN_POINT('Ctrl Pts',(0.865838376670452,3.65140726798255,-0.00369446751645445));
#1835=CARTESIAN_POINT('Ctrl Pts',(1.77175949072347,3.2948875497854,-0.00369446751645445));
#1836=CARTESIAN_POINT('Ctrl Pts',(2.44173070036094,2.92639506779312,-0.00369446751645445));
#1837=CARTESIAN_POINT('Ctrl Pts',(2.83857341661918,2.6243894345397,-0.00369446751645445));
#1838=CARTESIAN_POINT('Ctrl Pts',(3.07398548999444,2.38366852077966,-0.00369446751645445));
#1839=CARTESIAN_POINT('Ctrl Pts',(3.27627842452049,2.09694713237539,-0.00369446751645445));
#1840=CARTESIAN_POINT('Ctrl Pts',(3.53083023721663,1.61580999691467,-0.00369446751645445));
#1841=CARTESIAN_POINT('Ctrl Pts',(3.75698216617098,1.00385180107979,-0.00369446751645445));
#1842=CARTESIAN_POINT('Ctrl Pts',(3.86717219180533,0.408259806996463,-0.00369446751645445));
#1843=CARTESIAN_POINT('Ctrl Pts',(3.87407618356943,0.128984022125788,-0.00369446751645445));
#1844=CARTESIAN_POINT('Ctrl Pts',(3.86587320689924,-0.00925490434350709,
-0.00369446751645445));
#1845=CARTESIAN_POINT('Ctrl Pts',(-0.0312421095455411,3.8474920672296,-0.0379191364007836));
#1846=CARTESIAN_POINT('Ctrl Pts',(0.266842173802541,3.7972436544968,-0.0379191364007836));
#1847=CARTESIAN_POINT('Ctrl Pts',(0.865856629562927,3.65137545719097,-0.0379191364007836));
#1848=CARTESIAN_POINT('Ctrl Pts',(1.77176402335452,3.29484985797963,-0.0379191364007836));
#1849=CARTESIAN_POINT('Ctrl Pts',(2.44176876278322,2.92631909891436,-0.0379191364007836));
#1850=CARTESIAN_POINT('Ctrl Pts',(2.8385735523761,2.62433526982145,-0.0379191364007836));
#1851=CARTESIAN_POINT('Ctrl Pts',(3.07396806667161,2.38362759075179,-0.0379191364007836));
#1852=CARTESIAN_POINT('Ctrl Pts',(3.2762514275423,2.09691777951802,-0.0379191364007836));
#1853=CARTESIAN_POINT('Ctrl Pts',(3.53078967069714,1.61580991052092,-0.0379191364007836));
#1854=CARTESIAN_POINT('Ctrl Pts',(3.75696854238439,1.00380342291896,-0.0379191364007836));
#1855=CARTESIAN_POINT('Ctrl Pts',(3.86716081484719,0.408234320946741,-0.0379191364007836));
#1856=CARTESIAN_POINT('Ctrl Pts',(3.87407553947093,0.128965282998371,-0.0379191364007836));
#1857=CARTESIAN_POINT('Ctrl Pts',(3.86587320689924,-0.00925490434350709,
-0.0379191364007836));
#1858=CARTESIAN_POINT('Ctrl Pts',(-0.0265614236915506,3.87992925665183,
-0.105697745520681));
#1859=CARTESIAN_POINT('Ctrl Pts',(0.273136618796155,3.82944797850402,-0.105697745520681));
#1860=CARTESIAN_POINT('Ctrl Pts',(0.875164949286069,3.68294535157276,-0.105697745520681));
#1861=CARTESIAN_POINT('Ctrl Pts',(1.78493813453754,3.32496417107062,-0.105697745520681));
#1862=CARTESIAN_POINT('Ctrl Pts',(2.45813819626754,2.95492729618576,-0.105697745520681));
#1863=CARTESIAN_POINT('Ctrl Pts',(2.85945394910152,2.64983857794329,-0.105697745520681));
#1864=CARTESIAN_POINT('Ctrl Pts',(3.09885738777909,2.40527809276687,-0.105697745520681));
#1865=CARTESIAN_POINT('Ctrl Pts',(3.30410523134036,2.11446557388483,-0.105697745520681));
#1866=CARTESIAN_POINT('Ctrl Pts',(3.56081177680757,1.62930077599046,-0.105697745520681));
#1867=CARTESIAN_POINT('Ctrl Pts',(3.78824269774034,1.01418696723437,-0.105697745520681));
#1868=CARTESIAN_POINT('Ctrl Pts',(3.89978144971593,0.412784737412207,-0.105697745520681));
#1869=CARTESIAN_POINT('Ctrl Pts',(3.90689357915145,0.129707895249352,-0.105697745520681));
#1870=CARTESIAN_POINT('Ctrl Pts',(3.89862702546919,-0.0103807137255295,
-0.105697745520681));
#1871=CARTESIAN_POINT('Ctrl Pts',(-0.0107714138673333,3.98935414770926,
-0.131494797583965));
#1872=CARTESIAN_POINT('Ctrl Pts',(0.294289534911445,3.93809900227948,-0.131494797583965));
#1873=CARTESIAN_POINT('Ctrl Pts',(0.906657364078002,3.78928525008375,-0.131494797583965));
#1874=CARTESIAN_POINT('Ctrl Pts',(1.82940288711954,3.4263643176307,-0.131494797583965));
#1875=CARTESIAN_POINT('Ctrl Pts',(2.51355000441443,3.05105506080531,-0.131494797583965));
#1876=CARTESIAN_POINT('Ctrl Pts',(2.92989338048261,2.73560132561048,-0.131494797583965));
#1877=CARTESIAN_POINT('Ctrl Pts',(3.18273279240905,2.47810987747399,-0.131494797583965));
#1878=CARTESIAN_POINT('Ctrl Pts',(3.39793321866493,2.17351507141021,-0.131494797583965));
#1879=CARTESIAN_POINT('Ctrl Pts',(3.66188647965591,1.67481095993729,-0.131494797583965));
#1880=CARTESIAN_POINT('Ctrl Pts',(3.89367597158972,1.04897307274197,-0.131494797583965));
#1881=CARTESIAN_POINT('Ctrl Pts',(4.0097682367784,0.428007723805571,-0.131494797583965));
#1882=CARTESIAN_POINT('Ctrl Pts',(4.01760002149248,0.132119256044602,-0.131494797583965));
#1883=CARTESIAN_POINT('Ctrl Pts',(4.00912004575147,-0.0141785633904832,
-0.131494797583965));
#1884=CARTESIAN_POINT('Ctrl Pts',(0.00187269375619767,4.07697791201505,
-0.0601008466601277));
#1885=CARTESIAN_POINT('Ctrl Pts',(0.311250656504671,4.02509982154659,-0.0601008466601277));
#1886=CARTESIAN_POINT('Ctrl Pts',(0.931849964077861,3.87448303492056,-0.0601008466601277));
#1887=CARTESIAN_POINT('Ctrl Pts',(1.86500243880667,3.50761472009321,-0.0601008466601277));
#1888=CARTESIAN_POINT('Ctrl Pts',(2.55786881248358,3.12813691707858,-0.0601008466601277));
#1889=CARTESIAN_POINT('Ctrl Pts',(2.98629871339512,2.80435280715709,-0.0601008466601277));
#1890=CARTESIAN_POINT('Ctrl Pts',(3.24992169611188,2.5364882163126,-0.0601008466601277));
#1891=CARTESIAN_POINT('Ctrl Pts',(3.47310517111938,2.22084086817178,-0.0601008466601277));
#1892=CARTESIAN_POINT('Ctrl Pts',(3.74288028821738,1.71125410172792,-0.0601008466601277));
#1893=CARTESIAN_POINT('Ctrl Pts',(3.97812238964485,1.07689610484258,-0.0601008466601277));
#1894=CARTESIAN_POINT('Ctrl Pts',(4.09785782022277,0.440233333237155,-0.0601008466601277));
#1895=CARTESIAN_POINT('Ctrl Pts',(4.10625090743657,0.134076335055531,-0.0601008466601277));
#1896=CARTESIAN_POINT('Ctrl Pts',(4.09759913193643,-0.0172197533856925,
-0.0601008466601277));
#1897=CARTESIAN_POINT('Ctrl Pts',(0.001864205973494,4.07691909161481,0.0483854364480613));
#1898=CARTESIAN_POINT('Ctrl Pts',(0.311230848482675,4.02504263465667,0.0483854364480613));
#1899=CARTESIAN_POINT('Ctrl Pts',(0.931842551068382,3.87440928946156,0.0483854364480613));
#1900=CARTESIAN_POINT('Ctrl Pts',(1.86498090008307,3.50754056410759,0.0483854364480613));
#1901=CARTESIAN_POINT('Ctrl Pts',(2.55785886877136,3.12804564089176,0.0483854364480613));
#1902=CARTESIAN_POINT('Ctrl Pts',(2.98626092006208,2.80427846938097,0.0483854364480613));
#1903=CARTESIAN_POINT('Ctrl Pts',(3.24986752661675,2.53642772887557,0.0483854364480613));
#1904=CARTESIAN_POINT('Ctrl Pts',(3.47304066083168,2.22079382460962,0.0483854364480612));
#1905=CARTESIAN_POINT('Ctrl Pts',(3.74280480854643,1.71122959308546,0.0483854364480613));
#1906=CARTESIAN_POINT('Ctrl Pts',(3.97805861265078,1.0768521857238,0.0483854364480613));
#1907=CARTESIAN_POINT('Ctrl Pts',(4.09779276682742,0.440211864051525,0.0483854364480613));
#1908=CARTESIAN_POINT('Ctrl Pts',(4.10619106237283,0.134065269904319,0.0483854364480613));
#1909=CARTESIAN_POINT('Ctrl Pts',(4.0975397373726,-0.0172177118845753,0.0483854364480613));
#1910=CARTESIAN_POINT('Ctrl Pts',(-0.00601851680825218,4.02229176134516,
0.0975383057857175));
#1911=CARTESIAN_POINT('Ctrl Pts',(0.300667515731731,3.97080211635768,0.0975383057857175));
#1912=CARTESIAN_POINT('Ctrl Pts',(0.916124593348427,3.8213155141998,0.0975383057857175));
#1913=CARTESIAN_POINT('Ctrl Pts',(1.84278404243572,3.45691161309307,0.0975383057857175));
#1914=CARTESIAN_POINT('Ctrl Pts',(2.53020389354671,3.08004090840129,0.0975383057857175));
#1915=CARTESIAN_POINT('Ctrl Pts',(2.95109602302605,2.76145266687001,0.0975383057857175));
#1916=CARTESIAN_POINT('Ctrl Pts',(3.2079914831374,2.50006007120637,0.0975383057857175));
#1917=CARTESIAN_POINT('Ctrl Pts',(3.42619409879641,2.19130897084202,0.0975383057857175));
#1918=CARTESIAN_POINT('Ctrl Pts',(3.69233773508267,1.68850988307129,0.0975383057857175));
#1919=CARTESIAN_POINT('Ctrl Pts',(3.92542118451802,1.05947624248548,0.0975383057857175));
#1920=CARTESIAN_POINT('Ctrl Pts',(4.04288258604312,0.432606970933033,0.0975383057857175));
#1921=CARTESIAN_POINT('Ctrl Pts',(4.05092382085201,0.132857611615775,0.0975383057857175));
#1922=CARTESIAN_POINT('Ctrl Pts',(4.04237917332613,-0.015321741178486,0.0975383057857175));
#1923=CARTESIAN_POINT('Ctrl Pts',(-0.0154055991328595,3.95723920772725,
0.116514583856216));
#1924=CARTESIAN_POINT('Ctrl Pts',(0.288081429266541,3.90621117898008,0.116514583856216));
#1925=CARTESIAN_POINT('Ctrl Pts',(0.897414670057598,3.75807577986356,0.116514583856216));
#1926=CARTESIAN_POINT('Ctrl Pts',(1.8163529879221,3.39660461859414,0.116514583856216));
#1927=CARTESIAN_POINT('Ctrl Pts',(2.49728720763796,3.02284281724223,0.116514583856216));
#1928=CARTESIAN_POINT('Ctrl Pts',(2.9092202217763,2.71043105343314,0.116514583856216));
#1929=CARTESIAN_POINT('Ctrl Pts',(3.1581163641368,2.45673466835743,0.116514583856216));
#1930=CARTESIAN_POINT('Ctrl Pts',(3.37039584057357,2.15618478230061,0.116514583856216));
#1931=CARTESIAN_POINT('Ctrl Pts',(3.63222230001863,1.66145424745597,0.116514583856216));
#1932=CARTESIAN_POINT('Ctrl Pts',(3.86273255084522,1.03876384453515,0.116514583856216));
#1933=CARTESIAN_POINT('Ctrl Pts',(3.97748840832215,0.423540001532779,0.116514583856216));
#1934=CARTESIAN_POINT('Ctrl Pts',(3.98510896224786,0.131411584960192,0.116514583856216));
#1935=CARTESIAN_POINT('Ctrl Pts',(3.97669162219531,-0.0130639384374943,
0.116514583856216));
#1936=CARTESIAN_POINT('Ctrl Pts',(-0.0265436211783615,3.88005262820688,
0.0987349238069656));
#1937=CARTESIAN_POINT('Ctrl Pts',(0.273159915133696,3.82957055730031,0.0987349238069656));
#1938=CARTESIAN_POINT('Ctrl Pts',(0.875201078752629,3.68306415882036,0.0987349238069657));
#1939=CARTESIAN_POINT('Ctrl Pts',(1.78498842126857,3.3250772081779,0.0987349238069656));
#1940=CARTESIAN_POINT('Ctrl Pts',(2.45820197011414,2.9550330820252,0.0987349238069656));
#1941=CARTESIAN_POINT('Ctrl Pts',(2.85953337097075,2.64993342216263,0.0987349238069656));
#1942=CARTESIAN_POINT('Ctrl Pts',(3.09895135857133,2.40535880979106,0.0987349238069657));
#1943=CARTESIAN_POINT('Ctrl Pts',(3.30421009633951,2.11453114729188,0.0987349238069656));
#1944=CARTESIAN_POINT('Ctrl Pts',(3.56092434884028,1.62935208368959,0.0987349238069657));
#1945=CARTESIAN_POINT('Ctrl Pts',(3.78836110377119,1.01422453519457,0.0987349238069656));
#1946=CARTESIAN_POINT('Ctrl Pts',(3.89990506633819,0.412801030459258,0.0987349238069656));
#1947=CARTESIAN_POINT('Ctrl Pts',(3.90701837360537,0.129709974136033,0.0987349238069656));
#1948=CARTESIAN_POINT('Ctrl Pts',(3.89875160129104,-0.010384995627156,0.0987349238069656));
#1949=CARTESIAN_POINT('Ctrl Pts',(-0.0312421095455411,3.8474920672296,0.0305302013678747));
#1950=CARTESIAN_POINT('Ctrl Pts',(0.266836514964038,3.79724447106709,0.0305302013678747));
#1951=CARTESIAN_POINT('Ctrl Pts',(0.865863011401328,3.65136433504517,0.0305302013678747));
#1952=CARTESIAN_POINT('Ctrl Pts',(1.77176560811808,3.2948366796292,0.0305302013678747));
#1953=CARTESIAN_POINT('Ctrl Pts',(2.44178207071392,2.92629253758395,0.0305302013678747));
#1954=CARTESIAN_POINT('Ctrl Pts',(2.83857359984138,2.62431633197477,0.0305302013678747));
#1955=CARTESIAN_POINT('Ctrl Pts',(3.07396197487926,2.38361328020763,0.0305302013678747));
#1956=CARTESIAN_POINT('Ctrl Pts',(3.27624198847107,2.09690751675048,0.0305302013678747));
#1957=CARTESIAN_POINT('Ctrl Pts',(3.53077548724801,1.61580988031469,0.0305302013678747));
#1958=CARTESIAN_POINT('Ctrl Pts',(3.75696377904046,1.0037865082516,0.0305302013678747));
#1959=CARTESIAN_POINT('Ctrl Pts',(3.8671568370717,0.408225410148022,0.0305302013678747));
#1960=CARTESIAN_POINT('Ctrl Pts',(3.87407531427196,0.128958731155523,0.0305302013678747));
#1961=CARTESIAN_POINT('Ctrl Pts',(3.86587320689924,-0.00925490434350709,
0.0305302013678747));
#1962=CARTESIAN_POINT('Ctrl Pts',(-0.0312421095455411,3.8474920672296,-0.00369446751645435));
#1963=CARTESIAN_POINT('Ctrl Pts',(0.266858358820742,3.79724131899896,-0.00369446751645435));
#1964=CARTESIAN_POINT('Ctrl Pts',(0.865838376670452,3.65140726798255,-0.00369446751645435));
#1965=CARTESIAN_POINT('Ctrl Pts',(1.77175949072347,3.2948875497854,-0.00369446751645435));
#1966=CARTESIAN_POINT('Ctrl Pts',(2.44173070036094,2.92639506779312,-0.00369446751645435));
#1967=CARTESIAN_POINT('Ctrl Pts',(2.83857341661918,2.6243894345397,-0.00369446751645435));
#1968=CARTESIAN_POINT('Ctrl Pts',(3.07398548999444,2.38366852077966,-0.00369446751645435));
#1969=CARTESIAN_POINT('Ctrl Pts',(3.27627842452049,2.09694713237539,-0.00369446751645435));
#1970=CARTESIAN_POINT('Ctrl Pts',(3.53083023721663,1.61580999691467,-0.00369446751645435));
#1971=CARTESIAN_POINT('Ctrl Pts',(3.75698216617098,1.00385180107979,-0.00369446751645435));
#1972=CARTESIAN_POINT('Ctrl Pts',(3.86717219180533,0.408259806996463,-0.00369446751645435));
#1973=CARTESIAN_POINT('Ctrl Pts',(3.87407618356943,0.128984022125788,-0.00369446751645435));
#1974=CARTESIAN_POINT('Ctrl Pts',(3.86587320689924,-0.00925490434350709,
-0.00369446751645435));
#1975=CARTESIAN_POINT('',(2.7876518472811,2.72507524885972,0.0925825025007615));
#1976=CARTESIAN_POINT('',(2.76101888843559,2.67894561098358,-0.00369446751645435));
#1977=CARTESIAN_POINT('Ctrl Pts',(2.7876518472811,2.72507524885972,0.0925825025007617));
#1978=CARTESIAN_POINT('Ctrl Pts',(2.78651880057832,2.72311275440315,0.0911477687987214));
#1979=CARTESIAN_POINT('Ctrl Pts',(2.78540953101387,2.72119144315906,0.0896327809204472));
#1980=CARTESIAN_POINT('Ctrl Pts',(2.77828710449944,2.70885503856289,0.0791566274308585));
#1981=CARTESIAN_POINT('Ctrl Pts',(2.77317053602753,2.69999288200887,0.0680064646644402));
#1982=CARTESIAN_POINT('Ctrl Pts',(2.76707290927496,2.68943148266782,0.0479393385834162));
#1983=CARTESIAN_POINT('Ctrl Pts',(2.76528018372799,2.6863263909359,0.0402138412620059));
#1984=CARTESIAN_POINT('Ctrl Pts',(2.76259343738042,2.68167280975486,0.0241251047083349));
#1985=CARTESIAN_POINT('Ctrl Pts',(2.76170615785317,2.68013599653314,0.0158166284590372));
#1986=CARTESIAN_POINT('Ctrl Pts',(2.76129106069879,2.67941702717168,0.00738656886178028));
#1987=CARTESIAN_POINT('Ctrl Pts',(2.76110938406331,2.67910235400848,0.00369696307090049));
#1988=CARTESIAN_POINT('Ctrl Pts',(2.76101888843565,2.67894561098351,-1.03851826229817E-6));
#1989=CARTESIAN_POINT('Ctrl Pts',(2.76101888843565,2.67894561098351,-0.00369446751645435));
#1990=CARTESIAN_POINT('',(2.82952376059542,2.62095698901629,-0.00369446751645435));
#1991=CARTESIAN_POINT('Ctrl Pts',(2.82952376059542,2.62095698901629,-0.00369446751645422));
#1992=CARTESIAN_POINT('Ctrl Pts',(2.82945642879404,2.62101609964428,-0.00243782346242971));
#1993=CARTESIAN_POINT('Ctrl Pts',(2.82938358127746,2.62110756965518,-0.0011806161337326));
#1994=CARTESIAN_POINT('Ctrl Pts',(2.82869441577619,2.62219638812621,0.00986272489839099));
#1995=CARTESIAN_POINT('Ctrl Pts',(2.82778185897838,2.62508916592759,0.0192538872462747));
#1996=CARTESIAN_POINT('Ctrl Pts',(2.82504204889921,2.63457143110368,0.0378330145234942));
#1997=CARTESIAN_POINT('Ctrl Pts',(2.82307868499646,2.64174441614331,0.0471395563927718));
#1998=CARTESIAN_POINT('Ctrl Pts',(2.81718042534233,2.66026592428291,0.064003058560964));
#1999=CARTESIAN_POINT('Ctrl Pts',(2.81349737745899,2.67066476285772,0.0707482891953334));
#2000=CARTESIAN_POINT('Ctrl Pts',(2.80313126171386,2.69569455189664,0.0835453514890972));
#2001=CARTESIAN_POINT('Ctrl Pts',(2.79589329631722,2.71052511031297,0.0886700950212308));
#2002=CARTESIAN_POINT('Ctrl Pts',(2.7876518472811,2.72507524885972,0.0925825025007622));
#2003=CARTESIAN_POINT('',(3.86587320689925,-0.00925490434350597,-0.00369446751645435));
#2004=CARTESIAN_POINT('Ctrl Pts',(2.82930822013377,2.62105101524114,-0.00369446751645435));
#2005=CARTESIAN_POINT('Ctrl Pts',(2.91769488714263,2.54348344570925,-0.00369446751645435));
#2006=CARTESIAN_POINT('Ctrl Pts',(3.07426514277081,2.38327215284668,-0.00369446751645435));
#2007=CARTESIAN_POINT('Ctrl Pts',(3.27627842452049,2.09694713237539,-0.00369446751645435));
#2008=CARTESIAN_POINT('Ctrl Pts',(3.53083023721663,1.61580999691467,-0.00369446751645435));
#2009=CARTESIAN_POINT('Ctrl Pts',(3.75698216617098,1.00385180107979,-0.00369446751645435));
#2010=CARTESIAN_POINT('Ctrl Pts',(3.86717219180533,0.408259806996463,-0.00369446751645435));
#2011=CARTESIAN_POINT('Ctrl Pts',(3.87407618356943,0.128984022125788,-0.00369446751645435));
#2012=CARTESIAN_POINT('Ctrl Pts',(3.86587320689924,-0.00925490434350709,
-0.00369446751645435));
#2013=CARTESIAN_POINT('',(4.08449466959035,-0.0167693287543133,0.0419377560855052));
#2014=CARTESIAN_POINT('Ctrl Pts',(3.86587320689924,-0.00925490434350703,
-0.00369446751645434));
#2015=CARTESIAN_POINT('Ctrl Pts',(3.86587320689924,-0.00925490434350703,
0.0305302013678747));
#2016=CARTESIAN_POINT('Ctrl Pts',(3.88231240409514,-0.0098199499853323,
0.0646325625874201));
#2017=CARTESIAN_POINT('Ctrl Pts',(3.90887083114115,-0.0107328122910298,
0.0858671926205459));
#2018=CARTESIAN_POINT('Ctrl Pts',(3.93542925818717,-0.0116456745967274,
0.107101822653672));
#2019=CARTESIAN_POINT('Ctrl Pts',(3.9721069150833,-0.0129063535662984,0.115468721500378));
#2020=CARTESIAN_POINT('Ctrl Pts',(4.00537667746323,-0.0140498968922472,
0.107964475563123));
#2021=CARTESIAN_POINT('Ctrl Pts',(4.00953539776072,-0.0141928398079908,
0.107026444820967));
#2022=CARTESIAN_POINT('Ctrl Pts',(4.0136408697064,-0.0143339524793014,0.105840427441561));
#2023=CARTESIAN_POINT('Ctrl Pts',(4.01766409956548,-0.0144722383378406,
0.10441865544288));
#2024=CARTESIAN_POINT('Ctrl Pts',(4.04582670857903,-0.0154402393476157,
0.094466251452114));
#2025=CARTESIAN_POINT('Ctrl Pts',(4.06995945534936,-0.0162697265315305,
0.0729618711168894));
#2026=CARTESIAN_POINT('Ctrl Pts',(4.08283868937652,-0.0167124096486173,
0.0460846715401282));
#2027=CARTESIAN_POINT('Ctrl Pts',(4.0834646576094,-0.0167339253356483,0.0447783614685611));
#2028=CARTESIAN_POINT('Ctrl Pts',(4.08406404231379,-0.0167545272975907,
0.0434593594938873));
#2029=CARTESIAN_POINT('Ctrl Pts',(4.08463683899954,-0.0167742153801094,
0.0421287413296216));
#2030=CARTESIAN_POINT('',(4.08449466959032,-0.0167693287543133,-0.0493266911184827));
#2031=CARTESIAN_POINT('Origin',(3.97969872420532,-0.0167693287543133,-0.00369446751645433));
#2032=CARTESIAN_POINT('Ctrl Pts',(4.08460831907119,-0.0167732350973727,
-0.0492496068342361));
#2033=CARTESIAN_POINT('Ctrl Pts',(4.08404528495092,-0.0167538825723031,
-0.0505553918999917));
#2034=CARTESIAN_POINT('Ctrl Pts',(4.06933560700196,-0.016248283708888,-0.0829067412405494));
#2035=CARTESIAN_POINT('Ctrl Pts',(4.00912004575147,-0.0141785633904832,
-0.131494797583965));
#2036=CARTESIAN_POINT('Ctrl Pts',(3.89862702546919,-0.0103807137255295,
-0.105697745520681));
#2037=CARTESIAN_POINT('Ctrl Pts',(3.86587320689924,-0.00925490434350709,
-0.0379191364007836));
#2038=CARTESIAN_POINT('Ctrl Pts',(3.86587320689924,-0.00925490434350709,
-0.00369446751645445));
#2039=CARTESIAN_POINT('',(2.79183030741209,2.732312554104,-0.104787070770435));
#2040=CARTESIAN_POINT('Ctrl Pts',(2.79183030741209,2.732312554104,-0.104787070770435));
#2041=CARTESIAN_POINT('Ctrl Pts',(2.80722585248718,2.70610996624758,-0.0991551910892532));
#2042=CARTESIAN_POINT('Ctrl Pts',(2.81549515898694,2.68540198861988,-0.0913381210057693));
#2043=CARTESIAN_POINT('Ctrl Pts',(2.82480159099982,2.65652955553201,-0.0742602856401976));
#2044=CARTESIAN_POINT('Ctrl Pts',(2.82706779819267,2.64621105775308,-0.0653961002975245));
#2045=CARTESIAN_POINT('Ctrl Pts',(2.82954014462148,2.63190746839249,-0.0473526070817196));
#2046=CARTESIAN_POINT('Ctrl Pts',(2.83004976409136,2.62687687455076,-0.0380890625854188));
#2047=CARTESIAN_POINT('Ctrl Pts',(2.83017648542789,2.6215638749561,-0.0200608638197484));
#2048=CARTESIAN_POINT('Ctrl Pts',(2.82996287444826,2.6205714907069,-0.0118898492071437));
#2049=CARTESIAN_POINT('Ctrl Pts',(2.82952376059542,2.62095698901629,-0.00369446751645436));
#2050=CARTESIAN_POINT('Ctrl Pts',(2.76101888843565,2.67894561098351,-0.00369446751645426));
#2051=CARTESIAN_POINT('Ctrl Pts',(2.76101888843565,2.67894561098351,-0.0146608408516385));
#2052=CARTESIAN_POINT('Ctrl Pts',(2.76181676626844,2.68032757592813,-0.0255869026922914));
#2053=CARTESIAN_POINT('Ctrl Pts',(2.76551031746296,2.68672499425739,-0.0502740397549976));
#2054=CARTESIAN_POINT('Ctrl Pts',(2.76898553013025,2.6927442391642,-0.0634476872189607));
#2055=CARTESIAN_POINT('Ctrl Pts',(2.77830308965861,2.70888272566987,-0.0865735055820088));
#2056=CARTESIAN_POINT('Ctrl Pts',(2.78408207918196,2.7188922291404,-0.0962607983673848));
#2057=CARTESIAN_POINT('Ctrl Pts',(2.79102112704222,2.73091101259052,-0.103929952015535));
#2058=CARTESIAN_POINT('Ctrl Pts',(2.79142456051476,2.7316097798628,-0.104363417028502));
#2059=CARTESIAN_POINT('Ctrl Pts',(2.79183030741209,2.732312554104,-0.104787070770435));
#2060=CARTESIAN_POINT('',(0.0564202020902667,3.83206451424701,-0.00369446751645435));
#2061=CARTESIAN_POINT('Ctrl Pts',(0.0564147325355044,3.83206951672353,-0.00369446751645435));
#2062=CARTESIAN_POINT('Ctrl Pts',(0.325553864421512,3.78273319054733,-0.00369446751645435));
#2063=CARTESIAN_POINT('Ctrl Pts',(0.895423503408657,3.63976422215448,-0.00369446751645435));
#2064=CARTESIAN_POINT('Ctrl Pts',(1.77175949072347,3.2948875497854,-0.00369446751645435));
#2065=CARTESIAN_POINT('Ctrl Pts',(2.40879789245504,2.94450852095297,-0.00369446751645435));
#2066=CARTESIAN_POINT('Ctrl Pts',(2.68989478879928,2.73696767789999,-0.00369446751645435));
#2067=CARTESIAN_POINT('Ctrl Pts',(2.76080079035904,2.6790336302753,-0.00369446751645435));
#2068=CARTESIAN_POINT('',(0.0331381799101515,3.91845428081632,-0.113051824024492));
#2069=CARTESIAN_POINT('Ctrl Pts',(0.0331381799101529,3.91845428081632,-0.113051824024491));
#2070=CARTESIAN_POINT('Ctrl Pts',(0.0333471671928531,3.91767881713757,-0.112830326470751));
#2071=CARTESIAN_POINT('Ctrl Pts',(0.0335556582597228,3.91690519470641,-0.112601409836504));
#2072=CARTESIAN_POINT('Ctrl Pts',(0.0380476575582645,3.90023727953013,-0.107496633244971));
#2073=CARTESIAN_POINT('Ctrl Pts',(0.0420686480926949,3.885317079259,-0.0995255014309331));
#2074=CARTESIAN_POINT('Ctrl Pts',(0.0486345506937039,3.86095378346667,-0.0789819749697189));
#2075=CARTESIAN_POINT('Ctrl Pts',(0.0512382045020164,3.85129272211268,-0.0671098214678516));
#2076=CARTESIAN_POINT('Ctrl Pts',(0.0548583422957646,3.83785991732746,-0.0411406480021814));
#2077=CARTESIAN_POINT('Ctrl Pts',(0.0559457936922849,3.83382484375981,-0.0276144695597305));
#2078=CARTESIAN_POINT('Ctrl Pts',(0.0563791089779548,3.83221699345839,-0.0102993420233531));
#2079=CARTESIAN_POINT('Ctrl Pts',(0.0564202020902732,3.83206451424701,-0.00699397552803748));
#2080=CARTESIAN_POINT('Ctrl Pts',(0.0564202020902732,3.83206451424701,-0.00369446751645445));
#2081=CARTESIAN_POINT('',(-0.0232510321720231,3.90287029566411,-0.102037488081362));
#2082=CARTESIAN_POINT('Ctrl Pts',(-0.0232510321720248,3.90287029566411,
-0.102037488081362));
#2083=CARTESIAN_POINT('Ctrl Pts',(-0.00593974089295563,3.91025824334282,
-0.108066863911708));
#2084=CARTESIAN_POINT('Ctrl Pts',(0.0136827874920908,3.91524792362825,-0.111056722535979));
#2085=CARTESIAN_POINT('Ctrl Pts',(0.0331381799101543,3.91845428081632,-0.113051824024492));
#2086=CARTESIAN_POINT('',(-0.0149450948030336,3.96043050631944,-0.117994467516454));
#2087=CARTESIAN_POINT('Ctrl Pts',(-0.0232463690558819,3.90290261109529,
-0.101956301662036));
#2088=CARTESIAN_POINT('Ctrl Pts',(-0.0207435149254237,3.92024740971207,
-0.112232337216078));
#2089=CARTESIAN_POINT('Ctrl Pts',(-0.017831245292672,3.94042946094835,-0.117834525706784));
#2090=CARTESIAN_POINT('Ctrl Pts',(-0.014928316367575,3.96054678100784,-0.118013557097865));
#2091=CARTESIAN_POINT('',(-9.36036635354111E-11,4.06400012879617,-0.0493266932076671));
#2092=CARTESIAN_POINT('Ctrl Pts',(-0.0149283163675719,3.96054678100783,
-0.118013557097865));
#2093=CARTESIAN_POINT('Ctrl Pts',(-0.0137053600473346,3.9690218778317,-0.118088980085094));
#2094=CARTESIAN_POINT('Ctrl Pts',(-0.0124840615146173,3.97748548617513,
-0.11720190189033));
#2095=CARTESIAN_POINT('Ctrl Pts',(-0.0112957309007778,3.98572062658399,
-0.115296297086111));
#2096=CARTESIAN_POINT('Ctrl Pts',(-0.00655671132615338,4.01856206914452,
-0.107696813942686));
#2097=CARTESIAN_POINT('Ctrl Pts',(-0.00234200878497671,4.04776999057979,
-0.0838988303014069));
#2098=CARTESIAN_POINT('Ctrl Pts',(-0.000236133650510916,4.06236372166259,
-0.053132658809778));
#2099=CARTESIAN_POINT('Ctrl Pts',(-0.000148344088031642,4.0629721040143,
-0.0518500809920303));
#2100=CARTESIAN_POINT('Ctrl Pts',(-6.42194208614281E-5,4.06355508861297,
-0.0505553932790469));
#2101=CARTESIAN_POINT('Ctrl Pts',(1.62409554064408E-5,4.06411267964714,
-0.0492496089205484));
#2102=CARTESIAN_POINT('',(4.53985494689571E-16,4.06400012969972,0.0419377560855096));
#2103=CARTESIAN_POINT('Ctrl Pts',(1.62409554064408E-5,4.06411267964714,
-0.0492496089205484));
#2104=CARTESIAN_POINT('Ctrl Pts',(0.00178376404003301,4.07636162838941,
-0.0205646324856077));
#2105=CARTESIAN_POINT('Ctrl Pts',(0.00178298684704645,4.07635624243597,
0.0134753230892769));
#2106=CARTESIAN_POINT('Ctrl Pts',(2.03167255496914E-5,4.06414092476598,
0.0421287413296277));
#2107=CARTESIAN_POINT('',(-0.0149450948030334,3.96043050631944,0.110605532483545));
#2108=CARTESIAN_POINT('Ctrl Pts',(2.03167255496914E-5,4.06414092476598,
0.0421287413296277));
#2109=CARTESIAN_POINT('Ctrl Pts',(-6.15388095070459E-5,4.06357366527054,
0.0434593594938914));
#2110=CARTESIAN_POINT('Ctrl Pts',(-0.000147193906513716,4.06298007478118,
0.0447783614685631));
#2111=CARTESIAN_POINT('Ctrl Pts',(-0.00023664792380375,4.06236015774468,
0.0460846715401282));
#2112=CARTESIAN_POINT('Ctrl Pts',(-0.0020771554173781,4.04960542647998,
0.0729618711168893));
#2113=CARTESIAN_POINT('Ctrl Pts',(-0.00552584663439235,4.02570596948701,
0.0944662514521139));
#2114=CARTESIAN_POINT('Ctrl Pts',(-0.00955042548890812,3.99781560668103,
0.10441865544288));
#2115=CARTESIAN_POINT('Ctrl Pts',(-0.0101253653252675,3.99383126913732,
0.10584042744156));
#2116=CARTESIAN_POINT('Ctrl Pts',(-0.0107120579705555,3.9897654845362,0.107026444820967));
#2117=CARTESIAN_POINT('Ctrl Pts',(-0.011306360073854,3.98564696633181,0.107964475563123));
#2118=CARTESIAN_POINT('Ctrl Pts',(-0.0124945471778543,3.97741282044726,
0.109839878703716));
#2119=CARTESIAN_POINT('Ctrl Pts',(-0.0137131507552793,3.96896788816499,
0.110724031356933));
#2120=CARTESIAN_POINT('Ctrl Pts',(-0.0149319979946947,3.96052126730322,
0.110663812473578));
#2121=CARTESIAN_POINT('',(-0.0243961837947873,3.89493438599971,0.0894245086328552));
#2122=CARTESIAN_POINT('Ctrl Pts',(-0.014931997994695,3.96052126730322,0.110663812473578));
#2123=CARTESIAN_POINT('Ctrl Pts',(-0.0182929641894682,3.9372297453976,0.110497759153115));
#2124=CARTESIAN_POINT('Ctrl Pts',(-0.0216557831372198,3.9139253838994,0.103150909296037));
#2125=CARTESIAN_POINT('Ctrl Pts',(-0.0243878094047621,3.89499242058779,
0.0896061926569279));
#2126=CARTESIAN_POINT('',(0.0347799890916246,3.91236221927452,0.103756607955041));
#2127=CARTESIAN_POINT('Ctrl Pts',(0.0347799890916245,3.91236221927452,0.10375660795504));
#2128=CARTESIAN_POINT('Ctrl Pts',(0.0175191268231967,3.90923073999036,0.101539877041772));
#2129=CARTESIAN_POINT('Ctrl Pts',(-0.00454855822850496,3.90371507461389,
0.0979504730274435));
#2130=CARTESIAN_POINT('Ctrl Pts',(-0.0243961837947878,3.89493438599971,
0.0894245086328549));
#2131=CARTESIAN_POINT('Ctrl Pts',(0.0564202020902705,3.83206451424701,-0.00369446751645427));
#2132=CARTESIAN_POINT('Ctrl Pts',(0.0564202020902705,3.83206451424701,0.00645437721711084));
#2133=CARTESIAN_POINT('Ctrl Pts',(0.0560313966688873,3.83350720721135,0.0165477951178292));
#2134=CARTESIAN_POINT('Ctrl Pts',(0.054217903444199,3.84023631584048,0.0397166609059909));
#2135=CARTESIAN_POINT('Ctrl Pts',(0.052492590189577,3.84663822578508,0.0521424560709576));
#2136=CARTESIAN_POINT('Ctrl Pts',(0.047743460638101,3.86426024290134,0.0750859650566855));
#2137=CARTESIAN_POINT('Ctrl Pts',(0.0446652173273667,3.8756823057703,0.0850722484841936));
#2138=CARTESIAN_POINT('Ctrl Pts',(0.0391692667555987,3.89607546076768,0.0972535714452678));
#2139=CARTESIAN_POINT('Ctrl Pts',(0.0370123276621785,3.90407895218879,0.100934735323187));
#2140=CARTESIAN_POINT('Ctrl Pts',(0.0347799890916255,3.91236221927452,0.10375660795504));
#2141=CARTESIAN_POINT('',(4.03064594184259,0.760961104609136,-0.002725183009094));
#2142=CARTESIAN_POINT('',(4.09805544540306,0.176380491048196,-0.00272518300909404));
#2143=CARTESIAN_POINT('Ctrl Pts',(4.03064594184259,0.760961104609117,-0.00272518300910305));
#2144=CARTESIAN_POINT('Ctrl Pts',(4.03082076047528,0.76003512822458,-0.000761414523975123));
#2145=CARTESIAN_POINT('Ctrl Pts',(4.0310056274154,0.758818308928654,0.00103391317186577));
#2146=CARTESIAN_POINT('Ctrl Pts',(4.0316256141358,0.754299136316337,0.00652698534948185));
#2147=CARTESIAN_POINT('Ctrl Pts',(4.03209561187148,0.750137155374819,0.00980056140844101));
#2148=CARTESIAN_POINT('Ctrl Pts',(4.03368466855663,0.735208672101912,0.0197077181115278));
#2149=CARTESIAN_POINT('Ctrl Pts',(4.03498418712725,0.721147497972539,0.0252370172628468));
#2150=CARTESIAN_POINT('Ctrl Pts',(4.03879720327868,0.679220384443378,0.0391713057682159));
#2151=CARTESIAN_POINT('Ctrl Pts',(4.0422721259434,0.639011587626321,0.046993745238482));
#2152=CARTESIAN_POINT('Ctrl Pts',(4.04914225644654,0.563918040608246,0.0557537054068102));
#2153=CARTESIAN_POINT('Ctrl Pts',(4.05186631329325,0.535022397216947,0.0579562531436892));
#2154=CARTESIAN_POINT('Ctrl Pts',(4.05656487286346,0.487278973738198,0.0602975246397766));
#2155=CARTESIAN_POINT('Ctrl Pts',(4.05859297315731,0.467301089036414,0.0608565719981246));
#2156=CARTESIAN_POINT('Ctrl Pts',(4.06245805340095,0.430658508619706,0.0611702244083714));
#2157=CARTESIAN_POINT('Ctrl Pts',(4.06432446814143,0.413561061235064,0.0610074332397659));
#2158=CARTESIAN_POINT('Ctrl Pts',(4.06830779028214,0.378555249237473,0.0599928168853451));
#2159=CARTESIAN_POINT('Ctrl Pts',(4.07049317465296,0.360216628739213,0.0590497288987113));
#2160=CARTESIAN_POINT('Ctrl Pts',(4.07577831133787,0.318322737952771,0.0556874878957416));
#2161=CARTESIAN_POINT('Ctrl Pts',(4.07919570024567,0.29329667222856,0.0526731878067132));
#2162=CARTESIAN_POINT('Ctrl Pts',(4.08553794889857,0.251185333954854,0.0442739178589616));
#2163=CARTESIAN_POINT('Ctrl Pts',(4.09004534165662,0.223986248800648,0.0374102455978405));
#2164=CARTESIAN_POINT('Ctrl Pts',(4.09479414961239,0.197124689874485,0.0221338621397849));
#2165=CARTESIAN_POINT('Ctrl Pts',(4.09621468104267,0.189242253691119,0.0167518071456089));
#2166=CARTESIAN_POINT('Ctrl Pts',(4.0976142773669,0.18048902486772,0.00632788085846771));
#2167=CARTESIAN_POINT('Ctrl Pts',(4.09795397850515,0.178060541909672,0.00235974229305442));
#2168=CARTESIAN_POINT('Ctrl Pts',(4.09804737535898,0.176548278013283,-0.00218121969796434));
#2169=CARTESIAN_POINT('Ctrl Pts',(4.09805192888975,0.176462194338708,-0.00245308664469967));
#2170=CARTESIAN_POINT('Ctrl Pts',(4.09805544540306,0.176380491048196,-0.002725183009094));
#2171=CARTESIAN_POINT('Ctrl Pts',(4.09805544540306,0.176380491048196,-0.002725183009094));
#2172=CARTESIAN_POINT('Ctrl Pts',(4.09809480063202,0.175466104715532,-0.00577036264888435));
#2173=CARTESIAN_POINT('Ctrl Pts',(4.09800365615394,0.175100742308279,-0.0088443983241058));
#2174=CARTESIAN_POINT('Ctrl Pts',(4.09753221354223,0.17551218672077,-0.0153135270802636));
#2175=CARTESIAN_POINT('Ctrl Pts',(4.09713777849187,0.176401067526362,-0.0184989721260766));
#2176=CARTESIAN_POINT('Ctrl Pts',(4.09598417973616,0.179611414273592,-0.0255285890321895));
#2177=CARTESIAN_POINT('Ctrl Pts',(4.09516191741765,0.182296363629694,-0.0290787186218288));
#2178=CARTESIAN_POINT('Ctrl Pts',(4.0927355842617,0.19085643928572,-0.0379269251495736));
#2179=CARTESIAN_POINT('Ctrl Pts',(4.09095999057206,0.197903715012888,-0.0424817134291087));
#2180=CARTESIAN_POINT('Ctrl Pts',(4.0847456561238,0.224469522240787,-0.0563829948090765));
#2181=CARTESIAN_POINT('Ctrl Pts',(4.08011773734329,0.249074379509589,-0.0621076017694542));
#2182=CARTESIAN_POINT('Ctrl Pts',(4.07303743303542,0.290846514587351,-0.0699896308350383));
#2183=CARTESIAN_POINT('Ctrl Pts',(4.06939576003814,0.315880480873446,-0.0726820505608354));
#2184=CARTESIAN_POINT('Ctrl Pts',(4.06381894485612,0.357810804468699,-0.075820340366208));
#2185=CARTESIAN_POINT('Ctrl Pts',(4.06151044471242,0.376641205434148,-0.0766790853452241));
#2186=CARTESIAN_POINT('Ctrl Pts',(4.05732297637114,0.412709027706241,-0.0776471818761584));
#2187=CARTESIAN_POINT('Ctrl Pts',(4.0553738187269,0.430524315315589,-0.0777779479133645));
#2188=CARTESIAN_POINT('Ctrl Pts',(4.05136739231925,0.468754035499572,-0.0774725977332377));
#2189=CARTESIAN_POINT('Ctrl Pts',(4.0493051942132,0.489587735319834,-0.0769031701831179));
#2190=CARTESIAN_POINT('Ctrl Pts',(4.0446389538338,0.538933362526105,-0.0746513659871608));
#2191=CARTESIAN_POINT('Ctrl Pts',(4.04204313600746,0.568463184064369,-0.0725003512991867));
#2192=CARTESIAN_POINT('Ctrl Pts',(4.03736644812574,0.625830517104684,-0.0662099615778921));
#2193=CARTESIAN_POINT('Ctrl Pts',(4.03347577576769,0.677765115354209,-0.0592384580827243));
#2194=CARTESIAN_POINT('Ctrl Pts',(4.03074340407873,0.727682197881054,-0.0420715983709744));
#2195=CARTESIAN_POINT('Ctrl Pts',(4.03007746495385,0.741613367517368,-0.0362066388791894));
#2196=CARTESIAN_POINT('Ctrl Pts',(4.02975551097745,0.754438669337569,-0.026165539845937));
#2197=CARTESIAN_POINT('Ctrl Pts',(4.02971450845698,0.75758620239285,-0.023082781035942));
#2198=CARTESIAN_POINT('Ctrl Pts',(4.02978516941574,0.760667646720889,-0.0181517257639832));
#2199=CARTESIAN_POINT('Ctrl Pts',(4.02982301808781,0.761412443472635,-0.016600467343466));
#2200=CARTESIAN_POINT('Ctrl Pts',(4.02993409104992,0.762402496623127,-0.0134773452297669));
#2201=CARTESIAN_POINT('Ctrl Pts',(4.03000498303599,0.762670038293429,-0.0119194824584815));
#2202=CARTESIAN_POINT('Ctrl Pts',(4.03009434328893,0.762694231404215,-0.0103269913967626));
#2203=CARTESIAN_POINT('Ctrl Pts',(4.03021384223701,0.762726584169508,-0.00819739797632646));
#2204=CARTESIAN_POINT('Ctrl Pts',(4.03035675129694,0.762323270596446,-0.00617437201191718));
#2205=CARTESIAN_POINT('Ctrl Pts',(4.03055760121741,0.761413546582148,-0.00373585465574385));
#2206=CARTESIAN_POINT('Ctrl Pts',(4.03060144384916,0.761196800830085,-0.0032250368050844));
#2207=CARTESIAN_POINT('Ctrl Pts',(4.03064594184259,0.760961104609117,-0.00272518300910305));
#2208=CARTESIAN_POINT('Ctrl Pts',(3.86539872420532,-0.0167693287543133,
-0.00369446751645435));
#2209=CARTESIAN_POINT('Ctrl Pts',(3.85239127758313,-0.225177862763669,-0.00369446751645435));
#2210=CARTESIAN_POINT('Ctrl Pts',(3.772749996353,-0.636766103422911,-0.00369446751645435));
#2211=CARTESIAN_POINT('Ctrl Pts',(3.5236504758121,-1.31333164551005,-0.00369446751645435));
#2212=CARTESIAN_POINT('Ctrl Pts',(3.28373054680675,-1.8482252599938,-0.00369446751645435));
#2213=CARTESIAN_POINT('Ctrl Pts',(3.11069150437129,-2.18525774063821,-0.00369446751645435));
#2214=CARTESIAN_POINT('Ctrl Pts',(2.95008346199509,-2.45757467225114,-0.00369446751645435));
#2215=CARTESIAN_POINT('Ctrl Pts',(2.75527440479243,-2.71074548733,-0.00369446751645434));
#2216=CARTESIAN_POINT('Ctrl Pts',(2.3983615827903,-3.05794576849732,-0.00369446751645435));
#2217=CARTESIAN_POINT('Ctrl Pts',(1.84189179122324,-3.43828810457293,-0.00369446751645434));
#2218=CARTESIAN_POINT('Ctrl Pts',(0.987008733245546,-3.78731476795737,-0.00369446751645435));
#2219=CARTESIAN_POINT('Ctrl Pts',(0.0456957578168048,-3.88874060650657,
-0.00369446751645434));
#2220=CARTESIAN_POINT('Ctrl Pts',(-0.778027947894836,-3.76621658991879,
-0.00369446751645434));
#2221=CARTESIAN_POINT('Ctrl Pts',(-1.35283490831904,-3.58788741088338,-0.00369446751645434));
#2222=CARTESIAN_POINT('Ctrl Pts',(-1.85103458485953,-3.35817544749511,-0.00369446751645435));
#2223=CARTESIAN_POINT('Ctrl Pts',(-2.24912074624882,-3.12031364442923,-0.00369446751645435));
#2224=CARTESIAN_POINT('Ctrl Pts',(-2.54387064944554,-2.90200831556216,-0.00369446751645435));
#2225=CARTESIAN_POINT('Ctrl Pts',(-2.76460099331707,-2.69640889300479,-0.00369446751645434));
#2226=CARTESIAN_POINT('Ctrl Pts',(-2.97669924263297,-2.44829613768082,-0.00369446751645434));
#2227=CARTESIAN_POINT('Ctrl Pts',(-3.21667832043195,-2.10945554045309,-0.00369446751645435));
#2228=CARTESIAN_POINT('Ctrl Pts',(-3.46783146312546,-1.67137710941468,-0.00369446751645435));
#2229=CARTESIAN_POINT('Ctrl Pts',(-3.68464399304282,-1.1526815011897,-0.00369446751645435));
#2230=CARTESIAN_POINT('Ctrl Pts',(-3.81939989717494,-0.590220276337879,
-0.00369446751645435));
#2231=CARTESIAN_POINT('Ctrl Pts',(-3.850182746397,-0.0229761386358827,-0.00369446751645435));
#2232=CARTESIAN_POINT('Ctrl Pts',(-3.79184169251923,0.510440637677205,-0.00369446751645435));
#2233=CARTESIAN_POINT('Ctrl Pts',(-3.68013168941167,0.975194197646408,-0.00369446751645435));
#2234=CARTESIAN_POINT('Ctrl Pts',(-3.55184717219791,1.35505563980504,-0.00369446751645435));
#2235=CARTESIAN_POINT('Ctrl Pts',(-3.42247502493922,1.6642999740406,-0.00369446751645435));
#2236=CARTESIAN_POINT('Ctrl Pts',(-3.27769944958744,1.95058528585468,-0.00369446751645435));
#2237=CARTESIAN_POINT('Ctrl Pts',(-3.09842126625209,2.25181979355708,-0.00369446751645434));
#2238=CARTESIAN_POINT('Ctrl Pts',(-2.88754628439977,2.55280246988583,-0.00369446751645435));
#2239=CARTESIAN_POINT('Ctrl Pts',(-2.69979003564757,2.76767016712535,-0.00369446751645435));
#2240=CARTESIAN_POINT('Ctrl Pts',(-2.4671275901808,2.98220896179894,-0.00369446751645435));
#2241=CARTESIAN_POINT('Ctrl Pts',(-2.1672785197747,3.18379491843991,-0.00369446751645435));
#2242=CARTESIAN_POINT('Ctrl Pts',(-1.64391228000601,3.45491468850389,-0.00369446751645434));
#2243=CARTESIAN_POINT('Ctrl Pts',(-1.04840837037612,3.71185157060193,-0.00369446751645435));
#2244=CARTESIAN_POINT('Ctrl Pts',(-0.485986301939068,3.86020605371996,-0.00369446751645435));
#2245=CARTESIAN_POINT('Ctrl Pts',(-0.163596149462351,3.86474366981602,-0.00369446751645435));
#2246=CARTESIAN_POINT('Ctrl Pts',(-0.0138377659195764,3.84534160707023,
-0.00369446751645435));
#2247=CARTESIAN_POINT('Ctrl Pts',(3.86539872420532,-0.0167693287543133,
-0.0378929475455317));
#2248=CARTESIAN_POINT('Ctrl Pts',(3.85239127758313,-0.225151443028794,-0.0378929475455317));
#2249=CARTESIAN_POINT('Ctrl Pts',(3.77274561659339,-0.636747029334133,-0.0378929475455317));
#2250=CARTESIAN_POINT('Ctrl Pts',(3.52364715475494,-1.31331251350835,-0.0378929475455317));
#2251=CARTESIAN_POINT('Ctrl Pts',(3.28371453791112,-1.84823562608077,-0.0378929475455317));
#2252=CARTESIAN_POINT('Ctrl Pts',(3.11067665771842,-2.18526241006644,-0.0378929475455317));
#2253=CARTESIAN_POINT('Ctrl Pts',(2.95007111583953,-2.45756773118814,-0.0378929475455317));
#2254=CARTESIAN_POINT('Ctrl Pts',(2.75526086442292,-2.71073606987484,-0.0378929475455317));
#2255=CARTESIAN_POINT('Ctrl Pts',(2.39832652228314,-3.05794470012095,-0.0378929475455317));
#2256=CARTESIAN_POINT('Ctrl Pts',(1.84187992495355,-3.43826845147215,-0.0378929475455317));
#2257=CARTESIAN_POINT('Ctrl Pts',(0.986989375202714,-3.78728915303025,-0.0378929475455317));
#2258=CARTESIAN_POINT('Ctrl Pts',(0.0456631237671667,-3.88871510857105,
-0.0378929475455317));
#2259=CARTESIAN_POINT('Ctrl Pts',(-0.778015279189836,-3.76619512885221,
-0.0378929475455317));
#2260=CARTESIAN_POINT('Ctrl Pts',(-1.35281999105217,-3.58786865896163,-0.0378929475455317));
#2261=CARTESIAN_POINT('Ctrl Pts',(-1.85101888506862,-3.35815869761406,-0.0378929475455317));
#2262=CARTESIAN_POINT('Ctrl Pts',(-2.24911137526543,-3.12029430151415,-0.0378929475455317));
#2263=CARTESIAN_POINT('Ctrl Pts',(-2.54386132433229,-2.90199018326056,-0.0378929475455317));
#2264=CARTESIAN_POINT('Ctrl Pts',(-2.76459512626268,-2.69638568902523,-0.0378929475455317));
#2265=CARTESIAN_POINT('Ctrl Pts',(-2.97668192307562,-2.44828836514372,-0.0378929475455317));
#2266=CARTESIAN_POINT('Ctrl Pts',(-3.21667156158607,-2.10942852585576,-0.0378929475455317));
#2267=CARTESIAN_POINT('Ctrl Pts',(-3.46781680055818,-1.67136193953678,-0.0378929475455317));
#2268=CARTESIAN_POINT('Ctrl Pts',(-3.68462630516233,-1.15266319070225,-0.0378929475455317));
#2269=CARTESIAN_POINT('Ctrl Pts',(-3.81937998917774,-0.590209045662183,
-0.0378929475455317));
#2270=CARTESIAN_POINT('Ctrl Pts',(-3.85015892428765,-0.0229977358868501,
-0.0378929475455317));
#2271=CARTESIAN_POINT('Ctrl Pts',(-3.7918251988163,0.51042818220587,-0.0378929475455317));
#2272=CARTESIAN_POINT('Ctrl Pts',(-3.6801183608985,0.97516148529134,-0.0378929475455317));
#2273=CARTESIAN_POINT('Ctrl Pts',(-3.55183541316167,1.35504175503021,-0.0378929475455317));
#2274=CARTESIAN_POINT('Ctrl Pts',(-3.42246194292907,1.66428975146305,-0.0378929475455317));
#2275=CARTESIAN_POINT('Ctrl Pts',(-3.27768805076828,1.95057888897819,-0.0378929475455317));
#2276=CARTESIAN_POINT('Ctrl Pts',(-3.09840132910285,2.25182690692718,-0.0378929475455317));
#2277=CARTESIAN_POINT('Ctrl Pts',(-2.88753627375502,2.55279681446373,-0.0378929475455317));
#2278=CARTESIAN_POINT('Ctrl Pts',(-2.69977420477901,2.76766795001947,-0.0378929475455317));
#2279=CARTESIAN_POINT('Ctrl Pts',(-2.46714350759002,2.98217588757656,-0.0378929475455317));
#2280=CARTESIAN_POINT('Ctrl Pts',(-2.16729099151234,3.18376662717805,-0.0378929475455317));
#2281=CARTESIAN_POINT('Ctrl Pts',(-1.6439030898979,3.45490390499464,-0.0378929475455317));
#2282=CARTESIAN_POINT('Ctrl Pts',(-1.04837532536073,3.71184727610535,-0.0378929475455317));
#2283=CARTESIAN_POINT('Ctrl Pts',(-0.485965523988888,3.86019667618515,-0.0378929475455317));
#2284=CARTESIAN_POINT('Ctrl Pts',(-0.163564719315463,3.86474168076474,-0.0378929475455317));
#2285=CARTESIAN_POINT('Ctrl Pts',(-0.0138377659195764,3.84534160707023,
-0.0378929475455317));
#2286=CARTESIAN_POINT('Ctrl Pts',(3.8981279874685,-0.0167693287543133,-0.106059202977842));
#2287=CARTESIAN_POINT('Ctrl Pts',(3.88512054084631,-0.227965326367357,-0.106059202977842));
#2288=CARTESIAN_POINT('Ctrl Pts',(3.80466599482719,-0.644607185305856,-0.106059202977842));
#2289=CARTESIAN_POINT('Ctrl Pts',(3.55455296883046,-1.32409130280692,-0.106059202977842));
#2290=CARTESIAN_POINT('Ctrl Pts',(3.31415925429718,-1.86034927294491,-0.106059202977842));
#2291=CARTESIAN_POINT('Ctrl Pts',(3.14036507407157,-2.19910065640384,-0.106059202977842));
#2292=CARTESIAN_POINT('Ctrl Pts',(2.97844182734451,-2.47410990698492,-0.106059202977842));
#2293=CARTESIAN_POINT('Ctrl Pts',(2.78080837199599,-2.73145529375757,-0.106059202977842));
#2294=CARTESIAN_POINT('Ctrl Pts',(2.42061813357709,-3.08214717464858,-0.106059202977842));
#2295=CARTESIAN_POINT('Ctrl Pts',(1.85906478266991,-3.46645130547401,-0.106059202977842));
#2296=CARTESIAN_POINT('Ctrl Pts',(0.996793949391936,-3.81899153287516,-0.106059202977842));
#2297=CARTESIAN_POINT('Ctrl Pts',(0.0474013065112002,-3.92179111190207,
-0.106059202977842));
#2298=CARTESIAN_POINT('Ctrl Pts',(-0.783455462863999,-3.79863065979605,
-0.106059202977842));
#2299=CARTESIAN_POINT('Ctrl Pts',(-1.36279236813105,-3.61916366004245,-0.106059202977842));
#2300=CARTESIAN_POINT('Ctrl Pts',(-1.8645308366329,-3.38806536514647,-0.106059202977842));
#2301=CARTESIAN_POINT('Ctrl Pts',(-2.26546263421059,-3.14872549034886,-0.106059202977842));
#2302=CARTESIAN_POINT('Ctrl Pts',(-2.56298540107123,-2.92867754621127,-0.106059202977842));
#2303=CARTESIAN_POINT('Ctrl Pts',(-2.78699408583322,-2.72040179111087,-0.106059202977842));
#2304=CARTESIAN_POINT('Ctrl Pts',(-3.00148951010916,-2.46973833030608,-0.106059202977842));
#2305=CARTESIAN_POINT('Ctrl Pts',(-3.24320858915912,-2.12870918512773,-0.106059202977842));
#2306=CARTESIAN_POINT('Ctrl Pts',(-3.49629585057636,-1.68770196539803,-0.106059202977842));
#2307=CARTESIAN_POINT('Ctrl Pts',(-3.71515305752499,-1.16492228348521,-0.106059202977842));
#2308=CARTESIAN_POINT('Ctrl Pts',(-3.85161585184969,-0.596982335424665,
-0.106059202977842));
#2309=CARTESIAN_POINT('Ctrl Pts',(-3.88305274403041,-0.0239635158782785,
-0.106059202977842));
#2310=CARTESIAN_POINT('Ctrl Pts',(-3.82444570420315,0.514195933191585,-0.106059202977842));
#2311=CARTESIAN_POINT('Ctrl Pts',(-3.71209801354047,0.982443219391425,-0.106059202977842));
#2312=CARTESIAN_POINT('Ctrl Pts',(-3.58315965064794,1.36468599822224,-0.106059202977842));
#2313=CARTESIAN_POINT('Ctrl Pts',(-3.45301159043181,1.67617927585249,-0.106059202977842));
#2314=CARTESIAN_POINT('Ctrl Pts',(-3.30726577879896,1.96469550544006,-0.106059202977842));
#2315=CARTESIAN_POINT('Ctrl Pts',(-3.1269766459733,2.26787188784783,-0.106059202977842));
#2316=CARTESIAN_POINT('Ctrl Pts',(-2.91470909414987,2.57116505044284,-0.106059202977842));
#2317=CARTESIAN_POINT('Ctrl Pts',(-2.72492829842835,2.7887454542337,-0.106059202977842));
#2318=CARTESIAN_POINT('Ctrl Pts',(-2.48876618440642,3.00696544836635,-0.106059202977842));
#2319=CARTESIAN_POINT('Ctrl Pts',(-2.18474808375663,3.21159857735484,-0.106059202977842));
#2320=CARTESIAN_POINT('Ctrl Pts',(-1.65982692306659,3.48350718050042,-0.106059202977842));
#2321=CARTESIAN_POINT('Ctrl Pts',(-1.06157058010466,3.74194016835799,-0.106059202977842));
#2322=CARTESIAN_POINT('Ctrl Pts',(-0.493368981703797,3.89239662022435,-0.106059202977842));
#2323=CARTESIAN_POINT('Ctrl Pts',(-0.164845115593254,3.89761744802929,-0.106059202977842));
#2324=CARTESIAN_POINT('Ctrl Pts',(-0.0117706355445245,3.8780055267028,-0.106059202977842));
#2325=CARTESIAN_POINT('Ctrl Pts',(4.00876087698553,-0.0167693287543133,
-0.131154976276316));
#2326=CARTESIAN_POINT('Ctrl Pts',(3.99575343036334,-0.237355549161998,-0.131154976276316));
#2327=CARTESIAN_POINT('Ctrl Pts',(3.91254453235108,-0.671088790462208,-0.131154976276316));
#2328=CARTESIAN_POINT('Ctrl Pts',(3.65900689648693,-1.36043833410844,-0.131154976276316));
#2329=CARTESIAN_POINT('Ctrl Pts',(3.41699626340429,-1.9013439811085,-0.131154976276316));
#2330=CARTESIAN_POINT('Ctrl Pts',(3.24065094475165,-2.24589875721353,-0.131154976276316));
#2331=CARTESIAN_POINT('Ctrl Pts',(3.07428502323264,-2.52999460268364,-0.131154976276316));
#2332=CARTESIAN_POINT('Ctrl Pts',(2.86710296329913,-2.80144805227971,-0.131154976276316));
#2333=CARTESIAN_POINT('Ctrl Pts',(2.49580812454304,-3.16395253053653,-0.131154976276316));
#2334=CARTESIAN_POINT('Ctrl Pts',(1.91709927043981,-3.56162592448136,-0.131154976276316));
#2335=CARTESIAN_POINT('Ctrl Pts',(1.02984685752583,-3.92603561493028,-0.131154976276316));
#2336=CARTESIAN_POINT('Ctrl Pts',(0.0531268465460441,-4.0334789137752,-0.131154976276316));
#2337=CARTESIAN_POINT('Ctrl Pts',(-0.80178640202019,-3.90817205677181,-0.131154976276316));
#2338=CARTESIAN_POINT('Ctrl Pts',(-1.39643289467186,-3.72486223553135,-0.131154976276316));
#2339=CARTESIAN_POINT('Ctrl Pts',(-1.91013239250495,-3.48908023339236,-0.131154976276316));
#2340=CARTESIAN_POINT('Ctrl Pts',(-2.32069081981541,-3.24474096682642,-0.131154976276316));
#2341=CARTESIAN_POINT('Ctrl Pts',(-2.62758659761322,-3.01880402836307,-0.131154976276316));
#2342=CARTESIAN_POINT('Ctrl Pts',(-2.86268107329711,-2.80147545777132,-0.131154976276316));
#2343=CARTESIAN_POINT('Ctrl Pts',(-3.08526562561485,-2.54220873030653,-0.131154976276316));
#2344=CARTESIAN_POINT('Ctrl Pts',(-3.33287915791646,-2.19375839215111,-0.131154976276316));
#2345=CARTESIAN_POINT('Ctrl Pts',(-3.59249461399534,-1.74286553665853,-0.131154976276316));
#2346=CARTESIAN_POINT('Ctrl Pts',(-3.81825965391784,-1.20627687603027,-0.131154976276316));
#2347=CARTESIAN_POINT('Ctrl Pts',(-3.96048945716664,-0.619826105396966,
-0.131154976276316));
#2348=CARTESIAN_POINT('Ctrl Pts',(-3.99413242076052,-0.0273273191194771,
-0.131154976276316));
#2349=CARTESIAN_POINT('Ctrl Pts',(-3.93463518309904,0.526874621836819,-0.131154976276316));
#2350=CARTESIAN_POINT('Ctrl Pts',(-3.82013579679282,1.00690695479261,-0.131154976276316));
#2351=CARTESIAN_POINT('Ctrl Pts',(-3.68898918204569,1.39722209614374,-0.131154976276316));
#2352=CARTESIAN_POINT('Ctrl Pts',(-3.55621674025597,1.71632179808699,-0.131154976276316));
#2353=CARTESIAN_POINT('Ctrl Pts',(-3.40719333748684,2.01238371955,-0.131154976276316));
#2354=CARTESIAN_POINT('Ctrl Pts',(-3.22347658006448,2.32214051858228,-0.131154976276316));
#2355=CARTESIAN_POINT('Ctrl Pts',(-3.00651385684014,2.63322818181349,-0.131154976276316));
#2356=CARTESIAN_POINT('Ctrl Pts',(-2.80988253075288,2.85998237057811,-0.131154976276316));
#2357=CARTESIAN_POINT('Ctrl Pts',(-2.56192923847405,3.09060824389683,-0.131154976276316));
#2358=CARTESIAN_POINT('Ctrl Pts',(-2.24381461477334,3.30554736671503,-0.131154976276316));
#2359=CARTESIAN_POINT('Ctrl Pts',(-1.71361113639193,3.580143679196,-0.131154976276316));
#2360=CARTESIAN_POINT('Ctrl Pts',(-1.10602192859983,3.8436417494603,-0.131154976276316));
#2361=CARTESIAN_POINT('Ctrl Pts',(-0.518299006790128,4.00119719539702,-0.131154976276316));
#2362=CARTESIAN_POINT('Ctrl Pts',(-0.169028757248961,4.00873641783274,-0.131154976276316));
#2363=CARTESIAN_POINT('Ctrl Pts',(-0.00478323089195198,3.98841753881702,
-0.131154976276316));
#2364=CARTESIAN_POINT('Ctrl Pts',(4.09773546941288,-0.0167693287543133,
-0.0605055553020615));
#2365=CARTESIAN_POINT('Ctrl Pts',(4.08472802279069,-0.244902730859325,-0.0605055553020615));
#2366=CARTESIAN_POINT('Ctrl Pts',(3.99930319844541,-0.692382740227152,-0.0605055553020615));
#2367=CARTESIAN_POINT('Ctrl Pts',(3.74301156924865,-1.38966637222634,-0.0605055553020615));
#2368=CARTESIAN_POINT('Ctrl Pts',(3.49969827956026,-1.93431512874065,-0.0605055553020615));
#2369=CARTESIAN_POINT('Ctrl Pts',(3.32130146049712,-2.28353616056113,-0.0605055553020615));
#2370=CARTESIAN_POINT('Ctrl Pts',(3.15136304333233,-2.57493765882847,-0.0605055553020615));
#2371=CARTESIAN_POINT('Ctrl Pts',(2.936501468533,-2.85773682994611,-0.0605055553020615));
#2372=CARTESIAN_POINT('Ctrl Pts',(2.55627208319967,-3.22974288466237,-0.0605055553020615));
#2373=CARTESIAN_POINT('Ctrl Pts',(1.96377037557407,-3.63816494139424,-0.0605055553020615));
#2374=CARTESIAN_POINT('Ctrl Pts',(1.05642561334649,-4.01211937240557,-0.0605055553020615));
#2375=CARTESIAN_POINT('Ctrl Pts',(0.0577256547536516,-4.12329732378961,
-0.0605055553020615));
#2376=CARTESIAN_POINT('Ctrl Pts',(-0.816526469209436,-3.99626498239559,
-0.0605055553020615));
#2377=CARTESIAN_POINT('Ctrl Pts',(-1.42348502967959,-3.80986512463663,-0.0605055553020615));
#2378=CARTESIAN_POINT('Ctrl Pts',(-1.94680383848389,-3.57031669117754,-0.0605055553020615));
#2379=CARTESIAN_POINT('Ctrl Pts',(-2.36510545281802,-3.3219562845363,-0.0605055553020615));
#2380=CARTESIAN_POINT('Ctrl Pts',(-2.67953932116582,-3.09128344133416,-0.0605055553020615));
#2381=CARTESIAN_POINT('Ctrl Pts',(-2.92354997371576,-2.86667338960528,-0.0605055553020615));
#2382=CARTESIAN_POINT('Ctrl Pts',(-3.15263801169267,-2.60049040368131,-0.0605055553020615));
#2383=CARTESIAN_POINT('Ctrl Pts',(-3.40499395220681,-2.24606824472887,-0.0605055553020615));
#2384=CARTESIAN_POINT('Ctrl Pts',(-3.6698581772966,-1.78722716365311,-0.0605055553020615));
#2385=CARTESIAN_POINT('Ctrl Pts',(-3.90117817957978,-1.2395323063539,-0.0605055553020615));
#2386=CARTESIAN_POINT('Ctrl Pts',(-4.04804560168364,-0.638195797061055,
-0.0605055553020615));
#2387=CARTESIAN_POINT('Ctrl Pts',(-4.08346205747163,-0.0300364770430932,
-0.0605055553020615));
#2388=CARTESIAN_POINT('Ctrl Pts',(-4.02325020918183,0.537069002362422,-0.0605055553020615));
#2389=CARTESIAN_POINT('Ctrl Pts',(-3.90702092700695,1.02657561923903,-0.0605055553020615));
#2390=CARTESIAN_POINT('Ctrl Pts',(-3.77409864556671,1.42338619884763,-0.0605055553020615));
#2391=CARTESIAN_POINT('Ctrl Pts',(-3.63921535267544,1.74860389374565,-0.0605055553020615));
#2392=CARTESIAN_POINT('Ctrl Pts',(-3.48755630596164,2.05073499450121,-0.0605055553020615));
#2393=CARTESIAN_POINT('Ctrl Pts',(-3.30108140777196,2.36578640546258,-0.0605055553020615));
#2394=CARTESIAN_POINT('Ctrl Pts',(-3.08034445600204,2.68314036904124,-0.0605055553020615));
#2395=CARTESIAN_POINT('Ctrl Pts',(-2.87820266420816,2.91727303333544,-0.0605055553020615));
#2396=CARTESIAN_POINT('Ctrl Pts',(-2.62077221982735,3.15787058135597,-0.0605055553020615));
#2397=CARTESIAN_POINT('Ctrl Pts',(-2.29132009211973,3.38109898053488,-0.0605055553020615));
#2398=CARTESIAN_POINT('Ctrl Pts',(-1.75686451207578,3.65785997992155,-0.0605055553020615));
#2399=CARTESIAN_POINT('Ctrl Pts',(-1.14176522627123,3.92543272024245,-0.0605055553020615));
#2400=CARTESIAN_POINT('Ctrl Pts',(-0.538344819173448,4.08869649714368,-0.0605055553020615));
#2401=CARTESIAN_POINT('Ctrl Pts',(-0.172387736419116,4.09810157486215,-0.0605055553020615));
#2402=CARTESIAN_POINT('Ctrl Pts',(0.000836268732451376,4.07721449440437,
-0.0605055553020615));
#2403=CARTESIAN_POINT('Ctrl Pts',(4.09745331274158,-0.0167693287543133,
0.0529999097749769));
#2404=CARTESIAN_POINT('Ctrl Pts',(4.08444586611939,-0.24489978032348,0.0529999097749769));
#2405=CARTESIAN_POINT('Ctrl Pts',(3.99903154743049,-0.692330361800969,0.0529999097749769));
#2406=CARTESIAN_POINT('Ctrl Pts',(3.74274781086675,-1.38958887917528,0.0529999097749769));
#2407=CARTESIAN_POINT('Ctrl Pts',(3.49944872912501,-1.93420233750253,0.0529999097749769));
#2408=CARTESIAN_POINT('Ctrl Pts',(3.32105749271187,-2.28341309607909,0.0529999097749769));
#2409=CARTESIAN_POINT('Ctrl Pts',(3.1511284187141,-2.5748006479269,0.0529999097749769));
#2410=CARTESIAN_POINT('Ctrl Pts',(2.93629214570113,-2.85756580624002,0.0529999097749769));
#2411=CARTESIAN_POINT('Ctrl Pts',(2.55610818540487,-3.22953509849082,0.0529999097749769));
#2412=CARTESIAN_POINT('Ctrl Pts',(1.9636317963805,-3.6379378293994,0.0529999097749769));
#2413=CARTESIAN_POINT('Ctrl Pts',(1.05635670123943,-4.01186672709317,0.0529999097749769));
#2414=CARTESIAN_POINT('Ctrl Pts',(0.0577369896576058,-4.1230327422112,0.0529999097749769));
#2415=CARTESIAN_POINT('Ctrl Pts',(-0.81648978719414,-3.99600266651333,0.0529999097749769));
#2416=CARTESIAN_POINT('Ctrl Pts',(-1.42341108942985,-3.80961045623221,0.0529999097749769));
#2417=CARTESIAN_POINT('Ctrl Pts',(-1.94670001492473,-3.57007237683493,0.0529999097749769));
#2418=CARTESIAN_POINT('Ctrl Pts',(-2.36497204754983,-3.32172678149681,0.0529999097749769));
#2419=CARTESIAN_POINT('Ctrl Pts',(-2.67938197463622,-3.09106799532401,0.0529999097749769));
#2420=CARTESIAN_POINT('Ctrl Pts',(-2.92336160569653,-2.86648506270068,0.0529999097749769));
#2421=CARTESIAN_POINT('Ctrl Pts',(-3.15243811561264,-2.60031175366494,0.0529999097749769));
#2422=CARTESIAN_POINT('Ctrl Pts',(-3.40477062943292,-2.24592381504047,0.0529999097749769));
#2423=CARTESIAN_POINT('Ctrl Pts',(-3.66962448690659,-1.78709853208518,0.0529999097749769));
#2424=CARTESIAN_POINT('Ctrl Pts',(-3.90092927603455,-1.23944138915222,0.0529999097749769));
#2425=CARTESIAN_POINT('Ctrl Pts',(-4.04778375456305,-0.638146462648569,
0.0529999097749769));
#2426=CARTESIAN_POINT('Ctrl Pts',(-4.0831976949162,-0.0300107327445137,
0.0529999097749769));
#2427=CARTESIAN_POINT('Ctrl Pts',(-4.02298229242443,0.537046566296563,0.0529999097749769));
#2428=CARTESIAN_POINT('Ctrl Pts',(-3.90675598224185,1.02653922673158,0.0529999097749769));
#2429=CARTESIAN_POINT('Ctrl Pts',(-3.77383808529219,1.42331425470286,0.0529999097749769));
#2430=CARTESIAN_POINT('Ctrl Pts',(-3.63896253707693,1.74850963959489,0.0529999097749769));
#2431=CARTESIAN_POINT('Ctrl Pts',(-3.48731051170368,2.05061845528435,0.0529999097749769));
#2432=CARTESIAN_POINT('Ctrl Pts',(-3.30085114147004,2.36564234581615,0.0529999097749769));
#2433=CARTESIAN_POINT('Ctrl Pts',(-3.08011827470812,2.6829865789226,0.0529999097749769));
#2434=CARTESIAN_POINT('Ctrl Pts',(-2.87799858027811,2.91709311377335,0.0529999097749769));
#2435=CARTESIAN_POINT('Ctrl Pts',(-2.62057297472098,3.15768354695811,0.0529999097749769));
#2436=CARTESIAN_POINT('Ctrl Pts',(-2.29115953718946,3.38088186041187,0.0529999097749769));
#2437=CARTESIAN_POINT('Ctrl Pts',(-1.75673464573754,3.65762209009715,0.0529999097749769));
#2438=CARTESIAN_POINT('Ctrl Pts',(-1.14167812201273,3.92517675508993,0.0529999097749769));
#2439=CARTESIAN_POINT('Ctrl Pts',(-0.538297752090299,4.08842646676235,0.0529999097749769));
#2440=CARTESIAN_POINT('Ctrl Pts',(-0.172402046909515,4.09781975937795,0.0529999097749769));
#2441=CARTESIAN_POINT('Ctrl Pts',(0.000818448147212922,4.07693290105591,
0.0529999097749769));
#2442=CARTESIAN_POINT('Ctrl Pts',(4.00887871439454,-0.0167693287543133,
0.124062115844005));
#2443=CARTESIAN_POINT('Ctrl Pts',(3.99587126777235,-0.237354251147151,0.124062115844005));
#2444=CARTESIAN_POINT('Ctrl Pts',(3.912657562816,-0.671108838574524,0.124062115844005));
#2445=CARTESIAN_POINT('Ctrl Pts',(3.65911673213585,-1.36046886532349,0.124062115844005));
#2446=CARTESIAN_POINT('Ctrl Pts',(3.41709895024255,-1.90139207901343,0.124062115844005));
#2447=CARTESIAN_POINT('Ctrl Pts',(3.2407514114109,-2.2459505999689,0.124062115844005));
#2448=CARTESIAN_POINT('Ctrl Pts',(3.07438182737021,-2.53005115794693,0.124062115844005));
#2449=CARTESIAN_POINT('Ctrl Pts',(2.86718908625177,-2.80151857518181,0.124062115844005));
#2450=CARTESIAN_POINT('Ctrl Pts',(2.49587321557618,-3.16403920619009,0.124062115844005));
#2451=CARTESIAN_POINT('Ctrl Pts',(1.91715600897756,-3.56171889131843,0.124062115844005));
#2452=CARTESIAN_POINT('Ctrl Pts',(1.02987378342332,-3.92613867430414,0.124062115844005));
#2453=CARTESIAN_POINT('Ctrl Pts',(0.0531189873342955,-4.03358696930973,
0.124062115844005));
#2454=CARTESIAN_POINT('Ctrl Pts',(-0.801800508274188,-3.908279552697,0.124062115844005));
#2455=CARTESIAN_POINT('Ctrl Pts',(-1.39646234577682,-3.72496679708987,0.124062115844005));
#2456=CARTESIAN_POINT('Ctrl Pts',(-1.91017424886685,-3.48918066251025,0.124062115844005));
#2457=CARTESIAN_POINT('Ctrl Pts',(-2.3207456365375,-3.24483496194502,0.124062115844005));
#2458=CARTESIAN_POINT('Ctrl Pts',(-2.62765141734437,-3.01889226877059,0.124062115844005));
#2459=CARTESIAN_POINT('Ctrl Pts',(-2.86275917975052,-2.80155188667537,0.124062115844005));
#2460=CARTESIAN_POINT('Ctrl Pts',(-3.08534744972503,-2.54228259572902,0.124062115844005));
#2461=CARTESIAN_POINT('Ctrl Pts',(-3.33297177715553,-2.19381612326367,0.124062115844005));
#2462=CARTESIAN_POINT('Ctrl Pts',(-3.59259080612453,-1.74291780436754,0.124062115844005));
#2463=CARTESIAN_POINT('Ctrl Pts',(-3.81836190979624,-1.20631309226592,0.124062115844005));
#2464=CARTESIAN_POINT('Ctrl Pts',(-3.96059690606173,-0.619845633407713,
0.124062115844005));
#2465=CARTESIAN_POINT('Ctrl Pts',(-3.99424054532016,-0.0273401391351957,
0.124062115844005));
#2466=CARTESIAN_POINT('Ctrl Pts',(-3.93474549385455,0.526882798960531,0.124062115844005));
#2467=CARTESIAN_POINT('Ctrl Pts',(-3.82024516948594,1.00691902053414,0.124062115844005));
#2468=CARTESIAN_POINT('Ctrl Pts',(-3.6890968739498,1.39725081249616,0.124062115844005));
#2469=CARTESIAN_POINT('Ctrl Pts',(-3.55632107103946,1.71636018252552,0.124062115844005));
#2470=CARTESIAN_POINT('Ctrl Pts',(-3.40729489714123,2.01243177731792,0.124062115844005));
#2471=CARTESIAN_POINT('Ctrl Pts',(-3.2235708370347,2.32220136363117,0.124062115844005));
#2472=CARTESIAN_POINT('Ctrl Pts',(-3.00660735845739,2.63329186772754,0.124062115844005));
#2473=CARTESIAN_POINT('Ctrl Pts',(-2.80996624641313,2.86005729825288,0.124062115844005));
#2474=CARTESIAN_POINT('Ctrl Pts',(-2.56201397386247,3.09068318772455,0.124062115844005));
#2475=CARTESIAN_POINT('Ctrl Pts',(-2.24388286194367,3.30563533334809,0.124062115844005));
#2476=CARTESIAN_POINT('Ctrl Pts',(-1.71366449246936,3.58024199664186,0.124062115844005));
#2477=CARTESIAN_POINT('Ctrl Pts',(-1.10605514128788,3.84374823718655,0.124062115844005));
#2478=CARTESIAN_POINT('Ctrl Pts',(-0.518316673539361,4.00130907039183,0.124062115844005));
#2479=CARTESIAN_POINT('Ctrl Pts',(-0.169019770638934,4.00885392225751,0.124062115844005));
#2480=CARTESIAN_POINT('Ctrl Pts',(-0.00477578846083081,3.98853514096487,
0.124062115844005));
#2481=CARTESIAN_POINT('Ctrl Pts',(3.89811712274937,-0.0167693287543133,
0.0984508875385736));
#2482=CARTESIAN_POINT('Ctrl Pts',(3.88510967612718,-0.227970365966085,0.0984508875385736));
#2483=CARTESIAN_POINT('Ctrl Pts',(3.80465638891784,-0.644608888855084,0.0984508875385736));
#2484=CARTESIAN_POINT('Ctrl Pts',(3.55454346033305,-1.32409205058891,0.0984508875385736));
#2485=CARTESIAN_POINT('Ctrl Pts',(3.3141527676741,-1.86034290788573,0.0984508875385736));
#2486=CARTESIAN_POINT('Ctrl Pts',(3.14035857571656,-2.19909500690583,0.0984508875385736));
#2487=CARTESIAN_POINT('Ctrl Pts',(2.97843520103127,-2.47410598511145,0.0984508875385736));
#2488=CARTESIAN_POINT('Ctrl Pts',(2.78080295288618,-2.73145054521202,0.0984508875385736));
#2489=CARTESIAN_POINT('Ctrl Pts',(2.4206186611405,-3.08213938202696,0.0984508875385737));
#2490=CARTESIAN_POINT('Ctrl Pts',(1.85906176107735,-3.46644639367317,0.0984508875385736));
#2491=CARTESIAN_POINT('Ctrl Pts',(0.996795071681275,-3.81898680075277,0.0984508875385737));
#2492=CARTESIAN_POINT('Ctrl Pts',(0.0474081082969284,-3.92178589734266,
0.0984508875385736));
#2493=CARTESIAN_POINT('Ctrl Pts',(-0.783456521438446,-3.79862474508168,
0.0984508875385736));
#2494=CARTESIAN_POINT('Ctrl Pts',(-1.3627924306263,-3.61915751137862,0.0984508875385736));
#2495=CARTESIAN_POINT('Ctrl Pts',(-1.86452990107462,-3.38805922467467,0.0984508875385736));
#2496=CARTESIAN_POINT('Ctrl Pts',(-2.26545932513547,-3.14872042597628,0.0984508875385736));
#2497=CARTESIAN_POINT('Ctrl Pts',(-2.56298116116733,-2.92867278698626,0.0984508875385736));
#2498=CARTESIAN_POINT('Ctrl Pts',(-2.78698797691649,-2.72039906537258,0.0984508875385736));
#2499=CARTESIAN_POINT('Ctrl Pts',(-3.00148519112237,-2.46973296725806,0.0984508875385736));
#2500=CARTESIAN_POINT('Ctrl Pts',(-3.24320130822068,-2.12870889296193,0.0984508875385736));
#2501=CARTESIAN_POINT('Ctrl Pts',(-3.49628971205634,-1.68769997122266,0.0984508875385736));
#2502=CARTESIAN_POINT('Ctrl Pts',(-3.71514692329975,-1.16492235411945,0.0984508875385737));
#2503=CARTESIAN_POINT('Ctrl Pts',(-3.85160965225675,-0.596982626316218,
0.0984508875385736));
#2504=CARTESIAN_POINT('Ctrl Pts',(-3.88304721103209,-0.0239583119901148,
0.0984508875385737));
#2505=CARTESIAN_POINT('Ctrl Pts',(-3.82443860492928,0.514197498728704,0.0984508875385736));
#2506=CARTESIAN_POINT('Ctrl Pts',(-3.7120904113307,0.982448198660006,0.0984508875385737));
#2507=CARTESIAN_POINT('Ctrl Pts',(-3.58315191113826,1.36468593619022,0.0984508875385736));
#2508=CARTESIAN_POINT('Ctrl Pts',(-3.45300440718668,1.67617764043433,0.0984508875385736));
#2509=CARTESIAN_POINT('Ctrl Pts',(-3.30725853760829,1.96469226570441,0.0984508875385736));
#2510=CARTESIAN_POINT('Ctrl Pts',(-3.12697166811689,2.26786495321564,0.0984508875385736));
#2511=CARTESIAN_POINT('Ctrl Pts',(-2.91470233740994,2.57116023170283,0.0984508875385736));
#2512=CARTESIAN_POINT('Ctrl Pts',(-2.72492352781313,2.78873895870474,0.0984508875385736));
#2513=CARTESIAN_POINT('Ctrl Pts',(-2.48875540756195,3.00696469760413,0.0984508875385736));
#2514=CARTESIAN_POINT('Ctrl Pts',(-2.18473946879911,3.2115957351881,0.0984508875385736));
#2515=CARTESIAN_POINT('Ctrl Pts',(-1.65982371498142,3.48350012366052,0.0984508875385736));
#2516=CARTESIAN_POINT('Ctrl Pts',(-1.0615736715535,3.74193114981745,0.0984508875385736));
#2517=CARTESIAN_POINT('Ctrl Pts',(-0.493371222112412,3.89238805154322,0.0984508875385736));
#2518=CARTESIAN_POINT('Ctrl Pts',(-0.164851797133676,3.89760698441557,0.0984508875385736));
#2519=CARTESIAN_POINT('Ctrl Pts',(-0.0117713217436227,3.87799468367497,
0.0984508875385736));
#2520=CARTESIAN_POINT('Ctrl Pts',(3.86539872420532,-0.0167693287543133,
0.030504012512623));
#2521=CARTESIAN_POINT('Ctrl Pts',(3.85239127758313,-0.225147998106652,0.030504012512623));
#2522=CARTESIAN_POINT('Ctrl Pts',(3.77274504550776,-0.636744542225496,0.030504012512623));
#2523=CARTESIAN_POINT('Ctrl Pts',(3.52364672171564,-1.31331001884833,0.030504012512623));
#2524=CARTESIAN_POINT('Ctrl Pts',(3.28371245047915,-1.84823697773561,0.030504012512623));
#2525=CARTESIAN_POINT('Ctrl Pts',(3.11067472183362,-2.18526301892254,0.030504012512623));
#2526=CARTESIAN_POINT('Ctrl Pts',(2.95006950599958,-2.45756682612903,0.030504012512623));
#2527=CARTESIAN_POINT('Ctrl Pts',(2.75525909886703,-2.710734841914,0.030504012512623));
#2528=CARTESIAN_POINT('Ctrl Pts',(2.39832195067339,-3.05794456081321,0.030504012512623));
#2529=CARTESIAN_POINT('Ctrl Pts',(1.84187837768689,-3.43826588886498,0.030504012512623));
#2530=CARTESIAN_POINT('Ctrl Pts',(0.986986851068739,-3.78728581304861,0.030504012512623));
#2531=CARTESIAN_POINT('Ctrl Pts',(0.0456588685480769,-3.88871178384417,
0.030504012512623));
#2532=CARTESIAN_POINT('Ctrl Pts',(-0.778013627292019,-3.76619233050076,
0.030504012512623));
#2533=CARTESIAN_POINT('Ctrl Pts',(-1.35281804595987,-3.587866213861,0.030504012512623));
#2534=CARTESIAN_POINT('Ctrl Pts',(-1.85101683794144,-3.35815651356353,0.030504012512623));
#2535=CARTESIAN_POINT('Ctrl Pts',(-2.24911015336414,-3.12029177935272,0.030504012512623));
#2536=CARTESIAN_POINT('Ctrl Pts',(-2.5438601084121,-2.90198781895344,0.030504012512623));
#2537=CARTESIAN_POINT('Ctrl Pts',(-2.76459436124571,-2.69638266341186,0.030504012512623));
#2538=CARTESIAN_POINT('Ctrl Pts',(-2.97667966474385,-2.44828735166704,0.030504012512623));
#2539=CARTESIAN_POINT('Ctrl Pts',(-3.21667068028662,-2.10942500336831,0.030504012512623));
#2540=CARTESIAN_POINT('Ctrl Pts',(-3.46781488867666,-1.67135996150602,0.030504012512623));
#2541=CARTESIAN_POINT('Ctrl Pts',(-3.68462399880417,-1.15266080316112,0.030504012512623));
#2542=CARTESIAN_POINT('Ctrl Pts',(-3.81937739333411,-0.590207581271887,
0.030504012512623));
#2543=CARTESIAN_POINT('Ctrl Pts',(-3.8501558180751,-0.0230005519956572,
0.030504012512623));
#2544=CARTESIAN_POINT('Ctrl Pts',(-3.79182304816934,0.510426558112018,0.030504012512623));
#2545=CARTESIAN_POINT('Ctrl Pts',(-3.68011662296697,0.975157219861848,0.030504012512623));
#2546=CARTESIAN_POINT('Ctrl Pts',(-3.55183387987739,1.35503994456662,0.030504012512623));
#2547=CARTESIAN_POINT('Ctrl Pts',(-3.42246023713956,1.66428841852069,0.030504012512623));
#2548=CARTESIAN_POINT('Ctrl Pts',(-3.27768656445342,1.95057805487665,0.030504012512623));
#2549=CARTESIAN_POINT('Ctrl Pts',(-3.09839872945803,2.25182783445376,0.030504012512623));
#2550=CARTESIAN_POINT('Ctrl Pts',(-2.887534968447,2.55279607704191,0.030504012512623));
#2551=CARTESIAN_POINT('Ctrl Pts',(-2.69977214056036,2.76766766092659,0.030504012512623));
#2552=CARTESIAN_POINT('Ctrl Pts',(-2.46714558309289,2.98217157496247,0.030504012512623));
#2553=CARTESIAN_POINT('Ctrl Pts',(-2.16729261772719,3.18376293822376,0.030504012512623));
#2554=CARTESIAN_POINT('Ctrl Pts',(-1.64390189158129,3.45490249891127,0.030504012512623));
#2555=CARTESIAN_POINT('Ctrl Pts',(-1.048371016555,3.71184671613734,0.030504012512623));
#2556=CARTESIAN_POINT('Ctrl Pts',(-0.485962814710351,3.8601954534296,0.030504012512623));
#2557=CARTESIAN_POINT('Ctrl Pts',(-0.163560621075665,3.86474142140836,0.030504012512623));
#2558=CARTESIAN_POINT('Ctrl Pts',(-0.0138377659195764,3.84534160707023,
0.030504012512623));
#2559=CARTESIAN_POINT('Ctrl Pts',(3.86539872420532,-0.0167693287543133,
-0.00369446751645432));
#2560=CARTESIAN_POINT('Ctrl Pts',(3.85239127758313,-0.225177862763669,-0.00369446751645432));
#2561=CARTESIAN_POINT('Ctrl Pts',(3.772749996353,-0.636766103422911,-0.00369446751645432));
#2562=CARTESIAN_POINT('Ctrl Pts',(3.5236504758121,-1.31333164551005,-0.00369446751645432));
#2563=CARTESIAN_POINT('Ctrl Pts',(3.28373054680675,-1.8482252599938,-0.00369446751645432));
#2564=CARTESIAN_POINT('Ctrl Pts',(3.11069150437129,-2.18525774063821,-0.00369446751645432));
#2565=CARTESIAN_POINT('Ctrl Pts',(2.95008346199509,-2.45757467225114,-0.00369446751645432));
#2566=CARTESIAN_POINT('Ctrl Pts',(2.75527440479243,-2.71074548733,-0.00369446751645432));
#2567=CARTESIAN_POINT('Ctrl Pts',(2.3983615827903,-3.05794576849732,-0.00369446751645432));
#2568=CARTESIAN_POINT('Ctrl Pts',(1.84189179122324,-3.43828810457293,-0.00369446751645432));
#2569=CARTESIAN_POINT('Ctrl Pts',(0.987008733245546,-3.78731476795737,-0.00369446751645432));
#2570=CARTESIAN_POINT('Ctrl Pts',(0.0456957578168048,-3.88874060650657,
-0.00369446751645432));
#2571=CARTESIAN_POINT('Ctrl Pts',(-0.778027947894836,-3.76621658991879,
-0.00369446751645432));
#2572=CARTESIAN_POINT('Ctrl Pts',(-1.35283490831904,-3.58788741088338,-0.00369446751645432));
#2573=CARTESIAN_POINT('Ctrl Pts',(-1.85103458485953,-3.35817544749511,-0.00369446751645432));
#2574=CARTESIAN_POINT('Ctrl Pts',(-2.24912074624882,-3.12031364442923,-0.00369446751645432));
#2575=CARTESIAN_POINT('Ctrl Pts',(-2.54387064944554,-2.90200831556216,-0.00369446751645432));
#2576=CARTESIAN_POINT('Ctrl Pts',(-2.76460099331707,-2.69640889300479,-0.00369446751645432));
#2577=CARTESIAN_POINT('Ctrl Pts',(-2.97669924263297,-2.44829613768082,-0.00369446751645432));
#2578=CARTESIAN_POINT('Ctrl Pts',(-3.21667832043195,-2.10945554045309,-0.00369446751645432));
#2579=CARTESIAN_POINT('Ctrl Pts',(-3.46783146312546,-1.67137710941468,-0.00369446751645432));
#2580=CARTESIAN_POINT('Ctrl Pts',(-3.68464399304282,-1.1526815011897,-0.00369446751645432));
#2581=CARTESIAN_POINT('Ctrl Pts',(-3.81939989717494,-0.590220276337879,
-0.00369446751645432));
#2582=CARTESIAN_POINT('Ctrl Pts',(-3.850182746397,-0.0229761386358827,-0.00369446751645432));
#2583=CARTESIAN_POINT('Ctrl Pts',(-3.79184169251923,0.510440637677205,-0.00369446751645432));
#2584=CARTESIAN_POINT('Ctrl Pts',(-3.68013168941167,0.975194197646408,-0.00369446751645432));
#2585=CARTESIAN_POINT('Ctrl Pts',(-3.55184717219791,1.35505563980504,-0.00369446751645432));
#2586=CARTESIAN_POINT('Ctrl Pts',(-3.42247502493922,1.6642999740406,-0.00369446751645432));
#2587=CARTESIAN_POINT('Ctrl Pts',(-3.27769944958744,1.95058528585468,-0.00369446751645432));
#2588=CARTESIAN_POINT('Ctrl Pts',(-3.09842126625209,2.25181979355708,-0.00369446751645432));
#2589=CARTESIAN_POINT('Ctrl Pts',(-2.88754628439977,2.55280246988583,-0.00369446751645432));
#2590=CARTESIAN_POINT('Ctrl Pts',(-2.69979003564757,2.76767016712535,-0.00369446751645432));
#2591=CARTESIAN_POINT('Ctrl Pts',(-2.4671275901808,2.98220896179894,-0.00369446751645432));
#2592=CARTESIAN_POINT('Ctrl Pts',(-2.1672785197747,3.18379491843991,-0.00369446751645432));
#2593=CARTESIAN_POINT('Ctrl Pts',(-1.64391228000601,3.45491468850389,-0.00369446751645432));
#2594=CARTESIAN_POINT('Ctrl Pts',(-1.04840837037612,3.71185157060193,-0.00369446751645432));
#2595=CARTESIAN_POINT('Ctrl Pts',(-0.485986301939068,3.86020605371996,-0.00369446751645432));
#2596=CARTESIAN_POINT('Ctrl Pts',(-0.163596149462351,3.86474366981602,-0.00369446751645432));
#2597=CARTESIAN_POINT('Ctrl Pts',(-0.0138377659195764,3.84534160707023,
-0.00369446751645432));
#2598=CARTESIAN_POINT('',(-0.116916863800915,3.85512006259291,-0.00369446751645432));
#2599=CARTESIAN_POINT('Ctrl Pts',(-0.0243961837947875,3.89493438599971,
0.0894245086328556));
#2600=CARTESIAN_POINT('Ctrl Pts',(-0.0465404998366579,3.88772595890451,
0.0824612885714768));
#2601=CARTESIAN_POINT('Ctrl Pts',(-0.0640447165281551,3.88016625874226,
0.0735660963763096));
#2602=CARTESIAN_POINT('Ctrl Pts',(-0.0898971093690704,3.86810324949759,
0.0537126619981018));
#2603=CARTESIAN_POINT('Ctrl Pts',(-0.0990834812966523,3.86334717362867,
0.04322807510577));
#2604=CARTESIAN_POINT('Ctrl Pts',(-0.110564733039498,3.85759699308038,0.0233309539931063));
#2605=CARTESIAN_POINT('Ctrl Pts',(-0.114181520528056,3.85585951799716,0.0138727075583388));
#2606=CARTESIAN_POINT('Ctrl Pts',(-0.116395332166617,3.85517037174829,0.00130998912674434));
#2607=CARTESIAN_POINT('Ctrl Pts',(-0.11671584412772,3.85510777195187,-0.00119165011219418));
#2608=CARTESIAN_POINT('Ctrl Pts',(-0.116916863800926,3.85512006259291,-0.00369446751645345));
#2609=CARTESIAN_POINT('Ctrl Pts',(3.18440014012772E-6,4.06405044824348,
0.0419696689030582));
#2610=CARTESIAN_POINT('Ctrl Pts',(0.00078682880929682,4.07643326565555,
0.0132948344699459));
#2611=CARTESIAN_POINT('Ctrl Pts',(0.000791886721280907,4.07651318864084,
-0.0207976846862399));
#2612=CARTESIAN_POINT('Ctrl Pts',(1.05804889492437E-5,4.06416731810973,
-0.0494149119802852));
#2613=CARTESIAN_POINT('Ctrl Pts',(-0.116916863800926,3.85512006259291,-0.00369446751645271));
#2614=CARTESIAN_POINT('Ctrl Pts',(-0.117427077745018,3.85515125783037,-0.0100469419723306));
#2615=CARTESIAN_POINT('Ctrl Pts',(-0.117168709597228,3.85566667295671,-0.0164069016770049));
#2616=CARTESIAN_POINT('Ctrl Pts',(-0.114628596313072,3.85808077080966,-0.0316697628575241));
#2617=CARTESIAN_POINT('Ctrl Pts',(-0.111592890143187,3.86041395264651,-0.0400641788016789));
#2618=CARTESIAN_POINT('Ctrl Pts',(-0.102235846507861,3.86680146846835,-0.0568645549992243));
#2619=CARTESIAN_POINT('Ctrl Pts',(-0.0951984353597943,3.87124859547819,
-0.0653186402522483));
#2620=CARTESIAN_POINT('Ctrl Pts',(-0.0770421576413951,3.88124159111979,
-0.0803590572149847));
#2621=CARTESIAN_POINT('Ctrl Pts',(-0.0667268384598787,3.88630545041903,
-0.0863052103910739));
#2622=CARTESIAN_POINT('Ctrl Pts',(-0.045436361642018,3.89531746318136,-0.0956344253577787));
#2623=CARTESIAN_POINT('Ctrl Pts',(-0.0345183719392328,3.8993328378659,-0.0991652203277591));
#2624=CARTESIAN_POINT('Ctrl Pts',(-0.0232510321720242,3.90287029566411,
-0.102037488081362));
#2625=CARTESIAN_POINT('',(-0.797027714731702,3.77364108945153,-0.00369446751645432));
#2626=CARTESIAN_POINT('Ctrl Pts',(-0.797187004405518,3.77351659863701,-0.00369446751645432));
#2627=CARTESIAN_POINT('Ctrl Pts',(-0.694708730400819,3.80106632678236,-0.00369446751645432));
#2628=CARTESIAN_POINT('Ctrl Pts',(-0.594933085335139,3.82240300362276,-0.00369446751645432));
#2629=CARTESIAN_POINT('Ctrl Pts',(-0.499125775226064,3.83661471055764,-0.00369446751645432));
#2630=CARTESIAN_POINT('Ctrl Pts',(-0.364108928468712,3.85664261714641,-0.00369446751645432));
#2631=CARTESIAN_POINT('Ctrl Pts',(-0.236973183753941,3.86252035357823,-0.00369446751645432));
#2632=CARTESIAN_POINT('Ctrl Pts',(-0.116927548914534,3.85514003631748,-0.00369446751645432));
#2633=CARTESIAN_POINT('',(-2.3690247388092,3.04357389214677,-0.00369446751645432));
#2634=CARTESIAN_POINT('Ctrl Pts',(-2.3690247388092,3.04357389214676,-0.00369446751645348));
#2635=CARTESIAN_POINT('Ctrl Pts',(-2.36966951878166,3.04312412243644,-0.00929410903017354));
#2636=CARTESIAN_POINT('Ctrl Pts',(-2.36970668373797,3.04360045996521,-0.0148737557022046));
#2637=CARTESIAN_POINT('Ctrl Pts',(-2.3685689992608,3.04636144272114,-0.0258424166870598));
#2638=CARTESIAN_POINT('Ctrl Pts',(-2.36742451907482,3.04857354740843,-0.0309746591293942));
#2639=CARTESIAN_POINT('Ctrl Pts',(-2.36341653512653,3.05567041867853,-0.0431520312696628));
#2640=CARTESIAN_POINT('Ctrl Pts',(-2.35995553999312,3.06133483293314,-0.0496137791255547));
#2641=CARTESIAN_POINT('Ctrl Pts',(-2.3496814075437,3.07721883953964,-0.0641592196851617));
#2642=CARTESIAN_POINT('Ctrl Pts',(-2.34087587315465,3.09008531038001,-0.0724625569766439));
#2643=CARTESIAN_POINT('Ctrl Pts',(-2.30888603452541,3.13172635067217,-0.0917325594456156));
#2644=CARTESIAN_POINT('Ctrl Pts',(-2.27978524146146,3.16600289557641,-0.100837872858505));
#2645=CARTESIAN_POINT('Ctrl Pts',(-2.1729696687047,3.26236782933714,-0.114025924718532));
#2646=CARTESIAN_POINT('Ctrl Pts',(-2.09248490889334,3.32141014892601,-0.115937355824006));
#2647=CARTESIAN_POINT('Ctrl Pts',(-1.93751955483512,3.41595771682981,-0.117458110228502));
#2648=CARTESIAN_POINT('Ctrl Pts',(-1.8840788053516,3.44615940366667,-0.117637219221647));
#2649=CARTESIAN_POINT('Ctrl Pts',(-1.79392561912081,3.49407072444239,-0.117813931195194));
#2650=CARTESIAN_POINT('Ctrl Pts',(-1.75649411008626,3.513111677334,-0.117844731768037));
#2651=CARTESIAN_POINT('Ctrl Pts',(-1.68486784562262,3.54803038723614,-0.117869543452875));
#2652=CARTESIAN_POINT('Ctrl Pts',(-1.65042217424281,3.56417919244827,-0.117866382982335));
#2653=CARTESIAN_POINT('Ctrl Pts',(-1.57454044302766,3.59833098205572,-0.117823347227381));
#2654=CARTESIAN_POINT('Ctrl Pts',(-1.53264374500068,3.61627526748271,-0.117777580888281));
#2655=CARTESIAN_POINT('Ctrl Pts',(-1.42510891176781,3.65980931380976,-0.117516137635382));
#2656=CARTESIAN_POINT('Ctrl Pts',(-1.35745451775133,3.6848320654528,-0.117245984764953));
#2657=CARTESIAN_POINT('Ctrl Pts',(-1.16639931945142,3.74666888338861,-0.114974855791309));
#2658=CARTESIAN_POINT('Ctrl Pts',(-1.06554257691342,3.76870960589873,-0.112229328634978));
#2659=CARTESIAN_POINT('Ctrl Pts',(-0.923707358448008,3.78517264682506,-0.0963067897613955));
#2660=CARTESIAN_POINT('Ctrl Pts',(-0.88021686057628,3.78421611111633,-0.085648102561246));
#2661=CARTESIAN_POINT('Ctrl Pts',(-0.836567107539043,3.78099343897508,-0.065133774364641));
#2662=CARTESIAN_POINT('Ctrl Pts',(-0.825746250761233,3.77969433304867,-0.0580940824744973));
#2663=CARTESIAN_POINT('Ctrl Pts',(-0.813665948512387,3.77791328626417,-0.0471119872488381));
#2664=CARTESIAN_POINT('Ctrl Pts',(-0.810149613845589,3.77732949857992,-0.0433372192226046));
#2665=CARTESIAN_POINT('Ctrl Pts',(-0.804429423283317,3.7762555342334,-0.035554117195562));
#2666=CARTESIAN_POINT('Ctrl Pts',(-0.802128494599484,3.77576442080242,-0.0316352243903445));
#2667=CARTESIAN_POINT('Ctrl Pts',(-0.800370933932255,3.77532114276133,-0.0274570429538528));
#2668=CARTESIAN_POINT('Ctrl Pts',(-0.79799244073942,3.77472125803306,-0.0218027424847897));
#2669=CARTESIAN_POINT('Ctrl Pts',(-0.79667928508709,3.77422921932605,-0.0158405914266183));
#2670=CARTESIAN_POINT('Ctrl Pts',(-0.796646257320136,3.77379632977421,-0.00764894388195782));
#2671=CARTESIAN_POINT('Ctrl Pts',(-0.79677314920505,3.77370962722003,-0.00566259835283251));
#2672=CARTESIAN_POINT('Ctrl Pts',(-0.797027714731705,3.77364108945153,-0.0036944675164549));
#2673=CARTESIAN_POINT('',(-3.83205906134352,0.0564216716463269,-0.00369446751645432));
#2674=CARTESIAN_POINT('Ctrl Pts',(-3.83213829259454,0.0563854809986518,
-0.00369446751645432));
#2675=CARTESIAN_POINT('Ctrl Pts',(-3.82448379857353,0.209755862962585,-0.00369446751645431));
#2676=CARTESIAN_POINT('Ctrl Pts',(-3.80688915462253,0.358459678633549,-0.00369446751645432));
#2677=CARTESIAN_POINT('Ctrl Pts',(-3.7829468676476,0.498996768286556,-0.00369446751645432));
#2678=CARTESIAN_POINT('Ctrl Pts',(-3.75460502481671,0.665358491000273,-0.00369446751645432));
#2679=CARTESIAN_POINT('Ctrl Pts',(-3.71736835711419,0.82027634432334,-0.00369446751645427));
#2680=CARTESIAN_POINT('Ctrl Pts',(-3.67736927039397,0.961045511344647,-0.00369446751645428));
#2681=CARTESIAN_POINT('Ctrl Pts',(-3.63737018367375,1.10181467836595,-0.00369446751645428));
#2682=CARTESIAN_POINT('Ctrl Pts',(-3.59460867793583,1.22843515908549,-0.00369446751645432));
#2683=CARTESIAN_POINT('Ctrl Pts',(-3.55166590052375,1.34328612181786,-0.00369446751645432));
#2684=CARTESIAN_POINT('Ctrl Pts',(-3.50872312311168,1.45813708455022,-0.00369446751645432));
#2685=CARTESIAN_POINT('Ctrl Pts',(-3.46559907402545,1.56121852929541,-0.00369446751645432));
#2686=CARTESIAN_POINT('Ctrl Pts',(-3.41990778692371,1.66047347030369,-0.00369446751645433));
#2687=CARTESIAN_POINT('Ctrl Pts',(-3.37421649982196,1.75972841131196,-0.00369446751645432));
#2688=CARTESIAN_POINT('Ctrl Pts',(-3.3259579747047,1.85515684858332,-0.00369446751645432));
#2689=CARTESIAN_POINT('Ctrl Pts',(-3.27194901492351,1.95307681850274,-0.00369446751645432));
#2690=CARTESIAN_POINT('Ctrl Pts',(-3.21794005514232,2.05099678842215,-0.00369446751645432));
#2691=CARTESIAN_POINT('Ctrl Pts',(-3.15818066069721,2.15140829098962,-0.00369446751645432));
#2692=CARTESIAN_POINT('Ctrl Pts',(-3.09315513316593,2.25177782166147,-0.00369446751645432));
#2693=CARTESIAN_POINT('Ctrl Pts',(-3.02812960563465,2.35214735233333,-0.00369446751645432));
#2694=CARTESIAN_POINT('Ctrl Pts',(-2.95783794501721,2.45247491110958,-0.00369446751645432));
#2695=CARTESIAN_POINT('Ctrl Pts',(-2.88514086495805,2.54561222994561,-0.00369446751645432));
#2696=CARTESIAN_POINT('Ctrl Pts',(-2.81244378489889,2.63874954878164,-0.00369446751645433));
#2697=CARTESIAN_POINT('Ctrl Pts',(-2.73734128539801,2.72469662767745,-0.00369446751645438));
#2698=CARTESIAN_POINT('Ctrl Pts',(-2.66060435323844,2.80102094168129,-0.00369446751645439));
#2699=CARTESIAN_POINT('Ctrl Pts',(-2.62223588715865,2.83918309868321,-0.00369446751645439));
#2700=CARTESIAN_POINT('Ctrl Pts',(-2.58345881291419,2.87493956446215,-0.00369446751645433));
#2701=CARTESIAN_POINT('Ctrl Pts',(-2.54366711185919,2.90895641224781,-0.00369446751645433));
#2702=CARTESIAN_POINT('Ctrl Pts',(-2.48787908430785,2.95664808642011,-0.00369446751645432));
#2703=CARTESIAN_POINT('Ctrl Pts',(-2.43009669775831,3.00092035282365,-0.00369446751645432));
#2704=CARTESIAN_POINT('Ctrl Pts',(-2.3689070817965,3.0435742911409,-0.00369446751645432));
#2705=CARTESIAN_POINT('',(-3.92222093262972,0.0321230681145425,-0.115186461238072));
#2706=CARTESIAN_POINT('Ctrl Pts',(-3.92232442142511,0.0321069414569344,
-0.115062628401992));
#2707=CARTESIAN_POINT('Ctrl Pts',(-3.91883940619759,0.033043497436173,-0.114287083976949));
#2708=CARTESIAN_POINT('Ctrl Pts',(-3.91538370188167,0.033971908275888,-0.113356986489051));
#2709=CARTESIAN_POINT('Ctrl Pts',(-3.911969652383,0.0348889121844352,-0.112272840363433));
#2710=CARTESIAN_POINT('Ctrl Pts',(-3.9037898339551,0.037085987965702,-0.109675303783978));
#2711=CARTESIAN_POINT('Ctrl Pts',(-3.89591522717741,0.0392003774596542,
-0.106217911656107));
#2712=CARTESIAN_POINT('Ctrl Pts',(-3.88851396740187,0.0411903587565743,
-0.101919633385391));
#2713=CARTESIAN_POINT('Ctrl Pts',(-3.88404126732706,0.042392936394102,-0.0993221148377365));
#2714=CARTESIAN_POINT('Ctrl Pts',(-3.87974174630661,0.0435501158164683,
-0.0964166558659145));
#2715=CARTESIAN_POINT('Ctrl Pts',(-3.87565859241514,0.0446529177165251,
-0.0932002680028436));
#2716=CARTESIAN_POINT('Ctrl Pts',(-3.8742720206545,0.0450274110647674,-0.0921080356989046));
#2717=CARTESIAN_POINT('Ctrl Pts',(-3.87291045461683,0.0453956348687991,
-0.0909799022019391));
#2718=CARTESIAN_POINT('Ctrl Pts',(-3.87157470384281,0.0457572598502157,
-0.0898169484366319));
#2719=CARTESIAN_POINT('Ctrl Pts',(-3.86501811489971,0.0475323113050332,
-0.0841085408899269));
#2720=CARTESIAN_POINT('Ctrl Pts',(-3.85914919455294,0.0491289891840442,
-0.0776239094950771));
#2721=CARTESIAN_POINT('Ctrl Pts',(-3.85404307830815,0.0505139050926713,
-0.0705182768095911));
#2722=CARTESIAN_POINT('Ctrl Pts',(-3.85038185740137,0.051506926566471,-0.0654233495308541));
#2723=CARTESIAN_POINT('Ctrl Pts',(-3.84711350438473,0.0523910697775097,
-0.0600081437875912));
#2724=CARTESIAN_POINT('Ctrl Pts',(-3.84428109469542,0.0531537131240339,
-0.0543238037757214));
#2725=CARTESIAN_POINT('Ctrl Pts',(-3.84042011744187,0.0541933044743294,
-0.0465752398691342));
#2726=CARTESIAN_POINT('Ctrl Pts',(-3.83741813307888,0.0549927683882261,
-0.0384290561739981));
#2727=CARTESIAN_POINT('Ctrl Pts',(-3.83535828474536,0.0555367947124046,
-0.0300347874290092));
#2728=CARTESIAN_POINT('Ctrl Pts',(-3.83397299369496,0.0559026637843183,
-0.0243894662770214));
#2729=CARTESIAN_POINT('Ctrl Pts',(-3.83301465831029,0.0561529604053439,
-0.0186313695692187));
#2730=CARTESIAN_POINT('Ctrl Pts',(-3.83252192364622,0.0562823562556813,
-0.0128047704562873));
#2731=CARTESIAN_POINT('Ctrl Pts',(-3.83226546942046,0.0563497030754541,
-0.00977219314171791));
#2732=CARTESIAN_POINT('Ctrl Pts',(-3.83213637715851,0.0563840590887304,
-0.00673324437953448));
#2733=CARTESIAN_POINT('Ctrl Pts',(-3.83213829259454,0.0563854809986518,
-0.0036944675164543));
#2734=CARTESIAN_POINT('',(-2.77071384682469,-2.69573777149059,-0.0501494549228293));
#2735=CARTESIAN_POINT('Ctrl Pts',(-2.77071384682469,-2.69573777149059,-0.0501494549228293));
#2736=CARTESIAN_POINT('Ctrl Pts',(-2.80703961477135,-2.66313716150451,-0.0586745549781594));
#2737=CARTESIAN_POINT('Ctrl Pts',(-2.85230594095377,-2.62542205885704,-0.0721902499678026));
#2738=CARTESIAN_POINT('Ctrl Pts',(-3.02019146020453,-2.47362783187849,-0.104208546401029));
#2739=CARTESIAN_POINT('Ctrl Pts',(-3.10680097929478,-2.37443312934571,-0.106602983272211));
#2740=CARTESIAN_POINT('Ctrl Pts',(-3.22123472524835,-2.22641979791941,-0.110921168703761));
#2741=CARTESIAN_POINT('Ctrl Pts',(-3.26512054099587,-2.16421904273374,-0.111806118215178));
#2742=CARTESIAN_POINT('Ctrl Pts',(-3.33555740790624,-2.05630497493281,-0.112756996841265));
#2743=CARTESIAN_POINT('Ctrl Pts',(-3.36378223260448,-2.01051798611461,-0.112973200998332));
#2744=CARTESIAN_POINT('Ctrl Pts',(-3.41652511645616,-1.92011818515943,-0.1131656901744));
#2745=CARTESIAN_POINT('Ctrl Pts',(-3.44127814832237,-1.87534386735435,-0.113151513372714));
#2746=CARTESIAN_POINT('Ctrl Pts',(-3.49597447459406,-1.77089991472088,-0.11290647070053));
#2747=CARTESIAN_POINT('Ctrl Pts',(-3.52525301114913,-1.71072689381667,-0.112609710708623));
#2748=CARTESIAN_POINT('Ctrl Pts',(-3.61111532763592,-1.52017148856704,-0.111153077109937));
#2749=CARTESIAN_POINT('Ctrl Pts',(-3.66040279483175,-1.38932421374659,-0.109348190850312));
#2750=CARTESIAN_POINT('Ctrl Pts',(-3.74051246825862,-1.13087488086804,-0.104303220488254));
#2751=CARTESIAN_POINT('Ctrl Pts',(-3.77143674554922,-1.00825775387839,-0.101196040492714));
#2752=CARTESIAN_POINT('Ctrl Pts',(-3.80396065131129,-0.860946666932623,
-0.0995985641931483));
#2753=CARTESIAN_POINT('Ctrl Pts',(-3.80954366726851,-0.834872482876342,
-0.0994039531848645));
#2754=CARTESIAN_POINT('Ctrl Pts',(-3.81915196045312,-0.788739135228497,
-0.0992549471346378));
#2755=CARTESIAN_POINT('Ctrl Pts',(-3.82323639266754,-0.768697032184014,
-0.0992549895199986));
#2756=CARTESIAN_POINT('Ctrl Pts',(-3.83190844670139,-0.725239358816493,
-0.0994041293323335));
#2757=CARTESIAN_POINT('Ctrl Pts',(-3.83646558502901,-0.701824526670725,
-0.0995782668895645));
#2758=CARTESIAN_POINT('Ctrl Pts',(-3.85031254241331,-0.628814144747811,
-0.100398315253855));
#2759=CARTESIAN_POINT('Ctrl Pts',(-3.85921920981893,-0.579144673384747,
-0.101363720046998));
#2760=CARTESIAN_POINT('Ctrl Pts',(-3.88046341592238,-0.451394995692432,
-0.10439719593552));
#2761=CARTESIAN_POINT('Ctrl Pts',(-3.8920447213239,-0.371819461658709,-0.106767152243543));
#2762=CARTESIAN_POINT('Ctrl Pts',(-3.91332865510287,-0.183089845209996,
-0.111641305884509));
#2763=CARTESIAN_POINT('Ctrl Pts',(-3.9205226236134,-0.0769272653599571,
-0.113775216172367));
#2764=CARTESIAN_POINT('Ctrl Pts',(-3.92222093262972,0.0321230681145413,
-0.115186461238072));
#2765=CARTESIAN_POINT('',(-2.76558177381407,-2.68684876028803,-0.00369446751645432));
#2766=CARTESIAN_POINT('Ctrl Pts',(-2.76542270416057,-2.6869510668004,-0.00369446751645435));
#2767=CARTESIAN_POINT('Ctrl Pts',(-2.76542039962913,-2.68694623415685,-0.0123830857059213));
#2768=CARTESIAN_POINT('Ctrl Pts',(-2.76597623166455,-2.68788082556618,-0.021037089313786));
#2769=CARTESIAN_POINT('Ctrl Pts',(-2.7670296065024,-2.68968326694123,-0.0295044529796395));
#2770=CARTESIAN_POINT('Ctrl Pts',(-2.76722857385316,-2.69002372218318,-0.031103816146432));
#2771=CARTESIAN_POINT('Ctrl Pts',(-2.76744538697106,-2.69039525381355,-0.032696496126619));
#2772=CARTESIAN_POINT('Ctrl Pts',(-2.76767976374661,-2.69079753120881,-0.0342814152152075));
#2773=CARTESIAN_POINT('Ctrl Pts',(-2.7684852790644,-2.69218009397821,-0.0397285274571892));
#2774=CARTESIAN_POINT('Ctrl Pts',(-2.76949089323991,-2.69391302790503,-0.0450365002321494));
#2775=CARTESIAN_POINT('Ctrl Pts',(-2.77067893759962,-2.69596838853561,-0.0501667570726284));
#2776=CARTESIAN_POINT('',(-0.0528047642489037,-3.84547987948732,-0.00369446751645432));
#2777=CARTESIAN_POINT('Ctrl Pts',(-0.0528647518150638,-3.84546446090969,
-0.00369446751645432));
#2778=CARTESIAN_POINT('Ctrl Pts',(-0.0883054863651716,-3.84428316682072,
-0.00369446751645432));
#2779=CARTESIAN_POINT('Ctrl Pts',(-0.330943997562436,-3.8327176763472,-0.00369446751645432));
#2780=CARTESIAN_POINT('Ctrl Pts',(-0.778027947894836,-3.76621658991879,
-0.00369446751645432));
#2781=CARTESIAN_POINT('Ctrl Pts',(-1.35283490831904,-3.58788741088338,-0.00369446751645432));
#2782=CARTESIAN_POINT('Ctrl Pts',(-1.85103458485953,-3.35817544749511,-0.00369446751645432));
#2783=CARTESIAN_POINT('Ctrl Pts',(-2.24912074624882,-3.12031364442923,-0.00369446751645432));
#2784=CARTESIAN_POINT('Ctrl Pts',(-2.54387064944554,-2.90200831556216,-0.00369446751645432));
#2785=CARTESIAN_POINT('Ctrl Pts',(-2.69179286091545,-2.76422607534907,-0.00369446751645432));
#2786=CARTESIAN_POINT('Ctrl Pts',(-2.76466939212684,-2.68774260312272,-0.00369446751645432));
#2787=CARTESIAN_POINT('Ctrl Pts',(-2.76542270416152,-2.6869510667994,-0.00369446751645432));
#2788=CARTESIAN_POINT('',(-0.0368496143014024,-3.90468271285642,-0.103592029426277));
#2789=CARTESIAN_POINT('Ctrl Pts',(-0.0369152586132592,-3.90458314677334,
-0.10362387195059));
#2790=CARTESIAN_POINT('Ctrl Pts',(-0.0384123443984448,-3.89902273026514,
-0.100603386751812));
#2791=CARTESIAN_POINT('Ctrl Pts',(-0.0398404485305735,-3.89372589889713,
-0.0971277272845172));
#2792=CARTESIAN_POINT('Ctrl Pts',(-0.0411835106802634,-3.88876464091045,
-0.0932002680028436));
#2793=CARTESIAN_POINT('Ctrl Pts',(-0.0427539977929467,-3.88296327741244,
-0.0886077596152892));
#2794=CARTESIAN_POINT('Ctrl Pts',(-0.0442082526298608,-3.87761997901276,
-0.0833971523311811));
#2795=CARTESIAN_POINT('Ctrl Pts',(-0.0455221303251039,-3.87279280675278,
-0.0776548110288567));
#2796=CARTESIAN_POINT('Ctrl Pts',(-0.0470437432985987,-3.86720241735606,
-0.0710045565527461));
#2797=CARTESIAN_POINT('Ctrl Pts',(-0.0483588308345548,-3.86236795532992,
-0.0637189438364446));
#2798=CARTESIAN_POINT('Ctrl Pts',(-0.0494395399325644,-3.85836760797236,
-0.0559526121302565));
#2799=CARTESIAN_POINT('Ctrl Pts',(-0.0501908533743102,-3.85558654991804,
-0.0505534261562858));
#2800=CARTESIAN_POINT('Ctrl Pts',(-0.05082886027762,-3.85320939246216,-0.0449210695025019));
#2801=CARTESIAN_POINT('Ctrl Pts',(-0.0513435373704583,-3.8512768009665,
-0.0391035568285072));
#2802=CARTESIAN_POINT('Ctrl Pts',(-0.0520736028326049,-3.84853543492737,
-0.0308514602460298));
#2803=CARTESIAN_POINT('Ctrl Pts',(-0.0525451179503605,-3.84672422245419,
-0.0223403829537805));
#2804=CARTESIAN_POINT('Ctrl Pts',(-0.0527490234945546,-3.84592658901769,
-0.0137226189235297));
#2805=CARTESIAN_POINT('Ctrl Pts',(-0.0528278039921169,-3.84561841711757,
-0.0103930785676714));
#2806=CARTESIAN_POINT('Ctrl Pts',(-0.052866602423863,-3.84546206265962,
-0.00704748356000933));
#2807=CARTESIAN_POINT('Ctrl Pts',(-0.0528647518150156,-3.84546446090969,
-0.00369446751645445));
#2808=CARTESIAN_POINT('',(0.501959923388111,-3.82408897456108,-0.00369446751645432));
#2809=CARTESIAN_POINT('Ctrl Pts',(0.501959923388114,-3.82408897456108,-0.00369446751645316));
#2810=CARTESIAN_POINT('Ctrl Pts',(0.502305783735267,-3.82405003225245,-0.00456620282978924));
#2811=CARTESIAN_POINT('Ctrl Pts',(0.502591346400546,-3.82402784998818,-0.00546232355394889));
#2812=CARTESIAN_POINT('Ctrl Pts',(0.503290903665118,-3.8240201777955,-0.00847884856873948));
#2813=CARTESIAN_POINT('Ctrl Pts',(0.503375432835999,-3.82411852823208,-0.0105884958462745));
#2814=CARTESIAN_POINT('Ctrl Pts',(0.502691354544447,-3.82454029387047,-0.0149258113143595));
#2815=CARTESIAN_POINT('Ctrl Pts',(0.501902572148658,-3.82486097237018,-0.0170162862443823));
#2816=CARTESIAN_POINT('Ctrl Pts',(0.499199301935837,-3.82582785798562,-0.0219158189466257));
#2817=CARTESIAN_POINT('Ctrl Pts',(0.496907371984519,-3.82655867266795,-0.0245526616386966));
#2818=CARTESIAN_POINT('Ctrl Pts',(0.489207952483243,-3.8289015546682,-0.031741099874087));
#2819=CARTESIAN_POINT('Ctrl Pts',(0.482307236237601,-3.83084208925823,-0.0358676469302057));
#2820=CARTESIAN_POINT('Ctrl Pts',(0.45339362473959,-3.83866759440833,-0.0504810072995695));
#2821=CARTESIAN_POINT('Ctrl Pts',(0.422426128913231,-3.84598880656347,-0.0582019275385727));
#2822=CARTESIAN_POINT('Ctrl Pts',(0.311612944853929,-3.87049413484543,-0.0832373431532377));
#2823=CARTESIAN_POINT('Ctrl Pts',(0.161924769297278,-3.89685809832602,-0.095886306800225));
#2824=CARTESIAN_POINT('Ctrl Pts',(-0.0368496143014033,-3.90468271285641,
-0.103592029426276));
#2825=CARTESIAN_POINT('',(3.86539872420532,-0.0167693287543133,-0.00369446751645435));
#2826=CARTESIAN_POINT('Ctrl Pts',(3.86539872420532,-0.0167693287543133,
-0.00369446751645432));
#2827=CARTESIAN_POINT('Ctrl Pts',(3.85239127758313,-0.225177862763669,-0.00369446751645432));
#2828=CARTESIAN_POINT('Ctrl Pts',(3.772749996353,-0.636766103422911,-0.00369446751645432));
#2829=CARTESIAN_POINT('Ctrl Pts',(3.5236504758121,-1.31333164551005,-0.00369446751645432));
#2830=CARTESIAN_POINT('Ctrl Pts',(3.28373054680675,-1.8482252599938,-0.00369446751645432));
#2831=CARTESIAN_POINT('Ctrl Pts',(3.11069150437129,-2.18525774063821,-0.00369446751645432));
#2832=CARTESIAN_POINT('Ctrl Pts',(2.95008346199509,-2.45757467225114,-0.00369446751645432));
#2833=CARTESIAN_POINT('Ctrl Pts',(2.75527440479243,-2.71074548733,-0.00369446751645432));
#2834=CARTESIAN_POINT('Ctrl Pts',(2.3983615827903,-3.05794576849732,-0.00369446751645432));
#2835=CARTESIAN_POINT('Ctrl Pts',(1.84189179122324,-3.43828810457293,-0.00369446751645432));
#2836=CARTESIAN_POINT('Ctrl Pts',(1.16998618172043,-3.71260980367037,-0.00369446751645432));
#2837=CARTESIAN_POINT('Ctrl Pts',(0.690100967101824,-3.80249239087882,-0.00369446751645432));
#2838=CARTESIAN_POINT('Ctrl Pts',(0.501850096438211,-3.82351652842,-0.00369446751645432));
#2839=CARTESIAN_POINT('Origin',(3.97969872420532,-0.0167693287543133,-0.00369446751645433));
#2840=CARTESIAN_POINT('Origin',(3.97969872420532,-0.0167693287543133,-0.00369446751645433));
#2841=CARTESIAN_POINT('',(-0.0388824262920189,-3.89713980477094,0.0916539345448284));
#2842=CARTESIAN_POINT('Ctrl Pts',(-0.0388824262920226,-3.89713980477094,
0.0916539345448257));
#2843=CARTESIAN_POINT('Ctrl Pts',(0.180412974670569,-3.8882295872381,0.0812766013076973));
#2844=CARTESIAN_POINT('Ctrl Pts',(0.341114830826131,-3.85756906735442,0.0639056382988489));
#2845=CARTESIAN_POINT('Ctrl Pts',(0.448612889532332,-3.83520393777326,0.0316016329674722));
#2846=CARTESIAN_POINT('Ctrl Pts',(0.47403495683411,-3.8296252378606,0.0227099665643458));
#2847=CARTESIAN_POINT('Ctrl Pts',(0.4931939668667,-3.8256482231914,0.00812364129960802));
#2848=CARTESIAN_POINT('Ctrl Pts',(0.496831945868789,-3.82491577286973,0.00478120825636238));
#2849=CARTESIAN_POINT('Ctrl Pts',(0.500439562215731,-3.82429567195874,-0.000490692054450787));
#2850=CARTESIAN_POINT('Ctrl Pts',(0.501307143065885,-3.8241624746688,-0.002049145456772));
#2851=CARTESIAN_POINT('Ctrl Pts',(0.501959923388114,-3.82408897456108,-0.00369446751645316));
#2852=CARTESIAN_POINT('Ctrl Pts',(-0.0528647518150154,-3.84546446090969,
-0.00369446751645443));
#2853=CARTESIAN_POINT('Ctrl Pts',(-0.0528662715362076,-3.84546257298829,
-0.00136208037677096));
#2854=CARTESIAN_POINT('Ctrl Pts',(-0.052848071713882,-3.84553753896396,
0.000972314458094191));
#2855=CARTESIAN_POINT('Ctrl Pts',(-0.0528101059320382,-3.84568813779665,
0.00330580722168398));
#2856=CARTESIAN_POINT('Ctrl Pts',(-0.052678909135736,-3.84620855601053,
0.0113695625274045));
#2857=CARTESIAN_POINT('Ctrl Pts',(-0.0523129698182927,-3.84762356403549,
0.0193381496974507));
#2858=CARTESIAN_POINT('Ctrl Pts',(-0.0517224611270212,-3.84985216265181,
0.0270938216793146));
#2859=CARTESIAN_POINT('Ctrl Pts',(-0.05112919018331,-3.85209118609685,0.0348857727611631));
#2860=CARTESIAN_POINT('Ctrl Pts',(-0.0503136227536052,-3.85513511718333,
0.0424060122313338));
#2861=CARTESIAN_POINT('Ctrl Pts',(-0.0492945319969546,-3.858904837704,0.0495388548872671));
#2862=CARTESIAN_POINT('Ctrl Pts',(-0.0481781614825597,-3.86303440595817,
0.0573525801839842));
#2863=CARTESIAN_POINT('Ctrl Pts',(-0.0468287576906804,-3.86799463858329,
0.0646265542434002));
#2864=CARTESIAN_POINT('Ctrl Pts',(-0.0452813033279305,-3.87368157790363,
0.0712222737442312));
#2865=CARTESIAN_POINT('Ctrl Pts',(-0.044257274963898,-3.87744491161398,
0.0755869929971148));
#2866=CARTESIAN_POINT('Ctrl Pts',(-0.0431464707889178,-3.88152766318914,
0.079654648754804));
#2867=CARTESIAN_POINT('Ctrl Pts',(-0.0419586595721047,-3.88591074405221,
0.0833791771158548));
#2868=CARTESIAN_POINT('Ctrl Pts',(-0.0417029764139773,-3.88685422727709,
0.0841809031480805));
#2869=CARTESIAN_POINT('Ctrl Pts',(-0.0414440914302635,-3.88781027967493,
0.0849655352731564));
#2870=CARTESIAN_POINT('Ctrl Pts',(-0.0411821258314031,-3.888778630417,0.0857327068329912));
#2871=CARTESIAN_POINT('Ctrl Pts',(-0.0404598056155424,-3.89144867304887,
0.0878480362087291));
#2872=CARTESIAN_POINT('Ctrl Pts',(-0.0397140641531708,-3.89421212546633,
0.0898306875942509));
#2873=CARTESIAN_POINT('Ctrl Pts',(-0.038947593632193,-3.89705643730461,
0.0916813957969755));
#2874=CARTESIAN_POINT('',(-2.76846518740335,-2.69184297912392,0.0314676391376219));
#2875=CARTESIAN_POINT('Ctrl Pts',(-2.76840772821653,-2.69204872933369,0.0314371243715327));
#2876=CARTESIAN_POINT('Ctrl Pts',(-2.7671158583442,-2.68982581905644,0.0238896688730635));
#2877=CARTESIAN_POINT('Ctrl Pts',(-2.76621580113304,-2.68829160295427,0.0160827817858841));
#2878=CARTESIAN_POINT('Ctrl Pts',(-2.76576082458077,-2.68752097359314,0.00812672586026746));
#2879=CARTESIAN_POINT('Ctrl Pts',(-2.76553587012555,-2.68713995064318,0.00419300616080291));
#2880=CARTESIAN_POINT('Ctrl Pts',(-2.76542162243769,-2.68694848274113,0.000247914215512794));
#2881=CARTESIAN_POINT('Ctrl Pts',(-2.76542270416057,-2.6869510668004,-0.00369446751645432));
#2882=CARTESIAN_POINT('',(-3.91633328928516,0.0337097866389729,0.106319670730387));
#2883=CARTESIAN_POINT('Ctrl Pts',(-3.91633328928516,0.0337097866389725,
0.106319670730387));
#2884=CARTESIAN_POINT('Ctrl Pts',(-3.9131130190004,-0.131882379379028,0.10344053437617));
#2885=CARTESIAN_POINT('Ctrl Pts',(-3.89691561347718,-0.289833383322763,
0.0980121695504738));
#2886=CARTESIAN_POINT('Ctrl Pts',(-3.86187736303471,-0.519067389338851,
0.0904436870873633));
#2887=CARTESIAN_POINT('Ctrl Pts',(-3.84998867000318,-0.587831262070604,
0.0884084128601623));
#2888=CARTESIAN_POINT('Ctrl Pts',(-3.83244762519905,-0.68163289090688,0.0868912861617637));
#2889=CARTESIAN_POINT('Ctrl Pts',(-3.82764898091909,-0.706590823013572,
0.0866058981092023));
#2890=CARTESIAN_POINT('Ctrl Pts',(-3.81901482765556,-0.750323582972566,
0.0863318330448088));
#2891=CARTESIAN_POINT('Ctrl Pts',(-3.81524409772245,-0.769052959502725,
0.0862869427791426));
#2892=CARTESIAN_POINT('Ctrl Pts',(-3.80699104414636,-0.809236991409653,
0.0863414221980647));
#2893=CARTESIAN_POINT('Ctrl Pts',(-3.80249236323152,-0.830655919868324,
0.086462778899221));
#2894=CARTESIAN_POINT('Ctrl Pts',(-3.78853333331545,-0.89554371128994,0.0870749048372095));
#2895=CARTESIAN_POINT('Ctrl Pts',(-3.77875439891406,-0.938912984210599,
0.0878193978751988));
#2896=CARTESIAN_POINT('Ctrl Pts',(-3.73562073326743,-1.11961643616875,0.0916529265024527));
#2897=CARTESIAN_POINT('Ctrl Pts',(-3.69719146679346,-1.25552022612495,0.0958126678796779));
#2898=CARTESIAN_POINT('Ctrl Pts',(-3.61106107069212,-1.49852989707711,0.100614875223167));
#2899=CARTESIAN_POINT('Ctrl Pts',(-3.56819526137579,-1.60273597980186,0.102007908844254));
#2900=CARTESIAN_POINT('Ctrl Pts',(-3.49573917659454,-1.75620127082351,0.103189980352581));
#2901=CARTESIAN_POINT('Ctrl Pts',(-3.47033097211609,-1.80666942884972,0.103434219373262));
#2902=CARTESIAN_POINT('Ctrl Pts',(-3.42184608778279,-1.89714000086363,0.103605183358777));
#2903=CARTESIAN_POINT('Ctrl Pts',(-3.39913154193891,-1.93747277325943,0.103581663382582));
#2904=CARTESIAN_POINT('Ctrl Pts',(-3.34924558775163,-2.02175497714132,0.103276872457441));
#2905=CARTESIAN_POINT('Ctrl Pts',(-3.32173852816971,-2.06577381546647,0.102966792379089));
#2906=CARTESIAN_POINT('Ctrl Pts',(-3.24937063113204,-2.17520510381644,0.101610719379146));
#2907=CARTESIAN_POINT('Ctrl Pts',(-3.20242624576616,-2.2404450282184,0.100300451287107));
#2908=CARTESIAN_POINT('Ctrl Pts',(-3.1049340568971,-2.36306558024345,0.0951378962513906));
#2909=CARTESIAN_POINT('Ctrl Pts',(-3.05420200705204,-2.42090108744889,0.0914271183505455));
#2910=CARTESIAN_POINT('Ctrl Pts',(-2.89890035167413,-2.57955695237929,0.0706322116084057));
#2911=CARTESIAN_POINT('Ctrl Pts',(-2.820500658023,-2.64346301517604,0.0447798625913079));
#2912=CARTESIAN_POINT('Ctrl Pts',(-2.76846518740336,-2.69184297912392,0.0314676391376168));
#2913=CARTESIAN_POINT('Ctrl Pts',(-3.83213829259454,0.0563854809986518,
-0.00369446751645428));
#2914=CARTESIAN_POINT('Ctrl Pts',(-3.83213474334472,0.0563828277185813,
0.00128803699164835));
#2915=CARTESIAN_POINT('Ctrl Pts',(-3.83248312041891,0.0562917778976962,
0.00626291680615026));
#2916=CARTESIAN_POINT('Ctrl Pts',(-3.83316615223423,0.0561126198575514,
0.0112021623866136));
#2917=CARTESIAN_POINT('Ctrl Pts',(-3.83426861199732,0.0558234466066677,
0.019174440383543));
#2918=CARTESIAN_POINT('Ctrl Pts',(-3.8362323586232,0.0553070596910513,0.0269926174424822));
#2919=CARTESIAN_POINT('Ctrl Pts',(-3.83897650155088,0.054575037896755,0.0345417054105535));
#2920=CARTESIAN_POINT('Ctrl Pts',(-3.84198557064747,0.0537723449549895,
0.0428196005168917));
#2921=CARTESIAN_POINT('Ctrl Pts',(-3.84590076408559,0.0527190443855982,
0.0506874707381391));
#2922=CARTESIAN_POINT('Ctrl Pts',(-3.8506093149945,0.0514445602537854,0.0580072533100038));
#2923=CARTESIAN_POINT('Ctrl Pts',(-3.85364870628942,0.0506218748776098,
0.0627322066682642));
#2924=CARTESIAN_POINT('Ctrl Pts',(-3.85701988010786,0.0497069875182141,
0.0672288548270826));
#2925=CARTESIAN_POINT('Ctrl Pts',(-3.86070328967474,0.0487074893609973,
0.0714562430973515));
#2926=CARTESIAN_POINT('Ctrl Pts',(-3.86526974613206,0.0474683752382751,
0.0766970896863123));
#2927=CARTESIAN_POINT('Ctrl Pts',(-3.87027511057191,0.0461106841089684,
0.0814777636266684));
#2928=CARTESIAN_POINT('Ctrl Pts',(-3.8756724750402,0.04465356609101,0.0857327068329913));
#2929=CARTESIAN_POINT('Ctrl Pts',(-3.88191050231351,0.042969495654439,0.090650375803345));
#2930=CARTESIAN_POINT('Ctrl Pts',(-3.88867195457111,0.0411525494290337,
0.0948672643395878));
#2931=CARTESIAN_POINT('Ctrl Pts',(-3.89581508121167,0.0392346356930672,
0.0983726108148359));
#2932=CARTESIAN_POINT('Ctrl Pts',(-3.90245487013058,0.0374518670243475,
0.10163095437424));
#2933=CARTESIAN_POINT('Ctrl Pts',(-3.90937522354642,0.0355949402891446,
0.104249856850347));
#2934=CARTESIAN_POINT('Ctrl Pts',(-3.91646419267744,0.033690784963345,0.106224541339864));
#2935=CARTESIAN_POINT('Ctrl Pts',(-0.797027714731705,3.77364108945153,-0.0036944675164549));
#2936=CARTESIAN_POINT('Ctrl Pts',(-0.797522800576849,3.77350779536617,0.000133205976055946));
#2937=CARTESIAN_POINT('Ctrl Pts',(-0.798500934618282,3.773443512752,0.00389197745547214));
#2938=CARTESIAN_POINT('Ctrl Pts',(-0.802561418319972,3.77342641598064,0.0144536687585479));
#2939=CARTESIAN_POINT('Ctrl Pts',(-0.806640856559014,3.77362059729802,0.0207665001505574));
#2940=CARTESIAN_POINT('Ctrl Pts',(-0.818462063168816,3.77427413629887,0.0345380525336675));
#2941=CARTESIAN_POINT('Ctrl Pts',(-0.827930581724256,3.7748810793239,0.042366317034575));
#2942=CARTESIAN_POINT('Ctrl Pts',(-0.859130376705414,3.77627201713352,0.0610303872018048));
#2943=CARTESIAN_POINT('Ctrl Pts',(-0.88431768627429,3.77698829904518,0.0708696638796491));
#2944=CARTESIAN_POINT('Ctrl Pts',(-0.979575244078681,3.77319372250177,0.0941668689309268));
#2945=CARTESIAN_POINT('Ctrl Pts',(-1.06591250178578,3.76323474387315,0.101735251044453));
#2946=CARTESIAN_POINT('Ctrl Pts',(-1.27113223771719,3.70877876383132,0.108323874530121));
#2947=CARTESIAN_POINT('Ctrl Pts',(-1.35637030562592,3.68016680306195,0.109103548565679));
#2948=CARTESIAN_POINT('Ctrl Pts',(-1.48366712210721,3.63150781298715,0.1098655438812));
#2949=CARTESIAN_POINT('Ctrl Pts',(-1.52969165599917,3.61265560425819,0.110007753744706));
#2950=CARTESIAN_POINT('Ctrl Pts',(-1.60855881918232,3.57837211688814,0.110151212862765));
#2951=CARTESIAN_POINT('Ctrl Pts',(-1.64198361161422,3.56321770839011,0.110178732603705));
#2952=CARTESIAN_POINT('Ctrl Pts',(-1.70760530987583,3.53223717733866,0.11018168968081));
#2953=CARTESIAN_POINT('Ctrl Pts',(-1.74004294662516,3.51632474284778,0.110158405741221));
#2954=CARTESIAN_POINT('Ctrl Pts',(-1.8138902133165,3.47865470977195,0.110025870557024));
#2955=CARTESIAN_POINT('Ctrl Pts',(-1.85562878049126,3.45629822848762,0.109896127664939));
#2956=CARTESIAN_POINT('Ctrl Pts',(-1.96540701717579,3.39416846690789,0.109185625673685));
#2957=CARTESIAN_POINT('Ctrl Pts',(-2.03604652329364,3.35059520578287,0.108484002014013));
#2958=CARTESIAN_POINT('Ctrl Pts',(-2.21744559981478,3.22161901397519,0.101224147115511));
#2959=CARTESIAN_POINT('Ctrl Pts',(-2.27577174664943,3.15869512027343,0.0903287467492591));
#2960=CARTESIAN_POINT('Ctrl Pts',(-2.33005471215227,3.09396448780558,0.0614906275996956));
#2961=CARTESIAN_POINT('Ctrl Pts',(-2.3425829091887,3.07738799536695,0.0506535507766735));
#2962=CARTESIAN_POINT('Ctrl Pts',(-2.35730713106567,3.05794375144245,0.0311354008185011));
#2963=CARTESIAN_POINT('Ctrl Pts',(-2.36159630448123,3.05226144863221,0.0232077091111114));
#2964=CARTESIAN_POINT('Ctrl Pts',(-2.36666410660731,3.04593842587535,0.00927923543978406));
#2965=CARTESIAN_POINT('Ctrl Pts',(-2.36823207531281,3.04413828819308,0.00306866826219131));
#2966=CARTESIAN_POINT('Ctrl Pts',(-2.36901229622563,3.04358261769433,-0.00358689509546122));
#2967=CARTESIAN_POINT('Ctrl Pts',(-2.36901854561287,3.04357821224391,-0.00364068222416995));
#2968=CARTESIAN_POINT('Ctrl Pts',(-2.3690247388092,3.04357389214676,-0.00369446751645348));
#2969=CARTESIAN_POINT('',(2.22498262449446,-3.4459571720957,-0.00272518300909396));
#2970=CARTESIAN_POINT('',(1.80912292916159,-3.68133708567986,-0.00272518300909396));
#2971=CARTESIAN_POINT('Ctrl Pts',(2.22498262449444,-3.44595717209572,-0.0027251830091285));
#2972=CARTESIAN_POINT('Ctrl Pts',(2.22329314117905,-3.44704803621079,-0.00141027127004562));
#2973=CARTESIAN_POINT('Ctrl Pts',(2.22138907574166,-3.448252315529,-0.000297298028621479));
#2974=CARTESIAN_POINT('Ctrl Pts',(2.21058419173718,-3.45503656961914,0.00531753007471186));
#2975=CARTESIAN_POINT('Ctrl Pts',(2.19760884818354,-3.46293486473892,0.00861850954646115));
#2976=CARTESIAN_POINT('Ctrl Pts',(2.16546694386255,-3.48236471053992,0.0155873031210612));
#2977=CARTESIAN_POINT('Ctrl Pts',(2.13567200059542,-3.50011122833771,0.0191828659692693));
#2978=CARTESIAN_POINT('Ctrl Pts',(2.08704630727067,-3.52847710765894,0.0221660165477287));
#2979=CARTESIAN_POINT('Ctrl Pts',(2.07354392703641,-3.5362970484057,0.0227250167741361));
#2980=CARTESIAN_POINT('Ctrl Pts',(2.05216275831349,-3.54859720208326,0.0232892855756081));
#2981=CARTESIAN_POINT('Ctrl Pts',(2.04404751051987,-3.55324536787182,0.0234235597231139));
#2982=CARTESIAN_POINT('Ctrl Pts',(2.02903971602857,-3.56180611309797,0.0235432502811457));
#2983=CARTESIAN_POINT('Ctrl Pts',(2.0220992529079,-3.56575010328196,0.0235438168527742));
#2984=CARTESIAN_POINT('Ctrl Pts',(2.00707922759233,-3.57425492693891,0.0234372389038329));
#2985=CARTESIAN_POINT('Ctrl Pts',(1.99899311648807,-3.57881302876688,0.0233072758962407));
#2986=CARTESIAN_POINT('Ctrl Pts',(1.97751911292852,-3.59086629564156,0.0227803889021973));
#2987=CARTESIAN_POINT('Ctrl Pts',(1.9640964198404,-3.59834328418479,0.0222507046596539));
#2988=CARTESIAN_POINT('Ctrl Pts',(1.92755804616063,-3.61854562535965,0.0202350651656892));
#2989=CARTESIAN_POINT('Ctrl Pts',(1.90314629433223,-3.63185444322384,0.018205081885982));
#2990=CARTESIAN_POINT('Ctrl Pts',(1.86605834732925,-3.65175506449559,0.0133257311925859));
#2991=CARTESIAN_POINT('Ctrl Pts',(1.83009330994976,-3.67083337330834,0.00801347388153742));
#2992=CARTESIAN_POINT('Ctrl Pts',(1.81159621942733,-3.6801132816324,-0.00124311230308431));
#2993=CARTESIAN_POINT('Ctrl Pts',(1.810314472106,-3.68075152461559,-0.00195204653411261));
#2994=CARTESIAN_POINT('Ctrl Pts',(1.80912292916167,-3.68133708567982,-0.00272518300924648));
#2995=CARTESIAN_POINT('Ctrl Pts',(1.80912292916167,-3.68133708567982,-0.00272518300924648));
#2996=CARTESIAN_POINT('Ctrl Pts',(1.80792054992383,-3.6819279720339,-0.00350535064830091));
#2997=CARTESIAN_POINT('Ctrl Pts',(1.80681026037056,-3.68246506167177,-0.00435137432847164));
#2998=CARTESIAN_POINT('Ctrl Pts',(1.80512747912381,-3.6832549024802,-0.00600007298891812));
#2999=CARTESIAN_POINT('Ctrl Pts',(1.8044119111476,-3.68357954895926,-0.00687099521080251));
#3000=CARTESIAN_POINT('Ctrl Pts',(1.80361393545665,-3.68390210125521,-0.00844756723375293));
#3001=CARTESIAN_POINT('Ctrl Pts',(1.80339873758607,-3.68397425286046,-0.00910028771763462));
#3002=CARTESIAN_POINT('Ctrl Pts',(1.8032427383793,-3.68397365628045,-0.0103862753008842));
#3003=CARTESIAN_POINT('Ctrl Pts',(1.80328102714089,-3.68391498914921,-0.0109743401516603));
#3004=CARTESIAN_POINT('Ctrl Pts',(1.80356698452684,-3.68368085895473,-0.0122313630065884));
#3005=CARTESIAN_POINT('Ctrl Pts',(1.80384968851711,-3.68348952749859,-0.0128573397373538));
#3006=CARTESIAN_POINT('Ctrl Pts',(1.80478967119738,-3.68288723211646,-0.0144169348227723));
#3007=CARTESIAN_POINT('Ctrl Pts',(1.80560496973456,-3.68239680263343,-0.0152769402916021));
#3008=CARTESIAN_POINT('Ctrl Pts',(1.80841453475939,-3.68073728052196,-0.0177627982837969));
#3009=CARTESIAN_POINT('Ctrl Pts',(1.81105966645529,-3.67922964966136,-0.0192445397445986));
#3010=CARTESIAN_POINT('Ctrl Pts',(1.82340634568749,-3.67225414481444,-0.0250906190972178));
#3011=CARTESIAN_POINT('Ctrl Pts',(1.83777391973197,-3.66433062999811,-0.0283478207201204));
#3012=CARTESIAN_POINT('Ctrl Pts',(1.87373310322104,-3.64447172067106,-0.035386226986549));
#3013=CARTESIAN_POINT('Ctrl Pts',(1.90795161681556,-3.62559854882427,-0.0389942813424337));
#3014=CARTESIAN_POINT('Ctrl Pts',(1.95949331146079,-3.59677985227341,-0.0418794468753932));
#3015=CARTESIAN_POINT('Ctrl Pts',(1.9735567270816,-3.58888170942297,-0.0424225880465508));
#3016=CARTESIAN_POINT('Ctrl Pts',(1.99569727608508,-3.57639426100873,-0.0429715199646539));
#3017=CARTESIAN_POINT('Ctrl Pts',(2.00403907471616,-3.57167662296278,-0.0431031122848501));
#3018=CARTESIAN_POINT('Ctrl Pts',(2.01793330590439,-3.56379941588591,-0.0432087254021999));
#3019=CARTESIAN_POINT('Ctrl Pts',(2.0236721735487,-3.56054006977907,-0.0432186409945537));
#3020=CARTESIAN_POINT('Ctrl Pts',(2.02940080741898,-3.55728096160811,-0.0431944942789817));
#3021=CARTESIAN_POINT('Ctrl Pts',(2.03726375153122,-3.55280761141952,-0.0431613512505851));
#3022=CARTESIAN_POINT('Ctrl Pts',(2.04499239616389,-3.54840014074182,-0.0430645381002928));
#3023=CARTESIAN_POINT('Ctrl Pts',(2.06440664729701,-3.53730565122801,-0.0426638002333036));
#3024=CARTESIAN_POINT('Ctrl Pts',(2.07610919895572,-3.53059541865729,-0.0422679235661285));
#3025=CARTESIAN_POINT('Ctrl Pts',(2.1107571933761,-3.51067633812909,-0.0405988738211718));
#3026=CARTESIAN_POINT('Ctrl Pts',(2.13512383302996,-3.49658499334646,-0.0387163746298097));
#3027=CARTESIAN_POINT('Ctrl Pts',(2.17234626504446,-3.47504749436148,-0.033785991928025));
#3028=CARTESIAN_POINT('Ctrl Pts',(2.20119246009384,-3.45830750356699,-0.029259326261061));
#3029=CARTESIAN_POINT('Ctrl Pts',(2.22070396652255,-3.44732733453096,-0.02027513557873));
#3030=CARTESIAN_POINT('Ctrl Pts',(2.22405984399854,-3.44545983319306,-0.0183941175867522));
#3031=CARTESIAN_POINT('Ctrl Pts',(2.2273230680977,-3.4437246473478,-0.0153467221612217));
#3032=CARTESIAN_POINT('Ctrl Pts',(2.22819242859206,-3.44327499123491,-0.0143448025402805));
#3033=CARTESIAN_POINT('Ctrl Pts',(2.22917558853867,-3.44281176420636,-0.0125334253484614));
#3034=CARTESIAN_POINT('Ctrl Pts',(2.22945072620315,-3.44269813677927,-0.0117868215304667));
#3035=CARTESIAN_POINT('Ctrl Pts',(2.22968298377002,-3.44265809198857,-0.0103202511654268));
#3036=CARTESIAN_POINT('Ctrl Pts',(2.22966788343499,-3.44271170354494,-0.00965210307485776));
#3037=CARTESIAN_POINT('Ctrl Pts',(2.22940855038195,-3.44296004410563,-0.00824134652986801));
#3038=CARTESIAN_POINT('Ctrl Pts',(2.22913357229627,-3.44316987613847,-0.00754606959423306));
#3039=CARTESIAN_POINT('Ctrl Pts',(2.22820914423578,-3.44383314973132,-0.00583838077753137));
#3040=CARTESIAN_POINT('Ctrl Pts',(2.22740539396936,-3.44437306087279,-0.00490297515515809));
#3041=CARTESIAN_POINT('Ctrl Pts',(2.22609317764302,-3.44523726692367,-0.00363136733336007));
#3042=CARTESIAN_POINT('Ctrl Pts',(2.22555004955368,-3.44559079757785,-0.00316680552451748));
#3043=CARTESIAN_POINT('Ctrl Pts',(2.22498262449444,-3.44595717209572,-0.0027251830091285));
#3044=CARTESIAN_POINT('Ctrl Pts',(-5.74574115788939E-11,4.0640001287918,
-0.0493266932076685));
#3045=CARTESIAN_POINT('Ctrl Pts',(0.000272057280330374,4.06396720427934,
-0.0493266932076685));
#3046=CARTESIAN_POINT('Ctrl Pts',(0.000544114618118159,4.06393427976689,
-0.0493266932076685));
#3047=CARTESIAN_POINT('Ctrl Pts',(0.000816171955905944,4.06390135525443,
-0.0493266932076685));
#3048=CARTESIAN_POINT('Ctrl Pts',(0.000789068328726387,4.07646865359409,
-0.0206350230907122));
#3049=CARTESIAN_POINT('Ctrl Pts',(0.00106112566651417,4.07643572908164,
-0.0206350230907122));
#3050=CARTESIAN_POINT('Ctrl Pts',(0.00133318300430196,4.07640280456918,
-0.0206350230907122));
#3051=CARTESIAN_POINT('Ctrl Pts',(0.00160524034208974,4.07636988005673,
-0.0206350230907122));
#3052=CARTESIAN_POINT('Ctrl Pts',(0.000789068350057095,4.07646865393115,
0.013246085719479));
#3053=CARTESIAN_POINT('Ctrl Pts',(0.00106112568784488,4.07643572941869,
0.013246085719479));
#3054=CARTESIAN_POINT('Ctrl Pts',(0.00133318302563267,4.07640280490624,
0.013246085719479));
#3055=CARTESIAN_POINT('Ctrl Pts',(0.00160524036342045,4.07636988039379,
0.013246085719479));
#3056=CARTESIAN_POINT('Ctrl Pts',(4.25937497167226E-16,4.06400012969972,
0.0419377560855097));
#3057=CARTESIAN_POINT('Ctrl Pts',(0.000272057337788211,4.06396720518727,
0.0419377560855097));
#3058=CARTESIAN_POINT('Ctrl Pts',(0.000544114675575997,4.06393428067481,
0.0419377560855097));
#3059=CARTESIAN_POINT('Ctrl Pts',(0.000816172013363782,4.06390135616236,
0.0419377560855097));
#3060=CARTESIAN_POINT('Ctrl Pts',(3.86587320689924,-0.00925490434350704,
-0.00369446751645445));
#3061=CARTESIAN_POINT('Ctrl Pts',(3.86572964138112,-0.0117605487496531,
-0.00369446751645445));
#3062=CARTESIAN_POINT('Ctrl Pts',(3.86558607586299,-0.014266193155799,-0.00369446751645445));
#3063=CARTESIAN_POINT('Ctrl Pts',(3.86544251034486,-0.0167718375619451,
-0.00369446751645445));
#3064=CARTESIAN_POINT('Ctrl Pts',(3.86587320689924,-0.00925490434350704,
-0.0260017738322251));
#3065=CARTESIAN_POINT('Ctrl Pts',(3.86572964138112,-0.0117605487496531,
-0.0260017738322251));
#3066=CARTESIAN_POINT('Ctrl Pts',(3.86558607586299,-0.014266193155799,-0.0260017738322251));
#3067=CARTESIAN_POINT('Ctrl Pts',(3.86544251034486,-0.0167718375619451,
-0.0260017738322251));
#3068=CARTESIAN_POINT('Ctrl Pts',(3.87926438383793,-0.00971518388623288,
-0.0704540569936159));
#3069=CARTESIAN_POINT('Ctrl Pts',(3.8791208183198,-0.012220828292379,-0.0704540569936159));
#3070=CARTESIAN_POINT('Ctrl Pts',(3.87897725280167,-0.0147264726985249,
-0.0704540569936159));
#3071=CARTESIAN_POINT('Ctrl Pts',(3.87883368728354,-0.017232117104671,-0.0704540569936159));
#3072=CARTESIAN_POINT('Ctrl Pts',(3.93875018395359,-0.0117598209634129,
-0.120205218594189));
#3073=CARTESIAN_POINT('Ctrl Pts',(3.93860661843546,-0.014265465369559,-0.120205218594189));
#3074=CARTESIAN_POINT('Ctrl Pts',(3.93846305291733,-0.0167711097757049,
-0.120205218594189));
#3075=CARTESIAN_POINT('Ctrl Pts',(3.9383194873992,-0.019276754181851,-0.120205218594189));
#3076=CARTESIAN_POINT('Ctrl Pts',(4.02665523069122,-0.0147812801600873,
-0.121181063996971));
#3077=CARTESIAN_POINT('Ctrl Pts',(4.02651166517309,-0.0172869245662334,
-0.121181063996971));
#3078=CARTESIAN_POINT('Ctrl Pts',(4.02636809965496,-0.0197925689723795,
-0.121181063996971));
#3079=CARTESIAN_POINT('Ctrl Pts',(4.02622453413683,-0.0222982133785255,
-0.121181063996971));
#3080=CARTESIAN_POINT('Ctrl Pts',(4.07264848000298,-0.0163621532871187,
-0.0765854441345407));
#3081=CARTESIAN_POINT('Ctrl Pts',(4.07250491448485,-0.0188677976932648,
-0.0765854441345407));
#3082=CARTESIAN_POINT('Ctrl Pts',(4.07236134896672,-0.0213734420994108,
-0.0765854441345407));
#3083=CARTESIAN_POINT('Ctrl Pts',(4.07221778344859,-0.0238790865055569,
-0.0765854441345407));
#3084=CARTESIAN_POINT('Ctrl Pts',(4.08449466959032,-0.0167693287543139,
-0.0493266911184816));
#3085=CARTESIAN_POINT('Ctrl Pts',(4.08435110407219,-0.01927497316046,-0.0493266911184816));
#3086=CARTESIAN_POINT('Ctrl Pts',(4.08420753855406,-0.0217806175666061,
-0.0493266911184816));
#3087=CARTESIAN_POINT('Ctrl Pts',(4.08406397303593,-0.0242862619727522,
-0.0493266911184816));
#3088=CARTESIAN_POINT('Ctrl Pts',(3.86587320689924,-0.00925490434350704,
-0.00369446751645435));
#3089=CARTESIAN_POINT('Ctrl Pts',(3.86572964138112,-0.0117605487496531,
-0.00369446751645435));
#3090=CARTESIAN_POINT('Ctrl Pts',(3.86558607586299,-0.014266193155799,-0.00369446751645435));
#3091=CARTESIAN_POINT('Ctrl Pts',(3.86544251034486,-0.0167718375619451,
-0.00369446751645435));
#3092=CARTESIAN_POINT('Ctrl Pts',(4.08449466959035,-0.0167693287543143,
0.0419377560855028));
#3093=CARTESIAN_POINT('Ctrl Pts',(4.08435110407222,-0.0192749731604604,
0.0419377560855028));
#3094=CARTESIAN_POINT('Ctrl Pts',(4.08420753855409,-0.0217806175666065,
0.0419377560855028));
#3095=CARTESIAN_POINT('Ctrl Pts',(4.08406397303596,-0.0242862619727526,
0.0419377560855028));
#3096=CARTESIAN_POINT('Ctrl Pts',(4.07561891426309,-0.0164642526118602,
0.0623613716720366));
#3097=CARTESIAN_POINT('Ctrl Pts',(4.07547534874496,-0.0189698970180063,
0.0623613716720366));
#3098=CARTESIAN_POINT('Ctrl Pts',(4.07533178322684,-0.0214755414241524,
0.0623613716720366));
#3099=CARTESIAN_POINT('Ctrl Pts',(4.07518821770871,-0.0239811858302985,
0.0623613716720366));
#3100=CARTESIAN_POINT('Ctrl Pts',(4.04568255152668,-0.015435284402846,0.0977651696710079));
#3101=CARTESIAN_POINT('Ctrl Pts',(4.04553898600855,-0.0179409288089921,
0.0977651696710079));
#3102=CARTESIAN_POINT('Ctrl Pts',(4.04539542049042,-0.0204465732151382,
0.0977651696710079));
#3103=CARTESIAN_POINT('Ctrl Pts',(4.04525185497229,-0.0229522176212843,
0.0977651696710079));
#3104=CARTESIAN_POINT('Ctrl Pts',(3.97118188996555,-0.0128745587404841,
0.119717205889878));
#3105=CARTESIAN_POINT('Ctrl Pts',(3.97103832444742,-0.0153802031466302,
0.119717205889878));
#3106=CARTESIAN_POINT('Ctrl Pts',(3.9708947589293,-0.0178858475527762,0.119717205889878));
#3107=CARTESIAN_POINT('Ctrl Pts',(3.97075119341117,-0.0203914919589223,
0.119717205889878));
#3108=CARTESIAN_POINT('Ctrl Pts',(3.8902903298691,-0.0100941660638696,0.085244422624798));
#3109=CARTESIAN_POINT('Ctrl Pts',(3.89014676435098,-0.0125998104700157,
0.085244422624798));
#3110=CARTESIAN_POINT('Ctrl Pts',(3.89000319883285,-0.0151054548761616,
0.085244422624798));
#3111=CARTESIAN_POINT('Ctrl Pts',(3.88985963331472,-0.0176110992823077,
0.085244422624798));
#3112=CARTESIAN_POINT('Ctrl Pts',(3.86587320689924,-0.00925490434350704,
0.0260568175683214));
#3113=CARTESIAN_POINT('Ctrl Pts',(3.86572964138112,-0.0117605487496531,
0.0260568175683214));
#3114=CARTESIAN_POINT('Ctrl Pts',(3.86558607586299,-0.014266193155799,0.0260568175683214));
#3115=CARTESIAN_POINT('Ctrl Pts',(3.86544251034486,-0.0167718375619451,
0.0260568175683214));
#3116=CARTESIAN_POINT('Ctrl Pts',(3.86587320689924,-0.00925490434350704,
-0.00369446751645435));
#3117=CARTESIAN_POINT('Ctrl Pts',(3.86572964138112,-0.0117605487496531,
-0.00369446751645435));
#3118=CARTESIAN_POINT('Ctrl Pts',(3.86558607586299,-0.014266193155799,-0.00369446751645435));
#3119=CARTESIAN_POINT('Ctrl Pts',(3.86544251034486,-0.0167718375619451,
-0.00369446751645435));
#3120=CARTESIAN_POINT('Origin',(3.4357650703751,3.84764028031576,-3.175));
#3121=CARTESIAN_POINT('',(2.82803667813066,2.79502382774623,-0.203174972939956));
#3122=CARTESIAN_POINT('',(1.5307650703751,0.548083491897047,-0.960562217564153));
#3123=CARTESIAN_POINT('Ctrl Pts',(2.82803667813066,2.79502382774623,-0.203174972939956));
#3124=CARTESIAN_POINT('Ctrl Pts',(2.81165444839824,2.76664897350842,-0.258770087528639));
#3125=CARTESIAN_POINT('Ctrl Pts',(2.79194434123849,2.73251006648279,-0.309636661198285));
#3126=CARTESIAN_POINT('Ctrl Pts',(2.74448245692979,2.65030367143717,-0.40881375474429));
#3127=CARTESIAN_POINT('Ctrl Pts',(2.71633385273251,2.60154885880824,-0.455382654968185));
#3128=CARTESIAN_POINT('Ctrl Pts',(2.61219949190381,2.42118285503923,-0.600636876131724));
#3129=CARTESIAN_POINT('Ctrl Pts',(2.52888646282616,2.27688045574367,-0.672104653527605));
#3130=CARTESIAN_POINT('Ctrl Pts',(2.33266484443605,1.93701464314861,-0.815539561816332));
#3131=CARTESIAN_POINT('Ctrl Pts',(2.17054839812442,1.65622072139436,-0.893250099600704));
#3132=CARTESIAN_POINT('Ctrl Pts',(1.76285738356028,0.950079170379969,-0.98496833990143));
#3133=CARTESIAN_POINT('Ctrl Pts',(1.63421933817749,0.727271539990624,-0.981348200635037));
#3134=CARTESIAN_POINT('Ctrl Pts',(1.5307650703751,0.548083491897046,-0.960562217564153));
#3135=CARTESIAN_POINT('',(1.5307650703751,0.548083491897047,-0.744511538138559));
#3136=CARTESIAN_POINT('',(1.5307650703751,0.548083491897047,-3.175));
#3137=CARTESIAN_POINT('',(2.82500913569066,2.78977997041808,-0.202987749192207));
#3138=CARTESIAN_POINT('Ctrl Pts',(1.5307650703751,0.548083491897046,-0.744511538138559));
#3139=CARTESIAN_POINT('Ctrl Pts',(1.65615832074268,0.765270972459891,-0.775500084648807));
#3140=CARTESIAN_POINT('Ctrl Pts',(1.89941946496275,1.1866116337564,-0.805125744726834));
#3141=CARTESIAN_POINT('Ctrl Pts',(2.46056150851156,2.15853816344596,-0.519382086215818));
#3142=CARTESIAN_POINT('Ctrl Pts',(2.66724154645133,2.51651849006792,-0.381263206224903));
#3143=CARTESIAN_POINT('Ctrl Pts',(2.82500913569065,2.78977997041808,-0.202987749192208));
#3144=CARTESIAN_POINT('',(2.82962042208045,2.79776695273345,0.197749631526101));
#3145=CARTESIAN_POINT('Origin',(2.82962042208045,2.79776695273345,-0.00272518300909397));
#3146=CARTESIAN_POINT('',(2.92985782934805,2.9713832349399,-0.00272518300909399));
#3147=CARTESIAN_POINT('Origin',(2.82962042208045,2.79776695273345,-0.00272518300909397));
#3148=CARTESIAN_POINT('Origin',(2.82962042208045,2.79776695273345,-0.00272518300909397));
#3149=CARTESIAN_POINT('',(2.89312042208045,2.90775217901408,-0.00272518300909398));
#3150=CARTESIAN_POINT('Origin',(2.82962042208045,2.79776695273345,-0.00272518300909397));
#3151=CARTESIAN_POINT('Origin',(2.82962042208045,2.79776695273345,-0.00272518300909397));
#3152=CARTESIAN_POINT('Origin',(-0.0167693287543136,-3.97919218491333,-0.00272518300909397));
#3153=CARTESIAN_POINT('',(0.0353973542673252,-4.17276074756088,-0.00272518300909405));
#3154=CARTESIAN_POINT('',(-0.0167693287543136,-3.97919218491333,0.197749631526101));
#3155=CARTESIAN_POINT('Origin',(-0.0167693287543136,-3.97919218491333,-0.00272518300909397));
#3156=CARTESIAN_POINT('Origin',(-0.0167693287543136,-3.97919218491333,-0.00272518300909397));
#3157=CARTESIAN_POINT('',(0.0162780580663634,-4.10181710173012,-0.00272518300909405));
#3158=CARTESIAN_POINT('Origin',(-0.0167693287543129,-3.97919218491333,-0.00272518300909397));
#3159=CARTESIAN_POINT('Origin',(-0.0167693287543129,-3.97919218491333,-0.00272518300909397));
#3160=CARTESIAN_POINT('Origin',(-3.97919218491333,0.0167693287543134,-0.00272518300909397));
#3161=CARTESIAN_POINT('',(-4.17276074756088,-0.0353973542673255,-0.00272518300909405));
#3162=CARTESIAN_POINT('',(-3.97919218491333,0.0167693287543133,0.197749631526101));
#3163=CARTESIAN_POINT('Origin',(-3.97919218491333,0.0167693287543134,-0.00272518300909397));
#3164=CARTESIAN_POINT('Origin',(-3.97919218491333,0.0167693287543134,-0.00272518300909397));
#3165=CARTESIAN_POINT('',(-4.10181710173012,-0.0162780580663637,-0.00272518300909405));
#3166=CARTESIAN_POINT('Origin',(-3.97919218491333,0.0167693287543129,-0.00272518300909397));
#3167=CARTESIAN_POINT('Origin',(-3.97919218491333,0.0167693287543129,-0.00272518300909397));
#3168=CARTESIAN_POINT('Ctrl Pts',(-2.89312042208045,-2.90775217901408,-0.00272518300909395));
#3169=CARTESIAN_POINT('Ctrl Pts',(-4.09508829486401,-1.71183258705841,-0.00272518300909395));
#3170=CARTESIAN_POINT('Ctrl Pts',(-4.10181710173012,-0.0162780580663641,
-0.00272518300909395));
#3171=CARTESIAN_POINT('Ctrl Pts',(-2.89312042208045,-2.90775217901408,0.124274816990906));
#3172=CARTESIAN_POINT('Ctrl Pts',(-4.09508829486401,-1.71183258705841,0.124274816990906));
#3173=CARTESIAN_POINT('Ctrl Pts',(-4.10181710173012,-0.0162780580663641,
0.124274816990906));
#3174=CARTESIAN_POINT('Ctrl Pts',(-2.82962042208045,-2.79776695273345,0.124274816990906));
#3175=CARTESIAN_POINT('Ctrl Pts',(-3.98612406671409,-1.62809614513864,0.124274816990906));
#3176=CARTESIAN_POINT('Ctrl Pts',(-3.97919218491333,0.0167693287543132,
0.124274816990906));
#3177=CARTESIAN_POINT('Ctrl Pts',(-2.76612042208045,-2.68778172645283,0.124274816990906));
#3178=CARTESIAN_POINT('Ctrl Pts',(-3.87715983856416,-1.54435970321887,0.124274816990906));
#3179=CARTESIAN_POINT('Ctrl Pts',(-3.85656726809654,0.0498167155749909,
0.124274816990906));
#3180=CARTESIAN_POINT('Ctrl Pts',(-2.76612042208045,-2.68778172645283,-0.00272518300909397));
#3181=CARTESIAN_POINT('Ctrl Pts',(-3.87715983856416,-1.54435970321887,-0.00272518300909397));
#3182=CARTESIAN_POINT('Ctrl Pts',(-3.85656726809654,0.0498167155749909,
-0.00272518300909397));
#3183=CARTESIAN_POINT('Ctrl Pts',(-2.76612042208045,-2.68778172645283,-0.129725183009094));
#3184=CARTESIAN_POINT('Ctrl Pts',(-3.87715983856416,-1.54435970321887,-0.129725183009094));
#3185=CARTESIAN_POINT('Ctrl Pts',(-3.85656726809654,0.0498167155749909,
-0.129725183009094));
#3186=CARTESIAN_POINT('Ctrl Pts',(-2.82962042208045,-2.79776695273345,-0.129725183009094));
#3187=CARTESIAN_POINT('Ctrl Pts',(-3.98612406671409,-1.62809614513864,-0.129725183009094));
#3188=CARTESIAN_POINT('Ctrl Pts',(-3.97919218491333,0.0167693287543132,
-0.129725183009094));
#3189=CARTESIAN_POINT('Ctrl Pts',(-2.89312042208045,-2.90775217901408,-0.129725183009094));
#3190=CARTESIAN_POINT('Ctrl Pts',(-4.09508829486401,-1.71183258705841,-0.129725183009094));
#3191=CARTESIAN_POINT('Ctrl Pts',(-4.10181710173012,-0.0162780580663641,
-0.129725183009094));
#3192=CARTESIAN_POINT('Ctrl Pts',(-2.89312042208045,-2.90775217901408,-0.00272518300909398));
#3193=CARTESIAN_POINT('Ctrl Pts',(-4.09508829486401,-1.71183258705841,-0.00272518300909398));
#3194=CARTESIAN_POINT('Ctrl Pts',(-4.10181710173012,-0.0162780580663641,
-0.00272518300909399));
#3195=CARTESIAN_POINT('',(-2.89312042208045,-2.90775217901408,-0.00272518300909398));
#3196=CARTESIAN_POINT('Origin',(-2.82962042208045,-2.79776695273345,-0.00272518300909397));
#3197=CARTESIAN_POINT('Origin',(7.105427357601E-15,2.22044604925031E-15,
-0.00272518300909462));
#3198=CARTESIAN_POINT('Ctrl Pts',(-2.89312042208045,-2.90775217901408,-0.00272518300909395));
#3199=CARTESIAN_POINT('Ctrl Pts',(-4.09508829486401,-1.71183258705841,-0.00272518300909395));
#3200=CARTESIAN_POINT('Ctrl Pts',(-4.10181710173012,-0.0162780580663641,
-0.00272518300909395));
#3201=CARTESIAN_POINT('Ctrl Pts',(-2.89312042208045,-2.90775217901408,0.124274816990906));
#3202=CARTESIAN_POINT('Ctrl Pts',(-4.09508829486401,-1.71183258705841,0.124274816990906));
#3203=CARTESIAN_POINT('Ctrl Pts',(-4.10181710173012,-0.0162780580663641,
0.124274816990906));
#3204=CARTESIAN_POINT('Ctrl Pts',(-2.82962042208045,-2.79776695273345,0.124274816990906));
#3205=CARTESIAN_POINT('Ctrl Pts',(-3.98612406671409,-1.62809614513864,0.124274816990906));
#3206=CARTESIAN_POINT('Ctrl Pts',(-3.97919218491333,0.0167693287543132,
0.124274816990906));
#3207=CARTESIAN_POINT('Ctrl Pts',(-2.76612042208045,-2.68778172645283,0.124274816990906));
#3208=CARTESIAN_POINT('Ctrl Pts',(-3.87715983856416,-1.54435970321887,0.124274816990906));
#3209=CARTESIAN_POINT('Ctrl Pts',(-3.85656726809654,0.0498167155749909,
0.124274816990906));
#3210=CARTESIAN_POINT('Ctrl Pts',(-2.76612042208045,-2.68778172645283,-0.00272518300909397));
#3211=CARTESIAN_POINT('Ctrl Pts',(-3.87715983856416,-1.54435970321887,-0.00272518300909397));
#3212=CARTESIAN_POINT('Ctrl Pts',(-3.85656726809654,0.0498167155749909,
-0.00272518300909397));
#3213=CARTESIAN_POINT('Ctrl Pts',(-2.76612042208045,-2.68778172645283,-0.129725183009094));
#3214=CARTESIAN_POINT('Ctrl Pts',(-3.87715983856416,-1.54435970321887,-0.129725183009094));
#3215=CARTESIAN_POINT('Ctrl Pts',(-3.85656726809654,0.0498167155749909,
-0.129725183009094));
#3216=CARTESIAN_POINT('Ctrl Pts',(-2.82962042208045,-2.79776695273345,-0.129725183009094));
#3217=CARTESIAN_POINT('Ctrl Pts',(-3.98612406671409,-1.62809614513864,-0.129725183009094));
#3218=CARTESIAN_POINT('Ctrl Pts',(-3.97919218491333,0.0167693287543132,
-0.129725183009094));
#3219=CARTESIAN_POINT('Ctrl Pts',(-2.89312042208045,-2.90775217901408,-0.129725183009094));
#3220=CARTESIAN_POINT('Ctrl Pts',(-4.09508829486401,-1.71183258705841,-0.129725183009094));
#3221=CARTESIAN_POINT('Ctrl Pts',(-4.10181710173012,-0.0162780580663641,
-0.129725183009094));
#3222=CARTESIAN_POINT('Ctrl Pts',(-2.89312042208045,-2.90775217901408,-0.00272518300909398));
#3223=CARTESIAN_POINT('Ctrl Pts',(-4.09508829486401,-1.71183258705841,-0.00272518300909398));
#3224=CARTESIAN_POINT('Ctrl Pts',(-4.10181710173012,-0.0162780580663641,
-0.00272518300909399));
#3225=CARTESIAN_POINT('Origin',(-2.82962042208045,-2.79776695273345,-0.00272518300909397));
#3226=CARTESIAN_POINT('Ctrl Pts',(-2.90775217901408,2.89312042208045,-0.00272518300909395));
#3227=CARTESIAN_POINT('Ctrl Pts',(-1.71183258705841,4.09508829486401,-0.00272518300909395));
#3228=CARTESIAN_POINT('Ctrl Pts',(-0.0162780580663644,4.10181710173012,
-0.00272518300909395));
#3229=CARTESIAN_POINT('Ctrl Pts',(-2.90775217901408,2.89312042208045,0.124274816990906));
#3230=CARTESIAN_POINT('Ctrl Pts',(-1.71183258705841,4.09508829486401,0.124274816990906));
#3231=CARTESIAN_POINT('Ctrl Pts',(-0.0162780580663644,4.10181710173012,
0.124274816990906));
#3232=CARTESIAN_POINT('Ctrl Pts',(-2.79776695273345,2.82962042208045,0.124274816990906));
#3233=CARTESIAN_POINT('Ctrl Pts',(-1.62809614513864,3.98612406671409,0.124274816990906));
#3234=CARTESIAN_POINT('Ctrl Pts',(0.0167693287543129,3.97919218491333,0.124274816990906));
#3235=CARTESIAN_POINT('Ctrl Pts',(-2.68778172645283,2.76612042208045,0.124274816990906));
#3236=CARTESIAN_POINT('Ctrl Pts',(-1.54435970321887,3.87715983856416,0.124274816990906));
#3237=CARTESIAN_POINT('Ctrl Pts',(0.0498167155749907,3.85656726809654,0.124274816990906));
#3238=CARTESIAN_POINT('Ctrl Pts',(-2.68778172645283,2.76612042208045,-0.00272518300909397));
#3239=CARTESIAN_POINT('Ctrl Pts',(-1.54435970321887,3.87715983856416,-0.00272518300909397));
#3240=CARTESIAN_POINT('Ctrl Pts',(0.0498167155749907,3.85656726809654,-0.00272518300909397));
#3241=CARTESIAN_POINT('Ctrl Pts',(-2.68778172645283,2.76612042208045,-0.129725183009094));
#3242=CARTESIAN_POINT('Ctrl Pts',(-1.54435970321887,3.87715983856416,-0.129725183009094));
#3243=CARTESIAN_POINT('Ctrl Pts',(0.0498167155749907,3.85656726809654,-0.129725183009094));
#3244=CARTESIAN_POINT('Ctrl Pts',(-2.79776695273345,2.82962042208045,-0.129725183009094));
#3245=CARTESIAN_POINT('Ctrl Pts',(-1.62809614513864,3.98612406671409,-0.129725183009094));
#3246=CARTESIAN_POINT('Ctrl Pts',(0.0167693287543129,3.97919218491333,-0.129725183009094));
#3247=CARTESIAN_POINT('Ctrl Pts',(-2.90775217901408,2.89312042208045,-0.129725183009094));
#3248=CARTESIAN_POINT('Ctrl Pts',(-1.71183258705841,4.09508829486401,-0.129725183009094));
#3249=CARTESIAN_POINT('Ctrl Pts',(-0.0162780580663644,4.10181710173012,
-0.129725183009094));
#3250=CARTESIAN_POINT('Ctrl Pts',(-2.90775217901408,2.89312042208045,-0.00272518300909398));
#3251=CARTESIAN_POINT('Ctrl Pts',(-1.71183258705841,4.09508829486401,-0.00272518300909398));
#3252=CARTESIAN_POINT('Ctrl Pts',(-0.0162780580663644,4.10181710173012,
-0.00272518300909399));
#3253=CARTESIAN_POINT('',(-0.0162780580663639,4.10181710173012,-0.00272518300909405));
#3254=CARTESIAN_POINT('Origin',(0.0167693287543129,3.97919218491333,-0.00272518300909397));
#3255=CARTESIAN_POINT('',(-2.90775217901408,2.89312042208045,-0.00272518300909398));
#3256=CARTESIAN_POINT('Origin',(2.22044604925031E-15,-7.105427357601E-15,
-0.00272518300909462));
#3257=CARTESIAN_POINT('Origin',(-2.79776695273345,2.82962042208045,-0.00272518300909397));
#3258=CARTESIAN_POINT('Origin',(0.0167693287543129,3.97919218491333,-0.00272518300909397));
#3259=CARTESIAN_POINT('Ctrl Pts',(2.89312042208045,2.90775217901408,-0.00272518300909395));
#3260=CARTESIAN_POINT('Ctrl Pts',(4.09508829486401,1.71183258705841,-0.00272518300909395));
#3261=CARTESIAN_POINT('Ctrl Pts',(4.10181710173012,0.0162780580663636,-0.00272518300909395));
#3262=CARTESIAN_POINT('Ctrl Pts',(2.89312042208045,2.90775217901408,0.124274816990906));
#3263=CARTESIAN_POINT('Ctrl Pts',(4.09508829486401,1.71183258705841,0.124274816990906));
#3264=CARTESIAN_POINT('Ctrl Pts',(4.10181710173012,0.0162780580663636,0.124274816990906));
#3265=CARTESIAN_POINT('Ctrl Pts',(2.82962042208045,2.79776695273345,0.124274816990906));
#3266=CARTESIAN_POINT('Ctrl Pts',(3.98612406671409,1.62809614513864,0.124274816990906));
#3267=CARTESIAN_POINT('Ctrl Pts',(3.97919218491333,-0.0167693287543136,
0.124274816990906));
#3268=CARTESIAN_POINT('Ctrl Pts',(2.76612042208045,2.68778172645283,0.124274816990906));
#3269=CARTESIAN_POINT('Ctrl Pts',(3.87715983856416,1.54435970321887,0.124274816990906));
#3270=CARTESIAN_POINT('Ctrl Pts',(3.85656726809654,-0.0498167155749914,
0.124274816990906));
#3271=CARTESIAN_POINT('Ctrl Pts',(2.76612042208045,2.68778172645283,-0.00272518300909397));
#3272=CARTESIAN_POINT('Ctrl Pts',(3.87715983856416,1.54435970321887,-0.00272518300909397));
#3273=CARTESIAN_POINT('Ctrl Pts',(3.85656726809654,-0.0498167155749914,
-0.00272518300909397));
#3274=CARTESIAN_POINT('Ctrl Pts',(2.76612042208045,2.68778172645283,-0.129725183009094));
#3275=CARTESIAN_POINT('Ctrl Pts',(3.87715983856416,1.54435970321887,-0.129725183009094));
#3276=CARTESIAN_POINT('Ctrl Pts',(3.85656726809654,-0.0498167155749914,
-0.129725183009094));
#3277=CARTESIAN_POINT('Ctrl Pts',(2.82962042208045,2.79776695273345,-0.129725183009094));
#3278=CARTESIAN_POINT('Ctrl Pts',(3.98612406671409,1.62809614513864,-0.129725183009094));
#3279=CARTESIAN_POINT('Ctrl Pts',(3.97919218491333,-0.0167693287543136,
-0.129725183009094));
#3280=CARTESIAN_POINT('Ctrl Pts',(2.89312042208045,2.90775217901408,-0.129725183009094));
#3281=CARTESIAN_POINT('Ctrl Pts',(4.09508829486401,1.71183258705841,-0.129725183009094));
#3282=CARTESIAN_POINT('Ctrl Pts',(4.10181710173012,0.0162780580663636,-0.129725183009094));
#3283=CARTESIAN_POINT('Ctrl Pts',(2.89312042208045,2.90775217901408,-0.00272518300909398));
#3284=CARTESIAN_POINT('Ctrl Pts',(4.09508829486401,1.71183258705841,-0.00272518300909398));
#3285=CARTESIAN_POINT('Ctrl Pts',(4.10181710173012,0.0162780580663636,-0.00272518300909399));
#3286=CARTESIAN_POINT('Origin',(0.,0.,-0.00272518300909394));
#3287=CARTESIAN_POINT('',(4.10181710173012,0.0162780580663632,-0.00272518300909405));
#3288=CARTESIAN_POINT('Origin',(0.,0.,-0.00272518300909394));
#3289=CARTESIAN_POINT('Origin',(3.97919218491333,-0.0167693287543136,-0.00272518300909397));
#3290=CARTESIAN_POINT('Ctrl Pts',(2.90775217901408,-2.89312042208045,-0.00272518300909395));
#3291=CARTESIAN_POINT('Ctrl Pts',(1.71183258705841,-4.09508829486401,-0.00272518300909395));
#3292=CARTESIAN_POINT('Ctrl Pts',(0.0162780580663639,-4.10181710173012,
-0.00272518300909395));
#3293=CARTESIAN_POINT('Ctrl Pts',(2.90775217901408,-2.89312042208045,0.124274816990906));
#3294=CARTESIAN_POINT('Ctrl Pts',(1.71183258705841,-4.09508829486401,0.124274816990906));
#3295=CARTESIAN_POINT('Ctrl Pts',(0.0162780580663639,-4.10181710173012,
0.124274816990906));
#3296=CARTESIAN_POINT('Ctrl Pts',(2.79776695273345,-2.82962042208045,0.124274816990906));
#3297=CARTESIAN_POINT('Ctrl Pts',(1.62809614513864,-3.98612406671409,0.124274816990906));
#3298=CARTESIAN_POINT('Ctrl Pts',(-0.0167693287543134,-3.97919218491333,
0.124274816990906));
#3299=CARTESIAN_POINT('Ctrl Pts',(2.68778172645283,-2.76612042208045,0.124274816990906));
#3300=CARTESIAN_POINT('Ctrl Pts',(1.54435970321887,-3.87715983856416,0.124274816990906));
#3301=CARTESIAN_POINT('Ctrl Pts',(-0.0498167155749911,-3.85656726809654,
0.124274816990906));
#3302=CARTESIAN_POINT('Ctrl Pts',(2.68778172645283,-2.76612042208045,-0.00272518300909397));
#3303=CARTESIAN_POINT('Ctrl Pts',(1.54435970321887,-3.87715983856416,-0.00272518300909397));
#3304=CARTESIAN_POINT('Ctrl Pts',(-0.0498167155749911,-3.85656726809654,
-0.00272518300909397));
#3305=CARTESIAN_POINT('Ctrl Pts',(2.68778172645283,-2.76612042208045,-0.129725183009094));
#3306=CARTESIAN_POINT('Ctrl Pts',(1.54435970321887,-3.87715983856416,-0.129725183009094));
#3307=CARTESIAN_POINT('Ctrl Pts',(-0.0498167155749911,-3.85656726809654,
-0.129725183009094));
#3308=CARTESIAN_POINT('Ctrl Pts',(2.79776695273345,-2.82962042208045,-0.129725183009094));
#3309=CARTESIAN_POINT('Ctrl Pts',(1.62809614513864,-3.98612406671409,-0.129725183009094));
#3310=CARTESIAN_POINT('Ctrl Pts',(-0.0167693287543134,-3.97919218491333,
-0.129725183009094));
#3311=CARTESIAN_POINT('Ctrl Pts',(2.90775217901408,-2.89312042208045,-0.129725183009094));
#3312=CARTESIAN_POINT('Ctrl Pts',(1.71183258705841,-4.09508829486401,-0.129725183009094));
#3313=CARTESIAN_POINT('Ctrl Pts',(0.0162780580663639,-4.10181710173012,
-0.129725183009094));
#3314=CARTESIAN_POINT('Ctrl Pts',(2.90775217901408,-2.89312042208045,-0.00272518300909398));
#3315=CARTESIAN_POINT('Ctrl Pts',(1.71183258705841,-4.09508829486401,-0.00272518300909398));
#3316=CARTESIAN_POINT('Ctrl Pts',(0.0162780580663639,-4.10181710173012,
-0.00272518300909399));
#3317=CARTESIAN_POINT('Origin',(0.,0.,-0.00272518300909394));
#3318=CARTESIAN_POINT('',(2.90775217901408,-2.89312042208045,-0.00272518300909398));
#3319=CARTESIAN_POINT('Origin',(0.,0.,-0.00272518300909394));
#3320=CARTESIAN_POINT('Origin',(2.79776695273345,-2.82962042208045,-0.00272518300909397));
#3321=CARTESIAN_POINT('Ctrl Pts',(2.92985782934805,2.9713832349399,-0.00272518300909394));
#3322=CARTESIAN_POINT('Ctrl Pts',(4.1581286606458,1.76027762280558,-0.00272518300909394));
#3323=CARTESIAN_POINT('Ctrl Pts',(4.17276074756088,0.035397354267325,-0.00272518300909394));
#3324=CARTESIAN_POINT('Ctrl Pts',(2.92985782934805,2.9713832349399,0.197749631526101));
#3325=CARTESIAN_POINT('Ctrl Pts',(4.1581286606458,1.76027762280558,0.197749631526101));
#3326=CARTESIAN_POINT('Ctrl Pts',(4.17276074756088,0.035397354267325,0.197749631526101));
#3327=CARTESIAN_POINT('Ctrl Pts',(2.82962042208045,2.79776695273345,0.197749631526101));
#3328=CARTESIAN_POINT('Ctrl Pts',(3.98612406671409,1.62809614513864,0.197749631526101));
#3329=CARTESIAN_POINT('Ctrl Pts',(3.97919218491333,-0.0167693287543136,
0.197749631526101));
#3330=CARTESIAN_POINT('Ctrl Pts',(2.72938301481285,2.624150670527,0.197749631526101));
#3331=CARTESIAN_POINT('Ctrl Pts',(3.81411947278238,1.49591466747169,0.197749631526101));
#3332=CARTESIAN_POINT('Ctrl Pts',(3.78562362226577,-0.0689360117759523,
0.197749631526101));
#3333=CARTESIAN_POINT('Ctrl Pts',(2.72938301481285,2.624150670527,-0.00272518300909397));
#3334=CARTESIAN_POINT('Ctrl Pts',(3.81411947278238,1.49591466747169,-0.00272518300909397));
#3335=CARTESIAN_POINT('Ctrl Pts',(3.78562362226577,-0.0689360117759523,
-0.00272518300909397));
#3336=CARTESIAN_POINT('Ctrl Pts',(2.72938301481285,2.624150670527,-0.203199997544289));
#3337=CARTESIAN_POINT('Ctrl Pts',(3.81411947278238,1.49591466747169,-0.203199997544289));
#3338=CARTESIAN_POINT('Ctrl Pts',(3.78562362226577,-0.0689360117759523,
-0.203199997544289));
#3339=CARTESIAN_POINT('Ctrl Pts',(2.82962042208045,2.79776695273345,-0.203199997544289));
#3340=CARTESIAN_POINT('Ctrl Pts',(3.98612406671409,1.62809614513864,-0.203199997544289));
#3341=CARTESIAN_POINT('Ctrl Pts',(3.97919218491333,-0.0167693287543136,
-0.203199997544289));
#3342=CARTESIAN_POINT('Ctrl Pts',(2.92985782934805,2.9713832349399,-0.203199997544289));
#3343=CARTESIAN_POINT('Ctrl Pts',(4.1581286606458,1.76027762280558,-0.203199997544289));
#3344=CARTESIAN_POINT('Ctrl Pts',(4.17276074756088,0.035397354267325,-0.203199997544289));
#3345=CARTESIAN_POINT('Ctrl Pts',(2.92985782934805,2.9713832349399,-0.00272518300909399));
#3346=CARTESIAN_POINT('Ctrl Pts',(4.1581286606458,1.76027762280558,-0.00272518300909399));
#3347=CARTESIAN_POINT('Ctrl Pts',(4.17276074756088,0.035397354267325,-0.00272518300909399));
#3348=CARTESIAN_POINT('',(3.97919218491333,-0.0167693287543138,0.197749631526101));
#3349=CARTESIAN_POINT('Origin',(0.,0.,0.197749631526101));
#3350=CARTESIAN_POINT('',(4.17276074756088,0.0353973542673249,-0.00272518300909405));
#3351=CARTESIAN_POINT('Origin',(3.97919218491333,-0.0167693287543139,-0.00272518300909397));
#3352=CARTESIAN_POINT('Origin',(-4.44089209850063E-15,-6.66133814775093E-16,
-0.00272518300909468));
#3353=CARTESIAN_POINT('Ctrl Pts',(2.92985782934805,2.9713832349399,-0.00272518300909394));
#3354=CARTESIAN_POINT('Ctrl Pts',(4.1581286606458,1.76027762280558,-0.00272518300909394));
#3355=CARTESIAN_POINT('Ctrl Pts',(4.17276074756088,0.035397354267325,-0.00272518300909394));
#3356=CARTESIAN_POINT('Ctrl Pts',(2.92985782934805,2.9713832349399,0.197749631526101));
#3357=CARTESIAN_POINT('Ctrl Pts',(4.1581286606458,1.76027762280558,0.197749631526101));
#3358=CARTESIAN_POINT('Ctrl Pts',(4.17276074756088,0.035397354267325,0.197749631526101));
#3359=CARTESIAN_POINT('Ctrl Pts',(2.82962042208045,2.79776695273345,0.197749631526101));
#3360=CARTESIAN_POINT('Ctrl Pts',(3.98612406671409,1.62809614513864,0.197749631526101));
#3361=CARTESIAN_POINT('Ctrl Pts',(3.97919218491333,-0.0167693287543136,
0.197749631526101));
#3362=CARTESIAN_POINT('Ctrl Pts',(2.72938301481285,2.624150670527,0.197749631526101));
#3363=CARTESIAN_POINT('Ctrl Pts',(3.81411947278238,1.49591466747169,0.197749631526101));
#3364=CARTESIAN_POINT('Ctrl Pts',(3.78562362226577,-0.0689360117759523,
0.197749631526101));
#3365=CARTESIAN_POINT('Ctrl Pts',(2.72938301481285,2.624150670527,-0.00272518300909397));
#3366=CARTESIAN_POINT('Ctrl Pts',(3.81411947278238,1.49591466747169,-0.00272518300909397));
#3367=CARTESIAN_POINT('Ctrl Pts',(3.78562362226577,-0.0689360117759523,
-0.00272518300909397));
#3368=CARTESIAN_POINT('Ctrl Pts',(2.72938301481285,2.624150670527,-0.203199997544289));
#3369=CARTESIAN_POINT('Ctrl Pts',(3.81411947278238,1.49591466747169,-0.203199997544289));
#3370=CARTESIAN_POINT('Ctrl Pts',(3.78562362226577,-0.0689360117759523,
-0.203199997544289));
#3371=CARTESIAN_POINT('Ctrl Pts',(2.82962042208045,2.79776695273345,-0.203199997544289));
#3372=CARTESIAN_POINT('Ctrl Pts',(3.98612406671409,1.62809614513864,-0.203199997544289));
#3373=CARTESIAN_POINT('Ctrl Pts',(3.97919218491333,-0.0167693287543136,
-0.203199997544289));
#3374=CARTESIAN_POINT('Ctrl Pts',(2.92985782934805,2.9713832349399,-0.203199997544289));
#3375=CARTESIAN_POINT('Ctrl Pts',(4.1581286606458,1.76027762280558,-0.203199997544289));
#3376=CARTESIAN_POINT('Ctrl Pts',(4.17276074756088,0.035397354267325,-0.203199997544289));
#3377=CARTESIAN_POINT('Ctrl Pts',(2.92985782934805,2.9713832349399,-0.00272518300909399));
#3378=CARTESIAN_POINT('Ctrl Pts',(4.1581286606458,1.76027762280558,-0.00272518300909399));
#3379=CARTESIAN_POINT('Ctrl Pts',(4.17276074756088,0.035397354267325,-0.00272518300909399));
#3380=CARTESIAN_POINT('',(3.97613737691929,-0.0167693287543143,-0.203174972939957));
#3381=CARTESIAN_POINT('Ctrl Pts',(2.82803667813066,2.79502382774623,-0.203174972939956));
#3382=CARTESIAN_POINT('Ctrl Pts',(3.19199021522861,2.42677152813048,-0.203174972939956));
#3383=CARTESIAN_POINT('Ctrl Pts',(3.48053629531343,1.99095170229359,-0.203174972939956));
#3384=CARTESIAN_POINT('Ctrl Pts',(3.87682917752669,1.02716278582755,-0.203174972939956));
#3385=CARTESIAN_POINT('Ctrl Pts',(3.97834867722756,0.50754705481229,-0.203174972939956));
#3386=CARTESIAN_POINT('Ctrl Pts',(3.97613737691929,-0.0167693287543144,
-0.203174972939956));
#3387=CARTESIAN_POINT('Origin',(3.97919218491333,-0.0167693287543139,-0.00272518300909397));
#3388=CARTESIAN_POINT('',(3.97029818649616,-0.0167693287543147,-0.202987749192207));
#3389=CARTESIAN_POINT('Ctrl Pts',(3.97029818649616,-0.016769328754315,-0.202987749192207));
#3390=CARTESIAN_POINT('Ctrl Pts',(3.97247835848679,0.499407140052449,-0.202987749192207));
#3391=CARTESIAN_POINT('Ctrl Pts',(3.87397585673248,1.01109772158073,-0.202987749192207));
#3392=CARTESIAN_POINT('Ctrl Pts',(3.48377919284511,1.97515319149354,-0.202987749192207));
#3393=CARTESIAN_POINT('Ctrl Pts',(3.19308214587151,2.41705895751101,-0.202987749192207));
#3394=CARTESIAN_POINT('Ctrl Pts',(2.82500913569066,2.78977997041808,-0.202987749192207));
#3395=CARTESIAN_POINT('Ctrl Pts',(3.97613737691929,-0.0167693287543136,
-0.203174972939956));
#3396=CARTESIAN_POINT('Ctrl Pts',(3.97418860941974,-0.0167693287543136,
-0.203143041907015));
#3397=CARTESIAN_POINT('Ctrl Pts',(3.97224199931409,-0.0167693287543134,
-0.203080581341584));
#3398=CARTESIAN_POINT('Ctrl Pts',(3.97029818649616,-0.0167693287543134,
-0.202987749192207));
#3399=CARTESIAN_POINT('Origin',(3.97919218491333,-0.0167693287543139,-0.00272518300909397));
#3400=CARTESIAN_POINT('Ctrl Pts',(2.97138323493991,-2.92985782934805,-0.00272518300909394));
#3401=CARTESIAN_POINT('Ctrl Pts',(1.76027762280559,-4.1581286606458,-0.00272518300909394));
#3402=CARTESIAN_POINT('Ctrl Pts',(0.0353973542673253,-4.17276074756088,
-0.00272518300909394));
#3403=CARTESIAN_POINT('Ctrl Pts',(2.97138323493991,-2.92985782934805,0.197749631526101));
#3404=CARTESIAN_POINT('Ctrl Pts',(1.76027762280559,-4.1581286606458,0.197749631526101));
#3405=CARTESIAN_POINT('Ctrl Pts',(0.0353973542673253,-4.17276074756088,
0.197749631526101));
#3406=CARTESIAN_POINT('Ctrl Pts',(2.79776695273345,-2.82962042208045,0.197749631526101));
#3407=CARTESIAN_POINT('Ctrl Pts',(1.62809614513864,-3.98612406671409,0.197749631526101));
#3408=CARTESIAN_POINT('Ctrl Pts',(-0.0167693287543134,-3.97919218491333,
0.197749631526101));
#3409=CARTESIAN_POINT('Ctrl Pts',(2.624150670527,-2.72938301481285,0.197749631526101));
#3410=CARTESIAN_POINT('Ctrl Pts',(1.49591466747169,-3.81411947278238,0.197749631526101));
#3411=CARTESIAN_POINT('Ctrl Pts',(-0.0689360117759521,-3.78562362226577,
0.197749631526101));
#3412=CARTESIAN_POINT('Ctrl Pts',(2.624150670527,-2.72938301481285,-0.00272518300909397));
#3413=CARTESIAN_POINT('Ctrl Pts',(1.49591466747169,-3.81411947278238,-0.00272518300909397));
#3414=CARTESIAN_POINT('Ctrl Pts',(-0.0689360117759521,-3.78562362226577,
-0.00272518300909397));
#3415=CARTESIAN_POINT('Ctrl Pts',(2.624150670527,-2.72938301481285,-0.203199997544289));
#3416=CARTESIAN_POINT('Ctrl Pts',(1.49591466747169,-3.81411947278238,-0.203199997544289));
#3417=CARTESIAN_POINT('Ctrl Pts',(-0.0689360117759521,-3.78562362226577,
-0.203199997544289));
#3418=CARTESIAN_POINT('Ctrl Pts',(2.79776695273345,-2.82962042208045,-0.203199997544289));
#3419=CARTESIAN_POINT('Ctrl Pts',(1.62809614513864,-3.98612406671409,-0.203199997544289));
#3420=CARTESIAN_POINT('Ctrl Pts',(-0.0167693287543134,-3.97919218491333,
-0.203199997544289));
#3421=CARTESIAN_POINT('Ctrl Pts',(2.97138323493991,-2.92985782934805,-0.203199997544289));
#3422=CARTESIAN_POINT('Ctrl Pts',(1.76027762280559,-4.1581286606458,-0.203199997544289));
#3423=CARTESIAN_POINT('Ctrl Pts',(0.0353973542673253,-4.17276074756088,
-0.203199997544289));
#3424=CARTESIAN_POINT('Ctrl Pts',(2.97138323493991,-2.92985782934805,-0.00272518300909399));
#3425=CARTESIAN_POINT('Ctrl Pts',(1.76027762280559,-4.1581286606458,-0.00272518300909399));
#3426=CARTESIAN_POINT('Ctrl Pts',(0.0353973542673253,-4.17276074756088,
-0.00272518300909399));
#3427=CARTESIAN_POINT('',(2.79776695273345,-2.82962042208045,0.197749631526101));
#3428=CARTESIAN_POINT('Origin',(0.,0.,0.197749631526101));
#3429=CARTESIAN_POINT('',(2.97138323493991,-2.92985782934805,-0.00272518300909399));
#3430=CARTESIAN_POINT('Origin',(-6.66133814775093E-16,4.44089209850063E-15,
-0.00272518300909468));
#3431=CARTESIAN_POINT('Origin',(2.79776695273345,-2.82962042208045,-0.00272518300909397));
#3432=CARTESIAN_POINT('Ctrl Pts',(2.97138323493991,-2.92985782934805,-0.00272518300909394));
#3433=CARTESIAN_POINT('Ctrl Pts',(1.76027762280559,-4.1581286606458,-0.00272518300909394));
#3434=CARTESIAN_POINT('Ctrl Pts',(0.0353973542673253,-4.17276074756088,
-0.00272518300909394));
#3435=CARTESIAN_POINT('Ctrl Pts',(2.97138323493991,-2.92985782934805,0.197749631526101));
#3436=CARTESIAN_POINT('Ctrl Pts',(1.76027762280559,-4.1581286606458,0.197749631526101));
#3437=CARTESIAN_POINT('Ctrl Pts',(0.0353973542673253,-4.17276074756088,
0.197749631526101));
#3438=CARTESIAN_POINT('Ctrl Pts',(2.79776695273345,-2.82962042208045,0.197749631526101));
#3439=CARTESIAN_POINT('Ctrl Pts',(1.62809614513864,-3.98612406671409,0.197749631526101));
#3440=CARTESIAN_POINT('Ctrl Pts',(-0.0167693287543134,-3.97919218491333,
0.197749631526101));
#3441=CARTESIAN_POINT('Ctrl Pts',(2.624150670527,-2.72938301481285,0.197749631526101));
#3442=CARTESIAN_POINT('Ctrl Pts',(1.49591466747169,-3.81411947278238,0.197749631526101));
#3443=CARTESIAN_POINT('Ctrl Pts',(-0.0689360117759521,-3.78562362226577,
0.197749631526101));
#3444=CARTESIAN_POINT('Ctrl Pts',(2.624150670527,-2.72938301481285,-0.00272518300909397));
#3445=CARTESIAN_POINT('Ctrl Pts',(1.49591466747169,-3.81411947278238,-0.00272518300909397));
#3446=CARTESIAN_POINT('Ctrl Pts',(-0.0689360117759521,-3.78562362226577,
-0.00272518300909397));
#3447=CARTESIAN_POINT('Ctrl Pts',(2.624150670527,-2.72938301481285,-0.203199997544289));
#3448=CARTESIAN_POINT('Ctrl Pts',(1.49591466747169,-3.81411947278238,-0.203199997544289));
#3449=CARTESIAN_POINT('Ctrl Pts',(-0.0689360117759521,-3.78562362226577,
-0.203199997544289));
#3450=CARTESIAN_POINT('Ctrl Pts',(2.79776695273345,-2.82962042208045,-0.203199997544289));
#3451=CARTESIAN_POINT('Ctrl Pts',(1.62809614513864,-3.98612406671409,-0.203199997544289));
#3452=CARTESIAN_POINT('Ctrl Pts',(-0.0167693287543134,-3.97919218491333,
-0.203199997544289));
#3453=CARTESIAN_POINT('Ctrl Pts',(2.97138323493991,-2.92985782934805,-0.203199997544289));
#3454=CARTESIAN_POINT('Ctrl Pts',(1.76027762280559,-4.1581286606458,-0.203199997544289));
#3455=CARTESIAN_POINT('Ctrl Pts',(0.0353973542673253,-4.17276074756088,
-0.203199997544289));
#3456=CARTESIAN_POINT('Ctrl Pts',(2.97138323493991,-2.92985782934805,-0.00272518300909399));
#3457=CARTESIAN_POINT('Ctrl Pts',(1.76027762280559,-4.1581286606458,-0.00272518300909399));
#3458=CARTESIAN_POINT('Ctrl Pts',(0.0353973542673253,-4.17276074756088,
-0.00272518300909399));
#3459=CARTESIAN_POINT('',(2.79502382774623,-2.82803667813066,-0.203174972939956));
#3460=CARTESIAN_POINT('',(-0.0167693287543123,-3.97613737691929,-0.203174972939956));
#3461=CARTESIAN_POINT('Ctrl Pts',(2.79502382774623,-2.82803667813066,-0.203174972939956));
#3462=CARTESIAN_POINT('Ctrl Pts',(2.42677152813048,-3.19199021522861,-0.203174972939956));
#3463=CARTESIAN_POINT('Ctrl Pts',(1.99095170229359,-3.48053629531343,-0.203174972939956));
#3464=CARTESIAN_POINT('Ctrl Pts',(1.02716278582755,-3.87682917752669,-0.203174972939956));
#3465=CARTESIAN_POINT('Ctrl Pts',(0.507547054812291,-3.97834867722756,-0.203174972939956));
#3466=CARTESIAN_POINT('Ctrl Pts',(-0.0167693287543125,-3.97613737691929,
-0.203174972939956));
#3467=CARTESIAN_POINT('Origin',(2.79776695273345,-2.82962042208045,-0.00272518300909397));
#3468=CARTESIAN_POINT('',(2.78977997041808,-2.82500913569066,-0.202987749192207));
#3469=CARTESIAN_POINT('Origin',(2.79776695273345,-2.82962042208045,-0.00272518300909397));
#3470=CARTESIAN_POINT('',(-0.0167693287543127,-3.97029818649616,-0.202987749192208));
#3471=CARTESIAN_POINT('Ctrl Pts',(-0.016769328754313,-3.97029818649616,
-0.202987749192207));
#3472=CARTESIAN_POINT('Ctrl Pts',(0.499407140052451,-3.97247835848679,-0.202987749192207));
#3473=CARTESIAN_POINT('Ctrl Pts',(1.01109772158073,-3.87397585673248,-0.202987749192207));
#3474=CARTESIAN_POINT('Ctrl Pts',(1.97515319149354,-3.48377919284511,-0.202987749192207));
#3475=CARTESIAN_POINT('Ctrl Pts',(2.41705895751101,-3.19308214587151,-0.202987749192207));
#3476=CARTESIAN_POINT('Ctrl Pts',(2.78977997041808,-2.82500913569066,-0.202987749192207));
#3477=CARTESIAN_POINT('Ctrl Pts',(-0.0167693287543138,-3.97613737691929,
-0.203174972939956));
#3478=CARTESIAN_POINT('Ctrl Pts',(-0.0167693287543138,-3.97418860941974,
-0.203143041907015));
#3479=CARTESIAN_POINT('Ctrl Pts',(-0.0167693287543129,-3.97224199931408,
-0.203080581341583));
#3480=CARTESIAN_POINT('Ctrl Pts',(-0.0167693287543129,-3.97029818649616,
-0.202987749192207));
#3481=CARTESIAN_POINT('Ctrl Pts',(-2.92985782934805,-2.97138323493991,-0.00272518300909394));
#3482=CARTESIAN_POINT('Ctrl Pts',(-4.1581286606458,-1.76027762280559,-0.00272518300909394));
#3483=CARTESIAN_POINT('Ctrl Pts',(-4.17276074756088,-0.0353973542673256,
-0.00272518300909394));
#3484=CARTESIAN_POINT('Ctrl Pts',(-2.92985782934805,-2.97138323493991,0.197749631526101));
#3485=CARTESIAN_POINT('Ctrl Pts',(-4.1581286606458,-1.76027762280559,0.197749631526101));
#3486=CARTESIAN_POINT('Ctrl Pts',(-4.17276074756088,-0.0353973542673256,
0.197749631526101));
#3487=CARTESIAN_POINT('Ctrl Pts',(-2.82962042208045,-2.79776695273345,0.197749631526101));
#3488=CARTESIAN_POINT('Ctrl Pts',(-3.98612406671409,-1.62809614513864,0.197749631526101));
#3489=CARTESIAN_POINT('Ctrl Pts',(-3.97919218491333,0.0167693287543132,
0.197749631526101));
#3490=CARTESIAN_POINT('Ctrl Pts',(-2.72938301481285,-2.624150670527,0.197749631526101));
#3491=CARTESIAN_POINT('Ctrl Pts',(-3.81411947278238,-1.49591466747169,0.197749631526101));
#3492=CARTESIAN_POINT('Ctrl Pts',(-3.78562362226577,0.0689360117759519,
0.197749631526101));
#3493=CARTESIAN_POINT('Ctrl Pts',(-2.72938301481285,-2.624150670527,-0.00272518300909397));
#3494=CARTESIAN_POINT('Ctrl Pts',(-3.81411947278238,-1.49591466747169,-0.00272518300909397));
#3495=CARTESIAN_POINT('Ctrl Pts',(-3.78562362226577,0.0689360117759519,
-0.00272518300909397));
#3496=CARTESIAN_POINT('Ctrl Pts',(-2.72938301481285,-2.624150670527,-0.203199997544289));
#3497=CARTESIAN_POINT('Ctrl Pts',(-3.81411947278238,-1.49591466747169,-0.203199997544289));
#3498=CARTESIAN_POINT('Ctrl Pts',(-3.78562362226577,0.0689360117759519,
-0.203199997544289));
#3499=CARTESIAN_POINT('Ctrl Pts',(-2.82962042208045,-2.79776695273345,-0.203199997544289));
#3500=CARTESIAN_POINT('Ctrl Pts',(-3.98612406671409,-1.62809614513864,-0.203199997544289));
#3501=CARTESIAN_POINT('Ctrl Pts',(-3.97919218491333,0.0167693287543132,
-0.203199997544289));
#3502=CARTESIAN_POINT('Ctrl Pts',(-2.92985782934805,-2.97138323493991,-0.203199997544289));
#3503=CARTESIAN_POINT('Ctrl Pts',(-4.1581286606458,-1.76027762280559,-0.203199997544289));
#3504=CARTESIAN_POINT('Ctrl Pts',(-4.17276074756088,-0.0353973542673256,
-0.203199997544289));
#3505=CARTESIAN_POINT('Ctrl Pts',(-2.92985782934805,-2.97138323493991,-0.00272518300909399));
#3506=CARTESIAN_POINT('Ctrl Pts',(-4.1581286606458,-1.76027762280559,-0.00272518300909399));
#3507=CARTESIAN_POINT('Ctrl Pts',(-4.17276074756088,-0.0353973542673256,
-0.00272518300909399));
#3508=CARTESIAN_POINT('',(-3.97922751986641,0.,0.197749631526101));
#3509=CARTESIAN_POINT('Origin',(0.,0.,0.197749631526101));
#3510=CARTESIAN_POINT('',(-2.92985782934805,-2.97138323493991,-0.00272518300909399));
#3511=CARTESIAN_POINT('Origin',(4.44089209850063E-15,6.66133814775094E-16,
-0.00272518300909468));
#3512=CARTESIAN_POINT('',(-2.82962042208045,-2.79776695273345,0.197749631526101));
#3513=CARTESIAN_POINT('Origin',(-2.82962042208045,-2.79776695273345,-0.00272518300909397));
#3514=CARTESIAN_POINT('Origin',(0.,0.,0.197749631526101));
#3515=CARTESIAN_POINT('Ctrl Pts',(-2.92985782934805,-2.97138323493991,-0.00272518300909394));
#3516=CARTESIAN_POINT('Ctrl Pts',(-4.1581286606458,-1.76027762280559,-0.00272518300909394));
#3517=CARTESIAN_POINT('Ctrl Pts',(-4.17276074756088,-0.0353973542673256,
-0.00272518300909394));
#3518=CARTESIAN_POINT('Ctrl Pts',(-2.92985782934805,-2.97138323493991,0.197749631526101));
#3519=CARTESIAN_POINT('Ctrl Pts',(-4.1581286606458,-1.76027762280559,0.197749631526101));
#3520=CARTESIAN_POINT('Ctrl Pts',(-4.17276074756088,-0.0353973542673256,
0.197749631526101));
#3521=CARTESIAN_POINT('Ctrl Pts',(-2.82962042208045,-2.79776695273345,0.197749631526101));
#3522=CARTESIAN_POINT('Ctrl Pts',(-3.98612406671409,-1.62809614513864,0.197749631526101));
#3523=CARTESIAN_POINT('Ctrl Pts',(-3.97919218491333,0.0167693287543132,
0.197749631526101));
#3524=CARTESIAN_POINT('Ctrl Pts',(-2.72938301481285,-2.624150670527,0.197749631526101));
#3525=CARTESIAN_POINT('Ctrl Pts',(-3.81411947278238,-1.49591466747169,0.197749631526101));
#3526=CARTESIAN_POINT('Ctrl Pts',(-3.78562362226577,0.0689360117759519,
0.197749631526101));
#3527=CARTESIAN_POINT('Ctrl Pts',(-2.72938301481285,-2.624150670527,-0.00272518300909397));
#3528=CARTESIAN_POINT('Ctrl Pts',(-3.81411947278238,-1.49591466747169,-0.00272518300909397));
#3529=CARTESIAN_POINT('Ctrl Pts',(-3.78562362226577,0.0689360117759519,
-0.00272518300909397));
#3530=CARTESIAN_POINT('Ctrl Pts',(-2.72938301481285,-2.624150670527,-0.203199997544289));
#3531=CARTESIAN_POINT('Ctrl Pts',(-3.81411947278238,-1.49591466747169,-0.203199997544289));
#3532=CARTESIAN_POINT('Ctrl Pts',(-3.78562362226577,0.0689360117759519,
-0.203199997544289));
#3533=CARTESIAN_POINT('Ctrl Pts',(-2.82962042208045,-2.79776695273345,-0.203199997544289));
#3534=CARTESIAN_POINT('Ctrl Pts',(-3.98612406671409,-1.62809614513864,-0.203199997544289));
#3535=CARTESIAN_POINT('Ctrl Pts',(-3.97919218491333,0.0167693287543132,
-0.203199997544289));
#3536=CARTESIAN_POINT('Ctrl Pts',(-2.92985782934805,-2.97138323493991,-0.203199997544289));
#3537=CARTESIAN_POINT('Ctrl Pts',(-4.1581286606458,-1.76027762280559,-0.203199997544289));
#3538=CARTESIAN_POINT('Ctrl Pts',(-4.17276074756088,-0.0353973542673256,
-0.203199997544289));
#3539=CARTESIAN_POINT('Ctrl Pts',(-2.92985782934805,-2.97138323493991,-0.00272518300909399));
#3540=CARTESIAN_POINT('Ctrl Pts',(-4.1581286606458,-1.76027762280559,-0.00272518300909399));
#3541=CARTESIAN_POINT('Ctrl Pts',(-4.17276074756088,-0.0353973542673256,
-0.00272518300909399));
#3542=CARTESIAN_POINT('',(-2.82803667813066,-2.79502382774623,-0.203174972939956));
#3543=CARTESIAN_POINT('',(-3.97617273901946,0.,-0.203174972939956));
#3544=CARTESIAN_POINT('Ctrl Pts',(-2.82803667813066,-2.79502382774623,-0.203174972939956));
#3545=CARTESIAN_POINT('Ctrl Pts',(-3.19199021522861,-2.42677152813048,-0.203174972939956));
#3546=CARTESIAN_POINT('Ctrl Pts',(-3.48053629531343,-1.99095170229359,-0.203174972939956));
#3547=CARTESIAN_POINT('Ctrl Pts',(-3.87468210984267,-1.03238447950321,-0.203174972939956));
#3548=CARTESIAN_POINT('Ctrl Pts',(-3.97617273901946,-0.518680552298285,
-0.203174972939956));
#3549=CARTESIAN_POINT('Ctrl Pts',(-3.97617273901946,-7.7715611723761E-16,
-0.203174972939956));
#3550=CARTESIAN_POINT('Origin',(-2.82962042208045,-2.79776695273345,-0.00272518300909397));
#3551=CARTESIAN_POINT('',(-2.82500913569065,-2.78977997041808,-0.202987749192208));
#3552=CARTESIAN_POINT('Origin',(-2.82962042208045,-2.79776695273345,-0.00272518300909397));
#3553=CARTESIAN_POINT('',(-3.97033360060355,0.,-0.202987749192207));
#3554=CARTESIAN_POINT('Ctrl Pts',(-3.97033360060355,-9.99200722162641E-16,
-0.202987749192207));
#3555=CARTESIAN_POINT('Ctrl Pts',(-3.97033360060355,-0.5169962928594,-0.202987749192207));
#3556=CARTESIAN_POINT('Ctrl Pts',(-3.86935272832002,-1.02904981937431,-0.202987749192207));
#3557=CARTESIAN_POINT('Ctrl Pts',(-3.47665139228207,-1.9859823873593,-0.202987749192207));
#3558=CARTESIAN_POINT('Ctrl Pts',(-3.18854944676523,-2.42164889525534,-0.202987749192207));
#3559=CARTESIAN_POINT('Ctrl Pts',(-2.82500913569066,-2.78977997041808,-0.202987749192207));
#3560=CARTESIAN_POINT('',(-3.97029818649616,0.0167693287543133,-0.202987749192207));
#3561=CARTESIAN_POINT('Ctrl Pts',(-3.97029818649616,0.0167693287543133,
-0.202987749192207));
#3562=CARTESIAN_POINT('Ctrl Pts',(-3.970321795871,0.0111795845567818,-0.202987749192207));
#3563=CARTESIAN_POINT('Ctrl Pts',(-3.97033360060355,0.00558979584056098,
-0.202987749192207));
#3564=CARTESIAN_POINT('Ctrl Pts',(-3.97033360060355,2.22044604925031E-16,
-0.202987749192207));
#3565=CARTESIAN_POINT('',(-3.97613737691929,0.0167693287543133,-0.203174972939956));
#3566=CARTESIAN_POINT('Ctrl Pts',(-3.97613737691929,0.0167693287543134,
-0.203174972939956));
#3567=CARTESIAN_POINT('Ctrl Pts',(-3.97418860941974,0.0167693287543134,
-0.203143041907015));
#3568=CARTESIAN_POINT('Ctrl Pts',(-3.97224199931408,0.0167693287543136,
-0.203080581341584));
#3569=CARTESIAN_POINT('Ctrl Pts',(-3.97029818649616,0.0167693287543136,
-0.202987749192207));
#3570=CARTESIAN_POINT('Ctrl Pts',(-3.97617273901946,0.,-0.203174972939956));
#3571=CARTESIAN_POINT('Ctrl Pts',(-3.97617273901946,0.00558979519924226,
-0.203174972939956));
#3572=CARTESIAN_POINT('Ctrl Pts',(-3.97616095162524,0.011179583878785,-0.203174972939956));
#3573=CARTESIAN_POINT('Ctrl Pts',(-3.97613737691929,0.0167693287543133,
-0.203174972939956));
#3574=CARTESIAN_POINT('Ctrl Pts',(-3.97922751986641,0.,-0.197749631526101));
#3575=CARTESIAN_POINT('Ctrl Pts',(-3.97922751986641,3.97922751986641,-0.197749631526101));
#3576=CARTESIAN_POINT('Ctrl Pts',(0.,3.97922751986641,-0.197749631526101));
#3577=CARTESIAN_POINT('Ctrl Pts',(3.97922751986641,3.97922751986641,-0.197749631526101));
#3578=CARTESIAN_POINT('Ctrl Pts',(3.97922751986641,0.,-0.197749631526101));
#3579=CARTESIAN_POINT('Ctrl Pts',(3.97922751986641,-3.97922751986641,-0.197749631526101));
#3580=CARTESIAN_POINT('Ctrl Pts',(0.,-3.97922751986641,-0.197749631526101));
#3581=CARTESIAN_POINT('Ctrl Pts',(-3.97922751986641,-3.97922751986641,-0.197749631526101));
#3582=CARTESIAN_POINT('Ctrl Pts',(-3.97922751986641,0.,-0.197749631526101));
#3583=CARTESIAN_POINT('Ctrl Pts',(-3.96956191321612,0.,-0.215078346741054));
#3584=CARTESIAN_POINT('Ctrl Pts',(-3.96956191321612,3.96956191321612,-0.215078346741054));
#3585=CARTESIAN_POINT('Ctrl Pts',(0.,3.96956191321612,-0.215078346741054));
#3586=CARTESIAN_POINT('Ctrl Pts',(3.96956191321612,3.96956191321612,-0.215078346741054));
#3587=CARTESIAN_POINT('Ctrl Pts',(3.96956191321612,0.,-0.215078346741054));
#3588=CARTESIAN_POINT('Ctrl Pts',(3.96956191321612,-3.96956191321612,-0.215078346741054));
#3589=CARTESIAN_POINT('Ctrl Pts',(0.,-3.96956191321612,-0.215078346741054));
#3590=CARTESIAN_POINT('Ctrl Pts',(-3.96956191321612,-3.96956191321612,-0.215078346741054));
#3591=CARTESIAN_POINT('Ctrl Pts',(-3.96956191321612,0.,-0.215078346741054));
#3592=CARTESIAN_POINT('Ctrl Pts',(-3.94903901059912,0.,-0.249262530824572));
#3593=CARTESIAN_POINT('Ctrl Pts',(-3.94903901059911,3.94903901059911,-0.249262530824572));
#3594=CARTESIAN_POINT('Ctrl Pts',(0.,3.94903901059912,-0.249262530824572));
#3595=CARTESIAN_POINT('Ctrl Pts',(3.94903901059911,3.94903901059911,-0.249262530824572));
#3596=CARTESIAN_POINT('Ctrl Pts',(3.94903901059912,0.,-0.249262530824572));
#3597=CARTESIAN_POINT('Ctrl Pts',(3.94903901059911,-3.94903901059911,-0.249262530824572));
#3598=CARTESIAN_POINT('Ctrl Pts',(0.,-3.94903901059912,-0.249262530824572));
#3599=CARTESIAN_POINT('Ctrl Pts',(-3.94903901059911,-3.94903901059911,-0.249262530824572));
#3600=CARTESIAN_POINT('Ctrl Pts',(-3.94903901059912,0.,-0.249262530824572));
#3601=CARTESIAN_POINT('Ctrl Pts',(-3.91467958405274,0.,-0.299119069096551));
#3602=CARTESIAN_POINT('Ctrl Pts',(-3.91467958405274,3.91467958405274,-0.299119069096551));
#3603=CARTESIAN_POINT('Ctrl Pts',(0.,3.91467958405274,-0.299119069096551));
#3604=CARTESIAN_POINT('Ctrl Pts',(3.91467958405274,3.91467958405274,-0.299119069096551));
#3605=CARTESIAN_POINT('Ctrl Pts',(3.91467958405274,0.,-0.299119069096551));
#3606=CARTESIAN_POINT('Ctrl Pts',(3.91467958405274,-3.91467958405274,-0.299119069096551));
#3607=CARTESIAN_POINT('Ctrl Pts',(0.,-3.91467958405274,-0.299119069096551));
#3608=CARTESIAN_POINT('Ctrl Pts',(-3.91467958405274,-3.91467958405274,-0.299119069096551));
#3609=CARTESIAN_POINT('Ctrl Pts',(-3.91467958405274,0.,-0.299119069096551));
#3610=CARTESIAN_POINT('Ctrl Pts',(-3.86170396188042,0.,-0.36274982640076));
#3611=CARTESIAN_POINT('Ctrl Pts',(-3.86170396188042,3.86170396188042,-0.36274982640076));
#3612=CARTESIAN_POINT('Ctrl Pts',(0.,3.86170396188042,-0.36274982640076));
#3613=CARTESIAN_POINT('Ctrl Pts',(3.86170396188042,3.86170396188042,-0.36274982640076));
#3614=CARTESIAN_POINT('Ctrl Pts',(3.86170396188042,0.,-0.36274982640076));
#3615=CARTESIAN_POINT('Ctrl Pts',(3.86170396188042,-3.86170396188042,-0.36274982640076));
#3616=CARTESIAN_POINT('Ctrl Pts',(0.,-3.86170396188042,-0.36274982640076));
#3617=CARTESIAN_POINT('Ctrl Pts',(-3.86170396188042,-3.86170396188042,-0.36274982640076));
#3618=CARTESIAN_POINT('Ctrl Pts',(-3.86170396188042,0.,-0.36274982640076));
#3619=CARTESIAN_POINT('Ctrl Pts',(-3.78359939559246,0.,-0.437504491128392));
#3620=CARTESIAN_POINT('Ctrl Pts',(-3.78359939559246,3.78359939559246,-0.437504491128392));
#3621=CARTESIAN_POINT('Ctrl Pts',(0.,3.78359939559246,-0.437504491128392));
#3622=CARTESIAN_POINT('Ctrl Pts',(3.78359939559246,3.78359939559246,-0.437504491128392));
#3623=CARTESIAN_POINT('Ctrl Pts',(3.78359939559246,0.,-0.437504491128392));
#3624=CARTESIAN_POINT('Ctrl Pts',(3.78359939559246,-3.78359939559246,-0.437504491128392));
#3625=CARTESIAN_POINT('Ctrl Pts',(0.,-3.78359939559246,-0.437504491128392));
#3626=CARTESIAN_POINT('Ctrl Pts',(-3.78359939559246,-3.78359939559246,-0.437504491128392));
#3627=CARTESIAN_POINT('Ctrl Pts',(-3.78359939559246,0.,-0.437504491128392));
#3628=CARTESIAN_POINT('Ctrl Pts',(-3.6939027715522,0.,-0.507399076581121));
#3629=CARTESIAN_POINT('Ctrl Pts',(-3.6939027715522,3.6939027715522,-0.507399076581121));
#3630=CARTESIAN_POINT('Ctrl Pts',(0.,3.6939027715522,-0.507399076581121));
#3631=CARTESIAN_POINT('Ctrl Pts',(3.6939027715522,3.6939027715522,-0.507399076581121));
#3632=CARTESIAN_POINT('Ctrl Pts',(3.6939027715522,0.,-0.507399076581121));
#3633=CARTESIAN_POINT('Ctrl Pts',(3.6939027715522,-3.6939027715522,-0.507399076581121));
#3634=CARTESIAN_POINT('Ctrl Pts',(0.,-3.6939027715522,-0.507399076581121));
#3635=CARTESIAN_POINT('Ctrl Pts',(-3.6939027715522,-3.6939027715522,-0.507399076581121));
#3636=CARTESIAN_POINT('Ctrl Pts',(-3.6939027715522,0.,-0.507399076581121));
#3637=CARTESIAN_POINT('Ctrl Pts',(-3.59330094716327,0.,-0.572320885122737));
#3638=CARTESIAN_POINT('Ctrl Pts',(-3.59330094716327,3.59330094716327,-0.572320885122737));
#3639=CARTESIAN_POINT('Ctrl Pts',(0.,3.59330094716327,-0.572320885122737));
#3640=CARTESIAN_POINT('Ctrl Pts',(3.59330094716327,3.59330094716327,-0.572320885122737));
#3641=CARTESIAN_POINT('Ctrl Pts',(3.59330094716327,0.,-0.572320885122737));
#3642=CARTESIAN_POINT('Ctrl Pts',(3.59330094716327,-3.59330094716327,-0.572320885122737));
#3643=CARTESIAN_POINT('Ctrl Pts',(0.,-3.59330094716327,-0.572320885122737));
#3644=CARTESIAN_POINT('Ctrl Pts',(-3.59330094716327,-3.59330094716327,-0.572320885122737));
#3645=CARTESIAN_POINT('Ctrl Pts',(-3.59330094716327,0.,-0.572320885122737));
#3646=CARTESIAN_POINT('Ctrl Pts',(-3.48303918843098,0.,-0.632117855989838));
#3647=CARTESIAN_POINT('Ctrl Pts',(-3.48303918843098,3.48303918843098,-0.632117855989838));
#3648=CARTESIAN_POINT('Ctrl Pts',(0.,3.48303918843098,-0.632117855989838));
#3649=CARTESIAN_POINT('Ctrl Pts',(3.48303918843098,3.48303918843098,-0.632117855989838));
#3650=CARTESIAN_POINT('Ctrl Pts',(3.48303918843098,0.,-0.632117855989838));
#3651=CARTESIAN_POINT('Ctrl Pts',(3.48303918843098,-3.48303918843098,-0.632117855989838));
#3652=CARTESIAN_POINT('Ctrl Pts',(0.,-3.48303918843098,-0.632117855989838));
#3653=CARTESIAN_POINT('Ctrl Pts',(-3.48303918843098,-3.48303918843098,-0.632117855989838));
#3654=CARTESIAN_POINT('Ctrl Pts',(-3.48303918843098,0.,-0.632117855989838));
#3655=CARTESIAN_POINT('Ctrl Pts',(-3.36507311624345,0.,-0.686598024871286));
#3656=CARTESIAN_POINT('Ctrl Pts',(-3.36507311624345,3.36507311624345,-0.686598024871286));
#3657=CARTESIAN_POINT('Ctrl Pts',(0.,3.36507311624345,-0.686598024871286));
#3658=CARTESIAN_POINT('Ctrl Pts',(3.36507311624345,3.36507311624345,-0.686598024871286));
#3659=CARTESIAN_POINT('Ctrl Pts',(3.36507311624345,0.,-0.686598024871286));
#3660=CARTESIAN_POINT('Ctrl Pts',(3.36507311624345,-3.36507311624345,-0.686598024871286));
#3661=CARTESIAN_POINT('Ctrl Pts',(0.,-3.36507311624345,-0.686598024871286));
#3662=CARTESIAN_POINT('Ctrl Pts',(-3.36507311624345,-3.36507311624345,-0.686598024871286));
#3663=CARTESIAN_POINT('Ctrl Pts',(-3.36507311624345,0.,-0.686598024871286));
#3664=CARTESIAN_POINT('Ctrl Pts',(-3.24176679539429,0.,-0.735583633979207));
#3665=CARTESIAN_POINT('Ctrl Pts',(-3.24176679539429,3.24176679539429,-0.735583633979207));
#3666=CARTESIAN_POINT('Ctrl Pts',(0.,3.24176679539429,-0.735583633979207));
#3667=CARTESIAN_POINT('Ctrl Pts',(3.24176679539429,3.24176679539429,-0.735583633979207));
#3668=CARTESIAN_POINT('Ctrl Pts',(3.24176679539429,0.,-0.735583633979207));
#3669=CARTESIAN_POINT('Ctrl Pts',(3.24176679539429,-3.24176679539429,-0.735583633979207));
#3670=CARTESIAN_POINT('Ctrl Pts',(0.,-3.24176679539429,-0.735583633979207));
#3671=CARTESIAN_POINT('Ctrl Pts',(-3.24176679539429,-3.24176679539429,-0.735583633979207));
#3672=CARTESIAN_POINT('Ctrl Pts',(-3.24176679539429,0.,-0.735583633979207));
#3673=CARTESIAN_POINT('Ctrl Pts',(-3.11561341007078,0.,-0.778963054042766));
#3674=CARTESIAN_POINT('Ctrl Pts',(-3.11561341007078,3.11561341007078,-0.778963054042766));
#3675=CARTESIAN_POINT('Ctrl Pts',(0.,3.11561341007078,-0.778963054042766));
#3676=CARTESIAN_POINT('Ctrl Pts',(3.11561341007078,3.11561341007078,-0.778963054042766));
#3677=CARTESIAN_POINT('Ctrl Pts',(3.11561341007078,0.,-0.778963054042766));
#3678=CARTESIAN_POINT('Ctrl Pts',(3.11561341007078,-3.11561341007078,-0.778963054042766));
#3679=CARTESIAN_POINT('Ctrl Pts',(0.,-3.11561341007078,-0.778963054042766));
#3680=CARTESIAN_POINT('Ctrl Pts',(-3.11561341007078,-3.11561341007078,-0.778963054042766));
#3681=CARTESIAN_POINT('Ctrl Pts',(-3.11561341007078,0.,-0.778963054042766));
#3682=CARTESIAN_POINT('Ctrl Pts',(-2.98894439021954,0.,-0.816747394438226));
#3683=CARTESIAN_POINT('Ctrl Pts',(-2.98894439021954,2.98894439021954,-0.816747394438226));
#3684=CARTESIAN_POINT('Ctrl Pts',(0.,2.98894439021954,-0.816747394438226));
#3685=CARTESIAN_POINT('Ctrl Pts',(2.98894439021954,2.98894439021954,-0.816747394438226));
#3686=CARTESIAN_POINT('Ctrl Pts',(2.98894439021954,0.,-0.816747394438226));
#3687=CARTESIAN_POINT('Ctrl Pts',(2.98894439021954,-2.98894439021954,-0.816747394438226));
#3688=CARTESIAN_POINT('Ctrl Pts',(0.,-2.98894439021954,-0.816747394438226));
#3689=CARTESIAN_POINT('Ctrl Pts',(-2.98894439021954,-2.98894439021954,-0.816747394438226));
#3690=CARTESIAN_POINT('Ctrl Pts',(-2.98894439021954,0.,-0.816747394438226));
#3691=CARTESIAN_POINT('Ctrl Pts',(-2.86365697639064,0.,-0.849121885526682));
#3692=CARTESIAN_POINT('Ctrl Pts',(-2.86365697639064,2.86365697639064,-0.849121885526682));
#3693=CARTESIAN_POINT('Ctrl Pts',(0.,2.86365697639064,-0.849121885526682));
#3694=CARTESIAN_POINT('Ctrl Pts',(2.86365697639064,2.86365697639064,-0.849121885526682));
#3695=CARTESIAN_POINT('Ctrl Pts',(2.86365697639064,0.,-0.849121885526682));
#3696=CARTESIAN_POINT('Ctrl Pts',(2.86365697639064,-2.86365697639064,-0.849121885526682));
#3697=CARTESIAN_POINT('Ctrl Pts',(0.,-2.86365697639064,-0.849121885526682));
#3698=CARTESIAN_POINT('Ctrl Pts',(-2.86365697639064,-2.86365697639064,-0.849121885526682));
#3699=CARTESIAN_POINT('Ctrl Pts',(-2.86365697639064,0.,-0.849121885526682));
#3700=CARTESIAN_POINT('Ctrl Pts',(-2.74089959656543,0.,-0.87651457689796));
#3701=CARTESIAN_POINT('Ctrl Pts',(-2.74089959656543,2.74089959656543,-0.87651457689796));
#3702=CARTESIAN_POINT('Ctrl Pts',(0.,2.74089959656543,-0.87651457689796));
#3703=CARTESIAN_POINT('Ctrl Pts',(2.74089959656543,2.74089959656543,-0.87651457689796));
#3704=CARTESIAN_POINT('Ctrl Pts',(2.74089959656543,0.,-0.87651457689796));
#3705=CARTESIAN_POINT('Ctrl Pts',(2.74089959656543,-2.74089959656543,-0.87651457689796));
#3706=CARTESIAN_POINT('Ctrl Pts',(0.,-2.74089959656543,-0.87651457689796));
#3707=CARTESIAN_POINT('Ctrl Pts',(-2.74089959656543,-2.74089959656543,-0.87651457689796));
#3708=CARTESIAN_POINT('Ctrl Pts',(-2.74089959656543,0.,-0.87651457689796));
#3709=CARTESIAN_POINT('Ctrl Pts',(-2.62086623617004,0.,-0.899622260286305));
#3710=CARTESIAN_POINT('Ctrl Pts',(-2.62086623617004,2.62086623617004,-0.899622260286305));
#3711=CARTESIAN_POINT('Ctrl Pts',(0.,2.62086623617004,-0.899622260286305));
#3712=CARTESIAN_POINT('Ctrl Pts',(2.62086623617004,2.62086623617004,-0.899622260286305));
#3713=CARTESIAN_POINT('Ctrl Pts',(2.62086623617004,0.,-0.899622260286305));
#3714=CARTESIAN_POINT('Ctrl Pts',(2.62086623617004,-2.62086623617004,-0.899622260286305));
#3715=CARTESIAN_POINT('Ctrl Pts',(0.,-2.62086623617004,-0.899622260286305));
#3716=CARTESIAN_POINT('Ctrl Pts',(-2.62086623617004,-2.62086623617004,-0.899622260286305));
#3717=CARTESIAN_POINT('Ctrl Pts',(-2.62086623617004,0.,-0.899622260286305));
#3718=CARTESIAN_POINT('Ctrl Pts',(-2.50312520718878,0.,-0.919218797964062));
#3719=CARTESIAN_POINT('Ctrl Pts',(-2.50312520718878,2.50312520718878,-0.919218797964062));
#3720=CARTESIAN_POINT('Ctrl Pts',(0.,2.50312520718878,-0.919218797964062));
#3721=CARTESIAN_POINT('Ctrl Pts',(2.50312520718878,2.50312520718878,-0.919218797964062));
#3722=CARTESIAN_POINT('Ctrl Pts',(2.50312520718878,0.,-0.919218797964062));
#3723=CARTESIAN_POINT('Ctrl Pts',(2.50312520718878,-2.50312520718878,-0.919218797964062));
#3724=CARTESIAN_POINT('Ctrl Pts',(0.,-2.50312520718878,-0.919218797964062));
#3725=CARTESIAN_POINT('Ctrl Pts',(-2.50312520718878,-2.50312520718878,-0.919218797964062));
#3726=CARTESIAN_POINT('Ctrl Pts',(-2.50312520718878,0.,-0.919218797964062));
#3727=CARTESIAN_POINT('Ctrl Pts',(-2.38686785087108,0.,-0.935999115962188));
#3728=CARTESIAN_POINT('Ctrl Pts',(-2.38686785087108,2.38686785087108,-0.935999115962188));
#3729=CARTESIAN_POINT('Ctrl Pts',(0.,2.38686785087108,-0.935999115962188));
#3730=CARTESIAN_POINT('Ctrl Pts',(2.38686785087108,2.38686785087108,-0.935999115962188));
#3731=CARTESIAN_POINT('Ctrl Pts',(2.38686785087108,0.,-0.935999115962188));
#3732=CARTESIAN_POINT('Ctrl Pts',(2.38686785087108,-2.38686785087108,-0.935999115962188));
#3733=CARTESIAN_POINT('Ctrl Pts',(0.,-2.38686785087108,-0.935999115962188));
#3734=CARTESIAN_POINT('Ctrl Pts',(-2.38686785087108,-2.38686785087108,-0.935999115962188));
#3735=CARTESIAN_POINT('Ctrl Pts',(-2.38686785087108,0.,-0.935999115962188));
#3736=CARTESIAN_POINT('Ctrl Pts',(-2.27119224820535,0.,-0.950399478668064));
#3737=CARTESIAN_POINT('Ctrl Pts',(-2.27119224820535,2.27119224820535,-0.950399478668064));
#3738=CARTESIAN_POINT('Ctrl Pts',(0.,2.27119224820535,-0.950399478668064));
#3739=CARTESIAN_POINT('Ctrl Pts',(2.27119224820535,2.27119224820535,-0.950399478668064));
#3740=CARTESIAN_POINT('Ctrl Pts',(2.27119224820535,0.,-0.950399478668064));
#3741=CARTESIAN_POINT('Ctrl Pts',(2.27119224820535,-2.27119224820535,-0.950399478668064));
#3742=CARTESIAN_POINT('Ctrl Pts',(0.,-2.27119224820535,-0.950399478668064));
#3743=CARTESIAN_POINT('Ctrl Pts',(-2.27119224820535,-2.27119224820535,-0.950399478668064));
#3744=CARTESIAN_POINT('Ctrl Pts',(-2.27119224820535,0.,-0.950399478668064));
#3745=CARTESIAN_POINT('Ctrl Pts',(-2.15535242577468,0.,-0.962450853781893));
#3746=CARTESIAN_POINT('Ctrl Pts',(-2.15535242577468,2.15535242577468,-0.962450853781893));
#3747=CARTESIAN_POINT('Ctrl Pts',(0.,2.15535242577468,-0.962450853781893));
#3748=CARTESIAN_POINT('Ctrl Pts',(2.15535242577468,2.15535242577468,-0.962450853781893));
#3749=CARTESIAN_POINT('Ctrl Pts',(2.15535242577468,0.,-0.962450853781893));
#3750=CARTESIAN_POINT('Ctrl Pts',(2.15535242577468,-2.15535242577468,-0.962450853781893));
#3751=CARTESIAN_POINT('Ctrl Pts',(0.,-2.15535242577468,-0.962450853781893));
#3752=CARTESIAN_POINT('Ctrl Pts',(-2.15535242577468,-2.15535242577468,-0.962450853781893));
#3753=CARTESIAN_POINT('Ctrl Pts',(-2.15535242577468,0.,-0.962450853781893));
#3754=CARTESIAN_POINT('Ctrl Pts',(-2.03906840460602,0.,-0.971554888046006));
#3755=CARTESIAN_POINT('Ctrl Pts',(-2.03906840460602,2.03906840460602,-0.971554888046006));
#3756=CARTESIAN_POINT('Ctrl Pts',(0.,2.03906840460602,-0.971554888046006));
#3757=CARTESIAN_POINT('Ctrl Pts',(2.03906840460602,2.03906840460602,-0.971554888046006));
#3758=CARTESIAN_POINT('Ctrl Pts',(2.03906840460602,0.,-0.971554888046006));
#3759=CARTESIAN_POINT('Ctrl Pts',(2.03906840460602,-2.03906840460602,-0.971554888046006));
#3760=CARTESIAN_POINT('Ctrl Pts',(0.,-2.03906840460602,-0.971554888046006));
#3761=CARTESIAN_POINT('Ctrl Pts',(-2.03906840460602,-2.03906840460602,-0.971554888046006));
#3762=CARTESIAN_POINT('Ctrl Pts',(-2.03906840460602,0.,-0.971554888046006));
#3763=CARTESIAN_POINT('Ctrl Pts',(-1.92255062295824,0.,-0.976636107980014));
#3764=CARTESIAN_POINT('Ctrl Pts',(-1.92255062295824,1.92255062295824,-0.976636107980014));
#3765=CARTESIAN_POINT('Ctrl Pts',(0.,1.92255062295824,-0.976636107980014));
#3766=CARTESIAN_POINT('Ctrl Pts',(1.92255062295824,1.92255062295824,-0.976636107980014));
#3767=CARTESIAN_POINT('Ctrl Pts',(1.92255062295824,0.,-0.976636107980014));
#3768=CARTESIAN_POINT('Ctrl Pts',(1.92255062295824,-1.92255062295824,-0.976636107980014));
#3769=CARTESIAN_POINT('Ctrl Pts',(0.,-1.92255062295824,-0.976636107980014));
#3770=CARTESIAN_POINT('Ctrl Pts',(-1.92255062295824,-1.92255062295824,-0.976636107980014));
#3771=CARTESIAN_POINT('Ctrl Pts',(-1.92255062295824,0.,-0.976636107980014));
#3772=CARTESIAN_POINT('Ctrl Pts',(-1.80641214232516,0.,-0.976435966935737));
#3773=CARTESIAN_POINT('Ctrl Pts',(-1.80641214232516,1.80641214232516,-0.976435966935737));
#3774=CARTESIAN_POINT('Ctrl Pts',(0.,1.80641214232516,-0.976435966935737));
#3775=CARTESIAN_POINT('Ctrl Pts',(1.80641214232516,1.80641214232516,-0.976435966935737));
#3776=CARTESIAN_POINT('Ctrl Pts',(1.80641214232516,0.,-0.976435966935737));
#3777=CARTESIAN_POINT('Ctrl Pts',(1.80641214232516,-1.80641214232516,-0.976435966935737));
#3778=CARTESIAN_POINT('Ctrl Pts',(0.,-1.80641214232516,-0.976435966935737));
#3779=CARTESIAN_POINT('Ctrl Pts',(-1.80641214232516,-1.80641214232516,-0.976435966935737));
#3780=CARTESIAN_POINT('Ctrl Pts',(-1.80641214232516,0.,-0.976435966935737));
#3781=CARTESIAN_POINT('Ctrl Pts',(-1.69162249255293,0.,-0.969772211571166));
#3782=CARTESIAN_POINT('Ctrl Pts',(-1.69162249255293,1.69162249255293,-0.969772211571166));
#3783=CARTESIAN_POINT('Ctrl Pts',(0.,1.69162249255293,-0.969772211571166));
#3784=CARTESIAN_POINT('Ctrl Pts',(1.69162249255293,1.69162249255293,-0.969772211571166));
#3785=CARTESIAN_POINT('Ctrl Pts',(1.69162249255293,0.,-0.969772211571166));
#3786=CARTESIAN_POINT('Ctrl Pts',(1.69162249255293,-1.69162249255293,-0.969772211571166));
#3787=CARTESIAN_POINT('Ctrl Pts',(0.,-1.69162249255293,-0.969772211571166));
#3788=CARTESIAN_POINT('Ctrl Pts',(-1.69162249255293,-1.69162249255293,-0.969772211571166));
#3789=CARTESIAN_POINT('Ctrl Pts',(-1.69162249255293,0.,-0.969772211571166));
#3790=CARTESIAN_POINT('Ctrl Pts',(-1.57944180527734,0.,-0.955786475505323));
#3791=CARTESIAN_POINT('Ctrl Pts',(-1.57944180527734,1.57944180527734,-0.955786475505323));
#3792=CARTESIAN_POINT('Ctrl Pts',(0.,1.57944180527734,-0.955786475505323));
#3793=CARTESIAN_POINT('Ctrl Pts',(1.57944180527734,1.57944180527734,-0.955786475505323));
#3794=CARTESIAN_POINT('Ctrl Pts',(1.57944180527734,0.,-0.955786475505323));
#3795=CARTESIAN_POINT('Ctrl Pts',(1.57944180527734,-1.57944180527734,-0.955786475505323));
#3796=CARTESIAN_POINT('Ctrl Pts',(0.,-1.57944180527734,-0.955786475505323));
#3797=CARTESIAN_POINT('Ctrl Pts',(-1.57944180527734,-1.57944180527734,-0.955786475505323));
#3798=CARTESIAN_POINT('Ctrl Pts',(-1.57944180527734,0.,-0.955786475505323));
#3799=CARTESIAN_POINT('Ctrl Pts',(-1.4713780763315,0.,-0.934266608550244));
#3800=CARTESIAN_POINT('Ctrl Pts',(-1.4713780763315,1.4713780763315,-0.934266608550244));
#3801=CARTESIAN_POINT('Ctrl Pts',(0.,1.4713780763315,-0.934266608550244));
#3802=CARTESIAN_POINT('Ctrl Pts',(1.4713780763315,1.4713780763315,-0.934266608550244));
#3803=CARTESIAN_POINT('Ctrl Pts',(1.4713780763315,0.,-0.934266608550244));
#3804=CARTESIAN_POINT('Ctrl Pts',(1.4713780763315,-1.4713780763315,-0.934266608550244));
#3805=CARTESIAN_POINT('Ctrl Pts',(0.,-1.4713780763315,-0.934266608550244));
#3806=CARTESIAN_POINT('Ctrl Pts',(-1.4713780763315,-1.4713780763315,-0.934266608550244));
#3807=CARTESIAN_POINT('Ctrl Pts',(-1.4713780763315,0.,-0.934266608550244));
#3808=CARTESIAN_POINT('Ctrl Pts',(-1.36909118420228,0.,-0.905701408132455));
#3809=CARTESIAN_POINT('Ctrl Pts',(-1.36909118420228,1.36909118420228,-0.905701408132455));
#3810=CARTESIAN_POINT('Ctrl Pts',(0.,1.36909118420228,-0.905701408132455));
#3811=CARTESIAN_POINT('Ctrl Pts',(1.36909118420228,1.36909118420228,-0.905701408132455));
#3812=CARTESIAN_POINT('Ctrl Pts',(1.36909118420228,0.,-0.905701408132455));
#3813=CARTESIAN_POINT('Ctrl Pts',(1.36909118420228,-1.36909118420228,-0.905701408132455));
#3814=CARTESIAN_POINT('Ctrl Pts',(0.,-1.36909118420228,-0.905701408132455));
#3815=CARTESIAN_POINT('Ctrl Pts',(-1.36909118420228,-1.36909118420228,-0.905701408132455));
#3816=CARTESIAN_POINT('Ctrl Pts',(-1.36909118420228,0.,-0.905701408132455));
#3817=CARTESIAN_POINT('Ctrl Pts',(-1.27423529588645,0.,-0.870973750764244));
#3818=CARTESIAN_POINT('Ctrl Pts',(-1.27423529588645,1.27423529588645,-0.870973750764244));
#3819=CARTESIAN_POINT('Ctrl Pts',(0.,1.27423529588645,-0.870973750764244));
#3820=CARTESIAN_POINT('Ctrl Pts',(1.27423529588645,1.27423529588645,-0.870973750764244));
#3821=CARTESIAN_POINT('Ctrl Pts',(1.27423529588645,0.,-0.870973750764244));
#3822=CARTESIAN_POINT('Ctrl Pts',(1.27423529588645,-1.27423529588645,-0.870973750764244));
#3823=CARTESIAN_POINT('Ctrl Pts',(0.,-1.27423529588645,-0.870973750764244));
#3824=CARTESIAN_POINT('Ctrl Pts',(-1.27423529588645,-1.27423529588645,-0.870973750764244));
#3825=CARTESIAN_POINT('Ctrl Pts',(-1.27423529588645,0.,-0.870973750764244));
#3826=CARTESIAN_POINT('Ctrl Pts',(-1.18830740722293,0.,-0.831139469637301));
#3827=CARTESIAN_POINT('Ctrl Pts',(-1.18830740722293,1.18830740722293,-0.831139469637301));
#3828=CARTESIAN_POINT('Ctrl Pts',(0.,1.18830740722293,-0.831139469637301));
#3829=CARTESIAN_POINT('Ctrl Pts',(1.18830740722293,1.18830740722293,-0.831139469637301));
#3830=CARTESIAN_POINT('Ctrl Pts',(1.18830740722293,0.,-0.831139469637301));
#3831=CARTESIAN_POINT('Ctrl Pts',(1.18830740722293,-1.18830740722293,-0.831139469637301));
#3832=CARTESIAN_POINT('Ctrl Pts',(0.,-1.18830740722293,-0.831139469637301));
#3833=CARTESIAN_POINT('Ctrl Pts',(-1.18830740722293,-1.18830740722293,-0.831139469637301));
#3834=CARTESIAN_POINT('Ctrl Pts',(-1.18830740722293,0.,-0.831139469637301));
#3835=CARTESIAN_POINT('Ctrl Pts',(-1.11250843540665,0.,-0.787193190918452));
#3836=CARTESIAN_POINT('Ctrl Pts',(-1.11250843540665,1.11250843540665,-0.787193190918452));
#3837=CARTESIAN_POINT('Ctrl Pts',(0.,1.11250843540665,-0.787193190918452));
#3838=CARTESIAN_POINT('Ctrl Pts',(1.11250843540665,1.11250843540665,-0.787193190918452));
#3839=CARTESIAN_POINT('Ctrl Pts',(1.11250843540665,0.,-0.787193190918452));
#3840=CARTESIAN_POINT('Ctrl Pts',(1.11250843540665,-1.11250843540665,-0.787193190918452));
#3841=CARTESIAN_POINT('Ctrl Pts',(0.,-1.11250843540665,-0.787193190918452));
#3842=CARTESIAN_POINT('Ctrl Pts',(-1.11250843540665,-1.11250843540665,-0.787193190918452));
#3843=CARTESIAN_POINT('Ctrl Pts',(-1.11250843540665,0.,-0.787193190918452));
#3844=CARTESIAN_POINT('Ctrl Pts',(-1.04755120380037,0.,-0.739794248737515));
#3845=CARTESIAN_POINT('Ctrl Pts',(-1.04755120380037,1.04755120380037,-0.739794248737515));
#3846=CARTESIAN_POINT('Ctrl Pts',(0.,1.04755120380037,-0.739794248737515));
#3847=CARTESIAN_POINT('Ctrl Pts',(1.04755120380037,1.04755120380037,-0.739794248737515));
#3848=CARTESIAN_POINT('Ctrl Pts',(1.04755120380037,0.,-0.739794248737515));
#3849=CARTESIAN_POINT('Ctrl Pts',(1.04755120380037,-1.04755120380037,-0.739794248737515));
#3850=CARTESIAN_POINT('Ctrl Pts',(0.,-1.04755120380037,-0.739794248737515));
#3851=CARTESIAN_POINT('Ctrl Pts',(-1.04755120380037,-1.04755120380037,-0.739794248737515));
#3852=CARTESIAN_POINT('Ctrl Pts',(-1.04755120380037,0.,-0.739794248737515));
#3853=CARTESIAN_POINT('Ctrl Pts',(-1.00449576816689,0.,-0.699375628833483));
#3854=CARTESIAN_POINT('Ctrl Pts',(-1.00449576816689,1.00449576816689,-0.699375628833483));
#3855=CARTESIAN_POINT('Ctrl Pts',(0.,1.00449576816689,-0.699375628833483));
#3856=CARTESIAN_POINT('Ctrl Pts',(1.00449576816689,1.00449576816689,-0.699375628833483));
#3857=CARTESIAN_POINT('Ctrl Pts',(1.00449576816689,0.,-0.699375628833483));
#3858=CARTESIAN_POINT('Ctrl Pts',(1.00449576816689,-1.00449576816689,-0.699375628833483));
#3859=CARTESIAN_POINT('Ctrl Pts',(0.,-1.00449576816689,-0.699375628833483));
#3860=CARTESIAN_POINT('Ctrl Pts',(-1.00449576816689,-1.00449576816689,-0.699375628833483));
#3861=CARTESIAN_POINT('Ctrl Pts',(-1.00449576816689,0.,-0.699375628833483));
#3862=CARTESIAN_POINT('Ctrl Pts',(-0.977244086793561,0.,-0.667711963676549));
#3863=CARTESIAN_POINT('Ctrl Pts',(-0.97724408679356,0.97724408679356,-0.667711963676549));
#3864=CARTESIAN_POINT('Ctrl Pts',(0.,0.977244086793561,-0.667711963676549));
#3865=CARTESIAN_POINT('Ctrl Pts',(0.97724408679356,0.97724408679356,-0.667711963676549));
#3866=CARTESIAN_POINT('Ctrl Pts',(0.977244086793561,0.,-0.667711963676549));
#3867=CARTESIAN_POINT('Ctrl Pts',(0.97724408679356,-0.97724408679356,-0.667711963676549));
#3868=CARTESIAN_POINT('Ctrl Pts',(0.,-0.977244086793561,-0.667711963676549));
#3869=CARTESIAN_POINT('Ctrl Pts',(-0.97724408679356,-0.97724408679356,-0.667711963676549));
#3870=CARTESIAN_POINT('Ctrl Pts',(-0.977244086793561,0.,-0.667711963676549));
#3871=CARTESIAN_POINT('Ctrl Pts',(-0.961311967883148,0.,-0.646003817502658));
#3872=CARTESIAN_POINT('Ctrl Pts',(-0.961311967883148,0.961311967883148,
-0.646003817502658));
#3873=CARTESIAN_POINT('Ctrl Pts',(0.,0.961311967883148,-0.646003817502658));
#3874=CARTESIAN_POINT('Ctrl Pts',(0.961311967883148,0.961311967883148,-0.646003817502658));
#3875=CARTESIAN_POINT('Ctrl Pts',(0.961311967883148,0.,-0.646003817502658));
#3876=CARTESIAN_POINT('Ctrl Pts',(0.961311967883148,-0.961311967883148,
-0.646003817502658));
#3877=CARTESIAN_POINT('Ctrl Pts',(0.,-0.961311967883148,-0.646003817502658));
#3878=CARTESIAN_POINT('Ctrl Pts',(-0.961311967883148,-0.961311967883148,
-0.646003817502658));
#3879=CARTESIAN_POINT('Ctrl Pts',(-0.961311967883148,0.,-0.646003817502658));
#3880=CARTESIAN_POINT('Ctrl Pts',(-0.953904839200302,0.,-0.635));
#3881=CARTESIAN_POINT('Ctrl Pts',(-0.953904839200302,0.953904839200302,
-0.635));
#3882=CARTESIAN_POINT('Ctrl Pts',(0.,0.953904839200302,-0.635));
#3883=CARTESIAN_POINT('Ctrl Pts',(0.953904839200302,0.953904839200302,-0.635));
#3884=CARTESIAN_POINT('Ctrl Pts',(0.953904839200302,0.,-0.635));
#3885=CARTESIAN_POINT('Ctrl Pts',(0.953904839200302,-0.953904839200302,
-0.635));
#3886=CARTESIAN_POINT('Ctrl Pts',(0.,-0.953904839200302,-0.635));
#3887=CARTESIAN_POINT('Ctrl Pts',(-0.953904839200302,-0.953904839200302,
-0.635));
#3888=CARTESIAN_POINT('Ctrl Pts',(-0.953904839200302,0.,-0.635));
#3889=CARTESIAN_POINT('',(0.953757428208496,-0.0167693287543133,-0.634999999999999));
#3890=CARTESIAN_POINT('Ctrl Pts',(0.953757428208496,-0.0167693287543132,
-0.635));
#3891=CARTESIAN_POINT('Ctrl Pts',(0.980345617625821,-0.0167693287543132,
-0.674492546202748));
#3892=CARTESIAN_POINT('Ctrl Pts',(1.013854770826,-0.016769328754334,-0.709106307744683));
#3893=CARTESIAN_POINT('Ctrl Pts',(1.09364244887131,-0.016769328754334,-0.774757148495394));
#3894=CARTESIAN_POINT('Ctrl Pts',(1.14229633521999,-0.0167693287544174,
-0.805119741793387));
#3895=CARTESIAN_POINT('Ctrl Pts',(1.28133804504241,-0.0167693287544174,
-0.876878067672687));
#3896=CARTESIAN_POINT('Ctrl Pts',(1.41174730582866,-0.01676932869803,-0.927044390781432));
#3897=CARTESIAN_POINT('Ctrl Pts',(1.6350033722192,-0.01676932869803,-0.962613814648226));
#3898=CARTESIAN_POINT('Ctrl Pts',(1.89181863961226,-0.0167693287543477,
-1.01452454468237));
#3899=CARTESIAN_POINT('Ctrl Pts',(2.88980539000857,-0.0167693287543479,
-0.857867191034338));
#3900=CARTESIAN_POINT('Ctrl Pts',(3.15910418736205,-0.0167693287543134,
-0.774411934621841));
#3901=CARTESIAN_POINT('Ctrl Pts',(3.56466317463286,-0.0167693287543135,
-0.597691918222661));
#3902=CARTESIAN_POINT('Ctrl Pts',(3.68952167972291,-0.0167693287543133,
-0.514275200297374));
#3903=CARTESIAN_POINT('Ctrl Pts',(3.85655411306621,-0.0167693287543134,
-0.371379682864355));
#3904=CARTESIAN_POINT('Ctrl Pts',(3.9247636593271,-0.0167693287543143,-0.293564517238446));
#3905=CARTESIAN_POINT('Ctrl Pts',(3.97613737691929,-0.0167693287543143,
-0.203174972939957));
#3906=CARTESIAN_POINT('',(0.4623560493986,0.834362826253827,-0.635));
#3907=CARTESIAN_POINT('Origin',(0.,0.,-0.635));
#3908=CARTESIAN_POINT('Ctrl Pts',(1.5307650703751,0.548083491897046,-0.960562217564153));
#3909=CARTESIAN_POINT('Ctrl Pts',(1.23293421700642,0.627887028538258,-0.927170862039246));
#3910=CARTESIAN_POINT('Ctrl Pts',(0.977783276308352,0.696254517046346,-0.842305114335473));
#3911=CARTESIAN_POINT('Ctrl Pts',(0.631228588700256,0.789113565724155,-0.703986560010906));
#3912=CARTESIAN_POINT('Ctrl Pts',(0.540566976476175,0.813406271504101,-0.664085099839504));
#3913=CARTESIAN_POINT('Ctrl Pts',(0.462356049398599,0.834362826253827,-0.635));
#3914=CARTESIAN_POINT('Origin',(0.953757428208496,-0.0167693287543133,3.175));
#3915=CARTESIAN_POINT('',(1.26988928242313,-0.0167693287543133,-0.635));
#3916=CARTESIAN_POINT('Ctrl Pts',(3.97029818649616,-0.0167693287543147,
-0.202987749192207));
#3917=CARTESIAN_POINT('Ctrl Pts',(3.55954930498568,-0.0167693287543146,
-0.443652127348315));
#3918=CARTESIAN_POINT('Ctrl Pts',(2.94160596696587,-0.0167693287545422,
-0.63485594410043));
#3919=CARTESIAN_POINT('Ctrl Pts',(2.12929000681376,-0.016769328754542,-0.773207028691784));
#3920=CARTESIAN_POINT('Ctrl Pts',(1.89047138352254,-0.0167693287543155,
-0.776368571536831));
#3921=CARTESIAN_POINT('Ctrl Pts',(1.55268390766062,-0.0167693287543155,
-0.738054558894022));
#3922=CARTESIAN_POINT('Ctrl Pts',(1.40540494919523,-0.0167693287543132,
-0.701206452029675));
#3923=CARTESIAN_POINT('Ctrl Pts',(1.26988928242313,-0.0167693287543132,
-0.635));
#3924=CARTESIAN_POINT('',(1.26988928242313,-0.0167693287543133,0.635));
#3925=CARTESIAN_POINT('',(1.26988928242313,-0.0167693287543133,0.));
#3926=CARTESIAN_POINT('Ctrl Pts',(3.97919218491333,-0.016769328754314,0.197749631526101));
#3927=CARTESIAN_POINT('Ctrl Pts',(3.56851024583945,-0.0167693287543139,
0.440877683771882));
#3928=CARTESIAN_POINT('Ctrl Pts',(2.94512722860129,-0.0167693287545422,
0.634256213958111));
#3929=CARTESIAN_POINT('Ctrl Pts',(2.12929000681376,-0.016769328754542,0.773207028691784));
#3930=CARTESIAN_POINT('Ctrl Pts',(1.89047138352254,-0.0167693287543155,
0.776368571536831));
#3931=CARTESIAN_POINT('Ctrl Pts',(1.55268390766062,-0.0167693287543155,
0.738054558894022));
#3932=CARTESIAN_POINT('Ctrl Pts',(1.40540494919523,-0.0167693287543132,
0.701206452029675));
#3933=CARTESIAN_POINT('Ctrl Pts',(1.26988928242313,-0.0167693287543132,
0.635));
#3934=CARTESIAN_POINT('',(0.953757428208496,-0.0167693287543133,0.634999999999999));
#3935=CARTESIAN_POINT('Ctrl Pts',(0.953757428208496,-0.0167693287543132,
0.635));
#3936=CARTESIAN_POINT('Ctrl Pts',(0.980345617625821,-0.0167693287543132,
0.674492546202748));
#3937=CARTESIAN_POINT('Ctrl Pts',(1.013854770826,-0.016769328754334,0.709106307744683));
#3938=CARTESIAN_POINT('Ctrl Pts',(1.09364244887131,-0.016769328754334,0.774757148495394));
#3939=CARTESIAN_POINT('Ctrl Pts',(1.14229633521999,-0.0167693287544174,
0.805119741793387));
#3940=CARTESIAN_POINT('Ctrl Pts',(1.28133804504241,-0.0167693287544174,
0.876878067672687));
#3941=CARTESIAN_POINT('Ctrl Pts',(1.41174730582866,-0.01676932869803,0.927044390781432));
#3942=CARTESIAN_POINT('Ctrl Pts',(1.6350033722192,-0.01676932869803,0.962613814648226));
#3943=CARTESIAN_POINT('Ctrl Pts',(1.89181863961226,-0.0167693287543477,
1.01452454468237));
#3944=CARTESIAN_POINT('Ctrl Pts',(2.88980539000857,-0.0167693287543479,
0.857867191034338));
#3945=CARTESIAN_POINT('Ctrl Pts',(3.15910418736205,-0.0167693287543134,
0.774411934621841));
#3946=CARTESIAN_POINT('Ctrl Pts',(3.56466317463286,-0.0167693287543135,
0.597691918222661));
#3947=CARTESIAN_POINT('Ctrl Pts',(3.68952167972291,-0.0167693287543133,
0.514275200297374));
#3948=CARTESIAN_POINT('Ctrl Pts',(3.8581336440849,-0.0167693287543134,0.370028400974369));
#3949=CARTESIAN_POINT('Ctrl Pts',(3.92748202742969,-0.016769328754314,0.290455932144394));
#3950=CARTESIAN_POINT('Ctrl Pts',(3.97919218491333,-0.016769328754314,0.197749631526101));
#3951=CARTESIAN_POINT('',(0.953757428208496,-0.0167693287543133,-3.175));
#3952=CARTESIAN_POINT('Origin',(-0.0167693287543132,-0.953757428208496,
3.175));
#3953=CARTESIAN_POINT('',(-0.0167693287543132,-1.26988928242313,-0.635));
#3954=CARTESIAN_POINT('Ctrl Pts',(-0.0167693287543127,-3.97029818649616,
-0.202987749192208));
#3955=CARTESIAN_POINT('Ctrl Pts',(-0.0167693287543126,-3.55954930498564,
-0.443652127348336));
#3956=CARTESIAN_POINT('Ctrl Pts',(-0.016769328754541,-2.94160596696561,
-0.63485594410055));
#3957=CARTESIAN_POINT('Ctrl Pts',(-0.0167693287545409,-2.12929000681291,
-0.773207028691878));
#3958=CARTESIAN_POINT('Ctrl Pts',(-0.0167693287543154,-1.89047138352203,
-0.776368571536772));
#3959=CARTESIAN_POINT('Ctrl Pts',(-0.0167693287543154,-1.55268390766067,
-0.738054558894029));
#3960=CARTESIAN_POINT('Ctrl Pts',(-0.0167693287543126,-1.40540494919524,
-0.701206452029676));
#3961=CARTESIAN_POINT('Ctrl Pts',(-0.0167693287543126,-1.26988928242313,
-0.635));
#3962=CARTESIAN_POINT('',(-0.0167693287543132,-1.26988928242313,0.635));
#3963=CARTESIAN_POINT('',(-0.0167693287543132,-1.26988928242313,0.));
#3964=CARTESIAN_POINT('Ctrl Pts',(-0.0167693287543138,-3.97919218491333,
0.197749631526101));
#3965=CARTESIAN_POINT('Ctrl Pts',(-0.0167693287543137,-3.56851024583941,
0.440877683771906));
#3966=CARTESIAN_POINT('Ctrl Pts',(-0.016769328754541,-2.94512722860103,
0.634256213958231));
#3967=CARTESIAN_POINT('Ctrl Pts',(-0.0167693287545409,-2.12929000681291,
0.773207028691878));
#3968=CARTESIAN_POINT('Ctrl Pts',(-0.0167693287543154,-1.89047138352203,
0.776368571536772));
#3969=CARTESIAN_POINT('Ctrl Pts',(-0.0167693287543154,-1.55268390766067,
0.738054558894029));
#3970=CARTESIAN_POINT('Ctrl Pts',(-0.0167693287543126,-1.40540494919524,
0.701206452029676));
#3971=CARTESIAN_POINT('Ctrl Pts',(-0.0167693287543126,-1.26988928242313,
0.635));
#3972=CARTESIAN_POINT('',(-0.0167693287543133,-0.953757428208496,0.635));
#3973=CARTESIAN_POINT('Ctrl Pts',(-0.0167693287543127,-0.953757428208496,
0.635));
#3974=CARTESIAN_POINT('Ctrl Pts',(-0.0167693287543127,-0.980345617625821,
0.674492546202748));
#3975=CARTESIAN_POINT('Ctrl Pts',(-0.016769328754334,-1.013854770826,0.709106307744683));
#3976=CARTESIAN_POINT('Ctrl Pts',(-0.016769328754334,-1.09364244887131,
0.774757148495394));
#3977=CARTESIAN_POINT('Ctrl Pts',(-0.0167693287544183,-1.14229633521999,
0.805119741793387));
#3978=CARTESIAN_POINT('Ctrl Pts',(-0.0167693287544184,-1.28133804504241,
0.876878067672687));
#3979=CARTESIAN_POINT('Ctrl Pts',(-0.0167693286980313,-1.41174730582866,
0.927044390781433));
#3980=CARTESIAN_POINT('Ctrl Pts',(-0.0167693286980313,-1.6350033722192,
0.962613814648226));
#3981=CARTESIAN_POINT('Ctrl Pts',(-0.0167693287543487,-1.89181863961226,
1.01452454468237));
#3982=CARTESIAN_POINT('Ctrl Pts',(-0.0167693287543488,-2.88980539000857,
0.857867191034339));
#3983=CARTESIAN_POINT('Ctrl Pts',(-0.0167693287543102,-3.15910418736205,
0.774411934621841));
#3984=CARTESIAN_POINT('Ctrl Pts',(-0.0167693287543103,-3.56466317463287,
0.597691918222659));
#3985=CARTESIAN_POINT('Ctrl Pts',(-0.0167693287543131,-3.68952167972291,
0.514275200297372));
#3986=CARTESIAN_POINT('Ctrl Pts',(-0.0167693287543131,-3.8581336440849,
0.370028400974369));
#3987=CARTESIAN_POINT('Ctrl Pts',(-0.0167693287543138,-3.92748202742969,
0.290455932144394));
#3988=CARTESIAN_POINT('Ctrl Pts',(-0.0167693287543138,-3.97919218491333,
0.197749631526101));
#3989=CARTESIAN_POINT('',(-0.0167693287543133,-0.953757428208496,-0.635));
#3990=CARTESIAN_POINT('',(-0.0167693287543133,-0.953757428208496,-3.175));
#3991=CARTESIAN_POINT('Ctrl Pts',(-0.0167693287543127,-0.953757428208496,
-0.635));
#3992=CARTESIAN_POINT('Ctrl Pts',(-0.0167693287543127,-0.980345617625821,
-0.674492546202748));
#3993=CARTESIAN_POINT('Ctrl Pts',(-0.016769328754334,-1.013854770826,-0.709106307744683));
#3994=CARTESIAN_POINT('Ctrl Pts',(-0.016769328754334,-1.09364244887131,
-0.774757148495394));
#3995=CARTESIAN_POINT('Ctrl Pts',(-0.0167693287544183,-1.14229633521999,
-0.805119741793387));
#3996=CARTESIAN_POINT('Ctrl Pts',(-0.0167693287544184,-1.28133804504241,
-0.876878067672687));
#3997=CARTESIAN_POINT('Ctrl Pts',(-0.0167693286980313,-1.41174730582866,
-0.927044390781433));
#3998=CARTESIAN_POINT('Ctrl Pts',(-0.0167693286980313,-1.6350033722192,
-0.962613814648226));
#3999=CARTESIAN_POINT('Ctrl Pts',(-0.0167693287543487,-1.89181863961226,
-1.01452454468237));
#4000=CARTESIAN_POINT('Ctrl Pts',(-0.0167693287543488,-2.88980539000857,
-0.857867191034339));
#4001=CARTESIAN_POINT('Ctrl Pts',(-0.0167693287543102,-3.15910418736205,
-0.774411934621841));
#4002=CARTESIAN_POINT('Ctrl Pts',(-0.0167693287543103,-3.56466317463287,
-0.597691918222659));
#4003=CARTESIAN_POINT('Ctrl Pts',(-0.0167693287543131,-3.68952167972291,
-0.514275200297372));
#4004=CARTESIAN_POINT('Ctrl Pts',(-0.0167693287543131,-3.85655411306621,
-0.371379682864355));
#4005=CARTESIAN_POINT('Ctrl Pts',(-0.0167693287543123,-3.9247636593271,
-0.293564517238444));
#4006=CARTESIAN_POINT('Ctrl Pts',(-0.0167693287543123,-3.97613737691929,
-0.203174972939956));
#4007=CARTESIAN_POINT('Ctrl Pts',(-1.27,0.,-0.635));
#4008=CARTESIAN_POINT('Ctrl Pts',(-1.27,1.27,-0.635));
#4009=CARTESIAN_POINT('Ctrl Pts',(0.,1.27,-0.635));
#4010=CARTESIAN_POINT('Ctrl Pts',(1.27,1.27,-0.635));
#4011=CARTESIAN_POINT('Ctrl Pts',(1.27,0.,-0.635));
#4012=CARTESIAN_POINT('Ctrl Pts',(1.27,-1.27,-0.635));
#4013=CARTESIAN_POINT('Ctrl Pts',(0.,-1.27,-0.635));
#4014=CARTESIAN_POINT('Ctrl Pts',(-1.27,-1.27,-0.635));
#4015=CARTESIAN_POINT('Ctrl Pts',(-1.27,0.,-0.635));
#4016=CARTESIAN_POINT('Ctrl Pts',(-1.28976000903809,0.,-0.644654633909946));
#4017=CARTESIAN_POINT('Ctrl Pts',(-1.28976000903809,1.28976000903809,-0.644654633909946));
#4018=CARTESIAN_POINT('Ctrl Pts',(0.,1.28976000903809,-0.644654633909946));
#4019=CARTESIAN_POINT('Ctrl Pts',(1.28976000903809,1.28976000903809,-0.644654633909946));
#4020=CARTESIAN_POINT('Ctrl Pts',(1.28976000903809,0.,-0.644654633909946));
#4021=CARTESIAN_POINT('Ctrl Pts',(1.28976000903809,-1.28976000903809,-0.644654633909946));
#4022=CARTESIAN_POINT('Ctrl Pts',(0.,-1.28976000903809,-0.644654633909946));
#4023=CARTESIAN_POINT('Ctrl Pts',(-1.28976000903809,-1.28976000903809,-0.644654633909946));
#4024=CARTESIAN_POINT('Ctrl Pts',(-1.28976000903809,0.,-0.644654633909946));
#4025=CARTESIAN_POINT('Ctrl Pts',(-1.33005338904588,0.,-0.663091609763323));
#4026=CARTESIAN_POINT('Ctrl Pts',(-1.33005338904588,1.33005338904588,-0.663091609763323));
#4027=CARTESIAN_POINT('Ctrl Pts',(0.,1.33005338904588,-0.663091609763323));
#4028=CARTESIAN_POINT('Ctrl Pts',(1.33005338904588,1.33005338904588,-0.663091609763323));
#4029=CARTESIAN_POINT('Ctrl Pts',(1.33005338904588,0.,-0.663091609763323));
#4030=CARTESIAN_POINT('Ctrl Pts',(1.33005338904588,-1.33005338904588,-0.663091609763323));
#4031=CARTESIAN_POINT('Ctrl Pts',(0.,-1.33005338904588,-0.663091609763323));
#4032=CARTESIAN_POINT('Ctrl Pts',(-1.33005338904588,-1.33005338904588,-0.663091609763323));
#4033=CARTESIAN_POINT('Ctrl Pts',(-1.33005338904588,0.,-0.663091609763323));
#4034=CARTESIAN_POINT('Ctrl Pts',(-1.39281356358397,0.,-0.688130181283886));
#4035=CARTESIAN_POINT('Ctrl Pts',(-1.39281356358397,1.39281356358397,-0.688130181283886));
#4036=CARTESIAN_POINT('Ctrl Pts',(0.,1.39281356358397,-0.688130181283886));
#4037=CARTESIAN_POINT('Ctrl Pts',(1.39281356358397,1.39281356358397,-0.688130181283886));
#4038=CARTESIAN_POINT('Ctrl Pts',(1.39281356358397,0.,-0.688130181283886));
#4039=CARTESIAN_POINT('Ctrl Pts',(1.39281356358397,-1.39281356358397,-0.688130181283886));
#4040=CARTESIAN_POINT('Ctrl Pts',(0.,-1.39281356358397,-0.688130181283886));
#4041=CARTESIAN_POINT('Ctrl Pts',(-1.39281356358397,-1.39281356358397,-0.688130181283886));
#4042=CARTESIAN_POINT('Ctrl Pts',(-1.39281356358397,0.,-0.688130181283886));
#4043=CARTESIAN_POINT('Ctrl Pts',(-1.48115277756041,0.,-0.716259945171289));
#4044=CARTESIAN_POINT('Ctrl Pts',(-1.48115277756041,1.48115277756041,-0.716259945171289));
#4045=CARTESIAN_POINT('Ctrl Pts',(0.,1.48115277756041,-0.716259945171289));
#4046=CARTESIAN_POINT('Ctrl Pts',(1.48115277756041,1.48115277756041,-0.716259945171289));
#4047=CARTESIAN_POINT('Ctrl Pts',(1.48115277756041,0.,-0.716259945171289));
#4048=CARTESIAN_POINT('Ctrl Pts',(1.48115277756041,-1.48115277756041,-0.716259945171289));
#4049=CARTESIAN_POINT('Ctrl Pts',(0.,-1.48115277756041,-0.716259945171289));
#4050=CARTESIAN_POINT('Ctrl Pts',(-1.48115277756041,-1.48115277756041,-0.716259945171289));
#4051=CARTESIAN_POINT('Ctrl Pts',(-1.48115277756041,0.,-0.716259945171289));
#4052=CARTESIAN_POINT('Ctrl Pts',(-1.59940380111457,0.,-0.742561927287715));
#4053=CARTESIAN_POINT('Ctrl Pts',(-1.59940380111457,1.59940380111457,-0.742561927287715));
#4054=CARTESIAN_POINT('Ctrl Pts',(0.,1.59940380111457,-0.742561927287715));
#4055=CARTESIAN_POINT('Ctrl Pts',(1.59940380111457,1.59940380111457,-0.742561927287715));
#4056=CARTESIAN_POINT('Ctrl Pts',(1.59940380111457,0.,-0.742561927287715));
#4057=CARTESIAN_POINT('Ctrl Pts',(1.59940380111457,-1.59940380111457,-0.742561927287715));
#4058=CARTESIAN_POINT('Ctrl Pts',(0.,-1.59940380111457,-0.742561927287715));
#4059=CARTESIAN_POINT('Ctrl Pts',(-1.59940380111457,-1.59940380111457,-0.742561927287715));
#4060=CARTESIAN_POINT('Ctrl Pts',(-1.59940380111457,0.,-0.742561927287715));
#4061=CARTESIAN_POINT('Ctrl Pts',(-1.72546868968633,0.,-0.759921593770094));
#4062=CARTESIAN_POINT('Ctrl Pts',(-1.72546868968633,1.72546868968633,-0.759921593770094));
#4063=CARTESIAN_POINT('Ctrl Pts',(0.,1.72546868968633,-0.759921593770094));
#4064=CARTESIAN_POINT('Ctrl Pts',(1.72546868968633,1.72546868968633,-0.759921593770094));
#4065=CARTESIAN_POINT('Ctrl Pts',(1.72546868968633,0.,-0.759921593770094));
#4066=CARTESIAN_POINT('Ctrl Pts',(1.72546868968633,-1.72546868968633,-0.759921593770094));
#4067=CARTESIAN_POINT('Ctrl Pts',(0.,-1.72546868968633,-0.759921593770094));
#4068=CARTESIAN_POINT('Ctrl Pts',(-1.72546868968633,-1.72546868968633,-0.759921593770094));
#4069=CARTESIAN_POINT('Ctrl Pts',(-1.72546868968633,0.,-0.759921593770094));
#4070=CARTESIAN_POINT('Ctrl Pts',(-1.85917266805368,0.,-0.768342464494351));
#4071=CARTESIAN_POINT('Ctrl Pts',(-1.85917266805368,1.85917266805368,-0.768342464494351));
#4072=CARTESIAN_POINT('Ctrl Pts',(0.,1.85917266805368,-0.768342464494351));
#4073=CARTESIAN_POINT('Ctrl Pts',(1.85917266805368,1.85917266805368,-0.768342464494351));
#4074=CARTESIAN_POINT('Ctrl Pts',(1.85917266805368,0.,-0.768342464494351));
#4075=CARTESIAN_POINT('Ctrl Pts',(1.85917266805368,-1.85917266805368,-0.768342464494351));
#4076=CARTESIAN_POINT('Ctrl Pts',(0.,-1.85917266805368,-0.768342464494351));
#4077=CARTESIAN_POINT('Ctrl Pts',(-1.85917266805368,-1.85917266805368,-0.768342464494351));
#4078=CARTESIAN_POINT('Ctrl Pts',(-1.85917266805368,0.,-0.768342464494351));
#4079=CARTESIAN_POINT('Ctrl Pts',(-2.00005900374125,0.,-0.768011316095539));
#4080=CARTESIAN_POINT('Ctrl Pts',(-2.00005900374125,2.00005900374125,-0.768011316095539));
#4081=CARTESIAN_POINT('Ctrl Pts',(0.,2.00005900374125,-0.768011316095539));
#4082=CARTESIAN_POINT('Ctrl Pts',(2.00005900374125,2.00005900374125,-0.768011316095539));
#4083=CARTESIAN_POINT('Ctrl Pts',(2.00005900374125,0.,-0.768011316095539));
#4084=CARTESIAN_POINT('Ctrl Pts',(2.00005900374125,-2.00005900374125,-0.768011316095539));
#4085=CARTESIAN_POINT('Ctrl Pts',(0.,-2.00005900374125,-0.768011316095539));
#4086=CARTESIAN_POINT('Ctrl Pts',(-2.00005900374125,-2.00005900374125,-0.768011316095539));
#4087=CARTESIAN_POINT('Ctrl Pts',(-2.00005900374125,0.,-0.768011316095539));
#4088=CARTESIAN_POINT('Ctrl Pts',(-2.14737033868111,0.,-0.75930282290649));
#4089=CARTESIAN_POINT('Ctrl Pts',(-2.14737033868111,2.14737033868111,-0.75930282290649));
#4090=CARTESIAN_POINT('Ctrl Pts',(0.,2.14737033868111,-0.75930282290649));
#4091=CARTESIAN_POINT('Ctrl Pts',(2.14737033868111,2.14737033868111,-0.75930282290649));
#4092=CARTESIAN_POINT('Ctrl Pts',(2.14737033868111,0.,-0.75930282290649));
#4093=CARTESIAN_POINT('Ctrl Pts',(2.14737033868111,-2.14737033868111,-0.75930282290649));
#4094=CARTESIAN_POINT('Ctrl Pts',(0.,-2.14737033868111,-0.75930282290649));
#4095=CARTESIAN_POINT('Ctrl Pts',(-2.14737033868111,-2.14737033868111,-0.75930282290649));
#4096=CARTESIAN_POINT('Ctrl Pts',(-2.14737033868111,0.,-0.75930282290649));
#4097=CARTESIAN_POINT('Ctrl Pts',(-2.3000902151504,0.,-0.742730189490773));
#4098=CARTESIAN_POINT('Ctrl Pts',(-2.3000902151504,2.3000902151504,-0.742730189490773));
#4099=CARTESIAN_POINT('Ctrl Pts',(0.,2.3000902151504,-0.742730189490773));
#4100=CARTESIAN_POINT('Ctrl Pts',(2.3000902151504,2.3000902151504,-0.742730189490773));
#4101=CARTESIAN_POINT('Ctrl Pts',(2.3000902151504,0.,-0.742730189490773));
#4102=CARTESIAN_POINT('Ctrl Pts',(2.3000902151504,-2.3000902151504,-0.742730189490773));
#4103=CARTESIAN_POINT('Ctrl Pts',(0.,-2.3000902151504,-0.742730189490773));
#4104=CARTESIAN_POINT('Ctrl Pts',(-2.3000902151504,-2.3000902151504,-0.742730189490773));
#4105=CARTESIAN_POINT('Ctrl Pts',(-2.3000902151504,0.,-0.742730189490773));
#4106=CARTESIAN_POINT('Ctrl Pts',(-2.45695303185239,0.,-0.7189240388291));
#4107=CARTESIAN_POINT('Ctrl Pts',(-2.45695303185239,2.45695303185239,-0.7189240388291));
#4108=CARTESIAN_POINT('Ctrl Pts',(0.,2.45695303185239,-0.7189240388291));
#4109=CARTESIAN_POINT('Ctrl Pts',(2.45695303185239,2.45695303185239,-0.7189240388291));
#4110=CARTESIAN_POINT('Ctrl Pts',(2.45695303185239,0.,-0.7189240388291));
#4111=CARTESIAN_POINT('Ctrl Pts',(2.45695303185239,-2.45695303185239,-0.7189240388291));
#4112=CARTESIAN_POINT('Ctrl Pts',(0.,-2.45695303185239,-0.7189240388291));
#4113=CARTESIAN_POINT('Ctrl Pts',(-2.45695303185239,-2.45695303185239,-0.7189240388291));
#4114=CARTESIAN_POINT('Ctrl Pts',(-2.45695303185239,0.,-0.7189240388291));
#4115=CARTESIAN_POINT('Ctrl Pts',(-2.61646167437853,0.,-0.688608589764148));
#4116=CARTESIAN_POINT('Ctrl Pts',(-2.61646167437853,2.61646167437853,-0.688608589764148));
#4117=CARTESIAN_POINT('Ctrl Pts',(0.,2.61646167437853,-0.688608589764148));
#4118=CARTESIAN_POINT('Ctrl Pts',(2.61646167437853,2.61646167437853,-0.688608589764148));
#4119=CARTESIAN_POINT('Ctrl Pts',(2.61646167437853,0.,-0.688608589764148));
#4120=CARTESIAN_POINT('Ctrl Pts',(2.61646167437853,-2.61646167437853,-0.688608589764148));
#4121=CARTESIAN_POINT('Ctrl Pts',(0.,-2.61646167437853,-0.688608589764148));
#4122=CARTESIAN_POINT('Ctrl Pts',(-2.61646167437853,-2.61646167437853,-0.688608589764148));
#4123=CARTESIAN_POINT('Ctrl Pts',(-2.61646167437853,0.,-0.688608589764148));
#4124=CARTESIAN_POINT('Ctrl Pts',(-2.77688015186133,0.,-0.652593820270341));
#4125=CARTESIAN_POINT('Ctrl Pts',(-2.77688015186133,2.77688015186133,-0.652593820270341));
#4126=CARTESIAN_POINT('Ctrl Pts',(0.,2.77688015186133,-0.652593820270341));
#4127=CARTESIAN_POINT('Ctrl Pts',(2.77688015186133,2.77688015186133,-0.652593820270341));
#4128=CARTESIAN_POINT('Ctrl Pts',(2.77688015186133,0.,-0.652593820270341));
#4129=CARTESIAN_POINT('Ctrl Pts',(2.77688015186133,-2.77688015186133,-0.652593820270341));
#4130=CARTESIAN_POINT('Ctrl Pts',(0.,-2.77688015186133,-0.652593820270341));
#4131=CARTESIAN_POINT('Ctrl Pts',(-2.77688015186133,-2.77688015186133,-0.652593820270341));
#4132=CARTESIAN_POINT('Ctrl Pts',(-2.77688015186133,0.,-0.652593820270341));
#4133=CARTESIAN_POINT('Ctrl Pts',(-2.93627072850678,0.,-0.611754084878089));
#4134=CARTESIAN_POINT('Ctrl Pts',(-2.93627072850678,2.93627072850678,-0.611754084878089));
#4135=CARTESIAN_POINT('Ctrl Pts',(0.,2.93627072850678,-0.611754084878089));
#4136=CARTESIAN_POINT('Ctrl Pts',(2.93627072850678,2.93627072850678,-0.611754084878089));
#4137=CARTESIAN_POINT('Ctrl Pts',(2.93627072850678,0.,-0.611754084878089));
#4138=CARTESIAN_POINT('Ctrl Pts',(2.93627072850678,-2.93627072850678,-0.611754084878089));
#4139=CARTESIAN_POINT('Ctrl Pts',(0.,-2.93627072850678,-0.611754084878089));
#4140=CARTESIAN_POINT('Ctrl Pts',(-2.93627072850678,-2.93627072850678,-0.611754084878089));
#4141=CARTESIAN_POINT('Ctrl Pts',(-2.93627072850678,0.,-0.611754084878089));
#4142=CARTESIAN_POINT('Ctrl Pts',(-3.09264260186243,0.,-0.566969093104279));
#4143=CARTESIAN_POINT('Ctrl Pts',(-3.09264260186243,3.09264260186243,-0.566969093104279));
#4144=CARTESIAN_POINT('Ctrl Pts',(0.,3.09264260186243,-0.566969093104279));
#4145=CARTESIAN_POINT('Ctrl Pts',(3.09264260186243,3.09264260186243,-0.566969093104279));
#4146=CARTESIAN_POINT('Ctrl Pts',(3.09264260186243,0.,-0.566969093104279));
#4147=CARTESIAN_POINT('Ctrl Pts',(3.09264260186243,-3.09264260186243,-0.566969093104279));
#4148=CARTESIAN_POINT('Ctrl Pts',(0.,-3.09264260186243,-0.566969093104279));
#4149=CARTESIAN_POINT('Ctrl Pts',(-3.09264260186243,-3.09264260186243,-0.566969093104279));
#4150=CARTESIAN_POINT('Ctrl Pts',(-3.09264260186243,0.,-0.566969093104279));
#4151=CARTESIAN_POINT('Ctrl Pts',(-3.2440743653528,0.,-0.519078081530674));
#4152=CARTESIAN_POINT('Ctrl Pts',(-3.2440743653528,3.2440743653528,-0.519078081530674));
#4153=CARTESIAN_POINT('Ctrl Pts',(0.,3.2440743653528,-0.519078081530674));
#4154=CARTESIAN_POINT('Ctrl Pts',(3.2440743653528,3.2440743653528,-0.519078081530674));
#4155=CARTESIAN_POINT('Ctrl Pts',(3.2440743653528,0.,-0.519078081530674));
#4156=CARTESIAN_POINT('Ctrl Pts',(3.2440743653528,-3.2440743653528,-0.519078081530674));
#4157=CARTESIAN_POINT('Ctrl Pts',(0.,-3.2440743653528,-0.519078081530674));
#4158=CARTESIAN_POINT('Ctrl Pts',(-3.2440743653528,-3.2440743653528,-0.519078081530674));
#4159=CARTESIAN_POINT('Ctrl Pts',(-3.2440743653528,0.,-0.519078081530674));
#4160=CARTESIAN_POINT('Ctrl Pts',(-3.3888580194275,0.,-0.46883081109457));
#4161=CARTESIAN_POINT('Ctrl Pts',(-3.3888580194275,3.3888580194275,-0.46883081109457));
#4162=CARTESIAN_POINT('Ctrl Pts',(0.,3.3888580194275,-0.46883081109457));
#4163=CARTESIAN_POINT('Ctrl Pts',(3.3888580194275,3.3888580194275,-0.46883081109457));
#4164=CARTESIAN_POINT('Ctrl Pts',(3.3888580194275,0.,-0.46883081109457));
#4165=CARTESIAN_POINT('Ctrl Pts',(3.3888580194275,-3.3888580194275,-0.46883081109457));
#4166=CARTESIAN_POINT('Ctrl Pts',(0.,-3.3888580194275,-0.46883081109457));
#4167=CARTESIAN_POINT('Ctrl Pts',(-3.3888580194275,-3.3888580194275,-0.46883081109457));
#4168=CARTESIAN_POINT('Ctrl Pts',(-3.3888580194275,0.,-0.46883081109457));
#4169=CARTESIAN_POINT('Ctrl Pts',(-3.52562344177953,0.,-0.41684712354818));
#4170=CARTESIAN_POINT('Ctrl Pts',(-3.52562344177953,3.52562344177953,-0.41684712354818));
#4171=CARTESIAN_POINT('Ctrl Pts',(0.,3.52562344177953,-0.41684712354818));
#4172=CARTESIAN_POINT('Ctrl Pts',(3.52562344177953,3.52562344177953,-0.41684712354818));
#4173=CARTESIAN_POINT('Ctrl Pts',(3.52562344177953,0.,-0.41684712354818));
#4174=CARTESIAN_POINT('Ctrl Pts',(3.52562344177953,-3.52562344177953,-0.41684712354818));
#4175=CARTESIAN_POINT('Ctrl Pts',(0.,-3.52562344177953,-0.41684712354818));
#4176=CARTESIAN_POINT('Ctrl Pts',(-3.52562344177953,-3.52562344177953,-0.41684712354818));
#4177=CARTESIAN_POINT('Ctrl Pts',(-3.52562344177953,0.,-0.41684712354818));
#4178=CARTESIAN_POINT('Ctrl Pts',(-3.65352943185114,0.,-0.363561604651966));
#4179=CARTESIAN_POINT('Ctrl Pts',(-3.65352943185114,3.65352943185114,-0.363561604651966));
#4180=CARTESIAN_POINT('Ctrl Pts',(0.,3.65352943185114,-0.363561604651966));
#4181=CARTESIAN_POINT('Ctrl Pts',(3.65352943185114,3.65352943185114,-0.363561604651966));
#4182=CARTESIAN_POINT('Ctrl Pts',(3.65352943185114,0.,-0.363561604651966));
#4183=CARTESIAN_POINT('Ctrl Pts',(3.65352943185114,-3.65352943185114,-0.363561604651966));
#4184=CARTESIAN_POINT('Ctrl Pts',(0.,-3.65352943185114,-0.363561604651966));
#4185=CARTESIAN_POINT('Ctrl Pts',(-3.65352943185114,-3.65352943185114,-0.363561604651966));
#4186=CARTESIAN_POINT('Ctrl Pts',(-3.65352943185114,0.,-0.363561604651966));
#4187=CARTESIAN_POINT('Ctrl Pts',(-3.77219436432784,0.,-0.309238874883037));
#4188=CARTESIAN_POINT('Ctrl Pts',(-3.77219436432784,3.77219436432784,-0.309238874883037));
#4189=CARTESIAN_POINT('Ctrl Pts',(0.,3.77219436432784,-0.309238874883037));
#4190=CARTESIAN_POINT('Ctrl Pts',(3.77219436432784,3.77219436432784,-0.309238874883037));
#4191=CARTESIAN_POINT('Ctrl Pts',(3.77219436432784,0.,-0.309238874883037));
#4192=CARTESIAN_POINT('Ctrl Pts',(3.77219436432784,-3.77219436432784,-0.309238874883037));
#4193=CARTESIAN_POINT('Ctrl Pts',(0.,-3.77219436432784,-0.309238874883037));
#4194=CARTESIAN_POINT('Ctrl Pts',(-3.77219436432784,-3.77219436432784,-0.309238874883037));
#4195=CARTESIAN_POINT('Ctrl Pts',(-3.77219436432784,0.,-0.309238874883037));
#4196=CARTESIAN_POINT('Ctrl Pts',(-3.85965131419891,0.,-0.265063930982988));
#4197=CARTESIAN_POINT('Ctrl Pts',(-3.85965131419891,3.85965131419891,-0.265063930982988));
#4198=CARTESIAN_POINT('Ctrl Pts',(0.,3.85965131419891,-0.265063930982988));
#4199=CARTESIAN_POINT('Ctrl Pts',(3.85965131419891,3.85965131419891,-0.265063930982988));
#4200=CARTESIAN_POINT('Ctrl Pts',(3.85965131419891,0.,-0.265063930982988));
#4201=CARTESIAN_POINT('Ctrl Pts',(3.85965131419891,-3.85965131419891,-0.265063930982988));
#4202=CARTESIAN_POINT('Ctrl Pts',(0.,-3.85965131419891,-0.265063930982988));
#4203=CARTESIAN_POINT('Ctrl Pts',(-3.85965131419891,-3.85965131419891,-0.265063930982988));
#4204=CARTESIAN_POINT('Ctrl Pts',(-3.85965131419891,0.,-0.265063930982988));
#4205=CARTESIAN_POINT('Ctrl Pts',(-3.92106000196197,0.,-0.231553596089893));
#4206=CARTESIAN_POINT('Ctrl Pts',(-3.92106000196197,3.92106000196197,-0.231553596089893));
#4207=CARTESIAN_POINT('Ctrl Pts',(0.,3.92106000196197,-0.231553596089893));
#4208=CARTESIAN_POINT('Ctrl Pts',(3.92106000196197,3.92106000196197,-0.231553596089893));
#4209=CARTESIAN_POINT('Ctrl Pts',(3.92106000196197,0.,-0.231553596089893));
#4210=CARTESIAN_POINT('Ctrl Pts',(3.92106000196197,-3.92106000196197,-0.231553596089893));
#4211=CARTESIAN_POINT('Ctrl Pts',(0.,-3.92106000196197,-0.231553596089893));
#4212=CARTESIAN_POINT('Ctrl Pts',(-3.92106000196197,-3.92106000196197,-0.231553596089893));
#4213=CARTESIAN_POINT('Ctrl Pts',(-3.92106000196197,0.,-0.231553596089893));
#4214=CARTESIAN_POINT('Ctrl Pts',(-3.96014702705904,0.,-0.20904558541352));
#4215=CARTESIAN_POINT('Ctrl Pts',(-3.96014702705903,3.96014702705903,-0.20904558541352));
#4216=CARTESIAN_POINT('Ctrl Pts',(0.,3.96014702705904,-0.20904558541352));
#4217=CARTESIAN_POINT('Ctrl Pts',(3.96014702705903,3.96014702705903,-0.20904558541352));
#4218=CARTESIAN_POINT('Ctrl Pts',(3.96014702705904,0.,-0.20904558541352));
#4219=CARTESIAN_POINT('Ctrl Pts',(3.96014702705903,-3.96014702705903,-0.20904558541352));
#4220=CARTESIAN_POINT('Ctrl Pts',(0.,-3.96014702705904,-0.20904558541352));
#4221=CARTESIAN_POINT('Ctrl Pts',(-3.96014702705903,-3.96014702705903,-0.20904558541352));
#4222=CARTESIAN_POINT('Ctrl Pts',(-3.96014702705904,0.,-0.20904558541352));
#4223=CARTESIAN_POINT('Ctrl Pts',(-3.97922751986641,0.,-0.197749631526101));
#4224=CARTESIAN_POINT('Ctrl Pts',(-3.97922751986641,3.97922751986641,-0.197749631526101));
#4225=CARTESIAN_POINT('Ctrl Pts',(0.,3.97922751986641,-0.197749631526101));
#4226=CARTESIAN_POINT('Ctrl Pts',(3.97922751986641,3.97922751986641,-0.197749631526101));
#4227=CARTESIAN_POINT('Ctrl Pts',(3.97922751986641,0.,-0.197749631526101));
#4228=CARTESIAN_POINT('Ctrl Pts',(3.97922751986641,-3.97922751986641,-0.197749631526101));
#4229=CARTESIAN_POINT('Ctrl Pts',(0.,-3.97922751986641,-0.197749631526101));
#4230=CARTESIAN_POINT('Ctrl Pts',(-3.97922751986641,-3.97922751986641,-0.197749631526101));
#4231=CARTESIAN_POINT('Ctrl Pts',(-3.97922751986641,0.,-0.197749631526101));
#4232=CARTESIAN_POINT('',(0.548083491897046,-1.5307650703751,-0.744511538138559));
#4233=CARTESIAN_POINT('Ctrl Pts',(0.548083491897046,-1.5307650703751,-0.744511538138559));
#4234=CARTESIAN_POINT('Ctrl Pts',(0.765086372527173,-1.65605174192183,-0.775473745729151));
#4235=CARTESIAN_POINT('Ctrl Pts',(1.18691903710979,-1.89959694437158,-0.80523859358436));
#4236=CARTESIAN_POINT('Ctrl Pts',(2.15942094498308,-2.46107118266965,-0.519030419701043));
#4237=CARTESIAN_POINT('Ctrl Pts',(2.5168445291795,-2.66742978522017,-0.381050498705516));
#4238=CARTESIAN_POINT('Ctrl Pts',(2.78977997041808,-2.82500913569066,-0.202987749192207));
#4239=CARTESIAN_POINT('',(0.66899673367171,-1.0795107087642,-0.635));
#4240=CARTESIAN_POINT('Ctrl Pts',(0.66899673367171,-1.0795107087642,-0.635));
#4241=CARTESIAN_POINT('Ctrl Pts',(0.628460180729017,-1.23079518391003,-0.687396728041913));
#4242=CARTESIAN_POINT('Ctrl Pts',(0.589408141993078,-1.3765393766117,-0.723243570791001));
#4243=CARTESIAN_POINT('Ctrl Pts',(0.548083491897046,-1.5307650703751,-0.744511538138559));
#4244=CARTESIAN_POINT('Origin',(0.,0.,-0.635));
#4245=CARTESIAN_POINT('Origin',(-0.953757428208496,0.0167693287543131,3.175));
#4246=CARTESIAN_POINT('',(-1.26988928242313,0.0167693287543132,-0.635));
#4247=CARTESIAN_POINT('Ctrl Pts',(-3.97029818649616,0.0167693287543133,
-0.202987749192207));
#4248=CARTESIAN_POINT('Ctrl Pts',(-3.55955510513348,0.0167693287543133,
-0.443648728948385));
#4249=CARTESIAN_POINT('Ctrl Pts',(-2.9416258958773,0.0167693287545414,-0.634849066699205));
#4250=CARTESIAN_POINT('Ctrl Pts',(-2.12931170917457,0.0167693287545414,
-0.773205670170977));
#4251=CARTESIAN_POINT('Ctrl Pts',(-1.89048627959915,0.0167693287543152,
-0.776369241451905));
#4252=CARTESIAN_POINT('Ctrl Pts',(-1.55268989236505,0.0167693287543152,
-0.738056056292799));
#4253=CARTESIAN_POINT('Ctrl Pts',(-1.40540771506744,0.0167693287543132,
-0.701207803302116));
#4254=CARTESIAN_POINT('Ctrl Pts',(-1.26988928242313,0.0167693287543132,
-0.635));
#4255=CARTESIAN_POINT('',(-1.26988928242313,0.0167693287543132,0.635));
#4256=CARTESIAN_POINT('',(-1.26988928242313,0.0167693287543132,0.));
#4257=CARTESIAN_POINT('Ctrl Pts',(-3.97919218491333,0.0167693287543133,
0.197749631526101));
#4258=CARTESIAN_POINT('Ctrl Pts',(-3.56851596714946,0.0167693287543133,
0.440874296695835));
#4259=CARTESIAN_POINT('Ctrl Pts',(-2.94514713745544,0.0167693287545414,
0.634249314740258));
#4260=CARTESIAN_POINT('Ctrl Pts',(-2.12931170917457,0.0167693287545414,
0.773205670170977));
#4261=CARTESIAN_POINT('Ctrl Pts',(-1.89048627959915,0.0167693287543152,
0.776369241451905));
#4262=CARTESIAN_POINT('Ctrl Pts',(-1.55268989236505,0.0167693287543152,
0.738056056292799));
#4263=CARTESIAN_POINT('Ctrl Pts',(-1.40540771506744,0.0167693287543132,
0.701207803302116));
#4264=CARTESIAN_POINT('Ctrl Pts',(-1.26988928242313,0.0167693287543132,
0.635));
#4265=CARTESIAN_POINT('',(-0.953757428208496,0.0167693287543132,0.635));
#4266=CARTESIAN_POINT('Ctrl Pts',(-0.953757428208496,0.0167693287543131,
0.635));
#4267=CARTESIAN_POINT('Ctrl Pts',(-0.980345379466062,0.0167693287543131,
0.67449219245413));
#4268=CARTESIAN_POINT('Ctrl Pts',(-1.01385416898415,0.0167693287543335,
0.709105685736077));
#4269=CARTESIAN_POINT('Ctrl Pts',(-1.09363918744135,0.0167693287543335,
0.774754613461521));
#4270=CARTESIAN_POINT('Ctrl Pts',(-1.1422902192013,0.0167693287544176,0.805115955867536));
#4271=CARTESIAN_POINT('Ctrl Pts',(-1.2813333656203,0.0167693287544176,0.87687679115076));
#4272=CARTESIAN_POINT('Ctrl Pts',(-1.4117387187154,0.0167693286980405,0.92704041461694));
#4273=CARTESIAN_POINT('Ctrl Pts',(-1.63498233423084,0.0167693286980406,
0.962611248073619));
#4274=CARTESIAN_POINT('Ctrl Pts',(-1.89180199434151,0.0167693287543472,
1.01452778816069));
#4275=CARTESIAN_POINT('Ctrl Pts',(-2.88980885706819,0.0167693287543473,
0.857866258917591));
#4276=CARTESIAN_POINT('Ctrl Pts',(-3.15910640178194,0.0167693287543123,
0.774411075641793));
#4277=CARTESIAN_POINT('Ctrl Pts',(-3.56466368324771,0.0167693287543123,
0.597691603813908));
#4278=CARTESIAN_POINT('Ctrl Pts',(-3.68952195156312,0.0167693287543132,
0.514274988858548));
#4279=CARTESIAN_POINT('Ctrl Pts',(-3.85813371127738,0.0167693287543132,
0.370028324083013));
#4280=CARTESIAN_POINT('Ctrl Pts',(-3.92748205260755,0.0167693287543133,
0.290455887005368));
#4281=CARTESIAN_POINT('Ctrl Pts',(-3.97919218491333,0.0167693287543133,
0.197749631526101));
#4282=CARTESIAN_POINT('',(-0.953757428208496,0.0167693287543132,-0.635));
#4283=CARTESIAN_POINT('',(-0.953757428208496,0.0167693287543132,-3.175));
#4284=CARTESIAN_POINT('Ctrl Pts',(-0.953757428208496,0.0167693287543131,
-0.635));
#4285=CARTESIAN_POINT('Ctrl Pts',(-0.980345379466062,0.0167693287543131,
-0.67449219245413));
#4286=CARTESIAN_POINT('Ctrl Pts',(-1.01385416898415,0.0167693287543335,
-0.709105685736077));
#4287=CARTESIAN_POINT('Ctrl Pts',(-1.09363918744135,0.0167693287543335,
-0.774754613461521));
#4288=CARTESIAN_POINT('Ctrl Pts',(-1.1422902192013,0.0167693287544176,-0.805115955867536));
#4289=CARTESIAN_POINT('Ctrl Pts',(-1.2813333656203,0.0167693287544176,-0.87687679115076));
#4290=CARTESIAN_POINT('Ctrl Pts',(-1.4117387187154,0.0167693286980405,-0.92704041461694));
#4291=CARTESIAN_POINT('Ctrl Pts',(-1.63498233423084,0.0167693286980406,
-0.962611248073619));
#4292=CARTESIAN_POINT('Ctrl Pts',(-1.89180199434151,0.0167693287543472,
-1.01452778816069));
#4293=CARTESIAN_POINT('Ctrl Pts',(-2.88980885706819,0.0167693287543473,
-0.857866258917591));
#4294=CARTESIAN_POINT('Ctrl Pts',(-3.15910640178194,0.0167693287543123,
-0.774411075641793));
#4295=CARTESIAN_POINT('Ctrl Pts',(-3.56466368324771,0.0167693287543123,
-0.597691603813908));
#4296=CARTESIAN_POINT('Ctrl Pts',(-3.68952195156312,0.0167693287543132,
-0.514274988858548));
#4297=CARTESIAN_POINT('Ctrl Pts',(-3.8565541804468,0.0167693287543132,-0.37137960619173));
#4298=CARTESIAN_POINT('Ctrl Pts',(-3.92476368482703,0.0167693287543133,
-0.293564472372565));
#4299=CARTESIAN_POINT('Ctrl Pts',(-3.97613737691929,0.0167693287543133,
-0.203174972939956));
#4300=CARTESIAN_POINT('Ctrl Pts',(-1.27,0.,-0.635));
#4301=CARTESIAN_POINT('Ctrl Pts',(-1.27,1.27,-0.635));
#4302=CARTESIAN_POINT('Ctrl Pts',(0.,1.27,-0.635));
#4303=CARTESIAN_POINT('Ctrl Pts',(1.27,1.27,-0.635));
#4304=CARTESIAN_POINT('Ctrl Pts',(1.27,0.,-0.635));
#4305=CARTESIAN_POINT('Ctrl Pts',(1.27,-1.27,-0.635));
#4306=CARTESIAN_POINT('Ctrl Pts',(0.,-1.27,-0.635));
#4307=CARTESIAN_POINT('Ctrl Pts',(-1.27,-1.27,-0.635));
#4308=CARTESIAN_POINT('Ctrl Pts',(-1.27,0.,-0.635));
#4309=CARTESIAN_POINT('Ctrl Pts',(-1.28976000903809,0.,-0.644654633909946));
#4310=CARTESIAN_POINT('Ctrl Pts',(-1.28976000903809,1.28976000903809,-0.644654633909946));
#4311=CARTESIAN_POINT('Ctrl Pts',(0.,1.28976000903809,-0.644654633909946));
#4312=CARTESIAN_POINT('Ctrl Pts',(1.28976000903809,1.28976000903809,-0.644654633909946));
#4313=CARTESIAN_POINT('Ctrl Pts',(1.28976000903809,0.,-0.644654633909946));
#4314=CARTESIAN_POINT('Ctrl Pts',(1.28976000903809,-1.28976000903809,-0.644654633909946));
#4315=CARTESIAN_POINT('Ctrl Pts',(0.,-1.28976000903809,-0.644654633909946));
#4316=CARTESIAN_POINT('Ctrl Pts',(-1.28976000903809,-1.28976000903809,-0.644654633909946));
#4317=CARTESIAN_POINT('Ctrl Pts',(-1.28976000903809,0.,-0.644654633909946));
#4318=CARTESIAN_POINT('Ctrl Pts',(-1.33005338904588,0.,-0.663091609763323));
#4319=CARTESIAN_POINT('Ctrl Pts',(-1.33005338904588,1.33005338904588,-0.663091609763323));
#4320=CARTESIAN_POINT('Ctrl Pts',(0.,1.33005338904588,-0.663091609763323));
#4321=CARTESIAN_POINT('Ctrl Pts',(1.33005338904588,1.33005338904588,-0.663091609763323));
#4322=CARTESIAN_POINT('Ctrl Pts',(1.33005338904588,0.,-0.663091609763323));
#4323=CARTESIAN_POINT('Ctrl Pts',(1.33005338904588,-1.33005338904588,-0.663091609763323));
#4324=CARTESIAN_POINT('Ctrl Pts',(0.,-1.33005338904588,-0.663091609763323));
#4325=CARTESIAN_POINT('Ctrl Pts',(-1.33005338904588,-1.33005338904588,-0.663091609763323));
#4326=CARTESIAN_POINT('Ctrl Pts',(-1.33005338904588,0.,-0.663091609763323));
#4327=CARTESIAN_POINT('Ctrl Pts',(-1.39281356358397,0.,-0.688130181283886));
#4328=CARTESIAN_POINT('Ctrl Pts',(-1.39281356358397,1.39281356358397,-0.688130181283886));
#4329=CARTESIAN_POINT('Ctrl Pts',(0.,1.39281356358397,-0.688130181283886));
#4330=CARTESIAN_POINT('Ctrl Pts',(1.39281356358397,1.39281356358397,-0.688130181283886));
#4331=CARTESIAN_POINT('Ctrl Pts',(1.39281356358397,0.,-0.688130181283886));
#4332=CARTESIAN_POINT('Ctrl Pts',(1.39281356358397,-1.39281356358397,-0.688130181283886));
#4333=CARTESIAN_POINT('Ctrl Pts',(0.,-1.39281356358397,-0.688130181283886));
#4334=CARTESIAN_POINT('Ctrl Pts',(-1.39281356358397,-1.39281356358397,-0.688130181283886));
#4335=CARTESIAN_POINT('Ctrl Pts',(-1.39281356358397,0.,-0.688130181283886));
#4336=CARTESIAN_POINT('Ctrl Pts',(-1.48115277756041,0.,-0.716259945171289));
#4337=CARTESIAN_POINT('Ctrl Pts',(-1.48115277756041,1.48115277756041,-0.716259945171289));
#4338=CARTESIAN_POINT('Ctrl Pts',(0.,1.48115277756041,-0.716259945171289));
#4339=CARTESIAN_POINT('Ctrl Pts',(1.48115277756041,1.48115277756041,-0.716259945171289));
#4340=CARTESIAN_POINT('Ctrl Pts',(1.48115277756041,0.,-0.716259945171289));
#4341=CARTESIAN_POINT('Ctrl Pts',(1.48115277756041,-1.48115277756041,-0.716259945171289));
#4342=CARTESIAN_POINT('Ctrl Pts',(0.,-1.48115277756041,-0.716259945171289));
#4343=CARTESIAN_POINT('Ctrl Pts',(-1.48115277756041,-1.48115277756041,-0.716259945171289));
#4344=CARTESIAN_POINT('Ctrl Pts',(-1.48115277756041,0.,-0.716259945171289));
#4345=CARTESIAN_POINT('Ctrl Pts',(-1.59940380111457,0.,-0.742561927287715));
#4346=CARTESIAN_POINT('Ctrl Pts',(-1.59940380111457,1.59940380111457,-0.742561927287715));
#4347=CARTESIAN_POINT('Ctrl Pts',(0.,1.59940380111457,-0.742561927287715));
#4348=CARTESIAN_POINT('Ctrl Pts',(1.59940380111457,1.59940380111457,-0.742561927287715));
#4349=CARTESIAN_POINT('Ctrl Pts',(1.59940380111457,0.,-0.742561927287715));
#4350=CARTESIAN_POINT('Ctrl Pts',(1.59940380111457,-1.59940380111457,-0.742561927287715));
#4351=CARTESIAN_POINT('Ctrl Pts',(0.,-1.59940380111457,-0.742561927287715));
#4352=CARTESIAN_POINT('Ctrl Pts',(-1.59940380111457,-1.59940380111457,-0.742561927287715));
#4353=CARTESIAN_POINT('Ctrl Pts',(-1.59940380111457,0.,-0.742561927287715));
#4354=CARTESIAN_POINT('Ctrl Pts',(-1.72546868968633,0.,-0.759921593770094));
#4355=CARTESIAN_POINT('Ctrl Pts',(-1.72546868968633,1.72546868968633,-0.759921593770094));
#4356=CARTESIAN_POINT('Ctrl Pts',(0.,1.72546868968633,-0.759921593770094));
#4357=CARTESIAN_POINT('Ctrl Pts',(1.72546868968633,1.72546868968633,-0.759921593770094));
#4358=CARTESIAN_POINT('Ctrl Pts',(1.72546868968633,0.,-0.759921593770094));
#4359=CARTESIAN_POINT('Ctrl Pts',(1.72546868968633,-1.72546868968633,-0.759921593770094));
#4360=CARTESIAN_POINT('Ctrl Pts',(0.,-1.72546868968633,-0.759921593770094));
#4361=CARTESIAN_POINT('Ctrl Pts',(-1.72546868968633,-1.72546868968633,-0.759921593770094));
#4362=CARTESIAN_POINT('Ctrl Pts',(-1.72546868968633,0.,-0.759921593770094));
#4363=CARTESIAN_POINT('Ctrl Pts',(-1.85917266805368,0.,-0.768342464494351));
#4364=CARTESIAN_POINT('Ctrl Pts',(-1.85917266805368,1.85917266805368,-0.768342464494351));
#4365=CARTESIAN_POINT('Ctrl Pts',(0.,1.85917266805368,-0.768342464494351));
#4366=CARTESIAN_POINT('Ctrl Pts',(1.85917266805368,1.85917266805368,-0.768342464494351));
#4367=CARTESIAN_POINT('Ctrl Pts',(1.85917266805368,0.,-0.768342464494351));
#4368=CARTESIAN_POINT('Ctrl Pts',(1.85917266805368,-1.85917266805368,-0.768342464494351));
#4369=CARTESIAN_POINT('Ctrl Pts',(0.,-1.85917266805368,-0.768342464494351));
#4370=CARTESIAN_POINT('Ctrl Pts',(-1.85917266805368,-1.85917266805368,-0.768342464494351));
#4371=CARTESIAN_POINT('Ctrl Pts',(-1.85917266805368,0.,-0.768342464494351));
#4372=CARTESIAN_POINT('Ctrl Pts',(-2.00005900374125,0.,-0.768011316095539));
#4373=CARTESIAN_POINT('Ctrl Pts',(-2.00005900374125,2.00005900374125,-0.768011316095539));
#4374=CARTESIAN_POINT('Ctrl Pts',(0.,2.00005900374125,-0.768011316095539));
#4375=CARTESIAN_POINT('Ctrl Pts',(2.00005900374125,2.00005900374125,-0.768011316095539));
#4376=CARTESIAN_POINT('Ctrl Pts',(2.00005900374125,0.,-0.768011316095539));
#4377=CARTESIAN_POINT('Ctrl Pts',(2.00005900374125,-2.00005900374125,-0.768011316095539));
#4378=CARTESIAN_POINT('Ctrl Pts',(0.,-2.00005900374125,-0.768011316095539));
#4379=CARTESIAN_POINT('Ctrl Pts',(-2.00005900374125,-2.00005900374125,-0.768011316095539));
#4380=CARTESIAN_POINT('Ctrl Pts',(-2.00005900374125,0.,-0.768011316095539));
#4381=CARTESIAN_POINT('Ctrl Pts',(-2.14737033868111,0.,-0.75930282290649));
#4382=CARTESIAN_POINT('Ctrl Pts',(-2.14737033868111,2.14737033868111,-0.75930282290649));
#4383=CARTESIAN_POINT('Ctrl Pts',(0.,2.14737033868111,-0.75930282290649));
#4384=CARTESIAN_POINT('Ctrl Pts',(2.14737033868111,2.14737033868111,-0.75930282290649));
#4385=CARTESIAN_POINT('Ctrl Pts',(2.14737033868111,0.,-0.75930282290649));
#4386=CARTESIAN_POINT('Ctrl Pts',(2.14737033868111,-2.14737033868111,-0.75930282290649));
#4387=CARTESIAN_POINT('Ctrl Pts',(0.,-2.14737033868111,-0.75930282290649));
#4388=CARTESIAN_POINT('Ctrl Pts',(-2.14737033868111,-2.14737033868111,-0.75930282290649));
#4389=CARTESIAN_POINT('Ctrl Pts',(-2.14737033868111,0.,-0.75930282290649));
#4390=CARTESIAN_POINT('Ctrl Pts',(-2.3000902151504,0.,-0.742730189490773));
#4391=CARTESIAN_POINT('Ctrl Pts',(-2.3000902151504,2.3000902151504,-0.742730189490773));
#4392=CARTESIAN_POINT('Ctrl Pts',(0.,2.3000902151504,-0.742730189490773));
#4393=CARTESIAN_POINT('Ctrl Pts',(2.3000902151504,2.3000902151504,-0.742730189490773));
#4394=CARTESIAN_POINT('Ctrl Pts',(2.3000902151504,0.,-0.742730189490773));
#4395=CARTESIAN_POINT('Ctrl Pts',(2.3000902151504,-2.3000902151504,-0.742730189490773));
#4396=CARTESIAN_POINT('Ctrl Pts',(0.,-2.3000902151504,-0.742730189490773));
#4397=CARTESIAN_POINT('Ctrl Pts',(-2.3000902151504,-2.3000902151504,-0.742730189490773));
#4398=CARTESIAN_POINT('Ctrl Pts',(-2.3000902151504,0.,-0.742730189490773));
#4399=CARTESIAN_POINT('Ctrl Pts',(-2.45695303185239,0.,-0.7189240388291));
#4400=CARTESIAN_POINT('Ctrl Pts',(-2.45695303185239,2.45695303185239,-0.7189240388291));
#4401=CARTESIAN_POINT('Ctrl Pts',(0.,2.45695303185239,-0.7189240388291));
#4402=CARTESIAN_POINT('Ctrl Pts',(2.45695303185239,2.45695303185239,-0.7189240388291));
#4403=CARTESIAN_POINT('Ctrl Pts',(2.45695303185239,0.,-0.7189240388291));
#4404=CARTESIAN_POINT('Ctrl Pts',(2.45695303185239,-2.45695303185239,-0.7189240388291));
#4405=CARTESIAN_POINT('Ctrl Pts',(0.,-2.45695303185239,-0.7189240388291));
#4406=CARTESIAN_POINT('Ctrl Pts',(-2.45695303185239,-2.45695303185239,-0.7189240388291));
#4407=CARTESIAN_POINT('Ctrl Pts',(-2.45695303185239,0.,-0.7189240388291));
#4408=CARTESIAN_POINT('Ctrl Pts',(-2.61646167437853,0.,-0.688608589764148));
#4409=CARTESIAN_POINT('Ctrl Pts',(-2.61646167437853,2.61646167437853,-0.688608589764148));
#4410=CARTESIAN_POINT('Ctrl Pts',(0.,2.61646167437853,-0.688608589764148));
#4411=CARTESIAN_POINT('Ctrl Pts',(2.61646167437853,2.61646167437853,-0.688608589764148));
#4412=CARTESIAN_POINT('Ctrl Pts',(2.61646167437853,0.,-0.688608589764148));
#4413=CARTESIAN_POINT('Ctrl Pts',(2.61646167437853,-2.61646167437853,-0.688608589764148));
#4414=CARTESIAN_POINT('Ctrl Pts',(0.,-2.61646167437853,-0.688608589764148));
#4415=CARTESIAN_POINT('Ctrl Pts',(-2.61646167437853,-2.61646167437853,-0.688608589764148));
#4416=CARTESIAN_POINT('Ctrl Pts',(-2.61646167437853,0.,-0.688608589764148));
#4417=CARTESIAN_POINT('Ctrl Pts',(-2.77688015186133,0.,-0.652593820270341));
#4418=CARTESIAN_POINT('Ctrl Pts',(-2.77688015186133,2.77688015186133,-0.652593820270341));
#4419=CARTESIAN_POINT('Ctrl Pts',(0.,2.77688015186133,-0.652593820270341));
#4420=CARTESIAN_POINT('Ctrl Pts',(2.77688015186133,2.77688015186133,-0.652593820270341));
#4421=CARTESIAN_POINT('Ctrl Pts',(2.77688015186133,0.,-0.652593820270341));
#4422=CARTESIAN_POINT('Ctrl Pts',(2.77688015186133,-2.77688015186133,-0.652593820270341));
#4423=CARTESIAN_POINT('Ctrl Pts',(0.,-2.77688015186133,-0.652593820270341));
#4424=CARTESIAN_POINT('Ctrl Pts',(-2.77688015186133,-2.77688015186133,-0.652593820270341));
#4425=CARTESIAN_POINT('Ctrl Pts',(-2.77688015186133,0.,-0.652593820270341));
#4426=CARTESIAN_POINT('Ctrl Pts',(-2.93627072850678,0.,-0.611754084878089));
#4427=CARTESIAN_POINT('Ctrl Pts',(-2.93627072850678,2.93627072850678,-0.611754084878089));
#4428=CARTESIAN_POINT('Ctrl Pts',(0.,2.93627072850678,-0.611754084878089));
#4429=CARTESIAN_POINT('Ctrl Pts',(2.93627072850678,2.93627072850678,-0.611754084878089));
#4430=CARTESIAN_POINT('Ctrl Pts',(2.93627072850678,0.,-0.611754084878089));
#4431=CARTESIAN_POINT('Ctrl Pts',(2.93627072850678,-2.93627072850678,-0.611754084878089));
#4432=CARTESIAN_POINT('Ctrl Pts',(0.,-2.93627072850678,-0.611754084878089));
#4433=CARTESIAN_POINT('Ctrl Pts',(-2.93627072850678,-2.93627072850678,-0.611754084878089));
#4434=CARTESIAN_POINT('Ctrl Pts',(-2.93627072850678,0.,-0.611754084878089));
#4435=CARTESIAN_POINT('Ctrl Pts',(-3.09264260186243,0.,-0.566969093104279));
#4436=CARTESIAN_POINT('Ctrl Pts',(-3.09264260186243,3.09264260186243,-0.566969093104279));
#4437=CARTESIAN_POINT('Ctrl Pts',(0.,3.09264260186243,-0.566969093104279));
#4438=CARTESIAN_POINT('Ctrl Pts',(3.09264260186243,3.09264260186243,-0.566969093104279));
#4439=CARTESIAN_POINT('Ctrl Pts',(3.09264260186243,0.,-0.566969093104279));
#4440=CARTESIAN_POINT('Ctrl Pts',(3.09264260186243,-3.09264260186243,-0.566969093104279));
#4441=CARTESIAN_POINT('Ctrl Pts',(0.,-3.09264260186243,-0.566969093104279));
#4442=CARTESIAN_POINT('Ctrl Pts',(-3.09264260186243,-3.09264260186243,-0.566969093104279));
#4443=CARTESIAN_POINT('Ctrl Pts',(-3.09264260186243,0.,-0.566969093104279));
#4444=CARTESIAN_POINT('Ctrl Pts',(-3.2440743653528,0.,-0.519078081530674));
#4445=CARTESIAN_POINT('Ctrl Pts',(-3.2440743653528,3.2440743653528,-0.519078081530674));
#4446=CARTESIAN_POINT('Ctrl Pts',(0.,3.2440743653528,-0.519078081530674));
#4447=CARTESIAN_POINT('Ctrl Pts',(3.2440743653528,3.2440743653528,-0.519078081530674));
#4448=CARTESIAN_POINT('Ctrl Pts',(3.2440743653528,0.,-0.519078081530674));
#4449=CARTESIAN_POINT('Ctrl Pts',(3.2440743653528,-3.2440743653528,-0.519078081530674));
#4450=CARTESIAN_POINT('Ctrl Pts',(0.,-3.2440743653528,-0.519078081530674));
#4451=CARTESIAN_POINT('Ctrl Pts',(-3.2440743653528,-3.2440743653528,-0.519078081530674));
#4452=CARTESIAN_POINT('Ctrl Pts',(-3.2440743653528,0.,-0.519078081530674));
#4453=CARTESIAN_POINT('Ctrl Pts',(-3.3888580194275,0.,-0.46883081109457));
#4454=CARTESIAN_POINT('Ctrl Pts',(-3.3888580194275,3.3888580194275,-0.46883081109457));
#4455=CARTESIAN_POINT('Ctrl Pts',(0.,3.3888580194275,-0.46883081109457));
#4456=CARTESIAN_POINT('Ctrl Pts',(3.3888580194275,3.3888580194275,-0.46883081109457));
#4457=CARTESIAN_POINT('Ctrl Pts',(3.3888580194275,0.,-0.46883081109457));
#4458=CARTESIAN_POINT('Ctrl Pts',(3.3888580194275,-3.3888580194275,-0.46883081109457));
#4459=CARTESIAN_POINT('Ctrl Pts',(0.,-3.3888580194275,-0.46883081109457));
#4460=CARTESIAN_POINT('Ctrl Pts',(-3.3888580194275,-3.3888580194275,-0.46883081109457));
#4461=CARTESIAN_POINT('Ctrl Pts',(-3.3888580194275,0.,-0.46883081109457));
#4462=CARTESIAN_POINT('Ctrl Pts',(-3.52562344177953,0.,-0.41684712354818));
#4463=CARTESIAN_POINT('Ctrl Pts',(-3.52562344177953,3.52562344177953,-0.41684712354818));
#4464=CARTESIAN_POINT('Ctrl Pts',(0.,3.52562344177953,-0.41684712354818));
#4465=CARTESIAN_POINT('Ctrl Pts',(3.52562344177953,3.52562344177953,-0.41684712354818));
#4466=CARTESIAN_POINT('Ctrl Pts',(3.52562344177953,0.,-0.41684712354818));
#4467=CARTESIAN_POINT('Ctrl Pts',(3.52562344177953,-3.52562344177953,-0.41684712354818));
#4468=CARTESIAN_POINT('Ctrl Pts',(0.,-3.52562344177953,-0.41684712354818));
#4469=CARTESIAN_POINT('Ctrl Pts',(-3.52562344177953,-3.52562344177953,-0.41684712354818));
#4470=CARTESIAN_POINT('Ctrl Pts',(-3.52562344177953,0.,-0.41684712354818));
#4471=CARTESIAN_POINT('Ctrl Pts',(-3.65352943185114,0.,-0.363561604651966));
#4472=CARTESIAN_POINT('Ctrl Pts',(-3.65352943185114,3.65352943185114,-0.363561604651966));
#4473=CARTESIAN_POINT('Ctrl Pts',(0.,3.65352943185114,-0.363561604651966));
#4474=CARTESIAN_POINT('Ctrl Pts',(3.65352943185114,3.65352943185114,-0.363561604651966));
#4475=CARTESIAN_POINT('Ctrl Pts',(3.65352943185114,0.,-0.363561604651966));
#4476=CARTESIAN_POINT('Ctrl Pts',(3.65352943185114,-3.65352943185114,-0.363561604651966));
#4477=CARTESIAN_POINT('Ctrl Pts',(0.,-3.65352943185114,-0.363561604651966));
#4478=CARTESIAN_POINT('Ctrl Pts',(-3.65352943185114,-3.65352943185114,-0.363561604651966));
#4479=CARTESIAN_POINT('Ctrl Pts',(-3.65352943185114,0.,-0.363561604651966));
#4480=CARTESIAN_POINT('Ctrl Pts',(-3.77219436432784,0.,-0.309238874883037));
#4481=CARTESIAN_POINT('Ctrl Pts',(-3.77219436432784,3.77219436432784,-0.309238874883037));
#4482=CARTESIAN_POINT('Ctrl Pts',(0.,3.77219436432784,-0.309238874883037));
#4483=CARTESIAN_POINT('Ctrl Pts',(3.77219436432784,3.77219436432784,-0.309238874883037));
#4484=CARTESIAN_POINT('Ctrl Pts',(3.77219436432784,0.,-0.309238874883037));
#4485=CARTESIAN_POINT('Ctrl Pts',(3.77219436432784,-3.77219436432784,-0.309238874883037));
#4486=CARTESIAN_POINT('Ctrl Pts',(0.,-3.77219436432784,-0.309238874883037));
#4487=CARTESIAN_POINT('Ctrl Pts',(-3.77219436432784,-3.77219436432784,-0.309238874883037));
#4488=CARTESIAN_POINT('Ctrl Pts',(-3.77219436432784,0.,-0.309238874883037));
#4489=CARTESIAN_POINT('Ctrl Pts',(-3.85965131419891,0.,-0.265063930982988));
#4490=CARTESIAN_POINT('Ctrl Pts',(-3.85965131419891,3.85965131419891,-0.265063930982988));
#4491=CARTESIAN_POINT('Ctrl Pts',(0.,3.85965131419891,-0.265063930982988));
#4492=CARTESIAN_POINT('Ctrl Pts',(3.85965131419891,3.85965131419891,-0.265063930982988));
#4493=CARTESIAN_POINT('Ctrl Pts',(3.85965131419891,0.,-0.265063930982988));
#4494=CARTESIAN_POINT('Ctrl Pts',(3.85965131419891,-3.85965131419891,-0.265063930982988));
#4495=CARTESIAN_POINT('Ctrl Pts',(0.,-3.85965131419891,-0.265063930982988));
#4496=CARTESIAN_POINT('Ctrl Pts',(-3.85965131419891,-3.85965131419891,-0.265063930982988));
#4497=CARTESIAN_POINT('Ctrl Pts',(-3.85965131419891,0.,-0.265063930982988));
#4498=CARTESIAN_POINT('Ctrl Pts',(-3.92106000196197,0.,-0.231553596089893));
#4499=CARTESIAN_POINT('Ctrl Pts',(-3.92106000196197,3.92106000196197,-0.231553596089893));
#4500=CARTESIAN_POINT('Ctrl Pts',(0.,3.92106000196197,-0.231553596089893));
#4501=CARTESIAN_POINT('Ctrl Pts',(3.92106000196197,3.92106000196197,-0.231553596089893));
#4502=CARTESIAN_POINT('Ctrl Pts',(3.92106000196197,0.,-0.231553596089893));
#4503=CARTESIAN_POINT('Ctrl Pts',(3.92106000196197,-3.92106000196197,-0.231553596089893));
#4504=CARTESIAN_POINT('Ctrl Pts',(0.,-3.92106000196197,-0.231553596089893));
#4505=CARTESIAN_POINT('Ctrl Pts',(-3.92106000196197,-3.92106000196197,-0.231553596089893));
#4506=CARTESIAN_POINT('Ctrl Pts',(-3.92106000196197,0.,-0.231553596089893));
#4507=CARTESIAN_POINT('Ctrl Pts',(-3.96014702705904,0.,-0.20904558541352));
#4508=CARTESIAN_POINT('Ctrl Pts',(-3.96014702705903,3.96014702705903,-0.20904558541352));
#4509=CARTESIAN_POINT('Ctrl Pts',(0.,3.96014702705904,-0.20904558541352));
#4510=CARTESIAN_POINT('Ctrl Pts',(3.96014702705903,3.96014702705903,-0.20904558541352));
#4511=CARTESIAN_POINT('Ctrl Pts',(3.96014702705904,0.,-0.20904558541352));
#4512=CARTESIAN_POINT('Ctrl Pts',(3.96014702705903,-3.96014702705903,-0.20904558541352));
#4513=CARTESIAN_POINT('Ctrl Pts',(0.,-3.96014702705904,-0.20904558541352));
#4514=CARTESIAN_POINT('Ctrl Pts',(-3.96014702705903,-3.96014702705903,-0.20904558541352));
#4515=CARTESIAN_POINT('Ctrl Pts',(-3.96014702705904,0.,-0.20904558541352));
#4516=CARTESIAN_POINT('Ctrl Pts',(-3.97922751986641,0.,-0.197749631526101));
#4517=CARTESIAN_POINT('Ctrl Pts',(-3.97922751986641,3.97922751986641,-0.197749631526101));
#4518=CARTESIAN_POINT('Ctrl Pts',(0.,3.97922751986641,-0.197749631526101));
#4519=CARTESIAN_POINT('Ctrl Pts',(3.97922751986641,3.97922751986641,-0.197749631526101));
#4520=CARTESIAN_POINT('Ctrl Pts',(3.97922751986641,0.,-0.197749631526101));
#4521=CARTESIAN_POINT('Ctrl Pts',(3.97922751986641,-3.97922751986641,-0.197749631526101));
#4522=CARTESIAN_POINT('Ctrl Pts',(0.,-3.97922751986641,-0.197749631526101));
#4523=CARTESIAN_POINT('Ctrl Pts',(-3.97922751986641,-3.97922751986641,-0.197749631526101));
#4524=CARTESIAN_POINT('Ctrl Pts',(-3.97922751986641,0.,-0.197749631526101));
#4525=CARTESIAN_POINT('',(-1.27,-1.55530143491714E-16,-0.635));
#4526=CARTESIAN_POINT('Ctrl Pts',(-1.27,0.,-0.635));
#4527=CARTESIAN_POINT('Ctrl Pts',(-1.28976000903809,0.,-0.644654633909946));
#4528=CARTESIAN_POINT('Ctrl Pts',(-1.33005338904588,0.,-0.663091609763323));
#4529=CARTESIAN_POINT('Ctrl Pts',(-1.39281356358397,0.,-0.688130181283886));
#4530=CARTESIAN_POINT('Ctrl Pts',(-1.48115277756041,0.,-0.716259945171289));
#4531=CARTESIAN_POINT('Ctrl Pts',(-1.59940380111457,0.,-0.742561927287715));
#4532=CARTESIAN_POINT('Ctrl Pts',(-1.72546868968633,0.,-0.759921593770094));
#4533=CARTESIAN_POINT('Ctrl Pts',(-1.85917266805368,0.,-0.768342464494351));
#4534=CARTESIAN_POINT('Ctrl Pts',(-2.00005900374125,0.,-0.768011316095539));
#4535=CARTESIAN_POINT('Ctrl Pts',(-2.14737033868111,0.,-0.75930282290649));
#4536=CARTESIAN_POINT('Ctrl Pts',(-2.3000902151504,0.,-0.742730189490773));
#4537=CARTESIAN_POINT('Ctrl Pts',(-2.45695303185239,0.,-0.7189240388291));
#4538=CARTESIAN_POINT('Ctrl Pts',(-2.61646167437853,0.,-0.688608589764148));
#4539=CARTESIAN_POINT('Ctrl Pts',(-2.77688015186133,0.,-0.652593820270341));
#4540=CARTESIAN_POINT('Ctrl Pts',(-2.93627072850678,0.,-0.611754084878089));
#4541=CARTESIAN_POINT('Ctrl Pts',(-3.09264260186243,0.,-0.566969093104279));
#4542=CARTESIAN_POINT('Ctrl Pts',(-3.2440743653528,0.,-0.519078081530674));
#4543=CARTESIAN_POINT('Ctrl Pts',(-3.3888580194275,0.,-0.46883081109457));
#4544=CARTESIAN_POINT('Ctrl Pts',(-3.52562344177953,0.,-0.41684712354818));
#4545=CARTESIAN_POINT('Ctrl Pts',(-3.65352943185114,0.,-0.363561604651966));
#4546=CARTESIAN_POINT('Ctrl Pts',(-3.76999177165859,0.,-0.310247183267543));
#4547=CARTESIAN_POINT('Ctrl Pts',(-3.85558897172287,0.,-0.267113422160975));
#4548=CARTESIAN_POINT('Ctrl Pts',(-3.91534881872667,0.,-0.234662508144591));
#4549=CARTESIAN_POINT('Ctrl Pts',(-3.95286797853441,0.,-0.213221229443752));
#4550=CARTESIAN_POINT('Ctrl Pts',(-3.97033360060355,0.,-0.202987749192207));
#4551=CARTESIAN_POINT('Origin',(0.,0.,-0.635));
#4552=CARTESIAN_POINT('Ctrl Pts',(-1.27,0.,-0.635));
#4553=CARTESIAN_POINT('Ctrl Pts',(-1.27,1.27,-0.635));
#4554=CARTESIAN_POINT('Ctrl Pts',(0.,1.27,-0.635));
#4555=CARTESIAN_POINT('Ctrl Pts',(1.27,1.27,-0.635));
#4556=CARTESIAN_POINT('Ctrl Pts',(1.27,0.,-0.635));
#4557=CARTESIAN_POINT('Ctrl Pts',(1.27,-1.27,-0.635));
#4558=CARTESIAN_POINT('Ctrl Pts',(0.,-1.27,-0.635));
#4559=CARTESIAN_POINT('Ctrl Pts',(-1.27,-1.27,-0.635));
#4560=CARTESIAN_POINT('Ctrl Pts',(-1.27,0.,-0.635));
#4561=CARTESIAN_POINT('Ctrl Pts',(-1.28976000903809,0.,-0.644654633909946));
#4562=CARTESIAN_POINT('Ctrl Pts',(-1.28976000903809,1.28976000903809,-0.644654633909946));
#4563=CARTESIAN_POINT('Ctrl Pts',(0.,1.28976000903809,-0.644654633909946));
#4564=CARTESIAN_POINT('Ctrl Pts',(1.28976000903809,1.28976000903809,-0.644654633909946));
#4565=CARTESIAN_POINT('Ctrl Pts',(1.28976000903809,0.,-0.644654633909946));
#4566=CARTESIAN_POINT('Ctrl Pts',(1.28976000903809,-1.28976000903809,-0.644654633909946));
#4567=CARTESIAN_POINT('Ctrl Pts',(0.,-1.28976000903809,-0.644654633909946));
#4568=CARTESIAN_POINT('Ctrl Pts',(-1.28976000903809,-1.28976000903809,-0.644654633909946));
#4569=CARTESIAN_POINT('Ctrl Pts',(-1.28976000903809,0.,-0.644654633909946));
#4570=CARTESIAN_POINT('Ctrl Pts',(-1.33005338904588,0.,-0.663091609763323));
#4571=CARTESIAN_POINT('Ctrl Pts',(-1.33005338904588,1.33005338904588,-0.663091609763323));
#4572=CARTESIAN_POINT('Ctrl Pts',(0.,1.33005338904588,-0.663091609763323));
#4573=CARTESIAN_POINT('Ctrl Pts',(1.33005338904588,1.33005338904588,-0.663091609763323));
#4574=CARTESIAN_POINT('Ctrl Pts',(1.33005338904588,0.,-0.663091609763323));
#4575=CARTESIAN_POINT('Ctrl Pts',(1.33005338904588,-1.33005338904588,-0.663091609763323));
#4576=CARTESIAN_POINT('Ctrl Pts',(0.,-1.33005338904588,-0.663091609763323));
#4577=CARTESIAN_POINT('Ctrl Pts',(-1.33005338904588,-1.33005338904588,-0.663091609763323));
#4578=CARTESIAN_POINT('Ctrl Pts',(-1.33005338904588,0.,-0.663091609763323));
#4579=CARTESIAN_POINT('Ctrl Pts',(-1.39281356358397,0.,-0.688130181283886));
#4580=CARTESIAN_POINT('Ctrl Pts',(-1.39281356358397,1.39281356358397,-0.688130181283886));
#4581=CARTESIAN_POINT('Ctrl Pts',(0.,1.39281356358397,-0.688130181283886));
#4582=CARTESIAN_POINT('Ctrl Pts',(1.39281356358397,1.39281356358397,-0.688130181283886));
#4583=CARTESIAN_POINT('Ctrl Pts',(1.39281356358397,0.,-0.688130181283886));
#4584=CARTESIAN_POINT('Ctrl Pts',(1.39281356358397,-1.39281356358397,-0.688130181283886));
#4585=CARTESIAN_POINT('Ctrl Pts',(0.,-1.39281356358397,-0.688130181283886));
#4586=CARTESIAN_POINT('Ctrl Pts',(-1.39281356358397,-1.39281356358397,-0.688130181283886));
#4587=CARTESIAN_POINT('Ctrl Pts',(-1.39281356358397,0.,-0.688130181283886));
#4588=CARTESIAN_POINT('Ctrl Pts',(-1.48115277756041,0.,-0.716259945171289));
#4589=CARTESIAN_POINT('Ctrl Pts',(-1.48115277756041,1.48115277756041,-0.716259945171289));
#4590=CARTESIAN_POINT('Ctrl Pts',(0.,1.48115277756041,-0.716259945171289));
#4591=CARTESIAN_POINT('Ctrl Pts',(1.48115277756041,1.48115277756041,-0.716259945171289));
#4592=CARTESIAN_POINT('Ctrl Pts',(1.48115277756041,0.,-0.716259945171289));
#4593=CARTESIAN_POINT('Ctrl Pts',(1.48115277756041,-1.48115277756041,-0.716259945171289));
#4594=CARTESIAN_POINT('Ctrl Pts',(0.,-1.48115277756041,-0.716259945171289));
#4595=CARTESIAN_POINT('Ctrl Pts',(-1.48115277756041,-1.48115277756041,-0.716259945171289));
#4596=CARTESIAN_POINT('Ctrl Pts',(-1.48115277756041,0.,-0.716259945171289));
#4597=CARTESIAN_POINT('Ctrl Pts',(-1.59940380111457,0.,-0.742561927287715));
#4598=CARTESIAN_POINT('Ctrl Pts',(-1.59940380111457,1.59940380111457,-0.742561927287715));
#4599=CARTESIAN_POINT('Ctrl Pts',(0.,1.59940380111457,-0.742561927287715));
#4600=CARTESIAN_POINT('Ctrl Pts',(1.59940380111457,1.59940380111457,-0.742561927287715));
#4601=CARTESIAN_POINT('Ctrl Pts',(1.59940380111457,0.,-0.742561927287715));
#4602=CARTESIAN_POINT('Ctrl Pts',(1.59940380111457,-1.59940380111457,-0.742561927287715));
#4603=CARTESIAN_POINT('Ctrl Pts',(0.,-1.59940380111457,-0.742561927287715));
#4604=CARTESIAN_POINT('Ctrl Pts',(-1.59940380111457,-1.59940380111457,-0.742561927287715));
#4605=CARTESIAN_POINT('Ctrl Pts',(-1.59940380111457,0.,-0.742561927287715));
#4606=CARTESIAN_POINT('Ctrl Pts',(-1.72546868968633,0.,-0.759921593770094));
#4607=CARTESIAN_POINT('Ctrl Pts',(-1.72546868968633,1.72546868968633,-0.759921593770094));
#4608=CARTESIAN_POINT('Ctrl Pts',(0.,1.72546868968633,-0.759921593770094));
#4609=CARTESIAN_POINT('Ctrl Pts',(1.72546868968633,1.72546868968633,-0.759921593770094));
#4610=CARTESIAN_POINT('Ctrl Pts',(1.72546868968633,0.,-0.759921593770094));
#4611=CARTESIAN_POINT('Ctrl Pts',(1.72546868968633,-1.72546868968633,-0.759921593770094));
#4612=CARTESIAN_POINT('Ctrl Pts',(0.,-1.72546868968633,-0.759921593770094));
#4613=CARTESIAN_POINT('Ctrl Pts',(-1.72546868968633,-1.72546868968633,-0.759921593770094));
#4614=CARTESIAN_POINT('Ctrl Pts',(-1.72546868968633,0.,-0.759921593770094));
#4615=CARTESIAN_POINT('Ctrl Pts',(-1.85917266805368,0.,-0.768342464494351));
#4616=CARTESIAN_POINT('Ctrl Pts',(-1.85917266805368,1.85917266805368,-0.768342464494351));
#4617=CARTESIAN_POINT('Ctrl Pts',(0.,1.85917266805368,-0.768342464494351));
#4618=CARTESIAN_POINT('Ctrl Pts',(1.85917266805368,1.85917266805368,-0.768342464494351));
#4619=CARTESIAN_POINT('Ctrl Pts',(1.85917266805368,0.,-0.768342464494351));
#4620=CARTESIAN_POINT('Ctrl Pts',(1.85917266805368,-1.85917266805368,-0.768342464494351));
#4621=CARTESIAN_POINT('Ctrl Pts',(0.,-1.85917266805368,-0.768342464494351));
#4622=CARTESIAN_POINT('Ctrl Pts',(-1.85917266805368,-1.85917266805368,-0.768342464494351));
#4623=CARTESIAN_POINT('Ctrl Pts',(-1.85917266805368,0.,-0.768342464494351));
#4624=CARTESIAN_POINT('Ctrl Pts',(-2.00005900374125,0.,-0.768011316095539));
#4625=CARTESIAN_POINT('Ctrl Pts',(-2.00005900374125,2.00005900374125,-0.768011316095539));
#4626=CARTESIAN_POINT('Ctrl Pts',(0.,2.00005900374125,-0.768011316095539));
#4627=CARTESIAN_POINT('Ctrl Pts',(2.00005900374125,2.00005900374125,-0.768011316095539));
#4628=CARTESIAN_POINT('Ctrl Pts',(2.00005900374125,0.,-0.768011316095539));
#4629=CARTESIAN_POINT('Ctrl Pts',(2.00005900374125,-2.00005900374125,-0.768011316095539));
#4630=CARTESIAN_POINT('Ctrl Pts',(0.,-2.00005900374125,-0.768011316095539));
#4631=CARTESIAN_POINT('Ctrl Pts',(-2.00005900374125,-2.00005900374125,-0.768011316095539));
#4632=CARTESIAN_POINT('Ctrl Pts',(-2.00005900374125,0.,-0.768011316095539));
#4633=CARTESIAN_POINT('Ctrl Pts',(-2.14737033868111,0.,-0.75930282290649));
#4634=CARTESIAN_POINT('Ctrl Pts',(-2.14737033868111,2.14737033868111,-0.75930282290649));
#4635=CARTESIAN_POINT('Ctrl Pts',(0.,2.14737033868111,-0.75930282290649));
#4636=CARTESIAN_POINT('Ctrl Pts',(2.14737033868111,2.14737033868111,-0.75930282290649));
#4637=CARTESIAN_POINT('Ctrl Pts',(2.14737033868111,0.,-0.75930282290649));
#4638=CARTESIAN_POINT('Ctrl Pts',(2.14737033868111,-2.14737033868111,-0.75930282290649));
#4639=CARTESIAN_POINT('Ctrl Pts',(0.,-2.14737033868111,-0.75930282290649));
#4640=CARTESIAN_POINT('Ctrl Pts',(-2.14737033868111,-2.14737033868111,-0.75930282290649));
#4641=CARTESIAN_POINT('Ctrl Pts',(-2.14737033868111,0.,-0.75930282290649));
#4642=CARTESIAN_POINT('Ctrl Pts',(-2.3000902151504,0.,-0.742730189490773));
#4643=CARTESIAN_POINT('Ctrl Pts',(-2.3000902151504,2.3000902151504,-0.742730189490773));
#4644=CARTESIAN_POINT('Ctrl Pts',(0.,2.3000902151504,-0.742730189490773));
#4645=CARTESIAN_POINT('Ctrl Pts',(2.3000902151504,2.3000902151504,-0.742730189490773));
#4646=CARTESIAN_POINT('Ctrl Pts',(2.3000902151504,0.,-0.742730189490773));
#4647=CARTESIAN_POINT('Ctrl Pts',(2.3000902151504,-2.3000902151504,-0.742730189490773));
#4648=CARTESIAN_POINT('Ctrl Pts',(0.,-2.3000902151504,-0.742730189490773));
#4649=CARTESIAN_POINT('Ctrl Pts',(-2.3000902151504,-2.3000902151504,-0.742730189490773));
#4650=CARTESIAN_POINT('Ctrl Pts',(-2.3000902151504,0.,-0.742730189490773));
#4651=CARTESIAN_POINT('Ctrl Pts',(-2.45695303185239,0.,-0.7189240388291));
#4652=CARTESIAN_POINT('Ctrl Pts',(-2.45695303185239,2.45695303185239,-0.7189240388291));
#4653=CARTESIAN_POINT('Ctrl Pts',(0.,2.45695303185239,-0.7189240388291));
#4654=CARTESIAN_POINT('Ctrl Pts',(2.45695303185239,2.45695303185239,-0.7189240388291));
#4655=CARTESIAN_POINT('Ctrl Pts',(2.45695303185239,0.,-0.7189240388291));
#4656=CARTESIAN_POINT('Ctrl Pts',(2.45695303185239,-2.45695303185239,-0.7189240388291));
#4657=CARTESIAN_POINT('Ctrl Pts',(0.,-2.45695303185239,-0.7189240388291));
#4658=CARTESIAN_POINT('Ctrl Pts',(-2.45695303185239,-2.45695303185239,-0.7189240388291));
#4659=CARTESIAN_POINT('Ctrl Pts',(-2.45695303185239,0.,-0.7189240388291));
#4660=CARTESIAN_POINT('Ctrl Pts',(-2.61646167437853,0.,-0.688608589764148));
#4661=CARTESIAN_POINT('Ctrl Pts',(-2.61646167437853,2.61646167437853,-0.688608589764148));
#4662=CARTESIAN_POINT('Ctrl Pts',(0.,2.61646167437853,-0.688608589764148));
#4663=CARTESIAN_POINT('Ctrl Pts',(2.61646167437853,2.61646167437853,-0.688608589764148));
#4664=CARTESIAN_POINT('Ctrl Pts',(2.61646167437853,0.,-0.688608589764148));
#4665=CARTESIAN_POINT('Ctrl Pts',(2.61646167437853,-2.61646167437853,-0.688608589764148));
#4666=CARTESIAN_POINT('Ctrl Pts',(0.,-2.61646167437853,-0.688608589764148));
#4667=CARTESIAN_POINT('Ctrl Pts',(-2.61646167437853,-2.61646167437853,-0.688608589764148));
#4668=CARTESIAN_POINT('Ctrl Pts',(-2.61646167437853,0.,-0.688608589764148));
#4669=CARTESIAN_POINT('Ctrl Pts',(-2.77688015186133,0.,-0.652593820270341));
#4670=CARTESIAN_POINT('Ctrl Pts',(-2.77688015186133,2.77688015186133,-0.652593820270341));
#4671=CARTESIAN_POINT('Ctrl Pts',(0.,2.77688015186133,-0.652593820270341));
#4672=CARTESIAN_POINT('Ctrl Pts',(2.77688015186133,2.77688015186133,-0.652593820270341));
#4673=CARTESIAN_POINT('Ctrl Pts',(2.77688015186133,0.,-0.652593820270341));
#4674=CARTESIAN_POINT('Ctrl Pts',(2.77688015186133,-2.77688015186133,-0.652593820270341));
#4675=CARTESIAN_POINT('Ctrl Pts',(0.,-2.77688015186133,-0.652593820270341));
#4676=CARTESIAN_POINT('Ctrl Pts',(-2.77688015186133,-2.77688015186133,-0.652593820270341));
#4677=CARTESIAN_POINT('Ctrl Pts',(-2.77688015186133,0.,-0.652593820270341));
#4678=CARTESIAN_POINT('Ctrl Pts',(-2.93627072850678,0.,-0.611754084878089));
#4679=CARTESIAN_POINT('Ctrl Pts',(-2.93627072850678,2.93627072850678,-0.611754084878089));
#4680=CARTESIAN_POINT('Ctrl Pts',(0.,2.93627072850678,-0.611754084878089));
#4681=CARTESIAN_POINT('Ctrl Pts',(2.93627072850678,2.93627072850678,-0.611754084878089));
#4682=CARTESIAN_POINT('Ctrl Pts',(2.93627072850678,0.,-0.611754084878089));
#4683=CARTESIAN_POINT('Ctrl Pts',(2.93627072850678,-2.93627072850678,-0.611754084878089));
#4684=CARTESIAN_POINT('Ctrl Pts',(0.,-2.93627072850678,-0.611754084878089));
#4685=CARTESIAN_POINT('Ctrl Pts',(-2.93627072850678,-2.93627072850678,-0.611754084878089));
#4686=CARTESIAN_POINT('Ctrl Pts',(-2.93627072850678,0.,-0.611754084878089));
#4687=CARTESIAN_POINT('Ctrl Pts',(-3.09264260186243,0.,-0.566969093104279));
#4688=CARTESIAN_POINT('Ctrl Pts',(-3.09264260186243,3.09264260186243,-0.566969093104279));
#4689=CARTESIAN_POINT('Ctrl Pts',(0.,3.09264260186243,-0.566969093104279));
#4690=CARTESIAN_POINT('Ctrl Pts',(3.09264260186243,3.09264260186243,-0.566969093104279));
#4691=CARTESIAN_POINT('Ctrl Pts',(3.09264260186243,0.,-0.566969093104279));
#4692=CARTESIAN_POINT('Ctrl Pts',(3.09264260186243,-3.09264260186243,-0.566969093104279));
#4693=CARTESIAN_POINT('Ctrl Pts',(0.,-3.09264260186243,-0.566969093104279));
#4694=CARTESIAN_POINT('Ctrl Pts',(-3.09264260186243,-3.09264260186243,-0.566969093104279));
#4695=CARTESIAN_POINT('Ctrl Pts',(-3.09264260186243,0.,-0.566969093104279));
#4696=CARTESIAN_POINT('Ctrl Pts',(-3.2440743653528,0.,-0.519078081530674));
#4697=CARTESIAN_POINT('Ctrl Pts',(-3.2440743653528,3.2440743653528,-0.519078081530674));
#4698=CARTESIAN_POINT('Ctrl Pts',(0.,3.2440743653528,-0.519078081530674));
#4699=CARTESIAN_POINT('Ctrl Pts',(3.2440743653528,3.2440743653528,-0.519078081530674));
#4700=CARTESIAN_POINT('Ctrl Pts',(3.2440743653528,0.,-0.519078081530674));
#4701=CARTESIAN_POINT('Ctrl Pts',(3.2440743653528,-3.2440743653528,-0.519078081530674));
#4702=CARTESIAN_POINT('Ctrl Pts',(0.,-3.2440743653528,-0.519078081530674));
#4703=CARTESIAN_POINT('Ctrl Pts',(-3.2440743653528,-3.2440743653528,-0.519078081530674));
#4704=CARTESIAN_POINT('Ctrl Pts',(-3.2440743653528,0.,-0.519078081530674));
#4705=CARTESIAN_POINT('Ctrl Pts',(-3.3888580194275,0.,-0.46883081109457));
#4706=CARTESIAN_POINT('Ctrl Pts',(-3.3888580194275,3.3888580194275,-0.46883081109457));
#4707=CARTESIAN_POINT('Ctrl Pts',(0.,3.3888580194275,-0.46883081109457));
#4708=CARTESIAN_POINT('Ctrl Pts',(3.3888580194275,3.3888580194275,-0.46883081109457));
#4709=CARTESIAN_POINT('Ctrl Pts',(3.3888580194275,0.,-0.46883081109457));
#4710=CARTESIAN_POINT('Ctrl Pts',(3.3888580194275,-3.3888580194275,-0.46883081109457));
#4711=CARTESIAN_POINT('Ctrl Pts',(0.,-3.3888580194275,-0.46883081109457));
#4712=CARTESIAN_POINT('Ctrl Pts',(-3.3888580194275,-3.3888580194275,-0.46883081109457));
#4713=CARTESIAN_POINT('Ctrl Pts',(-3.3888580194275,0.,-0.46883081109457));
#4714=CARTESIAN_POINT('Ctrl Pts',(-3.52562344177953,0.,-0.41684712354818));
#4715=CARTESIAN_POINT('Ctrl Pts',(-3.52562344177953,3.52562344177953,-0.41684712354818));
#4716=CARTESIAN_POINT('Ctrl Pts',(0.,3.52562344177953,-0.41684712354818));
#4717=CARTESIAN_POINT('Ctrl Pts',(3.52562344177953,3.52562344177953,-0.41684712354818));
#4718=CARTESIAN_POINT('Ctrl Pts',(3.52562344177953,0.,-0.41684712354818));
#4719=CARTESIAN_POINT('Ctrl Pts',(3.52562344177953,-3.52562344177953,-0.41684712354818));
#4720=CARTESIAN_POINT('Ctrl Pts',(0.,-3.52562344177953,-0.41684712354818));
#4721=CARTESIAN_POINT('Ctrl Pts',(-3.52562344177953,-3.52562344177953,-0.41684712354818));
#4722=CARTESIAN_POINT('Ctrl Pts',(-3.52562344177953,0.,-0.41684712354818));
#4723=CARTESIAN_POINT('Ctrl Pts',(-3.65352943185114,0.,-0.363561604651966));
#4724=CARTESIAN_POINT('Ctrl Pts',(-3.65352943185114,3.65352943185114,-0.363561604651966));
#4725=CARTESIAN_POINT('Ctrl Pts',(0.,3.65352943185114,-0.363561604651966));
#4726=CARTESIAN_POINT('Ctrl Pts',(3.65352943185114,3.65352943185114,-0.363561604651966));
#4727=CARTESIAN_POINT('Ctrl Pts',(3.65352943185114,0.,-0.363561604651966));
#4728=CARTESIAN_POINT('Ctrl Pts',(3.65352943185114,-3.65352943185114,-0.363561604651966));
#4729=CARTESIAN_POINT('Ctrl Pts',(0.,-3.65352943185114,-0.363561604651966));
#4730=CARTESIAN_POINT('Ctrl Pts',(-3.65352943185114,-3.65352943185114,-0.363561604651966));
#4731=CARTESIAN_POINT('Ctrl Pts',(-3.65352943185114,0.,-0.363561604651966));
#4732=CARTESIAN_POINT('Ctrl Pts',(-3.77219436432784,0.,-0.309238874883037));
#4733=CARTESIAN_POINT('Ctrl Pts',(-3.77219436432784,3.77219436432784,-0.309238874883037));
#4734=CARTESIAN_POINT('Ctrl Pts',(0.,3.77219436432784,-0.309238874883037));
#4735=CARTESIAN_POINT('Ctrl Pts',(3.77219436432784,3.77219436432784,-0.309238874883037));
#4736=CARTESIAN_POINT('Ctrl Pts',(3.77219436432784,0.,-0.309238874883037));
#4737=CARTESIAN_POINT('Ctrl Pts',(3.77219436432784,-3.77219436432784,-0.309238874883037));
#4738=CARTESIAN_POINT('Ctrl Pts',(0.,-3.77219436432784,-0.309238874883037));
#4739=CARTESIAN_POINT('Ctrl Pts',(-3.77219436432784,-3.77219436432784,-0.309238874883037));
#4740=CARTESIAN_POINT('Ctrl Pts',(-3.77219436432784,0.,-0.309238874883037));
#4741=CARTESIAN_POINT('Ctrl Pts',(-3.85965131419891,0.,-0.265063930982988));
#4742=CARTESIAN_POINT('Ctrl Pts',(-3.85965131419891,3.85965131419891,-0.265063930982988));
#4743=CARTESIAN_POINT('Ctrl Pts',(0.,3.85965131419891,-0.265063930982988));
#4744=CARTESIAN_POINT('Ctrl Pts',(3.85965131419891,3.85965131419891,-0.265063930982988));
#4745=CARTESIAN_POINT('Ctrl Pts',(3.85965131419891,0.,-0.265063930982988));
#4746=CARTESIAN_POINT('Ctrl Pts',(3.85965131419891,-3.85965131419891,-0.265063930982988));
#4747=CARTESIAN_POINT('Ctrl Pts',(0.,-3.85965131419891,-0.265063930982988));
#4748=CARTESIAN_POINT('Ctrl Pts',(-3.85965131419891,-3.85965131419891,-0.265063930982988));
#4749=CARTESIAN_POINT('Ctrl Pts',(-3.85965131419891,0.,-0.265063930982988));
#4750=CARTESIAN_POINT('Ctrl Pts',(-3.92106000196197,0.,-0.231553596089893));
#4751=CARTESIAN_POINT('Ctrl Pts',(-3.92106000196197,3.92106000196197,-0.231553596089893));
#4752=CARTESIAN_POINT('Ctrl Pts',(0.,3.92106000196197,-0.231553596089893));
#4753=CARTESIAN_POINT('Ctrl Pts',(3.92106000196197,3.92106000196197,-0.231553596089893));
#4754=CARTESIAN_POINT('Ctrl Pts',(3.92106000196197,0.,-0.231553596089893));
#4755=CARTESIAN_POINT('Ctrl Pts',(3.92106000196197,-3.92106000196197,-0.231553596089893));
#4756=CARTESIAN_POINT('Ctrl Pts',(0.,-3.92106000196197,-0.231553596089893));
#4757=CARTESIAN_POINT('Ctrl Pts',(-3.92106000196197,-3.92106000196197,-0.231553596089893));
#4758=CARTESIAN_POINT('Ctrl Pts',(-3.92106000196197,0.,-0.231553596089893));
#4759=CARTESIAN_POINT('Ctrl Pts',(-3.96014702705904,0.,-0.20904558541352));
#4760=CARTESIAN_POINT('Ctrl Pts',(-3.96014702705903,3.96014702705903,-0.20904558541352));
#4761=CARTESIAN_POINT('Ctrl Pts',(0.,3.96014702705904,-0.20904558541352));
#4762=CARTESIAN_POINT('Ctrl Pts',(3.96014702705903,3.96014702705903,-0.20904558541352));
#4763=CARTESIAN_POINT('Ctrl Pts',(3.96014702705904,0.,-0.20904558541352));
#4764=CARTESIAN_POINT('Ctrl Pts',(3.96014702705903,-3.96014702705903,-0.20904558541352));
#4765=CARTESIAN_POINT('Ctrl Pts',(0.,-3.96014702705904,-0.20904558541352));
#4766=CARTESIAN_POINT('Ctrl Pts',(-3.96014702705903,-3.96014702705903,-0.20904558541352));
#4767=CARTESIAN_POINT('Ctrl Pts',(-3.96014702705904,0.,-0.20904558541352));
#4768=CARTESIAN_POINT('Ctrl Pts',(-3.97922751986641,0.,-0.197749631526101));
#4769=CARTESIAN_POINT('Ctrl Pts',(-3.97922751986641,3.97922751986641,-0.197749631526101));
#4770=CARTESIAN_POINT('Ctrl Pts',(0.,3.97922751986641,-0.197749631526101));
#4771=CARTESIAN_POINT('Ctrl Pts',(3.97922751986641,3.97922751986641,-0.197749631526101));
#4772=CARTESIAN_POINT('Ctrl Pts',(3.97922751986641,0.,-0.197749631526101));
#4773=CARTESIAN_POINT('Ctrl Pts',(3.97922751986641,-3.97922751986641,-0.197749631526101));
#4774=CARTESIAN_POINT('Ctrl Pts',(0.,-3.97922751986641,-0.197749631526101));
#4775=CARTESIAN_POINT('Ctrl Pts',(-3.97922751986641,-3.97922751986641,-0.197749631526101));
#4776=CARTESIAN_POINT('Ctrl Pts',(-3.97922751986641,0.,-0.197749631526101));
#4777=CARTESIAN_POINT('',(-1.5307650703751,-0.548083491897046,-0.744511538138559));
#4778=CARTESIAN_POINT('Ctrl Pts',(-1.5307650703751,-0.548083491897046,-0.744511538138559));
#4779=CARTESIAN_POINT('Ctrl Pts',(-1.65605174192239,-0.765086372528136,
-0.775473745729288));
#4780=CARTESIAN_POINT('Ctrl Pts',(-1.89959694437204,-1.18691903711057,-0.805238593584132));
#4781=CARTESIAN_POINT('Ctrl Pts',(-2.46107118266976,-2.15942094498327,-0.519030419700987));
#4782=CARTESIAN_POINT('Ctrl Pts',(-2.66742978522018,-2.51684452917951,-0.381050498705513));
#4783=CARTESIAN_POINT('Ctrl Pts',(-2.82500913569065,-2.78977997041808,-0.202987749192208));
#4784=CARTESIAN_POINT('',(-1.0795107087642,-0.66899673367171,-0.635));
#4785=CARTESIAN_POINT('Ctrl Pts',(-1.0795107087642,-0.66899673367171,-0.635));
#4786=CARTESIAN_POINT('Ctrl Pts',(-1.23079518391003,-0.628460180729017,
-0.687396728041914));
#4787=CARTESIAN_POINT('Ctrl Pts',(-1.3765393766117,-0.589408141993078,-0.723243570791));
#4788=CARTESIAN_POINT('Ctrl Pts',(-1.5307650703751,-0.548083491897046,-0.744511538138559));
#4789=CARTESIAN_POINT('Origin',(0.,0.,-0.635));
#4790=CARTESIAN_POINT('Ctrl Pts',(-2.97138323493991,2.92985782934805,-0.00272518300909394));
#4791=CARTESIAN_POINT('Ctrl Pts',(-1.76027762280559,4.1581286606458,-0.00272518300909394));
#4792=CARTESIAN_POINT('Ctrl Pts',(-0.0353973542673258,4.17276074756088,
-0.00272518300909394));
#4793=CARTESIAN_POINT('Ctrl Pts',(-2.97138323493991,2.92985782934805,0.197749631526101));
#4794=CARTESIAN_POINT('Ctrl Pts',(-1.76027762280559,4.1581286606458,0.197749631526101));
#4795=CARTESIAN_POINT('Ctrl Pts',(-0.0353973542673258,4.17276074756088,
0.197749631526101));
#4796=CARTESIAN_POINT('Ctrl Pts',(-2.79776695273345,2.82962042208045,0.197749631526101));
#4797=CARTESIAN_POINT('Ctrl Pts',(-1.62809614513864,3.98612406671409,0.197749631526101));
#4798=CARTESIAN_POINT('Ctrl Pts',(0.0167693287543129,3.97919218491333,0.197749631526101));
#4799=CARTESIAN_POINT('Ctrl Pts',(-2.624150670527,2.72938301481285,0.197749631526101));
#4800=CARTESIAN_POINT('Ctrl Pts',(-1.49591466747169,3.81411947278238,0.197749631526101));
#4801=CARTESIAN_POINT('Ctrl Pts',(0.0689360117759517,3.78562362226577,0.197749631526101));
#4802=CARTESIAN_POINT('Ctrl Pts',(-2.624150670527,2.72938301481285,-0.00272518300909397));
#4803=CARTESIAN_POINT('Ctrl Pts',(-1.49591466747169,3.81411947278238,-0.00272518300909397));
#4804=CARTESIAN_POINT('Ctrl Pts',(0.0689360117759517,3.78562362226577,-0.00272518300909397));
#4805=CARTESIAN_POINT('Ctrl Pts',(-2.624150670527,2.72938301481285,-0.203199997544289));
#4806=CARTESIAN_POINT('Ctrl Pts',(-1.49591466747169,3.81411947278238,-0.203199997544289));
#4807=CARTESIAN_POINT('Ctrl Pts',(0.0689360117759517,3.78562362226577,-0.203199997544289));
#4808=CARTESIAN_POINT('Ctrl Pts',(-2.79776695273345,2.82962042208045,-0.203199997544289));
#4809=CARTESIAN_POINT('Ctrl Pts',(-1.62809614513864,3.98612406671409,-0.203199997544289));
#4810=CARTESIAN_POINT('Ctrl Pts',(0.0167693287543129,3.97919218491333,-0.203199997544289));
#4811=CARTESIAN_POINT('Ctrl Pts',(-2.97138323493991,2.92985782934805,-0.203199997544289));
#4812=CARTESIAN_POINT('Ctrl Pts',(-1.76027762280559,4.1581286606458,-0.203199997544289));
#4813=CARTESIAN_POINT('Ctrl Pts',(-0.0353973542673258,4.17276074756088,
-0.203199997544289));
#4814=CARTESIAN_POINT('Ctrl Pts',(-2.97138323493991,2.92985782934805,-0.00272518300909399));
#4815=CARTESIAN_POINT('Ctrl Pts',(-1.76027762280559,4.1581286606458,-0.00272518300909399));
#4816=CARTESIAN_POINT('Ctrl Pts',(-0.0353973542673258,4.17276074756088,
-0.00272518300909399));
#4817=CARTESIAN_POINT('',(-2.79776695273345,2.82962042208045,0.197749631526101));
#4818=CARTESIAN_POINT('',(0.0167693287543131,3.97919218491333,0.197749631526101));
#4819=CARTESIAN_POINT('Origin',(0.,0.,0.197749631526101));
#4820=CARTESIAN_POINT('',(-0.0353973542673257,4.17276074756088,-0.00272518300909405));
#4821=CARTESIAN_POINT('Origin',(0.0167693287543131,3.97919218491333,-0.00272518300909397));
#4822=CARTESIAN_POINT('',(-2.97138323493991,2.92985782934805,-0.00272518300909399));
#4823=CARTESIAN_POINT('Origin',(6.66133814775094E-16,-4.44089209850063E-15,
-0.00272518300909468));
#4824=CARTESIAN_POINT('Origin',(-2.79776695273345,2.82962042208045,-0.00272518300909397));
#4825=CARTESIAN_POINT('Ctrl Pts',(-2.97138323493991,2.92985782934805,-0.00272518300909394));
#4826=CARTESIAN_POINT('Ctrl Pts',(-1.76027762280559,4.1581286606458,-0.00272518300909394));
#4827=CARTESIAN_POINT('Ctrl Pts',(-0.0353973542673258,4.17276074756088,
-0.00272518300909394));
#4828=CARTESIAN_POINT('Ctrl Pts',(-2.97138323493991,2.92985782934805,0.197749631526101));
#4829=CARTESIAN_POINT('Ctrl Pts',(-1.76027762280559,4.1581286606458,0.197749631526101));
#4830=CARTESIAN_POINT('Ctrl Pts',(-0.0353973542673258,4.17276074756088,
0.197749631526101));
#4831=CARTESIAN_POINT('Ctrl Pts',(-2.79776695273345,2.82962042208045,0.197749631526101));
#4832=CARTESIAN_POINT('Ctrl Pts',(-1.62809614513864,3.98612406671409,0.197749631526101));
#4833=CARTESIAN_POINT('Ctrl Pts',(0.0167693287543129,3.97919218491333,0.197749631526101));
#4834=CARTESIAN_POINT('Ctrl Pts',(-2.624150670527,2.72938301481285,0.197749631526101));
#4835=CARTESIAN_POINT('Ctrl Pts',(-1.49591466747169,3.81411947278238,0.197749631526101));
#4836=CARTESIAN_POINT('Ctrl Pts',(0.0689360117759517,3.78562362226577,0.197749631526101));
#4837=CARTESIAN_POINT('Ctrl Pts',(-2.624150670527,2.72938301481285,-0.00272518300909397));
#4838=CARTESIAN_POINT('Ctrl Pts',(-1.49591466747169,3.81411947278238,-0.00272518300909397));
#4839=CARTESIAN_POINT('Ctrl Pts',(0.0689360117759517,3.78562362226577,-0.00272518300909397));
#4840=CARTESIAN_POINT('Ctrl Pts',(-2.624150670527,2.72938301481285,-0.203199997544289));
#4841=CARTESIAN_POINT('Ctrl Pts',(-1.49591466747169,3.81411947278238,-0.203199997544289));
#4842=CARTESIAN_POINT('Ctrl Pts',(0.0689360117759517,3.78562362226577,-0.203199997544289));
#4843=CARTESIAN_POINT('Ctrl Pts',(-2.79776695273345,2.82962042208045,-0.203199997544289));
#4844=CARTESIAN_POINT('Ctrl Pts',(-1.62809614513864,3.98612406671409,-0.203199997544289));
#4845=CARTESIAN_POINT('Ctrl Pts',(0.0167693287543129,3.97919218491333,-0.203199997544289));
#4846=CARTESIAN_POINT('Ctrl Pts',(-2.97138323493991,2.92985782934805,-0.203199997544289));
#4847=CARTESIAN_POINT('Ctrl Pts',(-1.76027762280559,4.1581286606458,-0.203199997544289));
#4848=CARTESIAN_POINT('Ctrl Pts',(-0.0353973542673258,4.17276074756088,
-0.203199997544289));
#4849=CARTESIAN_POINT('Ctrl Pts',(-2.97138323493991,2.92985782934805,-0.00272518300909399));
#4850=CARTESIAN_POINT('Ctrl Pts',(-1.76027762280559,4.1581286606458,-0.00272518300909399));
#4851=CARTESIAN_POINT('Ctrl Pts',(-0.0353973542673258,4.17276074756088,
-0.00272518300909399));
#4852=CARTESIAN_POINT('',(-2.79502382774623,2.82803667813066,-0.203174972939956));
#4853=CARTESIAN_POINT('',(0.0167693287543128,3.97613737691929,-0.203174972939956));
#4854=CARTESIAN_POINT('Ctrl Pts',(-2.79502382774623,2.82803667813066,-0.203174972939956));
#4855=CARTESIAN_POINT('Ctrl Pts',(-2.42677152813048,3.19199021522861,-0.203174972939956));
#4856=CARTESIAN_POINT('Ctrl Pts',(-1.99095170229359,3.48053629531343,-0.203174972939956));
#4857=CARTESIAN_POINT('Ctrl Pts',(-1.02716278582755,3.87682917752669,-0.203174972939956));
#4858=CARTESIAN_POINT('Ctrl Pts',(-0.507547054812291,3.97834867722756,-0.203174972939956));
#4859=CARTESIAN_POINT('Ctrl Pts',(0.0167693287543129,3.97613737691929,-0.203174972939956));
#4860=CARTESIAN_POINT('Origin',(-2.79776695273345,2.82962042208045,-0.00272518300909397));
#4861=CARTESIAN_POINT('Origin',(0.0167693287543131,3.97919218491333,-0.00272518300909397));
#4862=CARTESIAN_POINT('',(-2.78977997041808,2.82500913569065,-0.202987749192208));
#4863=CARTESIAN_POINT('Origin',(-2.79776695273345,2.82962042208045,-0.00272518300909397));
#4864=CARTESIAN_POINT('',(0.0167693287543132,3.97029818649616,-0.202987749192207));
#4865=CARTESIAN_POINT('Ctrl Pts',(0.0167693287543133,3.97029818649616,-0.202987749192207));
#4866=CARTESIAN_POINT('Ctrl Pts',(-0.499407140052451,3.97247835848679,-0.202987749192207));
#4867=CARTESIAN_POINT('Ctrl Pts',(-1.01109772158073,3.87397585673248,-0.202987749192207));
#4868=CARTESIAN_POINT('Ctrl Pts',(-1.97515319149353,3.48377919284511,-0.202987749192207));
#4869=CARTESIAN_POINT('Ctrl Pts',(-2.41705895751101,3.19308214587151,-0.202987749192207));
#4870=CARTESIAN_POINT('Ctrl Pts',(-2.78977997041808,2.82500913569066,-0.202987749192207));
#4871=CARTESIAN_POINT('Ctrl Pts',(0.0167693287543131,3.97613737691929,-0.203174972939956));
#4872=CARTESIAN_POINT('Ctrl Pts',(0.0167693287543131,3.97418860941974,-0.203143041907015));
#4873=CARTESIAN_POINT('Ctrl Pts',(0.0167693287543131,3.97224199931409,-0.203080581341584));
#4874=CARTESIAN_POINT('Ctrl Pts',(0.0167693287543131,3.97029818649616,-0.202987749192207));
#4875=CARTESIAN_POINT('Origin',(0.0167693287543131,3.97919218491333,-0.00272518300909397));
#4876=CARTESIAN_POINT('Origin',(0.0167693287543131,0.953757428208496,3.175));
#4877=CARTESIAN_POINT('',(0.0167693287543131,1.26988928242313,-0.635));
#4878=CARTESIAN_POINT('Ctrl Pts',(0.0167693287543132,3.97029818649616,-0.202987749192207));
#4879=CARTESIAN_POINT('Ctrl Pts',(0.0167693287543132,3.55954861448131,-0.443652531925937));
#4880=CARTESIAN_POINT('Ctrl Pts',(0.0167693287545412,2.94160359442249,-0.634856762857167));
#4881=CARTESIAN_POINT('Ctrl Pts',(0.0167693287545412,2.12928742313347,-0.773207190415504));
#4882=CARTESIAN_POINT('Ctrl Pts',(0.016769328754315,1.89046961011681,-0.776368491777215));
#4883=CARTESIAN_POINT('Ctrl Pts',(0.016769328754315,1.55268319516129,-0.738054380621848));
#4884=CARTESIAN_POINT('Ctrl Pts',(0.016769328754313,1.40540461990851,-0.701206291155984));
#4885=CARTESIAN_POINT('Ctrl Pts',(0.016769328754313,1.26988928242313,-0.635));
#4886=CARTESIAN_POINT('',(0.0167693287543131,1.26988928242313,0.635));
#4887=CARTESIAN_POINT('',(0.0167693287543131,1.26988928242313,0.));
#4888=CARTESIAN_POINT('Ctrl Pts',(0.0167693287543134,3.97919218491333,0.197749631526101));
#4889=CARTESIAN_POINT('Ctrl Pts',(0.0167693287543134,3.56850956472078,0.44087808700134));
#4890=CARTESIAN_POINT('Ctrl Pts',(0.0167693287545412,2.94512485844569,0.634257035312187));
#4891=CARTESIAN_POINT('Ctrl Pts',(0.0167693287545412,2.12928742313347,0.773207190415504));
#4892=CARTESIAN_POINT('Ctrl Pts',(0.016769328754315,1.89046961011681,0.776368491777215));
#4893=CARTESIAN_POINT('Ctrl Pts',(0.016769328754315,1.55268319516129,0.738054380621848));
#4894=CARTESIAN_POINT('Ctrl Pts',(0.016769328754313,1.40540461990851,0.701206291155984));
#4895=CARTESIAN_POINT('Ctrl Pts',(0.016769328754313,1.26988928242313,0.635));
#4896=CARTESIAN_POINT('',(0.0167693287543131,0.953757428208496,0.635));
#4897=CARTESIAN_POINT('Ctrl Pts',(0.016769328754313,0.953757428208496,0.635));
#4898=CARTESIAN_POINT('Ctrl Pts',(0.016769328754313,0.980345639481825,0.674492578666382));
#4899=CARTESIAN_POINT('Ctrl Pts',(0.0167693287543338,1.01385482605727,0.709106364826578));
#4900=CARTESIAN_POINT('Ctrl Pts',(0.0167693287543338,1.09364274822349,0.774757381176252));
#4901=CARTESIAN_POINT('Ctrl Pts',(0.0167693287544174,1.14229689660352,0.80512008929736));
#4902=CARTESIAN_POINT('Ctrl Pts',(0.0167693287544174,1.28133847427089,0.876878184693614));
#4903=CARTESIAN_POINT('Ctrl Pts',(0.0167693286980315,1.41174809369212,0.927044755683806));
#4904=CARTESIAN_POINT('Ctrl Pts',(0.0167693286980315,1.63500530312286,0.962614050197463));
#4905=CARTESIAN_POINT('Ctrl Pts',(0.0167693287543471,1.89182016737611,1.01452424699366));
#4906=CARTESIAN_POINT('Ctrl Pts',(0.0167693287543471,2.88980507182907,0.857867276576386));
#4907=CARTESIAN_POINT('Ctrl Pts',(0.0167693287543118,3.15910398414099,0.774412013451927));
#4908=CARTESIAN_POINT('Ctrl Pts',(0.0167693287543118,3.56466312795634,0.597691947076413));
#4909=CARTESIAN_POINT('Ctrl Pts',(0.0167693287543128,3.6895216547755,0.514275219701656));
#4910=CARTESIAN_POINT('Ctrl Pts',(0.0167693287543128,3.8581336379187,0.370028408030638));
#4911=CARTESIAN_POINT('Ctrl Pts',(0.0167693287543134,3.92748202511913,0.290455936286788));
#4912=CARTESIAN_POINT('Ctrl Pts',(0.0167693287543134,3.97919218491333,0.197749631526101));
#4913=CARTESIAN_POINT('',(0.0167693287543131,0.953757428208496,-0.635));
#4914=CARTESIAN_POINT('',(0.0167693287543131,0.953757428208496,-3.175));
#4915=CARTESIAN_POINT('Ctrl Pts',(0.016769328754313,0.953757428208496,-0.635));
#4916=CARTESIAN_POINT('Ctrl Pts',(0.016769328754313,0.980345639481825,-0.674492578666382));
#4917=CARTESIAN_POINT('Ctrl Pts',(0.0167693287543338,1.01385482605727,-0.709106364826578));
#4918=CARTESIAN_POINT('Ctrl Pts',(0.0167693287543338,1.09364274822349,-0.774757381176252));
#4919=CARTESIAN_POINT('Ctrl Pts',(0.0167693287544174,1.14229689660352,-0.80512008929736));
#4920=CARTESIAN_POINT('Ctrl Pts',(0.0167693287544174,1.28133847427089,-0.876878184693614));
#4921=CARTESIAN_POINT('Ctrl Pts',(0.0167693286980315,1.41174809369212,-0.927044755683806));
#4922=CARTESIAN_POINT('Ctrl Pts',(0.0167693286980315,1.63500530312286,-0.962614050197463));
#4923=CARTESIAN_POINT('Ctrl Pts',(0.0167693287543471,1.89182016737611,-1.01452424699366));
#4924=CARTESIAN_POINT('Ctrl Pts',(0.0167693287543471,2.88980507182907,-0.857867276576386));
#4925=CARTESIAN_POINT('Ctrl Pts',(0.0167693287543118,3.15910398414099,-0.774412013451927));
#4926=CARTESIAN_POINT('Ctrl Pts',(0.0167693287543118,3.56466312795634,-0.597691947076413));
#4927=CARTESIAN_POINT('Ctrl Pts',(0.0167693287543128,3.6895216547755,-0.514275219701656));
#4928=CARTESIAN_POINT('Ctrl Pts',(0.0167693287543128,3.85655410688275,-0.371379689900552));
#4929=CARTESIAN_POINT('Ctrl Pts',(0.0167693287543128,3.92476365698698,-0.293564521355769));
#4930=CARTESIAN_POINT('Ctrl Pts',(0.0167693287543128,3.97613737691929,-0.203174972939956));
#4931=CARTESIAN_POINT('Ctrl Pts',(-1.27,0.,-0.635));
#4932=CARTESIAN_POINT('Ctrl Pts',(-1.27,1.27,-0.635));
#4933=CARTESIAN_POINT('Ctrl Pts',(0.,1.27,-0.635));
#4934=CARTESIAN_POINT('Ctrl Pts',(1.27,1.27,-0.635));
#4935=CARTESIAN_POINT('Ctrl Pts',(1.27,0.,-0.635));
#4936=CARTESIAN_POINT('Ctrl Pts',(1.27,-1.27,-0.635));
#4937=CARTESIAN_POINT('Ctrl Pts',(0.,-1.27,-0.635));
#4938=CARTESIAN_POINT('Ctrl Pts',(-1.27,-1.27,-0.635));
#4939=CARTESIAN_POINT('Ctrl Pts',(-1.27,0.,-0.635));
#4940=CARTESIAN_POINT('Ctrl Pts',(-1.28976000903809,0.,-0.644654633909946));
#4941=CARTESIAN_POINT('Ctrl Pts',(-1.28976000903809,1.28976000903809,-0.644654633909946));
#4942=CARTESIAN_POINT('Ctrl Pts',(0.,1.28976000903809,-0.644654633909946));
#4943=CARTESIAN_POINT('Ctrl Pts',(1.28976000903809,1.28976000903809,-0.644654633909946));
#4944=CARTESIAN_POINT('Ctrl Pts',(1.28976000903809,0.,-0.644654633909946));
#4945=CARTESIAN_POINT('Ctrl Pts',(1.28976000903809,-1.28976000903809,-0.644654633909946));
#4946=CARTESIAN_POINT('Ctrl Pts',(0.,-1.28976000903809,-0.644654633909946));
#4947=CARTESIAN_POINT('Ctrl Pts',(-1.28976000903809,-1.28976000903809,-0.644654633909946));
#4948=CARTESIAN_POINT('Ctrl Pts',(-1.28976000903809,0.,-0.644654633909946));
#4949=CARTESIAN_POINT('Ctrl Pts',(-1.33005338904588,0.,-0.663091609763323));
#4950=CARTESIAN_POINT('Ctrl Pts',(-1.33005338904588,1.33005338904588,-0.663091609763323));
#4951=CARTESIAN_POINT('Ctrl Pts',(0.,1.33005338904588,-0.663091609763323));
#4952=CARTESIAN_POINT('Ctrl Pts',(1.33005338904588,1.33005338904588,-0.663091609763323));
#4953=CARTESIAN_POINT('Ctrl Pts',(1.33005338904588,0.,-0.663091609763323));
#4954=CARTESIAN_POINT('Ctrl Pts',(1.33005338904588,-1.33005338904588,-0.663091609763323));
#4955=CARTESIAN_POINT('Ctrl Pts',(0.,-1.33005338904588,-0.663091609763323));
#4956=CARTESIAN_POINT('Ctrl Pts',(-1.33005338904588,-1.33005338904588,-0.663091609763323));
#4957=CARTESIAN_POINT('Ctrl Pts',(-1.33005338904588,0.,-0.663091609763323));
#4958=CARTESIAN_POINT('Ctrl Pts',(-1.39281356358397,0.,-0.688130181283886));
#4959=CARTESIAN_POINT('Ctrl Pts',(-1.39281356358397,1.39281356358397,-0.688130181283886));
#4960=CARTESIAN_POINT('Ctrl Pts',(0.,1.39281356358397,-0.688130181283886));
#4961=CARTESIAN_POINT('Ctrl Pts',(1.39281356358397,1.39281356358397,-0.688130181283886));
#4962=CARTESIAN_POINT('Ctrl Pts',(1.39281356358397,0.,-0.688130181283886));
#4963=CARTESIAN_POINT('Ctrl Pts',(1.39281356358397,-1.39281356358397,-0.688130181283886));
#4964=CARTESIAN_POINT('Ctrl Pts',(0.,-1.39281356358397,-0.688130181283886));
#4965=CARTESIAN_POINT('Ctrl Pts',(-1.39281356358397,-1.39281356358397,-0.688130181283886));
#4966=CARTESIAN_POINT('Ctrl Pts',(-1.39281356358397,0.,-0.688130181283886));
#4967=CARTESIAN_POINT('Ctrl Pts',(-1.48115277756041,0.,-0.716259945171289));
#4968=CARTESIAN_POINT('Ctrl Pts',(-1.48115277756041,1.48115277756041,-0.716259945171289));
#4969=CARTESIAN_POINT('Ctrl Pts',(0.,1.48115277756041,-0.716259945171289));
#4970=CARTESIAN_POINT('Ctrl Pts',(1.48115277756041,1.48115277756041,-0.716259945171289));
#4971=CARTESIAN_POINT('Ctrl Pts',(1.48115277756041,0.,-0.716259945171289));
#4972=CARTESIAN_POINT('Ctrl Pts',(1.48115277756041,-1.48115277756041,-0.716259945171289));
#4973=CARTESIAN_POINT('Ctrl Pts',(0.,-1.48115277756041,-0.716259945171289));
#4974=CARTESIAN_POINT('Ctrl Pts',(-1.48115277756041,-1.48115277756041,-0.716259945171289));
#4975=CARTESIAN_POINT('Ctrl Pts',(-1.48115277756041,0.,-0.716259945171289));
#4976=CARTESIAN_POINT('Ctrl Pts',(-1.59940380111457,0.,-0.742561927287715));
#4977=CARTESIAN_POINT('Ctrl Pts',(-1.59940380111457,1.59940380111457,-0.742561927287715));
#4978=CARTESIAN_POINT('Ctrl Pts',(0.,1.59940380111457,-0.742561927287715));
#4979=CARTESIAN_POINT('Ctrl Pts',(1.59940380111457,1.59940380111457,-0.742561927287715));
#4980=CARTESIAN_POINT('Ctrl Pts',(1.59940380111457,0.,-0.742561927287715));
#4981=CARTESIAN_POINT('Ctrl Pts',(1.59940380111457,-1.59940380111457,-0.742561927287715));
#4982=CARTESIAN_POINT('Ctrl Pts',(0.,-1.59940380111457,-0.742561927287715));
#4983=CARTESIAN_POINT('Ctrl Pts',(-1.59940380111457,-1.59940380111457,-0.742561927287715));
#4984=CARTESIAN_POINT('Ctrl Pts',(-1.59940380111457,0.,-0.742561927287715));
#4985=CARTESIAN_POINT('Ctrl Pts',(-1.72546868968633,0.,-0.759921593770094));
#4986=CARTESIAN_POINT('Ctrl Pts',(-1.72546868968633,1.72546868968633,-0.759921593770094));
#4987=CARTESIAN_POINT('Ctrl Pts',(0.,1.72546868968633,-0.759921593770094));
#4988=CARTESIAN_POINT('Ctrl Pts',(1.72546868968633,1.72546868968633,-0.759921593770094));
#4989=CARTESIAN_POINT('Ctrl Pts',(1.72546868968633,0.,-0.759921593770094));
#4990=CARTESIAN_POINT('Ctrl Pts',(1.72546868968633,-1.72546868968633,-0.759921593770094));
#4991=CARTESIAN_POINT('Ctrl Pts',(0.,-1.72546868968633,-0.759921593770094));
#4992=CARTESIAN_POINT('Ctrl Pts',(-1.72546868968633,-1.72546868968633,-0.759921593770094));
#4993=CARTESIAN_POINT('Ctrl Pts',(-1.72546868968633,0.,-0.759921593770094));
#4994=CARTESIAN_POINT('Ctrl Pts',(-1.85917266805368,0.,-0.768342464494351));
#4995=CARTESIAN_POINT('Ctrl Pts',(-1.85917266805368,1.85917266805368,-0.768342464494351));
#4996=CARTESIAN_POINT('Ctrl Pts',(0.,1.85917266805368,-0.768342464494351));
#4997=CARTESIAN_POINT('Ctrl Pts',(1.85917266805368,1.85917266805368,-0.768342464494351));
#4998=CARTESIAN_POINT('Ctrl Pts',(1.85917266805368,0.,-0.768342464494351));
#4999=CARTESIAN_POINT('Ctrl Pts',(1.85917266805368,-1.85917266805368,-0.768342464494351));
#5000=CARTESIAN_POINT('Ctrl Pts',(0.,-1.85917266805368,-0.768342464494351));
#5001=CARTESIAN_POINT('Ctrl Pts',(-1.85917266805368,-1.85917266805368,-0.768342464494351));
#5002=CARTESIAN_POINT('Ctrl Pts',(-1.85917266805368,0.,-0.768342464494351));
#5003=CARTESIAN_POINT('Ctrl Pts',(-2.00005900374125,0.,-0.768011316095539));
#5004=CARTESIAN_POINT('Ctrl Pts',(-2.00005900374125,2.00005900374125,-0.768011316095539));
#5005=CARTESIAN_POINT('Ctrl Pts',(0.,2.00005900374125,-0.768011316095539));
#5006=CARTESIAN_POINT('Ctrl Pts',(2.00005900374125,2.00005900374125,-0.768011316095539));
#5007=CARTESIAN_POINT('Ctrl Pts',(2.00005900374125,0.,-0.768011316095539));
#5008=CARTESIAN_POINT('Ctrl Pts',(2.00005900374125,-2.00005900374125,-0.768011316095539));
#5009=CARTESIAN_POINT('Ctrl Pts',(0.,-2.00005900374125,-0.768011316095539));
#5010=CARTESIAN_POINT('Ctrl Pts',(-2.00005900374125,-2.00005900374125,-0.768011316095539));
#5011=CARTESIAN_POINT('Ctrl Pts',(-2.00005900374125,0.,-0.768011316095539));
#5012=CARTESIAN_POINT('Ctrl Pts',(-2.14737033868111,0.,-0.75930282290649));
#5013=CARTESIAN_POINT('Ctrl Pts',(-2.14737033868111,2.14737033868111,-0.75930282290649));
#5014=CARTESIAN_POINT('Ctrl Pts',(0.,2.14737033868111,-0.75930282290649));
#5015=CARTESIAN_POINT('Ctrl Pts',(2.14737033868111,2.14737033868111,-0.75930282290649));
#5016=CARTESIAN_POINT('Ctrl Pts',(2.14737033868111,0.,-0.75930282290649));
#5017=CARTESIAN_POINT('Ctrl Pts',(2.14737033868111,-2.14737033868111,-0.75930282290649));
#5018=CARTESIAN_POINT('Ctrl Pts',(0.,-2.14737033868111,-0.75930282290649));
#5019=CARTESIAN_POINT('Ctrl Pts',(-2.14737033868111,-2.14737033868111,-0.75930282290649));
#5020=CARTESIAN_POINT('Ctrl Pts',(-2.14737033868111,0.,-0.75930282290649));
#5021=CARTESIAN_POINT('Ctrl Pts',(-2.3000902151504,0.,-0.742730189490773));
#5022=CARTESIAN_POINT('Ctrl Pts',(-2.3000902151504,2.3000902151504,-0.742730189490773));
#5023=CARTESIAN_POINT('Ctrl Pts',(0.,2.3000902151504,-0.742730189490773));
#5024=CARTESIAN_POINT('Ctrl Pts',(2.3000902151504,2.3000902151504,-0.742730189490773));
#5025=CARTESIAN_POINT('Ctrl Pts',(2.3000902151504,0.,-0.742730189490773));
#5026=CARTESIAN_POINT('Ctrl Pts',(2.3000902151504,-2.3000902151504,-0.742730189490773));
#5027=CARTESIAN_POINT('Ctrl Pts',(0.,-2.3000902151504,-0.742730189490773));
#5028=CARTESIAN_POINT('Ctrl Pts',(-2.3000902151504,-2.3000902151504,-0.742730189490773));
#5029=CARTESIAN_POINT('Ctrl Pts',(-2.3000902151504,0.,-0.742730189490773));
#5030=CARTESIAN_POINT('Ctrl Pts',(-2.45695303185239,0.,-0.7189240388291));
#5031=CARTESIAN_POINT('Ctrl Pts',(-2.45695303185239,2.45695303185239,-0.7189240388291));
#5032=CARTESIAN_POINT('Ctrl Pts',(0.,2.45695303185239,-0.7189240388291));
#5033=CARTESIAN_POINT('Ctrl Pts',(2.45695303185239,2.45695303185239,-0.7189240388291));
#5034=CARTESIAN_POINT('Ctrl Pts',(2.45695303185239,0.,-0.7189240388291));
#5035=CARTESIAN_POINT('Ctrl Pts',(2.45695303185239,-2.45695303185239,-0.7189240388291));
#5036=CARTESIAN_POINT('Ctrl Pts',(0.,-2.45695303185239,-0.7189240388291));
#5037=CARTESIAN_POINT('Ctrl Pts',(-2.45695303185239,-2.45695303185239,-0.7189240388291));
#5038=CARTESIAN_POINT('Ctrl Pts',(-2.45695303185239,0.,-0.7189240388291));
#5039=CARTESIAN_POINT('Ctrl Pts',(-2.61646167437853,0.,-0.688608589764148));
#5040=CARTESIAN_POINT('Ctrl Pts',(-2.61646167437853,2.61646167437853,-0.688608589764148));
#5041=CARTESIAN_POINT('Ctrl Pts',(0.,2.61646167437853,-0.688608589764148));
#5042=CARTESIAN_POINT('Ctrl Pts',(2.61646167437853,2.61646167437853,-0.688608589764148));
#5043=CARTESIAN_POINT('Ctrl Pts',(2.61646167437853,0.,-0.688608589764148));
#5044=CARTESIAN_POINT('Ctrl Pts',(2.61646167437853,-2.61646167437853,-0.688608589764148));
#5045=CARTESIAN_POINT('Ctrl Pts',(0.,-2.61646167437853,-0.688608589764148));
#5046=CARTESIAN_POINT('Ctrl Pts',(-2.61646167437853,-2.61646167437853,-0.688608589764148));
#5047=CARTESIAN_POINT('Ctrl Pts',(-2.61646167437853,0.,-0.688608589764148));
#5048=CARTESIAN_POINT('Ctrl Pts',(-2.77688015186133,0.,-0.652593820270341));
#5049=CARTESIAN_POINT('Ctrl Pts',(-2.77688015186133,2.77688015186133,-0.652593820270341));
#5050=CARTESIAN_POINT('Ctrl Pts',(0.,2.77688015186133,-0.652593820270341));
#5051=CARTESIAN_POINT('Ctrl Pts',(2.77688015186133,2.77688015186133,-0.652593820270341));
#5052=CARTESIAN_POINT('Ctrl Pts',(2.77688015186133,0.,-0.652593820270341));
#5053=CARTESIAN_POINT('Ctrl Pts',(2.77688015186133,-2.77688015186133,-0.652593820270341));
#5054=CARTESIAN_POINT('Ctrl Pts',(0.,-2.77688015186133,-0.652593820270341));
#5055=CARTESIAN_POINT('Ctrl Pts',(-2.77688015186133,-2.77688015186133,-0.652593820270341));
#5056=CARTESIAN_POINT('Ctrl Pts',(-2.77688015186133,0.,-0.652593820270341));
#5057=CARTESIAN_POINT('Ctrl Pts',(-2.93627072850678,0.,-0.611754084878089));
#5058=CARTESIAN_POINT('Ctrl Pts',(-2.93627072850678,2.93627072850678,-0.611754084878089));
#5059=CARTESIAN_POINT('Ctrl Pts',(0.,2.93627072850678,-0.611754084878089));
#5060=CARTESIAN_POINT('Ctrl Pts',(2.93627072850678,2.93627072850678,-0.611754084878089));
#5061=CARTESIAN_POINT('Ctrl Pts',(2.93627072850678,0.,-0.611754084878089));
#5062=CARTESIAN_POINT('Ctrl Pts',(2.93627072850678,-2.93627072850678,-0.611754084878089));
#5063=CARTESIAN_POINT('Ctrl Pts',(0.,-2.93627072850678,-0.611754084878089));
#5064=CARTESIAN_POINT('Ctrl Pts',(-2.93627072850678,-2.93627072850678,-0.611754084878089));
#5065=CARTESIAN_POINT('Ctrl Pts',(-2.93627072850678,0.,-0.611754084878089));
#5066=CARTESIAN_POINT('Ctrl Pts',(-3.09264260186243,0.,-0.566969093104279));
#5067=CARTESIAN_POINT('Ctrl Pts',(-3.09264260186243,3.09264260186243,-0.566969093104279));
#5068=CARTESIAN_POINT('Ctrl Pts',(0.,3.09264260186243,-0.566969093104279));
#5069=CARTESIAN_POINT('Ctrl Pts',(3.09264260186243,3.09264260186243,-0.566969093104279));
#5070=CARTESIAN_POINT('Ctrl Pts',(3.09264260186243,0.,-0.566969093104279));
#5071=CARTESIAN_POINT('Ctrl Pts',(3.09264260186243,-3.09264260186243,-0.566969093104279));
#5072=CARTESIAN_POINT('Ctrl Pts',(0.,-3.09264260186243,-0.566969093104279));
#5073=CARTESIAN_POINT('Ctrl Pts',(-3.09264260186243,-3.09264260186243,-0.566969093104279));
#5074=CARTESIAN_POINT('Ctrl Pts',(-3.09264260186243,0.,-0.566969093104279));
#5075=CARTESIAN_POINT('Ctrl Pts',(-3.2440743653528,0.,-0.519078081530674));
#5076=CARTESIAN_POINT('Ctrl Pts',(-3.2440743653528,3.2440743653528,-0.519078081530674));
#5077=CARTESIAN_POINT('Ctrl Pts',(0.,3.2440743653528,-0.519078081530674));
#5078=CARTESIAN_POINT('Ctrl Pts',(3.2440743653528,3.2440743653528,-0.519078081530674));
#5079=CARTESIAN_POINT('Ctrl Pts',(3.2440743653528,0.,-0.519078081530674));
#5080=CARTESIAN_POINT('Ctrl Pts',(3.2440743653528,-3.2440743653528,-0.519078081530674));
#5081=CARTESIAN_POINT('Ctrl Pts',(0.,-3.2440743653528,-0.519078081530674));
#5082=CARTESIAN_POINT('Ctrl Pts',(-3.2440743653528,-3.2440743653528,-0.519078081530674));
#5083=CARTESIAN_POINT('Ctrl Pts',(-3.2440743653528,0.,-0.519078081530674));
#5084=CARTESIAN_POINT('Ctrl Pts',(-3.3888580194275,0.,-0.46883081109457));
#5085=CARTESIAN_POINT('Ctrl Pts',(-3.3888580194275,3.3888580194275,-0.46883081109457));
#5086=CARTESIAN_POINT('Ctrl Pts',(0.,3.3888580194275,-0.46883081109457));
#5087=CARTESIAN_POINT('Ctrl Pts',(3.3888580194275,3.3888580194275,-0.46883081109457));
#5088=CARTESIAN_POINT('Ctrl Pts',(3.3888580194275,0.,-0.46883081109457));
#5089=CARTESIAN_POINT('Ctrl Pts',(3.3888580194275,-3.3888580194275,-0.46883081109457));
#5090=CARTESIAN_POINT('Ctrl Pts',(0.,-3.3888580194275,-0.46883081109457));
#5091=CARTESIAN_POINT('Ctrl Pts',(-3.3888580194275,-3.3888580194275,-0.46883081109457));
#5092=CARTESIAN_POINT('Ctrl Pts',(-3.3888580194275,0.,-0.46883081109457));
#5093=CARTESIAN_POINT('Ctrl Pts',(-3.52562344177953,0.,-0.41684712354818));
#5094=CARTESIAN_POINT('Ctrl Pts',(-3.52562344177953,3.52562344177953,-0.41684712354818));
#5095=CARTESIAN_POINT('Ctrl Pts',(0.,3.52562344177953,-0.41684712354818));
#5096=CARTESIAN_POINT('Ctrl Pts',(3.52562344177953,3.52562344177953,-0.41684712354818));
#5097=CARTESIAN_POINT('Ctrl Pts',(3.52562344177953,0.,-0.41684712354818));
#5098=CARTESIAN_POINT('Ctrl Pts',(3.52562344177953,-3.52562344177953,-0.41684712354818));
#5099=CARTESIAN_POINT('Ctrl Pts',(0.,-3.52562344177953,-0.41684712354818));
#5100=CARTESIAN_POINT('Ctrl Pts',(-3.52562344177953,-3.52562344177953,-0.41684712354818));
#5101=CARTESIAN_POINT('Ctrl Pts',(-3.52562344177953,0.,-0.41684712354818));
#5102=CARTESIAN_POINT('Ctrl Pts',(-3.65352943185114,0.,-0.363561604651966));
#5103=CARTESIAN_POINT('Ctrl Pts',(-3.65352943185114,3.65352943185114,-0.363561604651966));
#5104=CARTESIAN_POINT('Ctrl Pts',(0.,3.65352943185114,-0.363561604651966));
#5105=CARTESIAN_POINT('Ctrl Pts',(3.65352943185114,3.65352943185114,-0.363561604651966));
#5106=CARTESIAN_POINT('Ctrl Pts',(3.65352943185114,0.,-0.363561604651966));
#5107=CARTESIAN_POINT('Ctrl Pts',(3.65352943185114,-3.65352943185114,-0.363561604651966));
#5108=CARTESIAN_POINT('Ctrl Pts',(0.,-3.65352943185114,-0.363561604651966));
#5109=CARTESIAN_POINT('Ctrl Pts',(-3.65352943185114,-3.65352943185114,-0.363561604651966));
#5110=CARTESIAN_POINT('Ctrl Pts',(-3.65352943185114,0.,-0.363561604651966));
#5111=CARTESIAN_POINT('Ctrl Pts',(-3.77219436432784,0.,-0.309238874883037));
#5112=CARTESIAN_POINT('Ctrl Pts',(-3.77219436432784,3.77219436432784,-0.309238874883037));
#5113=CARTESIAN_POINT('Ctrl Pts',(0.,3.77219436432784,-0.309238874883037));
#5114=CARTESIAN_POINT('Ctrl Pts',(3.77219436432784,3.77219436432784,-0.309238874883037));
#5115=CARTESIAN_POINT('Ctrl Pts',(3.77219436432784,0.,-0.309238874883037));
#5116=CARTESIAN_POINT('Ctrl Pts',(3.77219436432784,-3.77219436432784,-0.309238874883037));
#5117=CARTESIAN_POINT('Ctrl Pts',(0.,-3.77219436432784,-0.309238874883037));
#5118=CARTESIAN_POINT('Ctrl Pts',(-3.77219436432784,-3.77219436432784,-0.309238874883037));
#5119=CARTESIAN_POINT('Ctrl Pts',(-3.77219436432784,0.,-0.309238874883037));
#5120=CARTESIAN_POINT('Ctrl Pts',(-3.85965131419891,0.,-0.265063930982988));
#5121=CARTESIAN_POINT('Ctrl Pts',(-3.85965131419891,3.85965131419891,-0.265063930982988));
#5122=CARTESIAN_POINT('Ctrl Pts',(0.,3.85965131419891,-0.265063930982988));
#5123=CARTESIAN_POINT('Ctrl Pts',(3.85965131419891,3.85965131419891,-0.265063930982988));
#5124=CARTESIAN_POINT('Ctrl Pts',(3.85965131419891,0.,-0.265063930982988));
#5125=CARTESIAN_POINT('Ctrl Pts',(3.85965131419891,-3.85965131419891,-0.265063930982988));
#5126=CARTESIAN_POINT('Ctrl Pts',(0.,-3.85965131419891,-0.265063930982988));
#5127=CARTESIAN_POINT('Ctrl Pts',(-3.85965131419891,-3.85965131419891,-0.265063930982988));
#5128=CARTESIAN_POINT('Ctrl Pts',(-3.85965131419891,0.,-0.265063930982988));
#5129=CARTESIAN_POINT('Ctrl Pts',(-3.92106000196197,0.,-0.231553596089893));
#5130=CARTESIAN_POINT('Ctrl Pts',(-3.92106000196197,3.92106000196197,-0.231553596089893));
#5131=CARTESIAN_POINT('Ctrl Pts',(0.,3.92106000196197,-0.231553596089893));
#5132=CARTESIAN_POINT('Ctrl Pts',(3.92106000196197,3.92106000196197,-0.231553596089893));
#5133=CARTESIAN_POINT('Ctrl Pts',(3.92106000196197,0.,-0.231553596089893));
#5134=CARTESIAN_POINT('Ctrl Pts',(3.92106000196197,-3.92106000196197,-0.231553596089893));
#5135=CARTESIAN_POINT('Ctrl Pts',(0.,-3.92106000196197,-0.231553596089893));
#5136=CARTESIAN_POINT('Ctrl Pts',(-3.92106000196197,-3.92106000196197,-0.231553596089893));
#5137=CARTESIAN_POINT('Ctrl Pts',(-3.92106000196197,0.,-0.231553596089893));
#5138=CARTESIAN_POINT('Ctrl Pts',(-3.96014702705904,0.,-0.20904558541352));
#5139=CARTESIAN_POINT('Ctrl Pts',(-3.96014702705903,3.96014702705903,-0.20904558541352));
#5140=CARTESIAN_POINT('Ctrl Pts',(0.,3.96014702705904,-0.20904558541352));
#5141=CARTESIAN_POINT('Ctrl Pts',(3.96014702705903,3.96014702705903,-0.20904558541352));
#5142=CARTESIAN_POINT('Ctrl Pts',(3.96014702705904,0.,-0.20904558541352));
#5143=CARTESIAN_POINT('Ctrl Pts',(3.96014702705903,-3.96014702705903,-0.20904558541352));
#5144=CARTESIAN_POINT('Ctrl Pts',(0.,-3.96014702705904,-0.20904558541352));
#5145=CARTESIAN_POINT('Ctrl Pts',(-3.96014702705903,-3.96014702705903,-0.20904558541352));
#5146=CARTESIAN_POINT('Ctrl Pts',(-3.96014702705904,0.,-0.20904558541352));
#5147=CARTESIAN_POINT('Ctrl Pts',(-3.97922751986641,0.,-0.197749631526101));
#5148=CARTESIAN_POINT('Ctrl Pts',(-3.97922751986641,3.97922751986641,-0.197749631526101));
#5149=CARTESIAN_POINT('Ctrl Pts',(0.,3.97922751986641,-0.197749631526101));
#5150=CARTESIAN_POINT('Ctrl Pts',(3.97922751986641,3.97922751986641,-0.197749631526101));
#5151=CARTESIAN_POINT('Ctrl Pts',(3.97922751986641,0.,-0.197749631526101));
#5152=CARTESIAN_POINT('Ctrl Pts',(3.97922751986641,-3.97922751986641,-0.197749631526101));
#5153=CARTESIAN_POINT('Ctrl Pts',(0.,-3.97922751986641,-0.197749631526101));
#5154=CARTESIAN_POINT('Ctrl Pts',(-3.97922751986641,-3.97922751986641,-0.197749631526101));
#5155=CARTESIAN_POINT('Ctrl Pts',(-3.97922751986641,0.,-0.197749631526101));
#5156=CARTESIAN_POINT('',(-0.548083491897047,1.5307650703751,-0.744511538138559));
#5157=CARTESIAN_POINT('Ctrl Pts',(-0.548083491897046,1.5307650703751,-0.744511538138559));
#5158=CARTESIAN_POINT('Ctrl Pts',(-0.719240702133402,1.62958273177881,-0.768932435495205));
#5159=CARTESIAN_POINT('Ctrl Pts',(-0.887618084926272,1.72679545905972,-0.772451474553114));
#5160=CARTESIAN_POINT('Ctrl Pts',(-1.3618727055513,2.000606491942,-0.738809509762404));
#5161=CARTESIAN_POINT('Ctrl Pts',(-1.65041802388418,2.1671982091549,-0.66934113081294));
#5162=CARTESIAN_POINT('Ctrl Pts',(-2.16644451468344,2.46512624252682,-0.516227156315556));
#5163=CARTESIAN_POINT('Ctrl Pts',(-2.51944242714568,2.66892968231027,-0.379355633235821));
#5164=CARTESIAN_POINT('Ctrl Pts',(-2.78977997041808,2.82500913569065,-0.202987749192208));
#5165=CARTESIAN_POINT('',(-0.66899673367171,1.0795107087642,-0.635));
#5166=CARTESIAN_POINT('Ctrl Pts',(-0.66899673367171,1.0795107087642,-0.635));
#5167=CARTESIAN_POINT('Ctrl Pts',(-0.628460180729025,1.23079518391,-0.687396728041903));
#5168=CARTESIAN_POINT('Ctrl Pts',(-0.589408141993088,1.37653937661167,-0.723243570790996));
#5169=CARTESIAN_POINT('Ctrl Pts',(-0.548083491897047,1.5307650703751,-0.744511538138559));
#5170=CARTESIAN_POINT('Origin',(0.,0.,-0.635));
#5171=CARTESIAN_POINT('Origin',(3.84764028031576,-3.4357650703751,-3.175));
#5172=CARTESIAN_POINT('',(0.548083491897046,-1.5307650703751,-0.960562217564153));
#5173=CARTESIAN_POINT('Ctrl Pts',(2.79502382774623,-2.82803667813066,-0.203174972939956));
#5174=CARTESIAN_POINT('Ctrl Pts',(2.76785884255846,-2.81235296661996,-0.256399579898534));
#5175=CARTESIAN_POINT('Ctrl Pts',(2.73540122365672,-2.79361355161072,-0.305308488498343));
#5176=CARTESIAN_POINT('Ctrl Pts',(2.65756316326322,-2.74867372648933,-0.400887027358712));
#5177=CARTESIAN_POINT('Ctrl Pts',(2.61157854470769,-2.72212449458679,-0.445967531093646));
#5178=CARTESIAN_POINT('Ctrl Pts',(2.4707065312489,-2.64079199969507,-0.562834802645094));
#5179=CARTESIAN_POINT('Ctrl Pts',(2.35221634354471,-2.57238165792773,-0.636791133810102));
#5180=CARTESIAN_POINT('Ctrl Pts',(1.89428338231943,-2.30799393949351,-0.839313819600178));
#5181=CARTESIAN_POINT('Ctrl Pts',(1.57180136249971,-2.12180885854178,-0.900503066454053));
#5182=CARTESIAN_POINT('Ctrl Pts',(0.931850159878823,-1.75233285944039,-0.993017417723729));
#5183=CARTESIAN_POINT('Ctrl Pts',(0.690683633542101,-1.61309530054035,-0.977103968878906));
#5184=CARTESIAN_POINT('Ctrl Pts',(0.548083491897046,-1.5307650703751,-0.960562217564153));
#5185=CARTESIAN_POINT('',(0.548083491897046,-1.5307650703751,-3.175));
#5186=CARTESIAN_POINT('Origin',(-3.4357650703751,-3.84764028031576,-3.175));
#5187=CARTESIAN_POINT('',(-1.5307650703751,-0.548083491897046,-0.960562217564153));
#5188=CARTESIAN_POINT('Ctrl Pts',(-2.82803667813066,-2.79502382774623,-0.203174972939956));
#5189=CARTESIAN_POINT('Ctrl Pts',(-2.81235296661996,-2.76785884255846,-0.256399579898534));
#5190=CARTESIAN_POINT('Ctrl Pts',(-2.79361355161071,-2.73540122365671,-0.305308488498353));
#5191=CARTESIAN_POINT('Ctrl Pts',(-2.74867372648935,-2.65756316326325,-0.400887027358681));
#5192=CARTESIAN_POINT('Ctrl Pts',(-2.72212449458682,-2.61157854470774,-0.445967531093597));
#5193=CARTESIAN_POINT('Ctrl Pts',(-2.6407919996961,-2.47070653125068,-0.562834802643631));
#5194=CARTESIAN_POINT('Ctrl Pts',(-2.57238165792923,-2.35221634354731,-0.63679113380894));
#5195=CARTESIAN_POINT('Ctrl Pts',(-2.3079939394934,-1.89428338231924,-0.839313819600274));
#5196=CARTESIAN_POINT('Ctrl Pts',(-2.12180885854155,-1.57180136249931,-0.9005030664541));
#5197=CARTESIAN_POINT('Ctrl Pts',(-1.7523328594406,-0.931850159879181,-0.993017417723698));
#5198=CARTESIAN_POINT('Ctrl Pts',(-1.61309530054056,-0.690683633542454,
-0.977103968878947));
#5199=CARTESIAN_POINT('Ctrl Pts',(-1.5307650703751,-0.548083491897046,-0.960562217564153));
#5200=CARTESIAN_POINT('',(-1.5307650703751,-0.548083491897046,-3.175));
#5201=CARTESIAN_POINT('Origin',(-3.84764028031576,3.4357650703751,-3.175));
#5202=CARTESIAN_POINT('',(-0.548083491897047,1.5307650703751,-0.960562217564153));
#5203=CARTESIAN_POINT('Ctrl Pts',(-2.79502382774623,2.82803667813066,-0.203174972939956));
#5204=CARTESIAN_POINT('Ctrl Pts',(-2.76471952870188,2.8105404829198,-0.262550466599947));
#5205=CARTESIAN_POINT('Ctrl Pts',(-2.72785893386452,2.78925900856942,-0.316498018907982));
#5206=CARTESIAN_POINT('Ctrl Pts',(-2.63878682333617,2.73783320157859,-0.421023371995704));
#5207=CARTESIAN_POINT('Ctrl Pts',(-2.5857932974198,2.7072373750531,-0.469673754254795));
#5208=CARTESIAN_POINT('Ctrl Pts',(-2.39087727055054,2.59470255447075,-0.619813073358696));
#5209=CARTESIAN_POINT('Ctrl Pts',(-2.23492506534263,2.50466350688416,-0.692202951874377));
#5210=CARTESIAN_POINT('Ctrl Pts',(-1.79797691023947,2.25239137191344,-0.86584787312567));
#5211=CARTESIAN_POINT('Ctrl Pts',(-1.47051020597368,2.06332838205495,-0.919397016194505));
#5212=CARTESIAN_POINT('Ctrl Pts',(-0.947891798748724,1.76159450396017,-0.982277194590507));
#5213=CARTESIAN_POINT('Ctrl Pts',(-0.738987038231115,1.64098328424033,-0.982707209512498));
#5214=CARTESIAN_POINT('Ctrl Pts',(-0.548083491897047,1.5307650703751,-0.960562217564153));
#5215=CARTESIAN_POINT('',(-0.548083491897047,1.5307650703751,-3.175));
#5216=CARTESIAN_POINT('Ctrl Pts',(-3.97922751986641,0.,-0.197749631526101));
#5217=CARTESIAN_POINT('Ctrl Pts',(-3.97922751986641,3.97922751986641,-0.197749631526101));
#5218=CARTESIAN_POINT('Ctrl Pts',(0.,3.97922751986641,-0.197749631526101));
#5219=CARTESIAN_POINT('Ctrl Pts',(3.97922751986641,3.97922751986641,-0.197749631526101));
#5220=CARTESIAN_POINT('Ctrl Pts',(3.97922751986641,0.,-0.197749631526101));
#5221=CARTESIAN_POINT('Ctrl Pts',(3.97922751986641,-3.97922751986641,-0.197749631526101));
#5222=CARTESIAN_POINT('Ctrl Pts',(0.,-3.97922751986641,-0.197749631526101));
#5223=CARTESIAN_POINT('Ctrl Pts',(-3.97922751986641,-3.97922751986641,-0.197749631526101));
#5224=CARTESIAN_POINT('Ctrl Pts',(-3.97922751986641,0.,-0.197749631526101));
#5225=CARTESIAN_POINT('Ctrl Pts',(-3.96956191321612,0.,-0.215078346741054));
#5226=CARTESIAN_POINT('Ctrl Pts',(-3.96956191321612,3.96956191321612,-0.215078346741054));
#5227=CARTESIAN_POINT('Ctrl Pts',(0.,3.96956191321612,-0.215078346741054));
#5228=CARTESIAN_POINT('Ctrl Pts',(3.96956191321612,3.96956191321612,-0.215078346741054));
#5229=CARTESIAN_POINT('Ctrl Pts',(3.96956191321612,0.,-0.215078346741054));
#5230=CARTESIAN_POINT('Ctrl Pts',(3.96956191321612,-3.96956191321612,-0.215078346741054));
#5231=CARTESIAN_POINT('Ctrl Pts',(0.,-3.96956191321612,-0.215078346741054));
#5232=CARTESIAN_POINT('Ctrl Pts',(-3.96956191321612,-3.96956191321612,-0.215078346741054));
#5233=CARTESIAN_POINT('Ctrl Pts',(-3.96956191321612,0.,-0.215078346741054));
#5234=CARTESIAN_POINT('Ctrl Pts',(-3.94903901059912,0.,-0.249262530824572));
#5235=CARTESIAN_POINT('Ctrl Pts',(-3.94903901059911,3.94903901059911,-0.249262530824572));
#5236=CARTESIAN_POINT('Ctrl Pts',(0.,3.94903901059912,-0.249262530824572));
#5237=CARTESIAN_POINT('Ctrl Pts',(3.94903901059911,3.94903901059911,-0.249262530824572));
#5238=CARTESIAN_POINT('Ctrl Pts',(3.94903901059912,0.,-0.249262530824572));
#5239=CARTESIAN_POINT('Ctrl Pts',(3.94903901059911,-3.94903901059911,-0.249262530824572));
#5240=CARTESIAN_POINT('Ctrl Pts',(0.,-3.94903901059912,-0.249262530824572));
#5241=CARTESIAN_POINT('Ctrl Pts',(-3.94903901059911,-3.94903901059911,-0.249262530824572));
#5242=CARTESIAN_POINT('Ctrl Pts',(-3.94903901059912,0.,-0.249262530824572));
#5243=CARTESIAN_POINT('Ctrl Pts',(-3.91467958405274,0.,-0.299119069096551));
#5244=CARTESIAN_POINT('Ctrl Pts',(-3.91467958405274,3.91467958405274,-0.299119069096551));
#5245=CARTESIAN_POINT('Ctrl Pts',(0.,3.91467958405274,-0.299119069096551));
#5246=CARTESIAN_POINT('Ctrl Pts',(3.91467958405274,3.91467958405274,-0.299119069096551));
#5247=CARTESIAN_POINT('Ctrl Pts',(3.91467958405274,0.,-0.299119069096551));
#5248=CARTESIAN_POINT('Ctrl Pts',(3.91467958405274,-3.91467958405274,-0.299119069096551));
#5249=CARTESIAN_POINT('Ctrl Pts',(0.,-3.91467958405274,-0.299119069096551));
#5250=CARTESIAN_POINT('Ctrl Pts',(-3.91467958405274,-3.91467958405274,-0.299119069096551));
#5251=CARTESIAN_POINT('Ctrl Pts',(-3.91467958405274,0.,-0.299119069096551));
#5252=CARTESIAN_POINT('Ctrl Pts',(-3.86170396188042,0.,-0.36274982640076));
#5253=CARTESIAN_POINT('Ctrl Pts',(-3.86170396188042,3.86170396188042,-0.36274982640076));
#5254=CARTESIAN_POINT('Ctrl Pts',(0.,3.86170396188042,-0.36274982640076));
#5255=CARTESIAN_POINT('Ctrl Pts',(3.86170396188042,3.86170396188042,-0.36274982640076));
#5256=CARTESIAN_POINT('Ctrl Pts',(3.86170396188042,0.,-0.36274982640076));
#5257=CARTESIAN_POINT('Ctrl Pts',(3.86170396188042,-3.86170396188042,-0.36274982640076));
#5258=CARTESIAN_POINT('Ctrl Pts',(0.,-3.86170396188042,-0.36274982640076));
#5259=CARTESIAN_POINT('Ctrl Pts',(-3.86170396188042,-3.86170396188042,-0.36274982640076));
#5260=CARTESIAN_POINT('Ctrl Pts',(-3.86170396188042,0.,-0.36274982640076));
#5261=CARTESIAN_POINT('Ctrl Pts',(-3.78359939559246,0.,-0.437504491128392));
#5262=CARTESIAN_POINT('Ctrl Pts',(-3.78359939559246,3.78359939559246,-0.437504491128392));
#5263=CARTESIAN_POINT('Ctrl Pts',(0.,3.78359939559246,-0.437504491128392));
#5264=CARTESIAN_POINT('Ctrl Pts',(3.78359939559246,3.78359939559246,-0.437504491128392));
#5265=CARTESIAN_POINT('Ctrl Pts',(3.78359939559246,0.,-0.437504491128392));
#5266=CARTESIAN_POINT('Ctrl Pts',(3.78359939559246,-3.78359939559246,-0.437504491128392));
#5267=CARTESIAN_POINT('Ctrl Pts',(0.,-3.78359939559246,-0.437504491128392));
#5268=CARTESIAN_POINT('Ctrl Pts',(-3.78359939559246,-3.78359939559246,-0.437504491128392));
#5269=CARTESIAN_POINT('Ctrl Pts',(-3.78359939559246,0.,-0.437504491128392));
#5270=CARTESIAN_POINT('Ctrl Pts',(-3.6939027715522,0.,-0.507399076581121));
#5271=CARTESIAN_POINT('Ctrl Pts',(-3.6939027715522,3.6939027715522,-0.507399076581121));
#5272=CARTESIAN_POINT('Ctrl Pts',(0.,3.6939027715522,-0.507399076581121));
#5273=CARTESIAN_POINT('Ctrl Pts',(3.6939027715522,3.6939027715522,-0.507399076581121));
#5274=CARTESIAN_POINT('Ctrl Pts',(3.6939027715522,0.,-0.507399076581121));
#5275=CARTESIAN_POINT('Ctrl Pts',(3.6939027715522,-3.6939027715522,-0.507399076581121));
#5276=CARTESIAN_POINT('Ctrl Pts',(0.,-3.6939027715522,-0.507399076581121));
#5277=CARTESIAN_POINT('Ctrl Pts',(-3.6939027715522,-3.6939027715522,-0.507399076581121));
#5278=CARTESIAN_POINT('Ctrl Pts',(-3.6939027715522,0.,-0.507399076581121));
#5279=CARTESIAN_POINT('Ctrl Pts',(-3.59330094716327,0.,-0.572320885122737));
#5280=CARTESIAN_POINT('Ctrl Pts',(-3.59330094716327,3.59330094716327,-0.572320885122737));
#5281=CARTESIAN_POINT('Ctrl Pts',(0.,3.59330094716327,-0.572320885122737));
#5282=CARTESIAN_POINT('Ctrl Pts',(3.59330094716327,3.59330094716327,-0.572320885122737));
#5283=CARTESIAN_POINT('Ctrl Pts',(3.59330094716327,0.,-0.572320885122737));
#5284=CARTESIAN_POINT('Ctrl Pts',(3.59330094716327,-3.59330094716327,-0.572320885122737));
#5285=CARTESIAN_POINT('Ctrl Pts',(0.,-3.59330094716327,-0.572320885122737));
#5286=CARTESIAN_POINT('Ctrl Pts',(-3.59330094716327,-3.59330094716327,-0.572320885122737));
#5287=CARTESIAN_POINT('Ctrl Pts',(-3.59330094716327,0.,-0.572320885122737));
#5288=CARTESIAN_POINT('Ctrl Pts',(-3.48303918843098,0.,-0.632117855989838));
#5289=CARTESIAN_POINT('Ctrl Pts',(-3.48303918843098,3.48303918843098,-0.632117855989838));
#5290=CARTESIAN_POINT('Ctrl Pts',(0.,3.48303918843098,-0.632117855989838));
#5291=CARTESIAN_POINT('Ctrl Pts',(3.48303918843098,3.48303918843098,-0.632117855989838));
#5292=CARTESIAN_POINT('Ctrl Pts',(3.48303918843098,0.,-0.632117855989838));
#5293=CARTESIAN_POINT('Ctrl Pts',(3.48303918843098,-3.48303918843098,-0.632117855989838));
#5294=CARTESIAN_POINT('Ctrl Pts',(0.,-3.48303918843098,-0.632117855989838));
#5295=CARTESIAN_POINT('Ctrl Pts',(-3.48303918843098,-3.48303918843098,-0.632117855989838));
#5296=CARTESIAN_POINT('Ctrl Pts',(-3.48303918843098,0.,-0.632117855989838));
#5297=CARTESIAN_POINT('Ctrl Pts',(-3.36507311624345,0.,-0.686598024871286));
#5298=CARTESIAN_POINT('Ctrl Pts',(-3.36507311624345,3.36507311624345,-0.686598024871286));
#5299=CARTESIAN_POINT('Ctrl Pts',(0.,3.36507311624345,-0.686598024871286));
#5300=CARTESIAN_POINT('Ctrl Pts',(3.36507311624345,3.36507311624345,-0.686598024871286));
#5301=CARTESIAN_POINT('Ctrl Pts',(3.36507311624345,0.,-0.686598024871286));
#5302=CARTESIAN_POINT('Ctrl Pts',(3.36507311624345,-3.36507311624345,-0.686598024871286));
#5303=CARTESIAN_POINT('Ctrl Pts',(0.,-3.36507311624345,-0.686598024871286));
#5304=CARTESIAN_POINT('Ctrl Pts',(-3.36507311624345,-3.36507311624345,-0.686598024871286));
#5305=CARTESIAN_POINT('Ctrl Pts',(-3.36507311624345,0.,-0.686598024871286));
#5306=CARTESIAN_POINT('Ctrl Pts',(-3.24176679539429,0.,-0.735583633979207));
#5307=CARTESIAN_POINT('Ctrl Pts',(-3.24176679539429,3.24176679539429,-0.735583633979207));
#5308=CARTESIAN_POINT('Ctrl Pts',(0.,3.24176679539429,-0.735583633979207));
#5309=CARTESIAN_POINT('Ctrl Pts',(3.24176679539429,3.24176679539429,-0.735583633979207));
#5310=CARTESIAN_POINT('Ctrl Pts',(3.24176679539429,0.,-0.735583633979207));
#5311=CARTESIAN_POINT('Ctrl Pts',(3.24176679539429,-3.24176679539429,-0.735583633979207));
#5312=CARTESIAN_POINT('Ctrl Pts',(0.,-3.24176679539429,-0.735583633979207));
#5313=CARTESIAN_POINT('Ctrl Pts',(-3.24176679539429,-3.24176679539429,-0.735583633979207));
#5314=CARTESIAN_POINT('Ctrl Pts',(-3.24176679539429,0.,-0.735583633979207));
#5315=CARTESIAN_POINT('Ctrl Pts',(-3.11561341007078,0.,-0.778963054042766));
#5316=CARTESIAN_POINT('Ctrl Pts',(-3.11561341007078,3.11561341007078,-0.778963054042766));
#5317=CARTESIAN_POINT('Ctrl Pts',(0.,3.11561341007078,-0.778963054042766));
#5318=CARTESIAN_POINT('Ctrl Pts',(3.11561341007078,3.11561341007078,-0.778963054042766));
#5319=CARTESIAN_POINT('Ctrl Pts',(3.11561341007078,0.,-0.778963054042766));
#5320=CARTESIAN_POINT('Ctrl Pts',(3.11561341007078,-3.11561341007078,-0.778963054042766));
#5321=CARTESIAN_POINT('Ctrl Pts',(0.,-3.11561341007078,-0.778963054042766));
#5322=CARTESIAN_POINT('Ctrl Pts',(-3.11561341007078,-3.11561341007078,-0.778963054042766));
#5323=CARTESIAN_POINT('Ctrl Pts',(-3.11561341007078,0.,-0.778963054042766));
#5324=CARTESIAN_POINT('Ctrl Pts',(-2.98894439021954,0.,-0.816747394438226));
#5325=CARTESIAN_POINT('Ctrl Pts',(-2.98894439021954,2.98894439021954,-0.816747394438226));
#5326=CARTESIAN_POINT('Ctrl Pts',(0.,2.98894439021954,-0.816747394438226));
#5327=CARTESIAN_POINT('Ctrl Pts',(2.98894439021954,2.98894439021954,-0.816747394438226));
#5328=CARTESIAN_POINT('Ctrl Pts',(2.98894439021954,0.,-0.816747394438226));
#5329=CARTESIAN_POINT('Ctrl Pts',(2.98894439021954,-2.98894439021954,-0.816747394438226));
#5330=CARTESIAN_POINT('Ctrl Pts',(0.,-2.98894439021954,-0.816747394438226));
#5331=CARTESIAN_POINT('Ctrl Pts',(-2.98894439021954,-2.98894439021954,-0.816747394438226));
#5332=CARTESIAN_POINT('Ctrl Pts',(-2.98894439021954,0.,-0.816747394438226));
#5333=CARTESIAN_POINT('Ctrl Pts',(-2.86365697639064,0.,-0.849121885526682));
#5334=CARTESIAN_POINT('Ctrl Pts',(-2.86365697639064,2.86365697639064,-0.849121885526682));
#5335=CARTESIAN_POINT('Ctrl Pts',(0.,2.86365697639064,-0.849121885526682));
#5336=CARTESIAN_POINT('Ctrl Pts',(2.86365697639064,2.86365697639064,-0.849121885526682));
#5337=CARTESIAN_POINT('Ctrl Pts',(2.86365697639064,0.,-0.849121885526682));
#5338=CARTESIAN_POINT('Ctrl Pts',(2.86365697639064,-2.86365697639064,-0.849121885526682));
#5339=CARTESIAN_POINT('Ctrl Pts',(0.,-2.86365697639064,-0.849121885526682));
#5340=CARTESIAN_POINT('Ctrl Pts',(-2.86365697639064,-2.86365697639064,-0.849121885526682));
#5341=CARTESIAN_POINT('Ctrl Pts',(-2.86365697639064,0.,-0.849121885526682));
#5342=CARTESIAN_POINT('Ctrl Pts',(-2.74089959656543,0.,-0.87651457689796));
#5343=CARTESIAN_POINT('Ctrl Pts',(-2.74089959656543,2.74089959656543,-0.87651457689796));
#5344=CARTESIAN_POINT('Ctrl Pts',(0.,2.74089959656543,-0.87651457689796));
#5345=CARTESIAN_POINT('Ctrl Pts',(2.74089959656543,2.74089959656543,-0.87651457689796));
#5346=CARTESIAN_POINT('Ctrl Pts',(2.74089959656543,0.,-0.87651457689796));
#5347=CARTESIAN_POINT('Ctrl Pts',(2.74089959656543,-2.74089959656543,-0.87651457689796));
#5348=CARTESIAN_POINT('Ctrl Pts',(0.,-2.74089959656543,-0.87651457689796));
#5349=CARTESIAN_POINT('Ctrl Pts',(-2.74089959656543,-2.74089959656543,-0.87651457689796));
#5350=CARTESIAN_POINT('Ctrl Pts',(-2.74089959656543,0.,-0.87651457689796));
#5351=CARTESIAN_POINT('Ctrl Pts',(-2.62086623617004,0.,-0.899622260286305));
#5352=CARTESIAN_POINT('Ctrl Pts',(-2.62086623617004,2.62086623617004,-0.899622260286305));
#5353=CARTESIAN_POINT('Ctrl Pts',(0.,2.62086623617004,-0.899622260286305));
#5354=CARTESIAN_POINT('Ctrl Pts',(2.62086623617004,2.62086623617004,-0.899622260286305));
#5355=CARTESIAN_POINT('Ctrl Pts',(2.62086623617004,0.,-0.899622260286305));
#5356=CARTESIAN_POINT('Ctrl Pts',(2.62086623617004,-2.62086623617004,-0.899622260286305));
#5357=CARTESIAN_POINT('Ctrl Pts',(0.,-2.62086623617004,-0.899622260286305));
#5358=CARTESIAN_POINT('Ctrl Pts',(-2.62086623617004,-2.62086623617004,-0.899622260286305));
#5359=CARTESIAN_POINT('Ctrl Pts',(-2.62086623617004,0.,-0.899622260286305));
#5360=CARTESIAN_POINT('Ctrl Pts',(-2.50312520718878,0.,-0.919218797964062));
#5361=CARTESIAN_POINT('Ctrl Pts',(-2.50312520718878,2.50312520718878,-0.919218797964062));
#5362=CARTESIAN_POINT('Ctrl Pts',(0.,2.50312520718878,-0.919218797964062));
#5363=CARTESIAN_POINT('Ctrl Pts',(2.50312520718878,2.50312520718878,-0.919218797964062));
#5364=CARTESIAN_POINT('Ctrl Pts',(2.50312520718878,0.,-0.919218797964062));
#5365=CARTESIAN_POINT('Ctrl Pts',(2.50312520718878,-2.50312520718878,-0.919218797964062));
#5366=CARTESIAN_POINT('Ctrl Pts',(0.,-2.50312520718878,-0.919218797964062));
#5367=CARTESIAN_POINT('Ctrl Pts',(-2.50312520718878,-2.50312520718878,-0.919218797964062));
#5368=CARTESIAN_POINT('Ctrl Pts',(-2.50312520718878,0.,-0.919218797964062));
#5369=CARTESIAN_POINT('Ctrl Pts',(-2.38686785087108,0.,-0.935999115962188));
#5370=CARTESIAN_POINT('Ctrl Pts',(-2.38686785087108,2.38686785087108,-0.935999115962188));
#5371=CARTESIAN_POINT('Ctrl Pts',(0.,2.38686785087108,-0.935999115962188));
#5372=CARTESIAN_POINT('Ctrl Pts',(2.38686785087108,2.38686785087108,-0.935999115962188));
#5373=CARTESIAN_POINT('Ctrl Pts',(2.38686785087108,0.,-0.935999115962188));
#5374=CARTESIAN_POINT('Ctrl Pts',(2.38686785087108,-2.38686785087108,-0.935999115962188));
#5375=CARTESIAN_POINT('Ctrl Pts',(0.,-2.38686785087108,-0.935999115962188));
#5376=CARTESIAN_POINT('Ctrl Pts',(-2.38686785087108,-2.38686785087108,-0.935999115962188));
#5377=CARTESIAN_POINT('Ctrl Pts',(-2.38686785087108,0.,-0.935999115962188));
#5378=CARTESIAN_POINT('Ctrl Pts',(-2.27119224820535,0.,-0.950399478668064));
#5379=CARTESIAN_POINT('Ctrl Pts',(-2.27119224820535,2.27119224820535,-0.950399478668064));
#5380=CARTESIAN_POINT('Ctrl Pts',(0.,2.27119224820535,-0.950399478668064));
#5381=CARTESIAN_POINT('Ctrl Pts',(2.27119224820535,2.27119224820535,-0.950399478668064));
#5382=CARTESIAN_POINT('Ctrl Pts',(2.27119224820535,0.,-0.950399478668064));
#5383=CARTESIAN_POINT('Ctrl Pts',(2.27119224820535,-2.27119224820535,-0.950399478668064));
#5384=CARTESIAN_POINT('Ctrl Pts',(0.,-2.27119224820535,-0.950399478668064));
#5385=CARTESIAN_POINT('Ctrl Pts',(-2.27119224820535,-2.27119224820535,-0.950399478668064));
#5386=CARTESIAN_POINT('Ctrl Pts',(-2.27119224820535,0.,-0.950399478668064));
#5387=CARTESIAN_POINT('Ctrl Pts',(-2.15535242577468,0.,-0.962450853781893));
#5388=CARTESIAN_POINT('Ctrl Pts',(-2.15535242577468,2.15535242577468,-0.962450853781893));
#5389=CARTESIAN_POINT('Ctrl Pts',(0.,2.15535242577468,-0.962450853781893));
#5390=CARTESIAN_POINT('Ctrl Pts',(2.15535242577468,2.15535242577468,-0.962450853781893));
#5391=CARTESIAN_POINT('Ctrl Pts',(2.15535242577468,0.,-0.962450853781893));
#5392=CARTESIAN_POINT('Ctrl Pts',(2.15535242577468,-2.15535242577468,-0.962450853781893));
#5393=CARTESIAN_POINT('Ctrl Pts',(0.,-2.15535242577468,-0.962450853781893));
#5394=CARTESIAN_POINT('Ctrl Pts',(-2.15535242577468,-2.15535242577468,-0.962450853781893));
#5395=CARTESIAN_POINT('Ctrl Pts',(-2.15535242577468,0.,-0.962450853781893));
#5396=CARTESIAN_POINT('Ctrl Pts',(-2.03906840460602,0.,-0.971554888046006));
#5397=CARTESIAN_POINT('Ctrl Pts',(-2.03906840460602,2.03906840460602,-0.971554888046006));
#5398=CARTESIAN_POINT('Ctrl Pts',(0.,2.03906840460602,-0.971554888046006));
#5399=CARTESIAN_POINT('Ctrl Pts',(2.03906840460602,2.03906840460602,-0.971554888046006));
#5400=CARTESIAN_POINT('Ctrl Pts',(2.03906840460602,0.,-0.971554888046006));
#5401=CARTESIAN_POINT('Ctrl Pts',(2.03906840460602,-2.03906840460602,-0.971554888046006));
#5402=CARTESIAN_POINT('Ctrl Pts',(0.,-2.03906840460602,-0.971554888046006));
#5403=CARTESIAN_POINT('Ctrl Pts',(-2.03906840460602,-2.03906840460602,-0.971554888046006));
#5404=CARTESIAN_POINT('Ctrl Pts',(-2.03906840460602,0.,-0.971554888046006));
#5405=CARTESIAN_POINT('Ctrl Pts',(-1.92255062295824,0.,-0.976636107980014));
#5406=CARTESIAN_POINT('Ctrl Pts',(-1.92255062295824,1.92255062295824,-0.976636107980014));
#5407=CARTESIAN_POINT('Ctrl Pts',(0.,1.92255062295824,-0.976636107980014));
#5408=CARTESIAN_POINT('Ctrl Pts',(1.92255062295824,1.92255062295824,-0.976636107980014));
#5409=CARTESIAN_POINT('Ctrl Pts',(1.92255062295824,0.,-0.976636107980014));
#5410=CARTESIAN_POINT('Ctrl Pts',(1.92255062295824,-1.92255062295824,-0.976636107980014));
#5411=CARTESIAN_POINT('Ctrl Pts',(0.,-1.92255062295824,-0.976636107980014));
#5412=CARTESIAN_POINT('Ctrl Pts',(-1.92255062295824,-1.92255062295824,-0.976636107980014));
#5413=CARTESIAN_POINT('Ctrl Pts',(-1.92255062295824,0.,-0.976636107980014));
#5414=CARTESIAN_POINT('Ctrl Pts',(-1.80641214232516,0.,-0.976435966935737));
#5415=CARTESIAN_POINT('Ctrl Pts',(-1.80641214232516,1.80641214232516,-0.976435966935737));
#5416=CARTESIAN_POINT('Ctrl Pts',(0.,1.80641214232516,-0.976435966935737));
#5417=CARTESIAN_POINT('Ctrl Pts',(1.80641214232516,1.80641214232516,-0.976435966935737));
#5418=CARTESIAN_POINT('Ctrl Pts',(1.80641214232516,0.,-0.976435966935737));
#5419=CARTESIAN_POINT('Ctrl Pts',(1.80641214232516,-1.80641214232516,-0.976435966935737));
#5420=CARTESIAN_POINT('Ctrl Pts',(0.,-1.80641214232516,-0.976435966935737));
#5421=CARTESIAN_POINT('Ctrl Pts',(-1.80641214232516,-1.80641214232516,-0.976435966935737));
#5422=CARTESIAN_POINT('Ctrl Pts',(-1.80641214232516,0.,-0.976435966935737));
#5423=CARTESIAN_POINT('Ctrl Pts',(-1.69162249255293,0.,-0.969772211571166));
#5424=CARTESIAN_POINT('Ctrl Pts',(-1.69162249255293,1.69162249255293,-0.969772211571166));
#5425=CARTESIAN_POINT('Ctrl Pts',(0.,1.69162249255293,-0.969772211571166));
#5426=CARTESIAN_POINT('Ctrl Pts',(1.69162249255293,1.69162249255293,-0.969772211571166));
#5427=CARTESIAN_POINT('Ctrl Pts',(1.69162249255293,0.,-0.969772211571166));
#5428=CARTESIAN_POINT('Ctrl Pts',(1.69162249255293,-1.69162249255293,-0.969772211571166));
#5429=CARTESIAN_POINT('Ctrl Pts',(0.,-1.69162249255293,-0.969772211571166));
#5430=CARTESIAN_POINT('Ctrl Pts',(-1.69162249255293,-1.69162249255293,-0.969772211571166));
#5431=CARTESIAN_POINT('Ctrl Pts',(-1.69162249255293,0.,-0.969772211571166));
#5432=CARTESIAN_POINT('Ctrl Pts',(-1.57944180527734,0.,-0.955786475505323));
#5433=CARTESIAN_POINT('Ctrl Pts',(-1.57944180527734,1.57944180527734,-0.955786475505323));
#5434=CARTESIAN_POINT('Ctrl Pts',(0.,1.57944180527734,-0.955786475505323));
#5435=CARTESIAN_POINT('Ctrl Pts',(1.57944180527734,1.57944180527734,-0.955786475505323));
#5436=CARTESIAN_POINT('Ctrl Pts',(1.57944180527734,0.,-0.955786475505323));
#5437=CARTESIAN_POINT('Ctrl Pts',(1.57944180527734,-1.57944180527734,-0.955786475505323));
#5438=CARTESIAN_POINT('Ctrl Pts',(0.,-1.57944180527734,-0.955786475505323));
#5439=CARTESIAN_POINT('Ctrl Pts',(-1.57944180527734,-1.57944180527734,-0.955786475505323));
#5440=CARTESIAN_POINT('Ctrl Pts',(-1.57944180527734,0.,-0.955786475505323));
#5441=CARTESIAN_POINT('Ctrl Pts',(-1.4713780763315,0.,-0.934266608550244));
#5442=CARTESIAN_POINT('Ctrl Pts',(-1.4713780763315,1.4713780763315,-0.934266608550244));
#5443=CARTESIAN_POINT('Ctrl Pts',(0.,1.4713780763315,-0.934266608550244));
#5444=CARTESIAN_POINT('Ctrl Pts',(1.4713780763315,1.4713780763315,-0.934266608550244));
#5445=CARTESIAN_POINT('Ctrl Pts',(1.4713780763315,0.,-0.934266608550244));
#5446=CARTESIAN_POINT('Ctrl Pts',(1.4713780763315,-1.4713780763315,-0.934266608550244));
#5447=CARTESIAN_POINT('Ctrl Pts',(0.,-1.4713780763315,-0.934266608550244));
#5448=CARTESIAN_POINT('Ctrl Pts',(-1.4713780763315,-1.4713780763315,-0.934266608550244));
#5449=CARTESIAN_POINT('Ctrl Pts',(-1.4713780763315,0.,-0.934266608550244));
#5450=CARTESIAN_POINT('Ctrl Pts',(-1.36909118420228,0.,-0.905701408132455));
#5451=CARTESIAN_POINT('Ctrl Pts',(-1.36909118420228,1.36909118420228,-0.905701408132455));
#5452=CARTESIAN_POINT('Ctrl Pts',(0.,1.36909118420228,-0.905701408132455));
#5453=CARTESIAN_POINT('Ctrl Pts',(1.36909118420228,1.36909118420228,-0.905701408132455));
#5454=CARTESIAN_POINT('Ctrl Pts',(1.36909118420228,0.,-0.905701408132455));
#5455=CARTESIAN_POINT('Ctrl Pts',(1.36909118420228,-1.36909118420228,-0.905701408132455));
#5456=CARTESIAN_POINT('Ctrl Pts',(0.,-1.36909118420228,-0.905701408132455));
#5457=CARTESIAN_POINT('Ctrl Pts',(-1.36909118420228,-1.36909118420228,-0.905701408132455));
#5458=CARTESIAN_POINT('Ctrl Pts',(-1.36909118420228,0.,-0.905701408132455));
#5459=CARTESIAN_POINT('Ctrl Pts',(-1.27423529588645,0.,-0.870973750764244));
#5460=CARTESIAN_POINT('Ctrl Pts',(-1.27423529588645,1.27423529588645,-0.870973750764244));
#5461=CARTESIAN_POINT('Ctrl Pts',(0.,1.27423529588645,-0.870973750764244));
#5462=CARTESIAN_POINT('Ctrl Pts',(1.27423529588645,1.27423529588645,-0.870973750764244));
#5463=CARTESIAN_POINT('Ctrl Pts',(1.27423529588645,0.,-0.870973750764244));
#5464=CARTESIAN_POINT('Ctrl Pts',(1.27423529588645,-1.27423529588645,-0.870973750764244));
#5465=CARTESIAN_POINT('Ctrl Pts',(0.,-1.27423529588645,-0.870973750764244));
#5466=CARTESIAN_POINT('Ctrl Pts',(-1.27423529588645,-1.27423529588645,-0.870973750764244));
#5467=CARTESIAN_POINT('Ctrl Pts',(-1.27423529588645,0.,-0.870973750764244));
#5468=CARTESIAN_POINT('Ctrl Pts',(-1.18830740722293,0.,-0.831139469637301));
#5469=CARTESIAN_POINT('Ctrl Pts',(-1.18830740722293,1.18830740722293,-0.831139469637301));
#5470=CARTESIAN_POINT('Ctrl Pts',(0.,1.18830740722293,-0.831139469637301));
#5471=CARTESIAN_POINT('Ctrl Pts',(1.18830740722293,1.18830740722293,-0.831139469637301));
#5472=CARTESIAN_POINT('Ctrl Pts',(1.18830740722293,0.,-0.831139469637301));
#5473=CARTESIAN_POINT('Ctrl Pts',(1.18830740722293,-1.18830740722293,-0.831139469637301));
#5474=CARTESIAN_POINT('Ctrl Pts',(0.,-1.18830740722293,-0.831139469637301));
#5475=CARTESIAN_POINT('Ctrl Pts',(-1.18830740722293,-1.18830740722293,-0.831139469637301));
#5476=CARTESIAN_POINT('Ctrl Pts',(-1.18830740722293,0.,-0.831139469637301));
#5477=CARTESIAN_POINT('Ctrl Pts',(-1.11250843540665,0.,-0.787193190918452));
#5478=CARTESIAN_POINT('Ctrl Pts',(-1.11250843540665,1.11250843540665,-0.787193190918452));
#5479=CARTESIAN_POINT('Ctrl Pts',(0.,1.11250843540665,-0.787193190918452));
#5480=CARTESIAN_POINT('Ctrl Pts',(1.11250843540665,1.11250843540665,-0.787193190918452));
#5481=CARTESIAN_POINT('Ctrl Pts',(1.11250843540665,0.,-0.787193190918452));
#5482=CARTESIAN_POINT('Ctrl Pts',(1.11250843540665,-1.11250843540665,-0.787193190918452));
#5483=CARTESIAN_POINT('Ctrl Pts',(0.,-1.11250843540665,-0.787193190918452));
#5484=CARTESIAN_POINT('Ctrl Pts',(-1.11250843540665,-1.11250843540665,-0.787193190918452));
#5485=CARTESIAN_POINT('Ctrl Pts',(-1.11250843540665,0.,-0.787193190918452));
#5486=CARTESIAN_POINT('Ctrl Pts',(-1.04755120380037,0.,-0.739794248737515));
#5487=CARTESIAN_POINT('Ctrl Pts',(-1.04755120380037,1.04755120380037,-0.739794248737515));
#5488=CARTESIAN_POINT('Ctrl Pts',(0.,1.04755120380037,-0.739794248737515));
#5489=CARTESIAN_POINT('Ctrl Pts',(1.04755120380037,1.04755120380037,-0.739794248737515));
#5490=CARTESIAN_POINT('Ctrl Pts',(1.04755120380037,0.,-0.739794248737515));
#5491=CARTESIAN_POINT('Ctrl Pts',(1.04755120380037,-1.04755120380037,-0.739794248737515));
#5492=CARTESIAN_POINT('Ctrl Pts',(0.,-1.04755120380037,-0.739794248737515));
#5493=CARTESIAN_POINT('Ctrl Pts',(-1.04755120380037,-1.04755120380037,-0.739794248737515));
#5494=CARTESIAN_POINT('Ctrl Pts',(-1.04755120380037,0.,-0.739794248737515));
#5495=CARTESIAN_POINT('Ctrl Pts',(-1.00449576816689,0.,-0.699375628833483));
#5496=CARTESIAN_POINT('Ctrl Pts',(-1.00449576816689,1.00449576816689,-0.699375628833483));
#5497=CARTESIAN_POINT('Ctrl Pts',(0.,1.00449576816689,-0.699375628833483));
#5498=CARTESIAN_POINT('Ctrl Pts',(1.00449576816689,1.00449576816689,-0.699375628833483));
#5499=CARTESIAN_POINT('Ctrl Pts',(1.00449576816689,0.,-0.699375628833483));
#5500=CARTESIAN_POINT('Ctrl Pts',(1.00449576816689,-1.00449576816689,-0.699375628833483));
#5501=CARTESIAN_POINT('Ctrl Pts',(0.,-1.00449576816689,-0.699375628833483));
#5502=CARTESIAN_POINT('Ctrl Pts',(-1.00449576816689,-1.00449576816689,-0.699375628833483));
#5503=CARTESIAN_POINT('Ctrl Pts',(-1.00449576816689,0.,-0.699375628833483));
#5504=CARTESIAN_POINT('Ctrl Pts',(-0.977244086793561,0.,-0.667711963676549));
#5505=CARTESIAN_POINT('Ctrl Pts',(-0.97724408679356,0.97724408679356,-0.667711963676549));
#5506=CARTESIAN_POINT('Ctrl Pts',(0.,0.977244086793561,-0.667711963676549));
#5507=CARTESIAN_POINT('Ctrl Pts',(0.97724408679356,0.97724408679356,-0.667711963676549));
#5508=CARTESIAN_POINT('Ctrl Pts',(0.977244086793561,0.,-0.667711963676549));
#5509=CARTESIAN_POINT('Ctrl Pts',(0.97724408679356,-0.97724408679356,-0.667711963676549));
#5510=CARTESIAN_POINT('Ctrl Pts',(0.,-0.977244086793561,-0.667711963676549));
#5511=CARTESIAN_POINT('Ctrl Pts',(-0.97724408679356,-0.97724408679356,-0.667711963676549));
#5512=CARTESIAN_POINT('Ctrl Pts',(-0.977244086793561,0.,-0.667711963676549));
#5513=CARTESIAN_POINT('Ctrl Pts',(-0.961311967883148,0.,-0.646003817502658));
#5514=CARTESIAN_POINT('Ctrl Pts',(-0.961311967883148,0.961311967883148,
-0.646003817502658));
#5515=CARTESIAN_POINT('Ctrl Pts',(0.,0.961311967883148,-0.646003817502658));
#5516=CARTESIAN_POINT('Ctrl Pts',(0.961311967883148,0.961311967883148,-0.646003817502658));
#5517=CARTESIAN_POINT('Ctrl Pts',(0.961311967883148,0.,-0.646003817502658));
#5518=CARTESIAN_POINT('Ctrl Pts',(0.961311967883148,-0.961311967883148,
-0.646003817502658));
#5519=CARTESIAN_POINT('Ctrl Pts',(0.,-0.961311967883148,-0.646003817502658));
#5520=CARTESIAN_POINT('Ctrl Pts',(-0.961311967883148,-0.961311967883148,
-0.646003817502658));
#5521=CARTESIAN_POINT('Ctrl Pts',(-0.961311967883148,0.,-0.646003817502658));
#5522=CARTESIAN_POINT('Ctrl Pts',(-0.953904839200302,0.,-0.635));
#5523=CARTESIAN_POINT('Ctrl Pts',(-0.953904839200302,0.953904839200302,
-0.635));
#5524=CARTESIAN_POINT('Ctrl Pts',(0.,0.953904839200302,-0.635));
#5525=CARTESIAN_POINT('Ctrl Pts',(0.953904839200302,0.953904839200302,-0.635));
#5526=CARTESIAN_POINT('Ctrl Pts',(0.953904839200302,0.,-0.635));
#5527=CARTESIAN_POINT('Ctrl Pts',(0.953904839200302,-0.953904839200302,
-0.635));
#5528=CARTESIAN_POINT('Ctrl Pts',(0.,-0.953904839200302,-0.635));
#5529=CARTESIAN_POINT('Ctrl Pts',(-0.953904839200302,-0.953904839200302,
-0.635));
#5530=CARTESIAN_POINT('Ctrl Pts',(-0.953904839200302,0.,-0.635));
#5531=CARTESIAN_POINT('',(-0.953904839200302,0.,-0.635));
#5532=CARTESIAN_POINT('Ctrl Pts',(-0.953904839200302,0.,-0.635));
#5533=CARTESIAN_POINT('Ctrl Pts',(-0.961311967883148,0.,-0.646003817502658));
#5534=CARTESIAN_POINT('Ctrl Pts',(-0.977244086793561,0.,-0.667711963676549));
#5535=CARTESIAN_POINT('Ctrl Pts',(-1.00449576816689,0.,-0.699375628833483));
#5536=CARTESIAN_POINT('Ctrl Pts',(-1.04755120380037,0.,-0.739794248737515));
#5537=CARTESIAN_POINT('Ctrl Pts',(-1.11250843540665,0.,-0.787193190918452));
#5538=CARTESIAN_POINT('Ctrl Pts',(-1.18830740722293,0.,-0.831139469637301));
#5539=CARTESIAN_POINT('Ctrl Pts',(-1.27423529588645,0.,-0.870973750764244));
#5540=CARTESIAN_POINT('Ctrl Pts',(-1.36909118420228,0.,-0.905701408132455));
#5541=CARTESIAN_POINT('Ctrl Pts',(-1.4713780763315,0.,-0.934266608550244));
#5542=CARTESIAN_POINT('Ctrl Pts',(-1.57944180527734,0.,-0.955786475505323));
#5543=CARTESIAN_POINT('Ctrl Pts',(-1.69162249255293,0.,-0.969772211571166));
#5544=CARTESIAN_POINT('Ctrl Pts',(-1.80641214232516,0.,-0.976435966935737));
#5545=CARTESIAN_POINT('Ctrl Pts',(-1.92255062295824,0.,-0.976636107980014));
#5546=CARTESIAN_POINT('Ctrl Pts',(-2.03906840460602,0.,-0.971554888046006));
#5547=CARTESIAN_POINT('Ctrl Pts',(-2.15535242577468,0.,-0.962450853781893));
#5548=CARTESIAN_POINT('Ctrl Pts',(-2.27119224820535,0.,-0.950399478668064));
#5549=CARTESIAN_POINT('Ctrl Pts',(-2.38686785087108,0.,-0.935999115962188));
#5550=CARTESIAN_POINT('Ctrl Pts',(-2.50312520718878,0.,-0.919218797964062));
#5551=CARTESIAN_POINT('Ctrl Pts',(-2.62086623617004,0.,-0.899622260286305));
#5552=CARTESIAN_POINT('Ctrl Pts',(-2.74089959656543,0.,-0.87651457689796));
#5553=CARTESIAN_POINT('Ctrl Pts',(-2.86365697639064,0.,-0.849121885526682));
#5554=CARTESIAN_POINT('Ctrl Pts',(-2.98894439021954,0.,-0.816747394438226));
#5555=CARTESIAN_POINT('Ctrl Pts',(-3.11561341007078,0.,-0.778963054042766));
#5556=CARTESIAN_POINT('Ctrl Pts',(-3.24176679539429,0.,-0.735583633979207));
#5557=CARTESIAN_POINT('Ctrl Pts',(-3.36507311624345,0.,-0.686598024871286));
#5558=CARTESIAN_POINT('Ctrl Pts',(-3.48303918843098,0.,-0.632117855989838));
#5559=CARTESIAN_POINT('Ctrl Pts',(-3.59330094716327,0.,-0.572320885122737));
#5560=CARTESIAN_POINT('Ctrl Pts',(-3.6939027715522,0.,-0.507399076581121));
#5561=CARTESIAN_POINT('Ctrl Pts',(-3.78359939559246,0.,-0.437504491128392));
#5562=CARTESIAN_POINT('Ctrl Pts',(-3.86072415223833,0.,-0.363687612048549));
#5563=CARTESIAN_POINT('Ctrl Pts',(-3.91301581870902,0.,-0.301113722944329));
#5564=CARTESIAN_POINT('Ctrl Pts',(-3.94687679704518,0.,-0.252386945334838));
#5565=CARTESIAN_POINT('Ctrl Pts',(-3.96697328095875,0.,-0.219361113561967));
#5566=CARTESIAN_POINT('Ctrl Pts',(-3.97617273901946,0.,-0.203174972939956));
#5567=CARTESIAN_POINT('',(-0.4623560493986,-0.834362826253827,-0.635));
#5568=CARTESIAN_POINT('Origin',(0.,0.,-0.635));
#5569=CARTESIAN_POINT('Ctrl Pts',(-1.5307650703751,-0.548083491897046,-0.960562217564153));
#5570=CARTESIAN_POINT('Ctrl Pts',(-1.23510476969677,-0.627305430697748,
-0.927414213914141));
#5571=CARTESIAN_POINT('Ctrl Pts',(-0.980998628044335,-0.695392966145307,
-0.843448576876124));
#5572=CARTESIAN_POINT('Ctrl Pts',(-0.632807531186283,-0.788690489360129,
-0.704680917046674));
#5573=CARTESIAN_POINT('Ctrl Pts',(-0.541237539778431,-0.813226594608788,
-0.664334469094204));
#5574=CARTESIAN_POINT('Ctrl Pts',(-0.462356049398599,-0.834362826253827,
-0.635));
#5575=CARTESIAN_POINT('Ctrl Pts',(-3.97922751986641,0.,-0.197749631526101));
#5576=CARTESIAN_POINT('Ctrl Pts',(-3.97922751986641,3.97922751986641,-0.197749631526101));
#5577=CARTESIAN_POINT('Ctrl Pts',(0.,3.97922751986641,-0.197749631526101));
#5578=CARTESIAN_POINT('Ctrl Pts',(3.97922751986641,3.97922751986641,-0.197749631526101));
#5579=CARTESIAN_POINT('Ctrl Pts',(3.97922751986641,0.,-0.197749631526101));
#5580=CARTESIAN_POINT('Ctrl Pts',(3.97922751986641,-3.97922751986641,-0.197749631526101));
#5581=CARTESIAN_POINT('Ctrl Pts',(0.,-3.97922751986641,-0.197749631526101));
#5582=CARTESIAN_POINT('Ctrl Pts',(-3.97922751986641,-3.97922751986641,-0.197749631526101));
#5583=CARTESIAN_POINT('Ctrl Pts',(-3.97922751986641,0.,-0.197749631526101));
#5584=CARTESIAN_POINT('Ctrl Pts',(-3.96956191321612,0.,-0.215078346741054));
#5585=CARTESIAN_POINT('Ctrl Pts',(-3.96956191321612,3.96956191321612,-0.215078346741054));
#5586=CARTESIAN_POINT('Ctrl Pts',(0.,3.96956191321612,-0.215078346741054));
#5587=CARTESIAN_POINT('Ctrl Pts',(3.96956191321612,3.96956191321612,-0.215078346741054));
#5588=CARTESIAN_POINT('Ctrl Pts',(3.96956191321612,0.,-0.215078346741054));
#5589=CARTESIAN_POINT('Ctrl Pts',(3.96956191321612,-3.96956191321612,-0.215078346741054));
#5590=CARTESIAN_POINT('Ctrl Pts',(0.,-3.96956191321612,-0.215078346741054));
#5591=CARTESIAN_POINT('Ctrl Pts',(-3.96956191321612,-3.96956191321612,-0.215078346741054));
#5592=CARTESIAN_POINT('Ctrl Pts',(-3.96956191321612,0.,-0.215078346741054));
#5593=CARTESIAN_POINT('Ctrl Pts',(-3.94903901059912,0.,-0.249262530824572));
#5594=CARTESIAN_POINT('Ctrl Pts',(-3.94903901059911,3.94903901059911,-0.249262530824572));
#5595=CARTESIAN_POINT('Ctrl Pts',(0.,3.94903901059912,-0.249262530824572));
#5596=CARTESIAN_POINT('Ctrl Pts',(3.94903901059911,3.94903901059911,-0.249262530824572));
#5597=CARTESIAN_POINT('Ctrl Pts',(3.94903901059912,0.,-0.249262530824572));
#5598=CARTESIAN_POINT('Ctrl Pts',(3.94903901059911,-3.94903901059911,-0.249262530824572));
#5599=CARTESIAN_POINT('Ctrl Pts',(0.,-3.94903901059912,-0.249262530824572));
#5600=CARTESIAN_POINT('Ctrl Pts',(-3.94903901059911,-3.94903901059911,-0.249262530824572));
#5601=CARTESIAN_POINT('Ctrl Pts',(-3.94903901059912,0.,-0.249262530824572));
#5602=CARTESIAN_POINT('Ctrl Pts',(-3.91467958405274,0.,-0.299119069096551));
#5603=CARTESIAN_POINT('Ctrl Pts',(-3.91467958405274,3.91467958405274,-0.299119069096551));
#5604=CARTESIAN_POINT('Ctrl Pts',(0.,3.91467958405274,-0.299119069096551));
#5605=CARTESIAN_POINT('Ctrl Pts',(3.91467958405274,3.91467958405274,-0.299119069096551));
#5606=CARTESIAN_POINT('Ctrl Pts',(3.91467958405274,0.,-0.299119069096551));
#5607=CARTESIAN_POINT('Ctrl Pts',(3.91467958405274,-3.91467958405274,-0.299119069096551));
#5608=CARTESIAN_POINT('Ctrl Pts',(0.,-3.91467958405274,-0.299119069096551));
#5609=CARTESIAN_POINT('Ctrl Pts',(-3.91467958405274,-3.91467958405274,-0.299119069096551));
#5610=CARTESIAN_POINT('Ctrl Pts',(-3.91467958405274,0.,-0.299119069096551));
#5611=CARTESIAN_POINT('Ctrl Pts',(-3.86170396188042,0.,-0.36274982640076));
#5612=CARTESIAN_POINT('Ctrl Pts',(-3.86170396188042,3.86170396188042,-0.36274982640076));
#5613=CARTESIAN_POINT('Ctrl Pts',(0.,3.86170396188042,-0.36274982640076));
#5614=CARTESIAN_POINT('Ctrl Pts',(3.86170396188042,3.86170396188042,-0.36274982640076));
#5615=CARTESIAN_POINT('Ctrl Pts',(3.86170396188042,0.,-0.36274982640076));
#5616=CARTESIAN_POINT('Ctrl Pts',(3.86170396188042,-3.86170396188042,-0.36274982640076));
#5617=CARTESIAN_POINT('Ctrl Pts',(0.,-3.86170396188042,-0.36274982640076));
#5618=CARTESIAN_POINT('Ctrl Pts',(-3.86170396188042,-3.86170396188042,-0.36274982640076));
#5619=CARTESIAN_POINT('Ctrl Pts',(-3.86170396188042,0.,-0.36274982640076));
#5620=CARTESIAN_POINT('Ctrl Pts',(-3.78359939559246,0.,-0.437504491128392));
#5621=CARTESIAN_POINT('Ctrl Pts',(-3.78359939559246,3.78359939559246,-0.437504491128392));
#5622=CARTESIAN_POINT('Ctrl Pts',(0.,3.78359939559246,-0.437504491128392));
#5623=CARTESIAN_POINT('Ctrl Pts',(3.78359939559246,3.78359939559246,-0.437504491128392));
#5624=CARTESIAN_POINT('Ctrl Pts',(3.78359939559246,0.,-0.437504491128392));
#5625=CARTESIAN_POINT('Ctrl Pts',(3.78359939559246,-3.78359939559246,-0.437504491128392));
#5626=CARTESIAN_POINT('Ctrl Pts',(0.,-3.78359939559246,-0.437504491128392));
#5627=CARTESIAN_POINT('Ctrl Pts',(-3.78359939559246,-3.78359939559246,-0.437504491128392));
#5628=CARTESIAN_POINT('Ctrl Pts',(-3.78359939559246,0.,-0.437504491128392));
#5629=CARTESIAN_POINT('Ctrl Pts',(-3.6939027715522,0.,-0.507399076581121));
#5630=CARTESIAN_POINT('Ctrl Pts',(-3.6939027715522,3.6939027715522,-0.507399076581121));
#5631=CARTESIAN_POINT('Ctrl Pts',(0.,3.6939027715522,-0.507399076581121));
#5632=CARTESIAN_POINT('Ctrl Pts',(3.6939027715522,3.6939027715522,-0.507399076581121));
#5633=CARTESIAN_POINT('Ctrl Pts',(3.6939027715522,0.,-0.507399076581121));
#5634=CARTESIAN_POINT('Ctrl Pts',(3.6939027715522,-3.6939027715522,-0.507399076581121));
#5635=CARTESIAN_POINT('Ctrl Pts',(0.,-3.6939027715522,-0.507399076581121));
#5636=CARTESIAN_POINT('Ctrl Pts',(-3.6939027715522,-3.6939027715522,-0.507399076581121));
#5637=CARTESIAN_POINT('Ctrl Pts',(-3.6939027715522,0.,-0.507399076581121));
#5638=CARTESIAN_POINT('Ctrl Pts',(-3.59330094716327,0.,-0.572320885122737));
#5639=CARTESIAN_POINT('Ctrl Pts',(-3.59330094716327,3.59330094716327,-0.572320885122737));
#5640=CARTESIAN_POINT('Ctrl Pts',(0.,3.59330094716327,-0.572320885122737));
#5641=CARTESIAN_POINT('Ctrl Pts',(3.59330094716327,3.59330094716327,-0.572320885122737));
#5642=CARTESIAN_POINT('Ctrl Pts',(3.59330094716327,0.,-0.572320885122737));
#5643=CARTESIAN_POINT('Ctrl Pts',(3.59330094716327,-3.59330094716327,-0.572320885122737));
#5644=CARTESIAN_POINT('Ctrl Pts',(0.,-3.59330094716327,-0.572320885122737));
#5645=CARTESIAN_POINT('Ctrl Pts',(-3.59330094716327,-3.59330094716327,-0.572320885122737));
#5646=CARTESIAN_POINT('Ctrl Pts',(-3.59330094716327,0.,-0.572320885122737));
#5647=CARTESIAN_POINT('Ctrl Pts',(-3.48303918843098,0.,-0.632117855989838));
#5648=CARTESIAN_POINT('Ctrl Pts',(-3.48303918843098,3.48303918843098,-0.632117855989838));
#5649=CARTESIAN_POINT('Ctrl Pts',(0.,3.48303918843098,-0.632117855989838));
#5650=CARTESIAN_POINT('Ctrl Pts',(3.48303918843098,3.48303918843098,-0.632117855989838));
#5651=CARTESIAN_POINT('Ctrl Pts',(3.48303918843098,0.,-0.632117855989838));
#5652=CARTESIAN_POINT('Ctrl Pts',(3.48303918843098,-3.48303918843098,-0.632117855989838));
#5653=CARTESIAN_POINT('Ctrl Pts',(0.,-3.48303918843098,-0.632117855989838));
#5654=CARTESIAN_POINT('Ctrl Pts',(-3.48303918843098,-3.48303918843098,-0.632117855989838));
#5655=CARTESIAN_POINT('Ctrl Pts',(-3.48303918843098,0.,-0.632117855989838));
#5656=CARTESIAN_POINT('Ctrl Pts',(-3.36507311624345,0.,-0.686598024871286));
#5657=CARTESIAN_POINT('Ctrl Pts',(-3.36507311624345,3.36507311624345,-0.686598024871286));
#5658=CARTESIAN_POINT('Ctrl Pts',(0.,3.36507311624345,-0.686598024871286));
#5659=CARTESIAN_POINT('Ctrl Pts',(3.36507311624345,3.36507311624345,-0.686598024871286));
#5660=CARTESIAN_POINT('Ctrl Pts',(3.36507311624345,0.,-0.686598024871286));
#5661=CARTESIAN_POINT('Ctrl Pts',(3.36507311624345,-3.36507311624345,-0.686598024871286));
#5662=CARTESIAN_POINT('Ctrl Pts',(0.,-3.36507311624345,-0.686598024871286));
#5663=CARTESIAN_POINT('Ctrl Pts',(-3.36507311624345,-3.36507311624345,-0.686598024871286));
#5664=CARTESIAN_POINT('Ctrl Pts',(-3.36507311624345,0.,-0.686598024871286));
#5665=CARTESIAN_POINT('Ctrl Pts',(-3.24176679539429,0.,-0.735583633979207));
#5666=CARTESIAN_POINT('Ctrl Pts',(-3.24176679539429,3.24176679539429,-0.735583633979207));
#5667=CARTESIAN_POINT('Ctrl Pts',(0.,3.24176679539429,-0.735583633979207));
#5668=CARTESIAN_POINT('Ctrl Pts',(3.24176679539429,3.24176679539429,-0.735583633979207));
#5669=CARTESIAN_POINT('Ctrl Pts',(3.24176679539429,0.,-0.735583633979207));
#5670=CARTESIAN_POINT('Ctrl Pts',(3.24176679539429,-3.24176679539429,-0.735583633979207));
#5671=CARTESIAN_POINT('Ctrl Pts',(0.,-3.24176679539429,-0.735583633979207));
#5672=CARTESIAN_POINT('Ctrl Pts',(-3.24176679539429,-3.24176679539429,-0.735583633979207));
#5673=CARTESIAN_POINT('Ctrl Pts',(-3.24176679539429,0.,-0.735583633979207));
#5674=CARTESIAN_POINT('Ctrl Pts',(-3.11561341007078,0.,-0.778963054042766));
#5675=CARTESIAN_POINT('Ctrl Pts',(-3.11561341007078,3.11561341007078,-0.778963054042766));
#5676=CARTESIAN_POINT('Ctrl Pts',(0.,3.11561341007078,-0.778963054042766));
#5677=CARTESIAN_POINT('Ctrl Pts',(3.11561341007078,3.11561341007078,-0.778963054042766));
#5678=CARTESIAN_POINT('Ctrl Pts',(3.11561341007078,0.,-0.778963054042766));
#5679=CARTESIAN_POINT('Ctrl Pts',(3.11561341007078,-3.11561341007078,-0.778963054042766));
#5680=CARTESIAN_POINT('Ctrl Pts',(0.,-3.11561341007078,-0.778963054042766));
#5681=CARTESIAN_POINT('Ctrl Pts',(-3.11561341007078,-3.11561341007078,-0.778963054042766));
#5682=CARTESIAN_POINT('Ctrl Pts',(-3.11561341007078,0.,-0.778963054042766));
#5683=CARTESIAN_POINT('Ctrl Pts',(-2.98894439021954,0.,-0.816747394438226));
#5684=CARTESIAN_POINT('Ctrl Pts',(-2.98894439021954,2.98894439021954,-0.816747394438226));
#5685=CARTESIAN_POINT('Ctrl Pts',(0.,2.98894439021954,-0.816747394438226));
#5686=CARTESIAN_POINT('Ctrl Pts',(2.98894439021954,2.98894439021954,-0.816747394438226));
#5687=CARTESIAN_POINT('Ctrl Pts',(2.98894439021954,0.,-0.816747394438226));
#5688=CARTESIAN_POINT('Ctrl Pts',(2.98894439021954,-2.98894439021954,-0.816747394438226));
#5689=CARTESIAN_POINT('Ctrl Pts',(0.,-2.98894439021954,-0.816747394438226));
#5690=CARTESIAN_POINT('Ctrl Pts',(-2.98894439021954,-2.98894439021954,-0.816747394438226));
#5691=CARTESIAN_POINT('Ctrl Pts',(-2.98894439021954,0.,-0.816747394438226));
#5692=CARTESIAN_POINT('Ctrl Pts',(-2.86365697639064,0.,-0.849121885526682));
#5693=CARTESIAN_POINT('Ctrl Pts',(-2.86365697639064,2.86365697639064,-0.849121885526682));
#5694=CARTESIAN_POINT('Ctrl Pts',(0.,2.86365697639064,-0.849121885526682));
#5695=CARTESIAN_POINT('Ctrl Pts',(2.86365697639064,2.86365697639064,-0.849121885526682));
#5696=CARTESIAN_POINT('Ctrl Pts',(2.86365697639064,0.,-0.849121885526682));
#5697=CARTESIAN_POINT('Ctrl Pts',(2.86365697639064,-2.86365697639064,-0.849121885526682));
#5698=CARTESIAN_POINT('Ctrl Pts',(0.,-2.86365697639064,-0.849121885526682));
#5699=CARTESIAN_POINT('Ctrl Pts',(-2.86365697639064,-2.86365697639064,-0.849121885526682));
#5700=CARTESIAN_POINT('Ctrl Pts',(-2.86365697639064,0.,-0.849121885526682));
#5701=CARTESIAN_POINT('Ctrl Pts',(-2.74089959656543,0.,-0.87651457689796));
#5702=CARTESIAN_POINT('Ctrl Pts',(-2.74089959656543,2.74089959656543,-0.87651457689796));
#5703=CARTESIAN_POINT('Ctrl Pts',(0.,2.74089959656543,-0.87651457689796));
#5704=CARTESIAN_POINT('Ctrl Pts',(2.74089959656543,2.74089959656543,-0.87651457689796));
#5705=CARTESIAN_POINT('Ctrl Pts',(2.74089959656543,0.,-0.87651457689796));
#5706=CARTESIAN_POINT('Ctrl Pts',(2.74089959656543,-2.74089959656543,-0.87651457689796));
#5707=CARTESIAN_POINT('Ctrl Pts',(0.,-2.74089959656543,-0.87651457689796));
#5708=CARTESIAN_POINT('Ctrl Pts',(-2.74089959656543,-2.74089959656543,-0.87651457689796));
#5709=CARTESIAN_POINT('Ctrl Pts',(-2.74089959656543,0.,-0.87651457689796));
#5710=CARTESIAN_POINT('Ctrl Pts',(-2.62086623617004,0.,-0.899622260286305));
#5711=CARTESIAN_POINT('Ctrl Pts',(-2.62086623617004,2.62086623617004,-0.899622260286305));
#5712=CARTESIAN_POINT('Ctrl Pts',(0.,2.62086623617004,-0.899622260286305));
#5713=CARTESIAN_POINT('Ctrl Pts',(2.62086623617004,2.62086623617004,-0.899622260286305));
#5714=CARTESIAN_POINT('Ctrl Pts',(2.62086623617004,0.,-0.899622260286305));
#5715=CARTESIAN_POINT('Ctrl Pts',(2.62086623617004,-2.62086623617004,-0.899622260286305));
#5716=CARTESIAN_POINT('Ctrl Pts',(0.,-2.62086623617004,-0.899622260286305));
#5717=CARTESIAN_POINT('Ctrl Pts',(-2.62086623617004,-2.62086623617004,-0.899622260286305));
#5718=CARTESIAN_POINT('Ctrl Pts',(-2.62086623617004,0.,-0.899622260286305));
#5719=CARTESIAN_POINT('Ctrl Pts',(-2.50312520718878,0.,-0.919218797964062));
#5720=CARTESIAN_POINT('Ctrl Pts',(-2.50312520718878,2.50312520718878,-0.919218797964062));
#5721=CARTESIAN_POINT('Ctrl Pts',(0.,2.50312520718878,-0.919218797964062));
#5722=CARTESIAN_POINT('Ctrl Pts',(2.50312520718878,2.50312520718878,-0.919218797964062));
#5723=CARTESIAN_POINT('Ctrl Pts',(2.50312520718878,0.,-0.919218797964062));
#5724=CARTESIAN_POINT('Ctrl Pts',(2.50312520718878,-2.50312520718878,-0.919218797964062));
#5725=CARTESIAN_POINT('Ctrl Pts',(0.,-2.50312520718878,-0.919218797964062));
#5726=CARTESIAN_POINT('Ctrl Pts',(-2.50312520718878,-2.50312520718878,-0.919218797964062));
#5727=CARTESIAN_POINT('Ctrl Pts',(-2.50312520718878,0.,-0.919218797964062));
#5728=CARTESIAN_POINT('Ctrl Pts',(-2.38686785087108,0.,-0.935999115962188));
#5729=CARTESIAN_POINT('Ctrl Pts',(-2.38686785087108,2.38686785087108,-0.935999115962188));
#5730=CARTESIAN_POINT('Ctrl Pts',(0.,2.38686785087108,-0.935999115962188));
#5731=CARTESIAN_POINT('Ctrl Pts',(2.38686785087108,2.38686785087108,-0.935999115962188));
#5732=CARTESIAN_POINT('Ctrl Pts',(2.38686785087108,0.,-0.935999115962188));
#5733=CARTESIAN_POINT('Ctrl Pts',(2.38686785087108,-2.38686785087108,-0.935999115962188));
#5734=CARTESIAN_POINT('Ctrl Pts',(0.,-2.38686785087108,-0.935999115962188));
#5735=CARTESIAN_POINT('Ctrl Pts',(-2.38686785087108,-2.38686785087108,-0.935999115962188));
#5736=CARTESIAN_POINT('Ctrl Pts',(-2.38686785087108,0.,-0.935999115962188));
#5737=CARTESIAN_POINT('Ctrl Pts',(-2.27119224820535,0.,-0.950399478668064));
#5738=CARTESIAN_POINT('Ctrl Pts',(-2.27119224820535,2.27119224820535,-0.950399478668064));
#5739=CARTESIAN_POINT('Ctrl Pts',(0.,2.27119224820535,-0.950399478668064));
#5740=CARTESIAN_POINT('Ctrl Pts',(2.27119224820535,2.27119224820535,-0.950399478668064));
#5741=CARTESIAN_POINT('Ctrl Pts',(2.27119224820535,0.,-0.950399478668064));
#5742=CARTESIAN_POINT('Ctrl Pts',(2.27119224820535,-2.27119224820535,-0.950399478668064));
#5743=CARTESIAN_POINT('Ctrl Pts',(0.,-2.27119224820535,-0.950399478668064));
#5744=CARTESIAN_POINT('Ctrl Pts',(-2.27119224820535,-2.27119224820535,-0.950399478668064));
#5745=CARTESIAN_POINT('Ctrl Pts',(-2.27119224820535,0.,-0.950399478668064));
#5746=CARTESIAN_POINT('Ctrl Pts',(-2.15535242577468,0.,-0.962450853781893));
#5747=CARTESIAN_POINT('Ctrl Pts',(-2.15535242577468,2.15535242577468,-0.962450853781893));
#5748=CARTESIAN_POINT('Ctrl Pts',(0.,2.15535242577468,-0.962450853781893));
#5749=CARTESIAN_POINT('Ctrl Pts',(2.15535242577468,2.15535242577468,-0.962450853781893));
#5750=CARTESIAN_POINT('Ctrl Pts',(2.15535242577468,0.,-0.962450853781893));
#5751=CARTESIAN_POINT('Ctrl Pts',(2.15535242577468,-2.15535242577468,-0.962450853781893));
#5752=CARTESIAN_POINT('Ctrl Pts',(0.,-2.15535242577468,-0.962450853781893));
#5753=CARTESIAN_POINT('Ctrl Pts',(-2.15535242577468,-2.15535242577468,-0.962450853781893));
#5754=CARTESIAN_POINT('Ctrl Pts',(-2.15535242577468,0.,-0.962450853781893));
#5755=CARTESIAN_POINT('Ctrl Pts',(-2.03906840460602,0.,-0.971554888046006));
#5756=CARTESIAN_POINT('Ctrl Pts',(-2.03906840460602,2.03906840460602,-0.971554888046006));
#5757=CARTESIAN_POINT('Ctrl Pts',(0.,2.03906840460602,-0.971554888046006));
#5758=CARTESIAN_POINT('Ctrl Pts',(2.03906840460602,2.03906840460602,-0.971554888046006));
#5759=CARTESIAN_POINT('Ctrl Pts',(2.03906840460602,0.,-0.971554888046006));
#5760=CARTESIAN_POINT('Ctrl Pts',(2.03906840460602,-2.03906840460602,-0.971554888046006));
#5761=CARTESIAN_POINT('Ctrl Pts',(0.,-2.03906840460602,-0.971554888046006));
#5762=CARTESIAN_POINT('Ctrl Pts',(-2.03906840460602,-2.03906840460602,-0.971554888046006));
#5763=CARTESIAN_POINT('Ctrl Pts',(-2.03906840460602,0.,-0.971554888046006));
#5764=CARTESIAN_POINT('Ctrl Pts',(-1.92255062295824,0.,-0.976636107980014));
#5765=CARTESIAN_POINT('Ctrl Pts',(-1.92255062295824,1.92255062295824,-0.976636107980014));
#5766=CARTESIAN_POINT('Ctrl Pts',(0.,1.92255062295824,-0.976636107980014));
#5767=CARTESIAN_POINT('Ctrl Pts',(1.92255062295824,1.92255062295824,-0.976636107980014));
#5768=CARTESIAN_POINT('Ctrl Pts',(1.92255062295824,0.,-0.976636107980014));
#5769=CARTESIAN_POINT('Ctrl Pts',(1.92255062295824,-1.92255062295824,-0.976636107980014));
#5770=CARTESIAN_POINT('Ctrl Pts',(0.,-1.92255062295824,-0.976636107980014));
#5771=CARTESIAN_POINT('Ctrl Pts',(-1.92255062295824,-1.92255062295824,-0.976636107980014));
#5772=CARTESIAN_POINT('Ctrl Pts',(-1.92255062295824,0.,-0.976636107980014));
#5773=CARTESIAN_POINT('Ctrl Pts',(-1.80641214232516,0.,-0.976435966935737));
#5774=CARTESIAN_POINT('Ctrl Pts',(-1.80641214232516,1.80641214232516,-0.976435966935737));
#5775=CARTESIAN_POINT('Ctrl Pts',(0.,1.80641214232516,-0.976435966935737));
#5776=CARTESIAN_POINT('Ctrl Pts',(1.80641214232516,1.80641214232516,-0.976435966935737));
#5777=CARTESIAN_POINT('Ctrl Pts',(1.80641214232516,0.,-0.976435966935737));
#5778=CARTESIAN_POINT('Ctrl Pts',(1.80641214232516,-1.80641214232516,-0.976435966935737));
#5779=CARTESIAN_POINT('Ctrl Pts',(0.,-1.80641214232516,-0.976435966935737));
#5780=CARTESIAN_POINT('Ctrl Pts',(-1.80641214232516,-1.80641214232516,-0.976435966935737));
#5781=CARTESIAN_POINT('Ctrl Pts',(-1.80641214232516,0.,-0.976435966935737));
#5782=CARTESIAN_POINT('Ctrl Pts',(-1.69162249255293,0.,-0.969772211571166));
#5783=CARTESIAN_POINT('Ctrl Pts',(-1.69162249255293,1.69162249255293,-0.969772211571166));
#5784=CARTESIAN_POINT('Ctrl Pts',(0.,1.69162249255293,-0.969772211571166));
#5785=CARTESIAN_POINT('Ctrl Pts',(1.69162249255293,1.69162249255293,-0.969772211571166));
#5786=CARTESIAN_POINT('Ctrl Pts',(1.69162249255293,0.,-0.969772211571166));
#5787=CARTESIAN_POINT('Ctrl Pts',(1.69162249255293,-1.69162249255293,-0.969772211571166));
#5788=CARTESIAN_POINT('Ctrl Pts',(0.,-1.69162249255293,-0.969772211571166));
#5789=CARTESIAN_POINT('Ctrl Pts',(-1.69162249255293,-1.69162249255293,-0.969772211571166));
#5790=CARTESIAN_POINT('Ctrl Pts',(-1.69162249255293,0.,-0.969772211571166));
#5791=CARTESIAN_POINT('Ctrl Pts',(-1.57944180527734,0.,-0.955786475505323));
#5792=CARTESIAN_POINT('Ctrl Pts',(-1.57944180527734,1.57944180527734,-0.955786475505323));
#5793=CARTESIAN_POINT('Ctrl Pts',(0.,1.57944180527734,-0.955786475505323));
#5794=CARTESIAN_POINT('Ctrl Pts',(1.57944180527734,1.57944180527734,-0.955786475505323));
#5795=CARTESIAN_POINT('Ctrl Pts',(1.57944180527734,0.,-0.955786475505323));
#5796=CARTESIAN_POINT('Ctrl Pts',(1.57944180527734,-1.57944180527734,-0.955786475505323));
#5797=CARTESIAN_POINT('Ctrl Pts',(0.,-1.57944180527734,-0.955786475505323));
#5798=CARTESIAN_POINT('Ctrl Pts',(-1.57944180527734,-1.57944180527734,-0.955786475505323));
#5799=CARTESIAN_POINT('Ctrl Pts',(-1.57944180527734,0.,-0.955786475505323));
#5800=CARTESIAN_POINT('Ctrl Pts',(-1.4713780763315,0.,-0.934266608550244));
#5801=CARTESIAN_POINT('Ctrl Pts',(-1.4713780763315,1.4713780763315,-0.934266608550244));
#5802=CARTESIAN_POINT('Ctrl Pts',(0.,1.4713780763315,-0.934266608550244));
#5803=CARTESIAN_POINT('Ctrl Pts',(1.4713780763315,1.4713780763315,-0.934266608550244));
#5804=CARTESIAN_POINT('Ctrl Pts',(1.4713780763315,0.,-0.934266608550244));
#5805=CARTESIAN_POINT('Ctrl Pts',(1.4713780763315,-1.4713780763315,-0.934266608550244));
#5806=CARTESIAN_POINT('Ctrl Pts',(0.,-1.4713780763315,-0.934266608550244));
#5807=CARTESIAN_POINT('Ctrl Pts',(-1.4713780763315,-1.4713780763315,-0.934266608550244));
#5808=CARTESIAN_POINT('Ctrl Pts',(-1.4713780763315,0.,-0.934266608550244));
#5809=CARTESIAN_POINT('Ctrl Pts',(-1.36909118420228,0.,-0.905701408132455));
#5810=CARTESIAN_POINT('Ctrl Pts',(-1.36909118420228,1.36909118420228,-0.905701408132455));
#5811=CARTESIAN_POINT('Ctrl Pts',(0.,1.36909118420228,-0.905701408132455));
#5812=CARTESIAN_POINT('Ctrl Pts',(1.36909118420228,1.36909118420228,-0.905701408132455));
#5813=CARTESIAN_POINT('Ctrl Pts',(1.36909118420228,0.,-0.905701408132455));
#5814=CARTESIAN_POINT('Ctrl Pts',(1.36909118420228,-1.36909118420228,-0.905701408132455));
#5815=CARTESIAN_POINT('Ctrl Pts',(0.,-1.36909118420228,-0.905701408132455));
#5816=CARTESIAN_POINT('Ctrl Pts',(-1.36909118420228,-1.36909118420228,-0.905701408132455));
#5817=CARTESIAN_POINT('Ctrl Pts',(-1.36909118420228,0.,-0.905701408132455));
#5818=CARTESIAN_POINT('Ctrl Pts',(-1.27423529588645,0.,-0.870973750764244));
#5819=CARTESIAN_POINT('Ctrl Pts',(-1.27423529588645,1.27423529588645,-0.870973750764244));
#5820=CARTESIAN_POINT('Ctrl Pts',(0.,1.27423529588645,-0.870973750764244));
#5821=CARTESIAN_POINT('Ctrl Pts',(1.27423529588645,1.27423529588645,-0.870973750764244));
#5822=CARTESIAN_POINT('Ctrl Pts',(1.27423529588645,0.,-0.870973750764244));
#5823=CARTESIAN_POINT('Ctrl Pts',(1.27423529588645,-1.27423529588645,-0.870973750764244));
#5824=CARTESIAN_POINT('Ctrl Pts',(0.,-1.27423529588645,-0.870973750764244));
#5825=CARTESIAN_POINT('Ctrl Pts',(-1.27423529588645,-1.27423529588645,-0.870973750764244));
#5826=CARTESIAN_POINT('Ctrl Pts',(-1.27423529588645,0.,-0.870973750764244));
#5827=CARTESIAN_POINT('Ctrl Pts',(-1.18830740722293,0.,-0.831139469637301));
#5828=CARTESIAN_POINT('Ctrl Pts',(-1.18830740722293,1.18830740722293,-0.831139469637301));
#5829=CARTESIAN_POINT('Ctrl Pts',(0.,1.18830740722293,-0.831139469637301));
#5830=CARTESIAN_POINT('Ctrl Pts',(1.18830740722293,1.18830740722293,-0.831139469637301));
#5831=CARTESIAN_POINT('Ctrl Pts',(1.18830740722293,0.,-0.831139469637301));
#5832=CARTESIAN_POINT('Ctrl Pts',(1.18830740722293,-1.18830740722293,-0.831139469637301));
#5833=CARTESIAN_POINT('Ctrl Pts',(0.,-1.18830740722293,-0.831139469637301));
#5834=CARTESIAN_POINT('Ctrl Pts',(-1.18830740722293,-1.18830740722293,-0.831139469637301));
#5835=CARTESIAN_POINT('Ctrl Pts',(-1.18830740722293,0.,-0.831139469637301));
#5836=CARTESIAN_POINT('Ctrl Pts',(-1.11250843540665,0.,-0.787193190918452));
#5837=CARTESIAN_POINT('Ctrl Pts',(-1.11250843540665,1.11250843540665,-0.787193190918452));
#5838=CARTESIAN_POINT('Ctrl Pts',(0.,1.11250843540665,-0.787193190918452));
#5839=CARTESIAN_POINT('Ctrl Pts',(1.11250843540665,1.11250843540665,-0.787193190918452));
#5840=CARTESIAN_POINT('Ctrl Pts',(1.11250843540665,0.,-0.787193190918452));
#5841=CARTESIAN_POINT('Ctrl Pts',(1.11250843540665,-1.11250843540665,-0.787193190918452));
#5842=CARTESIAN_POINT('Ctrl Pts',(0.,-1.11250843540665,-0.787193190918452));
#5843=CARTESIAN_POINT('Ctrl Pts',(-1.11250843540665,-1.11250843540665,-0.787193190918452));
#5844=CARTESIAN_POINT('Ctrl Pts',(-1.11250843540665,0.,-0.787193190918452));
#5845=CARTESIAN_POINT('Ctrl Pts',(-1.04755120380037,0.,-0.739794248737515));
#5846=CARTESIAN_POINT('Ctrl Pts',(-1.04755120380037,1.04755120380037,-0.739794248737515));
#5847=CARTESIAN_POINT('Ctrl Pts',(0.,1.04755120380037,-0.739794248737515));
#5848=CARTESIAN_POINT('Ctrl Pts',(1.04755120380037,1.04755120380037,-0.739794248737515));
#5849=CARTESIAN_POINT('Ctrl Pts',(1.04755120380037,0.,-0.739794248737515));
#5850=CARTESIAN_POINT('Ctrl Pts',(1.04755120380037,-1.04755120380037,-0.739794248737515));
#5851=CARTESIAN_POINT('Ctrl Pts',(0.,-1.04755120380037,-0.739794248737515));
#5852=CARTESIAN_POINT('Ctrl Pts',(-1.04755120380037,-1.04755120380037,-0.739794248737515));
#5853=CARTESIAN_POINT('Ctrl Pts',(-1.04755120380037,0.,-0.739794248737515));
#5854=CARTESIAN_POINT('Ctrl Pts',(-1.00449576816689,0.,-0.699375628833483));
#5855=CARTESIAN_POINT('Ctrl Pts',(-1.00449576816689,1.00449576816689,-0.699375628833483));
#5856=CARTESIAN_POINT('Ctrl Pts',(0.,1.00449576816689,-0.699375628833483));
#5857=CARTESIAN_POINT('Ctrl Pts',(1.00449576816689,1.00449576816689,-0.699375628833483));
#5858=CARTESIAN_POINT('Ctrl Pts',(1.00449576816689,0.,-0.699375628833483));
#5859=CARTESIAN_POINT('Ctrl Pts',(1.00449576816689,-1.00449576816689,-0.699375628833483));
#5860=CARTESIAN_POINT('Ctrl Pts',(0.,-1.00449576816689,-0.699375628833483));
#5861=CARTESIAN_POINT('Ctrl Pts',(-1.00449576816689,-1.00449576816689,-0.699375628833483));
#5862=CARTESIAN_POINT('Ctrl Pts',(-1.00449576816689,0.,-0.699375628833483));
#5863=CARTESIAN_POINT('Ctrl Pts',(-0.977244086793561,0.,-0.667711963676549));
#5864=CARTESIAN_POINT('Ctrl Pts',(-0.97724408679356,0.97724408679356,-0.667711963676549));
#5865=CARTESIAN_POINT('Ctrl Pts',(0.,0.977244086793561,-0.667711963676549));
#5866=CARTESIAN_POINT('Ctrl Pts',(0.97724408679356,0.97724408679356,-0.667711963676549));
#5867=CARTESIAN_POINT('Ctrl Pts',(0.977244086793561,0.,-0.667711963676549));
#5868=CARTESIAN_POINT('Ctrl Pts',(0.97724408679356,-0.97724408679356,-0.667711963676549));
#5869=CARTESIAN_POINT('Ctrl Pts',(0.,-0.977244086793561,-0.667711963676549));
#5870=CARTESIAN_POINT('Ctrl Pts',(-0.97724408679356,-0.97724408679356,-0.667711963676549));
#5871=CARTESIAN_POINT('Ctrl Pts',(-0.977244086793561,0.,-0.667711963676549));
#5872=CARTESIAN_POINT('Ctrl Pts',(-0.961311967883148,0.,-0.646003817502658));
#5873=CARTESIAN_POINT('Ctrl Pts',(-0.961311967883148,0.961311967883148,
-0.646003817502658));
#5874=CARTESIAN_POINT('Ctrl Pts',(0.,0.961311967883148,-0.646003817502658));
#5875=CARTESIAN_POINT('Ctrl Pts',(0.961311967883148,0.961311967883148,-0.646003817502658));
#5876=CARTESIAN_POINT('Ctrl Pts',(0.961311967883148,0.,-0.646003817502658));
#5877=CARTESIAN_POINT('Ctrl Pts',(0.961311967883148,-0.961311967883148,
-0.646003817502658));
#5878=CARTESIAN_POINT('Ctrl Pts',(0.,-0.961311967883148,-0.646003817502658));
#5879=CARTESIAN_POINT('Ctrl Pts',(-0.961311967883148,-0.961311967883148,
-0.646003817502658));
#5880=CARTESIAN_POINT('Ctrl Pts',(-0.961311967883148,0.,-0.646003817502658));
#5881=CARTESIAN_POINT('Ctrl Pts',(-0.953904839200302,0.,-0.635));
#5882=CARTESIAN_POINT('Ctrl Pts',(-0.953904839200302,0.953904839200302,
-0.635));
#5883=CARTESIAN_POINT('Ctrl Pts',(0.,0.953904839200302,-0.635));
#5884=CARTESIAN_POINT('Ctrl Pts',(0.953904839200302,0.953904839200302,-0.635));
#5885=CARTESIAN_POINT('Ctrl Pts',(0.953904839200302,0.,-0.635));
#5886=CARTESIAN_POINT('Ctrl Pts',(0.953904839200302,-0.953904839200302,
-0.635));
#5887=CARTESIAN_POINT('Ctrl Pts',(0.,-0.953904839200302,-0.635));
#5888=CARTESIAN_POINT('Ctrl Pts',(-0.953904839200302,-0.953904839200302,
-0.635));
#5889=CARTESIAN_POINT('Ctrl Pts',(-0.953904839200302,0.,-0.635));
#5890=CARTESIAN_POINT('',(0.834362826253827,-0.4623560493986,-0.635));
#5891=CARTESIAN_POINT('Origin',(0.,0.,-0.635));
#5892=CARTESIAN_POINT('Ctrl Pts',(0.548083491897046,-1.5307650703751,-0.960562217564153));
#5893=CARTESIAN_POINT('Ctrl Pts',(0.627305430697748,-1.23510476969677,-0.927414213914141));
#5894=CARTESIAN_POINT('Ctrl Pts',(0.695392966145306,-0.980998628044336,
-0.843448576876124));
#5895=CARTESIAN_POINT('Ctrl Pts',(0.788690489360129,-0.632807531186283,
-0.704680917046674));
#5896=CARTESIAN_POINT('Ctrl Pts',(0.813226594608787,-0.541237539778431,
-0.664334469094204));
#5897=CARTESIAN_POINT('Ctrl Pts',(0.834362826253827,-0.462356049398599,
-0.635));
#5898=CARTESIAN_POINT('Ctrl Pts',(-1.27,0.,-0.635));
#5899=CARTESIAN_POINT('Ctrl Pts',(-1.27,1.27,-0.635));
#5900=CARTESIAN_POINT('Ctrl Pts',(0.,1.27,-0.635));
#5901=CARTESIAN_POINT('Ctrl Pts',(1.27,1.27,-0.635));
#5902=CARTESIAN_POINT('Ctrl Pts',(1.27,0.,-0.635));
#5903=CARTESIAN_POINT('Ctrl Pts',(1.27,-1.27,-0.635));
#5904=CARTESIAN_POINT('Ctrl Pts',(0.,-1.27,-0.635));
#5905=CARTESIAN_POINT('Ctrl Pts',(-1.27,-1.27,-0.635));
#5906=CARTESIAN_POINT('Ctrl Pts',(-1.27,0.,-0.635));
#5907=CARTESIAN_POINT('Ctrl Pts',(-1.28976000903809,0.,-0.644654633909946));
#5908=CARTESIAN_POINT('Ctrl Pts',(-1.28976000903809,1.28976000903809,-0.644654633909946));
#5909=CARTESIAN_POINT('Ctrl Pts',(0.,1.28976000903809,-0.644654633909946));
#5910=CARTESIAN_POINT('Ctrl Pts',(1.28976000903809,1.28976000903809,-0.644654633909946));
#5911=CARTESIAN_POINT('Ctrl Pts',(1.28976000903809,0.,-0.644654633909946));
#5912=CARTESIAN_POINT('Ctrl Pts',(1.28976000903809,-1.28976000903809,-0.644654633909946));
#5913=CARTESIAN_POINT('Ctrl Pts',(0.,-1.28976000903809,-0.644654633909946));
#5914=CARTESIAN_POINT('Ctrl Pts',(-1.28976000903809,-1.28976000903809,-0.644654633909946));
#5915=CARTESIAN_POINT('Ctrl Pts',(-1.28976000903809,0.,-0.644654633909946));
#5916=CARTESIAN_POINT('Ctrl Pts',(-1.33005338904588,0.,-0.663091609763323));
#5917=CARTESIAN_POINT('Ctrl Pts',(-1.33005338904588,1.33005338904588,-0.663091609763323));
#5918=CARTESIAN_POINT('Ctrl Pts',(0.,1.33005338904588,-0.663091609763323));
#5919=CARTESIAN_POINT('Ctrl Pts',(1.33005338904588,1.33005338904588,-0.663091609763323));
#5920=CARTESIAN_POINT('Ctrl Pts',(1.33005338904588,0.,-0.663091609763323));
#5921=CARTESIAN_POINT('Ctrl Pts',(1.33005338904588,-1.33005338904588,-0.663091609763323));
#5922=CARTESIAN_POINT('Ctrl Pts',(0.,-1.33005338904588,-0.663091609763323));
#5923=CARTESIAN_POINT('Ctrl Pts',(-1.33005338904588,-1.33005338904588,-0.663091609763323));
#5924=CARTESIAN_POINT('Ctrl Pts',(-1.33005338904588,0.,-0.663091609763323));
#5925=CARTESIAN_POINT('Ctrl Pts',(-1.39281356358397,0.,-0.688130181283886));
#5926=CARTESIAN_POINT('Ctrl Pts',(-1.39281356358397,1.39281356358397,-0.688130181283886));
#5927=CARTESIAN_POINT('Ctrl Pts',(0.,1.39281356358397,-0.688130181283886));
#5928=CARTESIAN_POINT('Ctrl Pts',(1.39281356358397,1.39281356358397,-0.688130181283886));
#5929=CARTESIAN_POINT('Ctrl Pts',(1.39281356358397,0.,-0.688130181283886));
#5930=CARTESIAN_POINT('Ctrl Pts',(1.39281356358397,-1.39281356358397,-0.688130181283886));
#5931=CARTESIAN_POINT('Ctrl Pts',(0.,-1.39281356358397,-0.688130181283886));
#5932=CARTESIAN_POINT('Ctrl Pts',(-1.39281356358397,-1.39281356358397,-0.688130181283886));
#5933=CARTESIAN_POINT('Ctrl Pts',(-1.39281356358397,0.,-0.688130181283886));
#5934=CARTESIAN_POINT('Ctrl Pts',(-1.48115277756041,0.,-0.716259945171289));
#5935=CARTESIAN_POINT('Ctrl Pts',(-1.48115277756041,1.48115277756041,-0.716259945171289));
#5936=CARTESIAN_POINT('Ctrl Pts',(0.,1.48115277756041,-0.716259945171289));
#5937=CARTESIAN_POINT('Ctrl Pts',(1.48115277756041,1.48115277756041,-0.716259945171289));
#5938=CARTESIAN_POINT('Ctrl Pts',(1.48115277756041,0.,-0.716259945171289));
#5939=CARTESIAN_POINT('Ctrl Pts',(1.48115277756041,-1.48115277756041,-0.716259945171289));
#5940=CARTESIAN_POINT('Ctrl Pts',(0.,-1.48115277756041,-0.716259945171289));
#5941=CARTESIAN_POINT('Ctrl Pts',(-1.48115277756041,-1.48115277756041,-0.716259945171289));
#5942=CARTESIAN_POINT('Ctrl Pts',(-1.48115277756041,0.,-0.716259945171289));
#5943=CARTESIAN_POINT('Ctrl Pts',(-1.59940380111457,0.,-0.742561927287715));
#5944=CARTESIAN_POINT('Ctrl Pts',(-1.59940380111457,1.59940380111457,-0.742561927287715));
#5945=CARTESIAN_POINT('Ctrl Pts',(0.,1.59940380111457,-0.742561927287715));
#5946=CARTESIAN_POINT('Ctrl Pts',(1.59940380111457,1.59940380111457,-0.742561927287715));
#5947=CARTESIAN_POINT('Ctrl Pts',(1.59940380111457,0.,-0.742561927287715));
#5948=CARTESIAN_POINT('Ctrl Pts',(1.59940380111457,-1.59940380111457,-0.742561927287715));
#5949=CARTESIAN_POINT('Ctrl Pts',(0.,-1.59940380111457,-0.742561927287715));
#5950=CARTESIAN_POINT('Ctrl Pts',(-1.59940380111457,-1.59940380111457,-0.742561927287715));
#5951=CARTESIAN_POINT('Ctrl Pts',(-1.59940380111457,0.,-0.742561927287715));
#5952=CARTESIAN_POINT('Ctrl Pts',(-1.72546868968633,0.,-0.759921593770094));
#5953=CARTESIAN_POINT('Ctrl Pts',(-1.72546868968633,1.72546868968633,-0.759921593770094));
#5954=CARTESIAN_POINT('Ctrl Pts',(0.,1.72546868968633,-0.759921593770094));
#5955=CARTESIAN_POINT('Ctrl Pts',(1.72546868968633,1.72546868968633,-0.759921593770094));
#5956=CARTESIAN_POINT('Ctrl Pts',(1.72546868968633,0.,-0.759921593770094));
#5957=CARTESIAN_POINT('Ctrl Pts',(1.72546868968633,-1.72546868968633,-0.759921593770094));
#5958=CARTESIAN_POINT('Ctrl Pts',(0.,-1.72546868968633,-0.759921593770094));
#5959=CARTESIAN_POINT('Ctrl Pts',(-1.72546868968633,-1.72546868968633,-0.759921593770094));
#5960=CARTESIAN_POINT('Ctrl Pts',(-1.72546868968633,0.,-0.759921593770094));
#5961=CARTESIAN_POINT('Ctrl Pts',(-1.85917266805368,0.,-0.768342464494351));
#5962=CARTESIAN_POINT('Ctrl Pts',(-1.85917266805368,1.85917266805368,-0.768342464494351));
#5963=CARTESIAN_POINT('Ctrl Pts',(0.,1.85917266805368,-0.768342464494351));
#5964=CARTESIAN_POINT('Ctrl Pts',(1.85917266805368,1.85917266805368,-0.768342464494351));
#5965=CARTESIAN_POINT('Ctrl Pts',(1.85917266805368,0.,-0.768342464494351));
#5966=CARTESIAN_POINT('Ctrl Pts',(1.85917266805368,-1.85917266805368,-0.768342464494351));
#5967=CARTESIAN_POINT('Ctrl Pts',(0.,-1.85917266805368,-0.768342464494351));
#5968=CARTESIAN_POINT('Ctrl Pts',(-1.85917266805368,-1.85917266805368,-0.768342464494351));
#5969=CARTESIAN_POINT('Ctrl Pts',(-1.85917266805368,0.,-0.768342464494351));
#5970=CARTESIAN_POINT('Ctrl Pts',(-2.00005900374125,0.,-0.768011316095539));
#5971=CARTESIAN_POINT('Ctrl Pts',(-2.00005900374125,2.00005900374125,-0.768011316095539));
#5972=CARTESIAN_POINT('Ctrl Pts',(0.,2.00005900374125,-0.768011316095539));
#5973=CARTESIAN_POINT('Ctrl Pts',(2.00005900374125,2.00005900374125,-0.768011316095539));
#5974=CARTESIAN_POINT('Ctrl Pts',(2.00005900374125,0.,-0.768011316095539));
#5975=CARTESIAN_POINT('Ctrl Pts',(2.00005900374125,-2.00005900374125,-0.768011316095539));
#5976=CARTESIAN_POINT('Ctrl Pts',(0.,-2.00005900374125,-0.768011316095539));
#5977=CARTESIAN_POINT('Ctrl Pts',(-2.00005900374125,-2.00005900374125,-0.768011316095539));
#5978=CARTESIAN_POINT('Ctrl Pts',(-2.00005900374125,0.,-0.768011316095539));
#5979=CARTESIAN_POINT('Ctrl Pts',(-2.14737033868111,0.,-0.75930282290649));
#5980=CARTESIAN_POINT('Ctrl Pts',(-2.14737033868111,2.14737033868111,-0.75930282290649));
#5981=CARTESIAN_POINT('Ctrl Pts',(0.,2.14737033868111,-0.75930282290649));
#5982=CARTESIAN_POINT('Ctrl Pts',(2.14737033868111,2.14737033868111,-0.75930282290649));
#5983=CARTESIAN_POINT('Ctrl Pts',(2.14737033868111,0.,-0.75930282290649));
#5984=CARTESIAN_POINT('Ctrl Pts',(2.14737033868111,-2.14737033868111,-0.75930282290649));
#5985=CARTESIAN_POINT('Ctrl Pts',(0.,-2.14737033868111,-0.75930282290649));
#5986=CARTESIAN_POINT('Ctrl Pts',(-2.14737033868111,-2.14737033868111,-0.75930282290649));
#5987=CARTESIAN_POINT('Ctrl Pts',(-2.14737033868111,0.,-0.75930282290649));
#5988=CARTESIAN_POINT('Ctrl Pts',(-2.3000902151504,0.,-0.742730189490773));
#5989=CARTESIAN_POINT('Ctrl Pts',(-2.3000902151504,2.3000902151504,-0.742730189490773));
#5990=CARTESIAN_POINT('Ctrl Pts',(0.,2.3000902151504,-0.742730189490773));
#5991=CARTESIAN_POINT('Ctrl Pts',(2.3000902151504,2.3000902151504,-0.742730189490773));
#5992=CARTESIAN_POINT('Ctrl Pts',(2.3000902151504,0.,-0.742730189490773));
#5993=CARTESIAN_POINT('Ctrl Pts',(2.3000902151504,-2.3000902151504,-0.742730189490773));
#5994=CARTESIAN_POINT('Ctrl Pts',(0.,-2.3000902151504,-0.742730189490773));
#5995=CARTESIAN_POINT('Ctrl Pts',(-2.3000902151504,-2.3000902151504,-0.742730189490773));
#5996=CARTESIAN_POINT('Ctrl Pts',(-2.3000902151504,0.,-0.742730189490773));
#5997=CARTESIAN_POINT('Ctrl Pts',(-2.45695303185239,0.,-0.7189240388291));
#5998=CARTESIAN_POINT('Ctrl Pts',(-2.45695303185239,2.45695303185239,-0.7189240388291));
#5999=CARTESIAN_POINT('Ctrl Pts',(0.,2.45695303185239,-0.7189240388291));
#6000=CARTESIAN_POINT('Ctrl Pts',(2.45695303185239,2.45695303185239,-0.7189240388291));
#6001=CARTESIAN_POINT('Ctrl Pts',(2.45695303185239,0.,-0.7189240388291));
#6002=CARTESIAN_POINT('Ctrl Pts',(2.45695303185239,-2.45695303185239,-0.7189240388291));
#6003=CARTESIAN_POINT('Ctrl Pts',(0.,-2.45695303185239,-0.7189240388291));
#6004=CARTESIAN_POINT('Ctrl Pts',(-2.45695303185239,-2.45695303185239,-0.7189240388291));
#6005=CARTESIAN_POINT('Ctrl Pts',(-2.45695303185239,0.,-0.7189240388291));
#6006=CARTESIAN_POINT('Ctrl Pts',(-2.61646167437853,0.,-0.688608589764148));
#6007=CARTESIAN_POINT('Ctrl Pts',(-2.61646167437853,2.61646167437853,-0.688608589764148));
#6008=CARTESIAN_POINT('Ctrl Pts',(0.,2.61646167437853,-0.688608589764148));
#6009=CARTESIAN_POINT('Ctrl Pts',(2.61646167437853,2.61646167437853,-0.688608589764148));
#6010=CARTESIAN_POINT('Ctrl Pts',(2.61646167437853,0.,-0.688608589764148));
#6011=CARTESIAN_POINT('Ctrl Pts',(2.61646167437853,-2.61646167437853,-0.688608589764148));
#6012=CARTESIAN_POINT('Ctrl Pts',(0.,-2.61646167437853,-0.688608589764148));
#6013=CARTESIAN_POINT('Ctrl Pts',(-2.61646167437853,-2.61646167437853,-0.688608589764148));
#6014=CARTESIAN_POINT('Ctrl Pts',(-2.61646167437853,0.,-0.688608589764148));
#6015=CARTESIAN_POINT('Ctrl Pts',(-2.77688015186133,0.,-0.652593820270341));
#6016=CARTESIAN_POINT('Ctrl Pts',(-2.77688015186133,2.77688015186133,-0.652593820270341));
#6017=CARTESIAN_POINT('Ctrl Pts',(0.,2.77688015186133,-0.652593820270341));
#6018=CARTESIAN_POINT('Ctrl Pts',(2.77688015186133,2.77688015186133,-0.652593820270341));
#6019=CARTESIAN_POINT('Ctrl Pts',(2.77688015186133,0.,-0.652593820270341));
#6020=CARTESIAN_POINT('Ctrl Pts',(2.77688015186133,-2.77688015186133,-0.652593820270341));
#6021=CARTESIAN_POINT('Ctrl Pts',(0.,-2.77688015186133,-0.652593820270341));
#6022=CARTESIAN_POINT('Ctrl Pts',(-2.77688015186133,-2.77688015186133,-0.652593820270341));
#6023=CARTESIAN_POINT('Ctrl Pts',(-2.77688015186133,0.,-0.652593820270341));
#6024=CARTESIAN_POINT('Ctrl Pts',(-2.93627072850678,0.,-0.611754084878089));
#6025=CARTESIAN_POINT('Ctrl Pts',(-2.93627072850678,2.93627072850678,-0.611754084878089));
#6026=CARTESIAN_POINT('Ctrl Pts',(0.,2.93627072850678,-0.611754084878089));
#6027=CARTESIAN_POINT('Ctrl Pts',(2.93627072850678,2.93627072850678,-0.611754084878089));
#6028=CARTESIAN_POINT('Ctrl Pts',(2.93627072850678,0.,-0.611754084878089));
#6029=CARTESIAN_POINT('Ctrl Pts',(2.93627072850678,-2.93627072850678,-0.611754084878089));
#6030=CARTESIAN_POINT('Ctrl Pts',(0.,-2.93627072850678,-0.611754084878089));
#6031=CARTESIAN_POINT('Ctrl Pts',(-2.93627072850678,-2.93627072850678,-0.611754084878089));
#6032=CARTESIAN_POINT('Ctrl Pts',(-2.93627072850678,0.,-0.611754084878089));
#6033=CARTESIAN_POINT('Ctrl Pts',(-3.09264260186243,0.,-0.566969093104279));
#6034=CARTESIAN_POINT('Ctrl Pts',(-3.09264260186243,3.09264260186243,-0.566969093104279));
#6035=CARTESIAN_POINT('Ctrl Pts',(0.,3.09264260186243,-0.566969093104279));
#6036=CARTESIAN_POINT('Ctrl Pts',(3.09264260186243,3.09264260186243,-0.566969093104279));
#6037=CARTESIAN_POINT('Ctrl Pts',(3.09264260186243,0.,-0.566969093104279));
#6038=CARTESIAN_POINT('Ctrl Pts',(3.09264260186243,-3.09264260186243,-0.566969093104279));
#6039=CARTESIAN_POINT('Ctrl Pts',(0.,-3.09264260186243,-0.566969093104279));
#6040=CARTESIAN_POINT('Ctrl Pts',(-3.09264260186243,-3.09264260186243,-0.566969093104279));
#6041=CARTESIAN_POINT('Ctrl Pts',(-3.09264260186243,0.,-0.566969093104279));
#6042=CARTESIAN_POINT('Ctrl Pts',(-3.2440743653528,0.,-0.519078081530674));
#6043=CARTESIAN_POINT('Ctrl Pts',(-3.2440743653528,3.2440743653528,-0.519078081530674));
#6044=CARTESIAN_POINT('Ctrl Pts',(0.,3.2440743653528,-0.519078081530674));
#6045=CARTESIAN_POINT('Ctrl Pts',(3.2440743653528,3.2440743653528,-0.519078081530674));
#6046=CARTESIAN_POINT('Ctrl Pts',(3.2440743653528,0.,-0.519078081530674));
#6047=CARTESIAN_POINT('Ctrl Pts',(3.2440743653528,-3.2440743653528,-0.519078081530674));
#6048=CARTESIAN_POINT('Ctrl Pts',(0.,-3.2440743653528,-0.519078081530674));
#6049=CARTESIAN_POINT('Ctrl Pts',(-3.2440743653528,-3.2440743653528,-0.519078081530674));
#6050=CARTESIAN_POINT('Ctrl Pts',(-3.2440743653528,0.,-0.519078081530674));
#6051=CARTESIAN_POINT('Ctrl Pts',(-3.3888580194275,0.,-0.46883081109457));
#6052=CARTESIAN_POINT('Ctrl Pts',(-3.3888580194275,3.3888580194275,-0.46883081109457));
#6053=CARTESIAN_POINT('Ctrl Pts',(0.,3.3888580194275,-0.46883081109457));
#6054=CARTESIAN_POINT('Ctrl Pts',(3.3888580194275,3.3888580194275,-0.46883081109457));
#6055=CARTESIAN_POINT('Ctrl Pts',(3.3888580194275,0.,-0.46883081109457));
#6056=CARTESIAN_POINT('Ctrl Pts',(3.3888580194275,-3.3888580194275,-0.46883081109457));
#6057=CARTESIAN_POINT('Ctrl Pts',(0.,-3.3888580194275,-0.46883081109457));
#6058=CARTESIAN_POINT('Ctrl Pts',(-3.3888580194275,-3.3888580194275,-0.46883081109457));
#6059=CARTESIAN_POINT('Ctrl Pts',(-3.3888580194275,0.,-0.46883081109457));
#6060=CARTESIAN_POINT('Ctrl Pts',(-3.52562344177953,0.,-0.41684712354818));
#6061=CARTESIAN_POINT('Ctrl Pts',(-3.52562344177953,3.52562344177953,-0.41684712354818));
#6062=CARTESIAN_POINT('Ctrl Pts',(0.,3.52562344177953,-0.41684712354818));
#6063=CARTESIAN_POINT('Ctrl Pts',(3.52562344177953,3.52562344177953,-0.41684712354818));
#6064=CARTESIAN_POINT('Ctrl Pts',(3.52562344177953,0.,-0.41684712354818));
#6065=CARTESIAN_POINT('Ctrl Pts',(3.52562344177953,-3.52562344177953,-0.41684712354818));
#6066=CARTESIAN_POINT('Ctrl Pts',(0.,-3.52562344177953,-0.41684712354818));
#6067=CARTESIAN_POINT('Ctrl Pts',(-3.52562344177953,-3.52562344177953,-0.41684712354818));
#6068=CARTESIAN_POINT('Ctrl Pts',(-3.52562344177953,0.,-0.41684712354818));
#6069=CARTESIAN_POINT('Ctrl Pts',(-3.65352943185114,0.,-0.363561604651966));
#6070=CARTESIAN_POINT('Ctrl Pts',(-3.65352943185114,3.65352943185114,-0.363561604651966));
#6071=CARTESIAN_POINT('Ctrl Pts',(0.,3.65352943185114,-0.363561604651966));
#6072=CARTESIAN_POINT('Ctrl Pts',(3.65352943185114,3.65352943185114,-0.363561604651966));
#6073=CARTESIAN_POINT('Ctrl Pts',(3.65352943185114,0.,-0.363561604651966));
#6074=CARTESIAN_POINT('Ctrl Pts',(3.65352943185114,-3.65352943185114,-0.363561604651966));
#6075=CARTESIAN_POINT('Ctrl Pts',(0.,-3.65352943185114,-0.363561604651966));
#6076=CARTESIAN_POINT('Ctrl Pts',(-3.65352943185114,-3.65352943185114,-0.363561604651966));
#6077=CARTESIAN_POINT('Ctrl Pts',(-3.65352943185114,0.,-0.363561604651966));
#6078=CARTESIAN_POINT('Ctrl Pts',(-3.77219436432784,0.,-0.309238874883037));
#6079=CARTESIAN_POINT('Ctrl Pts',(-3.77219436432784,3.77219436432784,-0.309238874883037));
#6080=CARTESIAN_POINT('Ctrl Pts',(0.,3.77219436432784,-0.309238874883037));
#6081=CARTESIAN_POINT('Ctrl Pts',(3.77219436432784,3.77219436432784,-0.309238874883037));
#6082=CARTESIAN_POINT('Ctrl Pts',(3.77219436432784,0.,-0.309238874883037));
#6083=CARTESIAN_POINT('Ctrl Pts',(3.77219436432784,-3.77219436432784,-0.309238874883037));
#6084=CARTESIAN_POINT('Ctrl Pts',(0.,-3.77219436432784,-0.309238874883037));
#6085=CARTESIAN_POINT('Ctrl Pts',(-3.77219436432784,-3.77219436432784,-0.309238874883037));
#6086=CARTESIAN_POINT('Ctrl Pts',(-3.77219436432784,0.,-0.309238874883037));
#6087=CARTESIAN_POINT('Ctrl Pts',(-3.85965131419891,0.,-0.265063930982988));
#6088=CARTESIAN_POINT('Ctrl Pts',(-3.85965131419891,3.85965131419891,-0.265063930982988));
#6089=CARTESIAN_POINT('Ctrl Pts',(0.,3.85965131419891,-0.265063930982988));
#6090=CARTESIAN_POINT('Ctrl Pts',(3.85965131419891,3.85965131419891,-0.265063930982988));
#6091=CARTESIAN_POINT('Ctrl Pts',(3.85965131419891,0.,-0.265063930982988));
#6092=CARTESIAN_POINT('Ctrl Pts',(3.85965131419891,-3.85965131419891,-0.265063930982988));
#6093=CARTESIAN_POINT('Ctrl Pts',(0.,-3.85965131419891,-0.265063930982988));
#6094=CARTESIAN_POINT('Ctrl Pts',(-3.85965131419891,-3.85965131419891,-0.265063930982988));
#6095=CARTESIAN_POINT('Ctrl Pts',(-3.85965131419891,0.,-0.265063930982988));
#6096=CARTESIAN_POINT('Ctrl Pts',(-3.92106000196197,0.,-0.231553596089893));
#6097=CARTESIAN_POINT('Ctrl Pts',(-3.92106000196197,3.92106000196197,-0.231553596089893));
#6098=CARTESIAN_POINT('Ctrl Pts',(0.,3.92106000196197,-0.231553596089893));
#6099=CARTESIAN_POINT('Ctrl Pts',(3.92106000196197,3.92106000196197,-0.231553596089893));
#6100=CARTESIAN_POINT('Ctrl Pts',(3.92106000196197,0.,-0.231553596089893));
#6101=CARTESIAN_POINT('Ctrl Pts',(3.92106000196197,-3.92106000196197,-0.231553596089893));
#6102=CARTESIAN_POINT('Ctrl Pts',(0.,-3.92106000196197,-0.231553596089893));
#6103=CARTESIAN_POINT('Ctrl Pts',(-3.92106000196197,-3.92106000196197,-0.231553596089893));
#6104=CARTESIAN_POINT('Ctrl Pts',(-3.92106000196197,0.,-0.231553596089893));
#6105=CARTESIAN_POINT('Ctrl Pts',(-3.96014702705904,0.,-0.20904558541352));
#6106=CARTESIAN_POINT('Ctrl Pts',(-3.96014702705903,3.96014702705903,-0.20904558541352));
#6107=CARTESIAN_POINT('Ctrl Pts',(0.,3.96014702705904,-0.20904558541352));
#6108=CARTESIAN_POINT('Ctrl Pts',(3.96014702705903,3.96014702705903,-0.20904558541352));
#6109=CARTESIAN_POINT('Ctrl Pts',(3.96014702705904,0.,-0.20904558541352));
#6110=CARTESIAN_POINT('Ctrl Pts',(3.96014702705903,-3.96014702705903,-0.20904558541352));
#6111=CARTESIAN_POINT('Ctrl Pts',(0.,-3.96014702705904,-0.20904558541352));
#6112=CARTESIAN_POINT('Ctrl Pts',(-3.96014702705903,-3.96014702705903,-0.20904558541352));
#6113=CARTESIAN_POINT('Ctrl Pts',(-3.96014702705904,0.,-0.20904558541352));
#6114=CARTESIAN_POINT('Ctrl Pts',(-3.97922751986641,0.,-0.197749631526101));
#6115=CARTESIAN_POINT('Ctrl Pts',(-3.97922751986641,3.97922751986641,-0.197749631526101));
#6116=CARTESIAN_POINT('Ctrl Pts',(0.,3.97922751986641,-0.197749631526101));
#6117=CARTESIAN_POINT('Ctrl Pts',(3.97922751986641,3.97922751986641,-0.197749631526101));
#6118=CARTESIAN_POINT('Ctrl Pts',(3.97922751986641,0.,-0.197749631526101));
#6119=CARTESIAN_POINT('Ctrl Pts',(3.97922751986641,-3.97922751986641,-0.197749631526101));
#6120=CARTESIAN_POINT('Ctrl Pts',(0.,-3.97922751986641,-0.197749631526101));
#6121=CARTESIAN_POINT('Ctrl Pts',(-3.97922751986641,-3.97922751986641,-0.197749631526101));
#6122=CARTESIAN_POINT('Ctrl Pts',(-3.97922751986641,0.,-0.197749631526101));
#6123=CARTESIAN_POINT('',(1.0795107087642,0.66899673367171,-0.635));
#6124=CARTESIAN_POINT('Ctrl Pts',(1.0795107087642,0.66899673367171,-0.635));
#6125=CARTESIAN_POINT('Ctrl Pts',(1.23079518391002,0.628460180729021,-0.68739672804191));
#6126=CARTESIAN_POINT('Ctrl Pts',(1.37653937661169,0.589408141993082,-0.723243570790999));
#6127=CARTESIAN_POINT('Ctrl Pts',(1.5307650703751,0.548083491897046,-0.744511538138559));
#6128=CARTESIAN_POINT('Origin',(0.,0.,-0.635));
#6129=CARTESIAN_POINT('Ctrl Pts',(-3.97922751986641,0.,-0.197749631526101));
#6130=CARTESIAN_POINT('Ctrl Pts',(-3.97922751986641,3.97922751986641,-0.197749631526101));
#6131=CARTESIAN_POINT('Ctrl Pts',(0.,3.97922751986641,-0.197749631526101));
#6132=CARTESIAN_POINT('Ctrl Pts',(3.97922751986641,3.97922751986641,-0.197749631526101));
#6133=CARTESIAN_POINT('Ctrl Pts',(3.97922751986641,0.,-0.197749631526101));
#6134=CARTESIAN_POINT('Ctrl Pts',(3.97922751986641,-3.97922751986641,-0.197749631526101));
#6135=CARTESIAN_POINT('Ctrl Pts',(0.,-3.97922751986641,-0.197749631526101));
#6136=CARTESIAN_POINT('Ctrl Pts',(-3.97922751986641,-3.97922751986641,-0.197749631526101));
#6137=CARTESIAN_POINT('Ctrl Pts',(-3.97922751986641,0.,-0.197749631526101));
#6138=CARTESIAN_POINT('Ctrl Pts',(-3.96956191321612,0.,-0.215078346741054));
#6139=CARTESIAN_POINT('Ctrl Pts',(-3.96956191321612,3.96956191321612,-0.215078346741054));
#6140=CARTESIAN_POINT('Ctrl Pts',(0.,3.96956191321612,-0.215078346741054));
#6141=CARTESIAN_POINT('Ctrl Pts',(3.96956191321612,3.96956191321612,-0.215078346741054));
#6142=CARTESIAN_POINT('Ctrl Pts',(3.96956191321612,0.,-0.215078346741054));
#6143=CARTESIAN_POINT('Ctrl Pts',(3.96956191321612,-3.96956191321612,-0.215078346741054));
#6144=CARTESIAN_POINT('Ctrl Pts',(0.,-3.96956191321612,-0.215078346741054));
#6145=CARTESIAN_POINT('Ctrl Pts',(-3.96956191321612,-3.96956191321612,-0.215078346741054));
#6146=CARTESIAN_POINT('Ctrl Pts',(-3.96956191321612,0.,-0.215078346741054));
#6147=CARTESIAN_POINT('Ctrl Pts',(-3.94903901059912,0.,-0.249262530824572));
#6148=CARTESIAN_POINT('Ctrl Pts',(-3.94903901059911,3.94903901059911,-0.249262530824572));
#6149=CARTESIAN_POINT('Ctrl Pts',(0.,3.94903901059912,-0.249262530824572));
#6150=CARTESIAN_POINT('Ctrl Pts',(3.94903901059911,3.94903901059911,-0.249262530824572));
#6151=CARTESIAN_POINT('Ctrl Pts',(3.94903901059912,0.,-0.249262530824572));
#6152=CARTESIAN_POINT('Ctrl Pts',(3.94903901059911,-3.94903901059911,-0.249262530824572));
#6153=CARTESIAN_POINT('Ctrl Pts',(0.,-3.94903901059912,-0.249262530824572));
#6154=CARTESIAN_POINT('Ctrl Pts',(-3.94903901059911,-3.94903901059911,-0.249262530824572));
#6155=CARTESIAN_POINT('Ctrl Pts',(-3.94903901059912,0.,-0.249262530824572));
#6156=CARTESIAN_POINT('Ctrl Pts',(-3.91467958405274,0.,-0.299119069096551));
#6157=CARTESIAN_POINT('Ctrl Pts',(-3.91467958405274,3.91467958405274,-0.299119069096551));
#6158=CARTESIAN_POINT('Ctrl Pts',(0.,3.91467958405274,-0.299119069096551));
#6159=CARTESIAN_POINT('Ctrl Pts',(3.91467958405274,3.91467958405274,-0.299119069096551));
#6160=CARTESIAN_POINT('Ctrl Pts',(3.91467958405274,0.,-0.299119069096551));
#6161=CARTESIAN_POINT('Ctrl Pts',(3.91467958405274,-3.91467958405274,-0.299119069096551));
#6162=CARTESIAN_POINT('Ctrl Pts',(0.,-3.91467958405274,-0.299119069096551));
#6163=CARTESIAN_POINT('Ctrl Pts',(-3.91467958405274,-3.91467958405274,-0.299119069096551));
#6164=CARTESIAN_POINT('Ctrl Pts',(-3.91467958405274,0.,-0.299119069096551));
#6165=CARTESIAN_POINT('Ctrl Pts',(-3.86170396188042,0.,-0.36274982640076));
#6166=CARTESIAN_POINT('Ctrl Pts',(-3.86170396188042,3.86170396188042,-0.36274982640076));
#6167=CARTESIAN_POINT('Ctrl Pts',(0.,3.86170396188042,-0.36274982640076));
#6168=CARTESIAN_POINT('Ctrl Pts',(3.86170396188042,3.86170396188042,-0.36274982640076));
#6169=CARTESIAN_POINT('Ctrl Pts',(3.86170396188042,0.,-0.36274982640076));
#6170=CARTESIAN_POINT('Ctrl Pts',(3.86170396188042,-3.86170396188042,-0.36274982640076));
#6171=CARTESIAN_POINT('Ctrl Pts',(0.,-3.86170396188042,-0.36274982640076));
#6172=CARTESIAN_POINT('Ctrl Pts',(-3.86170396188042,-3.86170396188042,-0.36274982640076));
#6173=CARTESIAN_POINT('Ctrl Pts',(-3.86170396188042,0.,-0.36274982640076));
#6174=CARTESIAN_POINT('Ctrl Pts',(-3.78359939559246,0.,-0.437504491128392));
#6175=CARTESIAN_POINT('Ctrl Pts',(-3.78359939559246,3.78359939559246,-0.437504491128392));
#6176=CARTESIAN_POINT('Ctrl Pts',(0.,3.78359939559246,-0.437504491128392));
#6177=CARTESIAN_POINT('Ctrl Pts',(3.78359939559246,3.78359939559246,-0.437504491128392));
#6178=CARTESIAN_POINT('Ctrl Pts',(3.78359939559246,0.,-0.437504491128392));
#6179=CARTESIAN_POINT('Ctrl Pts',(3.78359939559246,-3.78359939559246,-0.437504491128392));
#6180=CARTESIAN_POINT('Ctrl Pts',(0.,-3.78359939559246,-0.437504491128392));
#6181=CARTESIAN_POINT('Ctrl Pts',(-3.78359939559246,-3.78359939559246,-0.437504491128392));
#6182=CARTESIAN_POINT('Ctrl Pts',(-3.78359939559246,0.,-0.437504491128392));
#6183=CARTESIAN_POINT('Ctrl Pts',(-3.6939027715522,0.,-0.507399076581121));
#6184=CARTESIAN_POINT('Ctrl Pts',(-3.6939027715522,3.6939027715522,-0.507399076581121));
#6185=CARTESIAN_POINT('Ctrl Pts',(0.,3.6939027715522,-0.507399076581121));
#6186=CARTESIAN_POINT('Ctrl Pts',(3.6939027715522,3.6939027715522,-0.507399076581121));
#6187=CARTESIAN_POINT('Ctrl Pts',(3.6939027715522,0.,-0.507399076581121));
#6188=CARTESIAN_POINT('Ctrl Pts',(3.6939027715522,-3.6939027715522,-0.507399076581121));
#6189=CARTESIAN_POINT('Ctrl Pts',(0.,-3.6939027715522,-0.507399076581121));
#6190=CARTESIAN_POINT('Ctrl Pts',(-3.6939027715522,-3.6939027715522,-0.507399076581121));
#6191=CARTESIAN_POINT('Ctrl Pts',(-3.6939027715522,0.,-0.507399076581121));
#6192=CARTESIAN_POINT('Ctrl Pts',(-3.59330094716327,0.,-0.572320885122737));
#6193=CARTESIAN_POINT('Ctrl Pts',(-3.59330094716327,3.59330094716327,-0.572320885122737));
#6194=CARTESIAN_POINT('Ctrl Pts',(0.,3.59330094716327,-0.572320885122737));
#6195=CARTESIAN_POINT('Ctrl Pts',(3.59330094716327,3.59330094716327,-0.572320885122737));
#6196=CARTESIAN_POINT('Ctrl Pts',(3.59330094716327,0.,-0.572320885122737));
#6197=CARTESIAN_POINT('Ctrl Pts',(3.59330094716327,-3.59330094716327,-0.572320885122737));
#6198=CARTESIAN_POINT('Ctrl Pts',(0.,-3.59330094716327,-0.572320885122737));
#6199=CARTESIAN_POINT('Ctrl Pts',(-3.59330094716327,-3.59330094716327,-0.572320885122737));
#6200=CARTESIAN_POINT('Ctrl Pts',(-3.59330094716327,0.,-0.572320885122737));
#6201=CARTESIAN_POINT('Ctrl Pts',(-3.48303918843098,0.,-0.632117855989838));
#6202=CARTESIAN_POINT('Ctrl Pts',(-3.48303918843098,3.48303918843098,-0.632117855989838));
#6203=CARTESIAN_POINT('Ctrl Pts',(0.,3.48303918843098,-0.632117855989838));
#6204=CARTESIAN_POINT('Ctrl Pts',(3.48303918843098,3.48303918843098,-0.632117855989838));
#6205=CARTESIAN_POINT('Ctrl Pts',(3.48303918843098,0.,-0.632117855989838));
#6206=CARTESIAN_POINT('Ctrl Pts',(3.48303918843098,-3.48303918843098,-0.632117855989838));
#6207=CARTESIAN_POINT('Ctrl Pts',(0.,-3.48303918843098,-0.632117855989838));
#6208=CARTESIAN_POINT('Ctrl Pts',(-3.48303918843098,-3.48303918843098,-0.632117855989838));
#6209=CARTESIAN_POINT('Ctrl Pts',(-3.48303918843098,0.,-0.632117855989838));
#6210=CARTESIAN_POINT('Ctrl Pts',(-3.36507311624345,0.,-0.686598024871286));
#6211=CARTESIAN_POINT('Ctrl Pts',(-3.36507311624345,3.36507311624345,-0.686598024871286));
#6212=CARTESIAN_POINT('Ctrl Pts',(0.,3.36507311624345,-0.686598024871286));
#6213=CARTESIAN_POINT('Ctrl Pts',(3.36507311624345,3.36507311624345,-0.686598024871286));
#6214=CARTESIAN_POINT('Ctrl Pts',(3.36507311624345,0.,-0.686598024871286));
#6215=CARTESIAN_POINT('Ctrl Pts',(3.36507311624345,-3.36507311624345,-0.686598024871286));
#6216=CARTESIAN_POINT('Ctrl Pts',(0.,-3.36507311624345,-0.686598024871286));
#6217=CARTESIAN_POINT('Ctrl Pts',(-3.36507311624345,-3.36507311624345,-0.686598024871286));
#6218=CARTESIAN_POINT('Ctrl Pts',(-3.36507311624345,0.,-0.686598024871286));
#6219=CARTESIAN_POINT('Ctrl Pts',(-3.24176679539429,0.,-0.735583633979207));
#6220=CARTESIAN_POINT('Ctrl Pts',(-3.24176679539429,3.24176679539429,-0.735583633979207));
#6221=CARTESIAN_POINT('Ctrl Pts',(0.,3.24176679539429,-0.735583633979207));
#6222=CARTESIAN_POINT('Ctrl Pts',(3.24176679539429,3.24176679539429,-0.735583633979207));
#6223=CARTESIAN_POINT('Ctrl Pts',(3.24176679539429,0.,-0.735583633979207));
#6224=CARTESIAN_POINT('Ctrl Pts',(3.24176679539429,-3.24176679539429,-0.735583633979207));
#6225=CARTESIAN_POINT('Ctrl Pts',(0.,-3.24176679539429,-0.735583633979207));
#6226=CARTESIAN_POINT('Ctrl Pts',(-3.24176679539429,-3.24176679539429,-0.735583633979207));
#6227=CARTESIAN_POINT('Ctrl Pts',(-3.24176679539429,0.,-0.735583633979207));
#6228=CARTESIAN_POINT('Ctrl Pts',(-3.11561341007078,0.,-0.778963054042766));
#6229=CARTESIAN_POINT('Ctrl Pts',(-3.11561341007078,3.11561341007078,-0.778963054042766));
#6230=CARTESIAN_POINT('Ctrl Pts',(0.,3.11561341007078,-0.778963054042766));
#6231=CARTESIAN_POINT('Ctrl Pts',(3.11561341007078,3.11561341007078,-0.778963054042766));
#6232=CARTESIAN_POINT('Ctrl Pts',(3.11561341007078,0.,-0.778963054042766));
#6233=CARTESIAN_POINT('Ctrl Pts',(3.11561341007078,-3.11561341007078,-0.778963054042766));
#6234=CARTESIAN_POINT('Ctrl Pts',(0.,-3.11561341007078,-0.778963054042766));
#6235=CARTESIAN_POINT('Ctrl Pts',(-3.11561341007078,-3.11561341007078,-0.778963054042766));
#6236=CARTESIAN_POINT('Ctrl Pts',(-3.11561341007078,0.,-0.778963054042766));
#6237=CARTESIAN_POINT('Ctrl Pts',(-2.98894439021954,0.,-0.816747394438226));
#6238=CARTESIAN_POINT('Ctrl Pts',(-2.98894439021954,2.98894439021954,-0.816747394438226));
#6239=CARTESIAN_POINT('Ctrl Pts',(0.,2.98894439021954,-0.816747394438226));
#6240=CARTESIAN_POINT('Ctrl Pts',(2.98894439021954,2.98894439021954,-0.816747394438226));
#6241=CARTESIAN_POINT('Ctrl Pts',(2.98894439021954,0.,-0.816747394438226));
#6242=CARTESIAN_POINT('Ctrl Pts',(2.98894439021954,-2.98894439021954,-0.816747394438226));
#6243=CARTESIAN_POINT('Ctrl Pts',(0.,-2.98894439021954,-0.816747394438226));
#6244=CARTESIAN_POINT('Ctrl Pts',(-2.98894439021954,-2.98894439021954,-0.816747394438226));
#6245=CARTESIAN_POINT('Ctrl Pts',(-2.98894439021954,0.,-0.816747394438226));
#6246=CARTESIAN_POINT('Ctrl Pts',(-2.86365697639064,0.,-0.849121885526682));
#6247=CARTESIAN_POINT('Ctrl Pts',(-2.86365697639064,2.86365697639064,-0.849121885526682));
#6248=CARTESIAN_POINT('Ctrl Pts',(0.,2.86365697639064,-0.849121885526682));
#6249=CARTESIAN_POINT('Ctrl Pts',(2.86365697639064,2.86365697639064,-0.849121885526682));
#6250=CARTESIAN_POINT('Ctrl Pts',(2.86365697639064,0.,-0.849121885526682));
#6251=CARTESIAN_POINT('Ctrl Pts',(2.86365697639064,-2.86365697639064,-0.849121885526682));
#6252=CARTESIAN_POINT('Ctrl Pts',(0.,-2.86365697639064,-0.849121885526682));
#6253=CARTESIAN_POINT('Ctrl Pts',(-2.86365697639064,-2.86365697639064,-0.849121885526682));
#6254=CARTESIAN_POINT('Ctrl Pts',(-2.86365697639064,0.,-0.849121885526682));
#6255=CARTESIAN_POINT('Ctrl Pts',(-2.74089959656543,0.,-0.87651457689796));
#6256=CARTESIAN_POINT('Ctrl Pts',(-2.74089959656543,2.74089959656543,-0.87651457689796));
#6257=CARTESIAN_POINT('Ctrl Pts',(0.,2.74089959656543,-0.87651457689796));
#6258=CARTESIAN_POINT('Ctrl Pts',(2.74089959656543,2.74089959656543,-0.87651457689796));
#6259=CARTESIAN_POINT('Ctrl Pts',(2.74089959656543,0.,-0.87651457689796));
#6260=CARTESIAN_POINT('Ctrl Pts',(2.74089959656543,-2.74089959656543,-0.87651457689796));
#6261=CARTESIAN_POINT('Ctrl Pts',(0.,-2.74089959656543,-0.87651457689796));
#6262=CARTESIAN_POINT('Ctrl Pts',(-2.74089959656543,-2.74089959656543,-0.87651457689796));
#6263=CARTESIAN_POINT('Ctrl Pts',(-2.74089959656543,0.,-0.87651457689796));
#6264=CARTESIAN_POINT('Ctrl Pts',(-2.62086623617004,0.,-0.899622260286305));
#6265=CARTESIAN_POINT('Ctrl Pts',(-2.62086623617004,2.62086623617004,-0.899622260286305));
#6266=CARTESIAN_POINT('Ctrl Pts',(0.,2.62086623617004,-0.899622260286305));
#6267=CARTESIAN_POINT('Ctrl Pts',(2.62086623617004,2.62086623617004,-0.899622260286305));
#6268=CARTESIAN_POINT('Ctrl Pts',(2.62086623617004,0.,-0.899622260286305));
#6269=CARTESIAN_POINT('Ctrl Pts',(2.62086623617004,-2.62086623617004,-0.899622260286305));
#6270=CARTESIAN_POINT('Ctrl Pts',(0.,-2.62086623617004,-0.899622260286305));
#6271=CARTESIAN_POINT('Ctrl Pts',(-2.62086623617004,-2.62086623617004,-0.899622260286305));
#6272=CARTESIAN_POINT('Ctrl Pts',(-2.62086623617004,0.,-0.899622260286305));
#6273=CARTESIAN_POINT('Ctrl Pts',(-2.50312520718878,0.,-0.919218797964062));
#6274=CARTESIAN_POINT('Ctrl Pts',(-2.50312520718878,2.50312520718878,-0.919218797964062));
#6275=CARTESIAN_POINT('Ctrl Pts',(0.,2.50312520718878,-0.919218797964062));
#6276=CARTESIAN_POINT('Ctrl Pts',(2.50312520718878,2.50312520718878,-0.919218797964062));
#6277=CARTESIAN_POINT('Ctrl Pts',(2.50312520718878,0.,-0.919218797964062));
#6278=CARTESIAN_POINT('Ctrl Pts',(2.50312520718878,-2.50312520718878,-0.919218797964062));
#6279=CARTESIAN_POINT('Ctrl Pts',(0.,-2.50312520718878,-0.919218797964062));
#6280=CARTESIAN_POINT('Ctrl Pts',(-2.50312520718878,-2.50312520718878,-0.919218797964062));
#6281=CARTESIAN_POINT('Ctrl Pts',(-2.50312520718878,0.,-0.919218797964062));
#6282=CARTESIAN_POINT('Ctrl Pts',(-2.38686785087108,0.,-0.935999115962188));
#6283=CARTESIAN_POINT('Ctrl Pts',(-2.38686785087108,2.38686785087108,-0.935999115962188));
#6284=CARTESIAN_POINT('Ctrl Pts',(0.,2.38686785087108,-0.935999115962188));
#6285=CARTESIAN_POINT('Ctrl Pts',(2.38686785087108,2.38686785087108,-0.935999115962188));
#6286=CARTESIAN_POINT('Ctrl Pts',(2.38686785087108,0.,-0.935999115962188));
#6287=CARTESIAN_POINT('Ctrl Pts',(2.38686785087108,-2.38686785087108,-0.935999115962188));
#6288=CARTESIAN_POINT('Ctrl Pts',(0.,-2.38686785087108,-0.935999115962188));
#6289=CARTESIAN_POINT('Ctrl Pts',(-2.38686785087108,-2.38686785087108,-0.935999115962188));
#6290=CARTESIAN_POINT('Ctrl Pts',(-2.38686785087108,0.,-0.935999115962188));
#6291=CARTESIAN_POINT('Ctrl Pts',(-2.27119224820535,0.,-0.950399478668064));
#6292=CARTESIAN_POINT('Ctrl Pts',(-2.27119224820535,2.27119224820535,-0.950399478668064));
#6293=CARTESIAN_POINT('Ctrl Pts',(0.,2.27119224820535,-0.950399478668064));
#6294=CARTESIAN_POINT('Ctrl Pts',(2.27119224820535,2.27119224820535,-0.950399478668064));
#6295=CARTESIAN_POINT('Ctrl Pts',(2.27119224820535,0.,-0.950399478668064));
#6296=CARTESIAN_POINT('Ctrl Pts',(2.27119224820535,-2.27119224820535,-0.950399478668064));
#6297=CARTESIAN_POINT('Ctrl Pts',(0.,-2.27119224820535,-0.950399478668064));
#6298=CARTESIAN_POINT('Ctrl Pts',(-2.27119224820535,-2.27119224820535,-0.950399478668064));
#6299=CARTESIAN_POINT('Ctrl Pts',(-2.27119224820535,0.,-0.950399478668064));
#6300=CARTESIAN_POINT('Ctrl Pts',(-2.15535242577468,0.,-0.962450853781893));
#6301=CARTESIAN_POINT('Ctrl Pts',(-2.15535242577468,2.15535242577468,-0.962450853781893));
#6302=CARTESIAN_POINT('Ctrl Pts',(0.,2.15535242577468,-0.962450853781893));
#6303=CARTESIAN_POINT('Ctrl Pts',(2.15535242577468,2.15535242577468,-0.962450853781893));
#6304=CARTESIAN_POINT('Ctrl Pts',(2.15535242577468,0.,-0.962450853781893));
#6305=CARTESIAN_POINT('Ctrl Pts',(2.15535242577468,-2.15535242577468,-0.962450853781893));
#6306=CARTESIAN_POINT('Ctrl Pts',(0.,-2.15535242577468,-0.962450853781893));
#6307=CARTESIAN_POINT('Ctrl Pts',(-2.15535242577468,-2.15535242577468,-0.962450853781893));
#6308=CARTESIAN_POINT('Ctrl Pts',(-2.15535242577468,0.,-0.962450853781893));
#6309=CARTESIAN_POINT('Ctrl Pts',(-2.03906840460602,0.,-0.971554888046006));
#6310=CARTESIAN_POINT('Ctrl Pts',(-2.03906840460602,2.03906840460602,-0.971554888046006));
#6311=CARTESIAN_POINT('Ctrl Pts',(0.,2.03906840460602,-0.971554888046006));
#6312=CARTESIAN_POINT('Ctrl Pts',(2.03906840460602,2.03906840460602,-0.971554888046006));
#6313=CARTESIAN_POINT('Ctrl Pts',(2.03906840460602,0.,-0.971554888046006));
#6314=CARTESIAN_POINT('Ctrl Pts',(2.03906840460602,-2.03906840460602,-0.971554888046006));
#6315=CARTESIAN_POINT('Ctrl Pts',(0.,-2.03906840460602,-0.971554888046006));
#6316=CARTESIAN_POINT('Ctrl Pts',(-2.03906840460602,-2.03906840460602,-0.971554888046006));
#6317=CARTESIAN_POINT('Ctrl Pts',(-2.03906840460602,0.,-0.971554888046006));
#6318=CARTESIAN_POINT('Ctrl Pts',(-1.92255062295824,0.,-0.976636107980014));
#6319=CARTESIAN_POINT('Ctrl Pts',(-1.92255062295824,1.92255062295824,-0.976636107980014));
#6320=CARTESIAN_POINT('Ctrl Pts',(0.,1.92255062295824,-0.976636107980014));
#6321=CARTESIAN_POINT('Ctrl Pts',(1.92255062295824,1.92255062295824,-0.976636107980014));
#6322=CARTESIAN_POINT('Ctrl Pts',(1.92255062295824,0.,-0.976636107980014));
#6323=CARTESIAN_POINT('Ctrl Pts',(1.92255062295824,-1.92255062295824,-0.976636107980014));
#6324=CARTESIAN_POINT('Ctrl Pts',(0.,-1.92255062295824,-0.976636107980014));
#6325=CARTESIAN_POINT('Ctrl Pts',(-1.92255062295824,-1.92255062295824,-0.976636107980014));
#6326=CARTESIAN_POINT('Ctrl Pts',(-1.92255062295824,0.,-0.976636107980014));
#6327=CARTESIAN_POINT('Ctrl Pts',(-1.80641214232516,0.,-0.976435966935737));
#6328=CARTESIAN_POINT('Ctrl Pts',(-1.80641214232516,1.80641214232516,-0.976435966935737));
#6329=CARTESIAN_POINT('Ctrl Pts',(0.,1.80641214232516,-0.976435966935737));
#6330=CARTESIAN_POINT('Ctrl Pts',(1.80641214232516,1.80641214232516,-0.976435966935737));
#6331=CARTESIAN_POINT('Ctrl Pts',(1.80641214232516,0.,-0.976435966935737));
#6332=CARTESIAN_POINT('Ctrl Pts',(1.80641214232516,-1.80641214232516,-0.976435966935737));
#6333=CARTESIAN_POINT('Ctrl Pts',(0.,-1.80641214232516,-0.976435966935737));
#6334=CARTESIAN_POINT('Ctrl Pts',(-1.80641214232516,-1.80641214232516,-0.976435966935737));
#6335=CARTESIAN_POINT('Ctrl Pts',(-1.80641214232516,0.,-0.976435966935737));
#6336=CARTESIAN_POINT('Ctrl Pts',(-1.69162249255293,0.,-0.969772211571166));
#6337=CARTESIAN_POINT('Ctrl Pts',(-1.69162249255293,1.69162249255293,-0.969772211571166));
#6338=CARTESIAN_POINT('Ctrl Pts',(0.,1.69162249255293,-0.969772211571166));
#6339=CARTESIAN_POINT('Ctrl Pts',(1.69162249255293,1.69162249255293,-0.969772211571166));
#6340=CARTESIAN_POINT('Ctrl Pts',(1.69162249255293,0.,-0.969772211571166));
#6341=CARTESIAN_POINT('Ctrl Pts',(1.69162249255293,-1.69162249255293,-0.969772211571166));
#6342=CARTESIAN_POINT('Ctrl Pts',(0.,-1.69162249255293,-0.969772211571166));
#6343=CARTESIAN_POINT('Ctrl Pts',(-1.69162249255293,-1.69162249255293,-0.969772211571166));
#6344=CARTESIAN_POINT('Ctrl Pts',(-1.69162249255293,0.,-0.969772211571166));
#6345=CARTESIAN_POINT('Ctrl Pts',(-1.57944180527734,0.,-0.955786475505323));
#6346=CARTESIAN_POINT('Ctrl Pts',(-1.57944180527734,1.57944180527734,-0.955786475505323));
#6347=CARTESIAN_POINT('Ctrl Pts',(0.,1.57944180527734,-0.955786475505323));
#6348=CARTESIAN_POINT('Ctrl Pts',(1.57944180527734,1.57944180527734,-0.955786475505323));
#6349=CARTESIAN_POINT('Ctrl Pts',(1.57944180527734,0.,-0.955786475505323));
#6350=CARTESIAN_POINT('Ctrl Pts',(1.57944180527734,-1.57944180527734,-0.955786475505323));
#6351=CARTESIAN_POINT('Ctrl Pts',(0.,-1.57944180527734,-0.955786475505323));
#6352=CARTESIAN_POINT('Ctrl Pts',(-1.57944180527734,-1.57944180527734,-0.955786475505323));
#6353=CARTESIAN_POINT('Ctrl Pts',(-1.57944180527734,0.,-0.955786475505323));
#6354=CARTESIAN_POINT('Ctrl Pts',(-1.4713780763315,0.,-0.934266608550244));
#6355=CARTESIAN_POINT('Ctrl Pts',(-1.4713780763315,1.4713780763315,-0.934266608550244));
#6356=CARTESIAN_POINT('Ctrl Pts',(0.,1.4713780763315,-0.934266608550244));
#6357=CARTESIAN_POINT('Ctrl Pts',(1.4713780763315,1.4713780763315,-0.934266608550244));
#6358=CARTESIAN_POINT('Ctrl Pts',(1.4713780763315,0.,-0.934266608550244));
#6359=CARTESIAN_POINT('Ctrl Pts',(1.4713780763315,-1.4713780763315,-0.934266608550244));
#6360=CARTESIAN_POINT('Ctrl Pts',(0.,-1.4713780763315,-0.934266608550244));
#6361=CARTESIAN_POINT('Ctrl Pts',(-1.4713780763315,-1.4713780763315,-0.934266608550244));
#6362=CARTESIAN_POINT('Ctrl Pts',(-1.4713780763315,0.,-0.934266608550244));
#6363=CARTESIAN_POINT('Ctrl Pts',(-1.36909118420228,0.,-0.905701408132455));
#6364=CARTESIAN_POINT('Ctrl Pts',(-1.36909118420228,1.36909118420228,-0.905701408132455));
#6365=CARTESIAN_POINT('Ctrl Pts',(0.,1.36909118420228,-0.905701408132455));
#6366=CARTESIAN_POINT('Ctrl Pts',(1.36909118420228,1.36909118420228,-0.905701408132455));
#6367=CARTESIAN_POINT('Ctrl Pts',(1.36909118420228,0.,-0.905701408132455));
#6368=CARTESIAN_POINT('Ctrl Pts',(1.36909118420228,-1.36909118420228,-0.905701408132455));
#6369=CARTESIAN_POINT('Ctrl Pts',(0.,-1.36909118420228,-0.905701408132455));
#6370=CARTESIAN_POINT('Ctrl Pts',(-1.36909118420228,-1.36909118420228,-0.905701408132455));
#6371=CARTESIAN_POINT('Ctrl Pts',(-1.36909118420228,0.,-0.905701408132455));
#6372=CARTESIAN_POINT('Ctrl Pts',(-1.27423529588645,0.,-0.870973750764244));
#6373=CARTESIAN_POINT('Ctrl Pts',(-1.27423529588645,1.27423529588645,-0.870973750764244));
#6374=CARTESIAN_POINT('Ctrl Pts',(0.,1.27423529588645,-0.870973750764244));
#6375=CARTESIAN_POINT('Ctrl Pts',(1.27423529588645,1.27423529588645,-0.870973750764244));
#6376=CARTESIAN_POINT('Ctrl Pts',(1.27423529588645,0.,-0.870973750764244));
#6377=CARTESIAN_POINT('Ctrl Pts',(1.27423529588645,-1.27423529588645,-0.870973750764244));
#6378=CARTESIAN_POINT('Ctrl Pts',(0.,-1.27423529588645,-0.870973750764244));
#6379=CARTESIAN_POINT('Ctrl Pts',(-1.27423529588645,-1.27423529588645,-0.870973750764244));
#6380=CARTESIAN_POINT('Ctrl Pts',(-1.27423529588645,0.,-0.870973750764244));
#6381=CARTESIAN_POINT('Ctrl Pts',(-1.18830740722293,0.,-0.831139469637301));
#6382=CARTESIAN_POINT('Ctrl Pts',(-1.18830740722293,1.18830740722293,-0.831139469637301));
#6383=CARTESIAN_POINT('Ctrl Pts',(0.,1.18830740722293,-0.831139469637301));
#6384=CARTESIAN_POINT('Ctrl Pts',(1.18830740722293,1.18830740722293,-0.831139469637301));
#6385=CARTESIAN_POINT('Ctrl Pts',(1.18830740722293,0.,-0.831139469637301));
#6386=CARTESIAN_POINT('Ctrl Pts',(1.18830740722293,-1.18830740722293,-0.831139469637301));
#6387=CARTESIAN_POINT('Ctrl Pts',(0.,-1.18830740722293,-0.831139469637301));
#6388=CARTESIAN_POINT('Ctrl Pts',(-1.18830740722293,-1.18830740722293,-0.831139469637301));
#6389=CARTESIAN_POINT('Ctrl Pts',(-1.18830740722293,0.,-0.831139469637301));
#6390=CARTESIAN_POINT('Ctrl Pts',(-1.11250843540665,0.,-0.787193190918452));
#6391=CARTESIAN_POINT('Ctrl Pts',(-1.11250843540665,1.11250843540665,-0.787193190918452));
#6392=CARTESIAN_POINT('Ctrl Pts',(0.,1.11250843540665,-0.787193190918452));
#6393=CARTESIAN_POINT('Ctrl Pts',(1.11250843540665,1.11250843540665,-0.787193190918452));
#6394=CARTESIAN_POINT('Ctrl Pts',(1.11250843540665,0.,-0.787193190918452));
#6395=CARTESIAN_POINT('Ctrl Pts',(1.11250843540665,-1.11250843540665,-0.787193190918452));
#6396=CARTESIAN_POINT('Ctrl Pts',(0.,-1.11250843540665,-0.787193190918452));
#6397=CARTESIAN_POINT('Ctrl Pts',(-1.11250843540665,-1.11250843540665,-0.787193190918452));
#6398=CARTESIAN_POINT('Ctrl Pts',(-1.11250843540665,0.,-0.787193190918452));
#6399=CARTESIAN_POINT('Ctrl Pts',(-1.04755120380037,0.,-0.739794248737515));
#6400=CARTESIAN_POINT('Ctrl Pts',(-1.04755120380037,1.04755120380037,-0.739794248737515));
#6401=CARTESIAN_POINT('Ctrl Pts',(0.,1.04755120380037,-0.739794248737515));
#6402=CARTESIAN_POINT('Ctrl Pts',(1.04755120380037,1.04755120380037,-0.739794248737515));
#6403=CARTESIAN_POINT('Ctrl Pts',(1.04755120380037,0.,-0.739794248737515));
#6404=CARTESIAN_POINT('Ctrl Pts',(1.04755120380037,-1.04755120380037,-0.739794248737515));
#6405=CARTESIAN_POINT('Ctrl Pts',(0.,-1.04755120380037,-0.739794248737515));
#6406=CARTESIAN_POINT('Ctrl Pts',(-1.04755120380037,-1.04755120380037,-0.739794248737515));
#6407=CARTESIAN_POINT('Ctrl Pts',(-1.04755120380037,0.,-0.739794248737515));
#6408=CARTESIAN_POINT('Ctrl Pts',(-1.00449576816689,0.,-0.699375628833483));
#6409=CARTESIAN_POINT('Ctrl Pts',(-1.00449576816689,1.00449576816689,-0.699375628833483));
#6410=CARTESIAN_POINT('Ctrl Pts',(0.,1.00449576816689,-0.699375628833483));
#6411=CARTESIAN_POINT('Ctrl Pts',(1.00449576816689,1.00449576816689,-0.699375628833483));
#6412=CARTESIAN_POINT('Ctrl Pts',(1.00449576816689,0.,-0.699375628833483));
#6413=CARTESIAN_POINT('Ctrl Pts',(1.00449576816689,-1.00449576816689,-0.699375628833483));
#6414=CARTESIAN_POINT('Ctrl Pts',(0.,-1.00449576816689,-0.699375628833483));
#6415=CARTESIAN_POINT('Ctrl Pts',(-1.00449576816689,-1.00449576816689,-0.699375628833483));
#6416=CARTESIAN_POINT('Ctrl Pts',(-1.00449576816689,0.,-0.699375628833483));
#6417=CARTESIAN_POINT('Ctrl Pts',(-0.977244086793561,0.,-0.667711963676549));
#6418=CARTESIAN_POINT('Ctrl Pts',(-0.97724408679356,0.97724408679356,-0.667711963676549));
#6419=CARTESIAN_POINT('Ctrl Pts',(0.,0.977244086793561,-0.667711963676549));
#6420=CARTESIAN_POINT('Ctrl Pts',(0.97724408679356,0.97724408679356,-0.667711963676549));
#6421=CARTESIAN_POINT('Ctrl Pts',(0.977244086793561,0.,-0.667711963676549));
#6422=CARTESIAN_POINT('Ctrl Pts',(0.97724408679356,-0.97724408679356,-0.667711963676549));
#6423=CARTESIAN_POINT('Ctrl Pts',(0.,-0.977244086793561,-0.667711963676549));
#6424=CARTESIAN_POINT('Ctrl Pts',(-0.97724408679356,-0.97724408679356,-0.667711963676549));
#6425=CARTESIAN_POINT('Ctrl Pts',(-0.977244086793561,0.,-0.667711963676549));
#6426=CARTESIAN_POINT('Ctrl Pts',(-0.961311967883148,0.,-0.646003817502658));
#6427=CARTESIAN_POINT('Ctrl Pts',(-0.961311967883148,0.961311967883148,
-0.646003817502658));
#6428=CARTESIAN_POINT('Ctrl Pts',(0.,0.961311967883148,-0.646003817502658));
#6429=CARTESIAN_POINT('Ctrl Pts',(0.961311967883148,0.961311967883148,-0.646003817502658));
#6430=CARTESIAN_POINT('Ctrl Pts',(0.961311967883148,0.,-0.646003817502658));
#6431=CARTESIAN_POINT('Ctrl Pts',(0.961311967883148,-0.961311967883148,
-0.646003817502658));
#6432=CARTESIAN_POINT('Ctrl Pts',(0.,-0.961311967883148,-0.646003817502658));
#6433=CARTESIAN_POINT('Ctrl Pts',(-0.961311967883148,-0.961311967883148,
-0.646003817502658));
#6434=CARTESIAN_POINT('Ctrl Pts',(-0.961311967883148,0.,-0.646003817502658));
#6435=CARTESIAN_POINT('Ctrl Pts',(-0.953904839200302,0.,-0.635));
#6436=CARTESIAN_POINT('Ctrl Pts',(-0.953904839200302,0.953904839200302,
-0.635));
#6437=CARTESIAN_POINT('Ctrl Pts',(0.,0.953904839200302,-0.635));
#6438=CARTESIAN_POINT('Ctrl Pts',(0.953904839200302,0.953904839200302,-0.635));
#6439=CARTESIAN_POINT('Ctrl Pts',(0.953904839200302,0.,-0.635));
#6440=CARTESIAN_POINT('Ctrl Pts',(0.953904839200302,-0.953904839200302,
-0.635));
#6441=CARTESIAN_POINT('Ctrl Pts',(0.,-0.953904839200302,-0.635));
#6442=CARTESIAN_POINT('Ctrl Pts',(-0.953904839200302,-0.953904839200302,
-0.635));
#6443=CARTESIAN_POINT('Ctrl Pts',(-0.953904839200302,0.,-0.635));
#6444=CARTESIAN_POINT('',(-0.834362826253827,0.4623560493986,-0.635));
#6445=CARTESIAN_POINT('Origin',(0.,0.,-0.635));
#6446=CARTESIAN_POINT('Ctrl Pts',(-0.548083491897046,1.5307650703751,-0.960562217564153));
#6447=CARTESIAN_POINT('Ctrl Pts',(-0.592729885418244,1.36414246137928,-0.94188129611986));
#6448=CARTESIAN_POINT('Ctrl Pts',(-0.638959808604816,1.19161003921698,-0.904834924749163));
#6449=CARTESIAN_POINT('Ctrl Pts',(-0.751852695038764,0.770288051232389,
-0.767273316212904));
#6450=CARTESIAN_POINT('Ctrl Pts',(-0.798690127826149,0.595488372373776,
-0.684509282785477));
#6451=CARTESIAN_POINT('Ctrl Pts',(-0.834362826253827,0.4623560493986,-0.635));
#6452=CARTESIAN_POINT('Ctrl Pts',(-3.97922751986641,0.,-0.197749631526101));
#6453=CARTESIAN_POINT('Ctrl Pts',(-3.97922751986641,3.97922751986641,-0.197749631526101));
#6454=CARTESIAN_POINT('Ctrl Pts',(0.,3.97922751986641,-0.197749631526101));
#6455=CARTESIAN_POINT('Ctrl Pts',(3.97922751986641,3.97922751986641,-0.197749631526101));
#6456=CARTESIAN_POINT('Ctrl Pts',(3.97922751986641,0.,-0.197749631526101));
#6457=CARTESIAN_POINT('Ctrl Pts',(3.97922751986641,-3.97922751986641,-0.197749631526101));
#6458=CARTESIAN_POINT('Ctrl Pts',(0.,-3.97922751986641,-0.197749631526101));
#6459=CARTESIAN_POINT('Ctrl Pts',(-3.97922751986641,-3.97922751986641,-0.197749631526101));
#6460=CARTESIAN_POINT('Ctrl Pts',(-3.97922751986641,0.,-0.197749631526101));
#6461=CARTESIAN_POINT('Ctrl Pts',(-3.96956191321612,0.,-0.215078346741054));
#6462=CARTESIAN_POINT('Ctrl Pts',(-3.96956191321612,3.96956191321612,-0.215078346741054));
#6463=CARTESIAN_POINT('Ctrl Pts',(0.,3.96956191321612,-0.215078346741054));
#6464=CARTESIAN_POINT('Ctrl Pts',(3.96956191321612,3.96956191321612,-0.215078346741054));
#6465=CARTESIAN_POINT('Ctrl Pts',(3.96956191321612,0.,-0.215078346741054));
#6466=CARTESIAN_POINT('Ctrl Pts',(3.96956191321612,-3.96956191321612,-0.215078346741054));
#6467=CARTESIAN_POINT('Ctrl Pts',(0.,-3.96956191321612,-0.215078346741054));
#6468=CARTESIAN_POINT('Ctrl Pts',(-3.96956191321612,-3.96956191321612,-0.215078346741054));
#6469=CARTESIAN_POINT('Ctrl Pts',(-3.96956191321612,0.,-0.215078346741054));
#6470=CARTESIAN_POINT('Ctrl Pts',(-3.94903901059912,0.,-0.249262530824572));
#6471=CARTESIAN_POINT('Ctrl Pts',(-3.94903901059911,3.94903901059911,-0.249262530824572));
#6472=CARTESIAN_POINT('Ctrl Pts',(0.,3.94903901059912,-0.249262530824572));
#6473=CARTESIAN_POINT('Ctrl Pts',(3.94903901059911,3.94903901059911,-0.249262530824572));
#6474=CARTESIAN_POINT('Ctrl Pts',(3.94903901059912,0.,-0.249262530824572));
#6475=CARTESIAN_POINT('Ctrl Pts',(3.94903901059911,-3.94903901059911,-0.249262530824572));
#6476=CARTESIAN_POINT('Ctrl Pts',(0.,-3.94903901059912,-0.249262530824572));
#6477=CARTESIAN_POINT('Ctrl Pts',(-3.94903901059911,-3.94903901059911,-0.249262530824572));
#6478=CARTESIAN_POINT('Ctrl Pts',(-3.94903901059912,0.,-0.249262530824572));
#6479=CARTESIAN_POINT('Ctrl Pts',(-3.91467958405274,0.,-0.299119069096551));
#6480=CARTESIAN_POINT('Ctrl Pts',(-3.91467958405274,3.91467958405274,-0.299119069096551));
#6481=CARTESIAN_POINT('Ctrl Pts',(0.,3.91467958405274,-0.299119069096551));
#6482=CARTESIAN_POINT('Ctrl Pts',(3.91467958405274,3.91467958405274,-0.299119069096551));
#6483=CARTESIAN_POINT('Ctrl Pts',(3.91467958405274,0.,-0.299119069096551));
#6484=CARTESIAN_POINT('Ctrl Pts',(3.91467958405274,-3.91467958405274,-0.299119069096551));
#6485=CARTESIAN_POINT('Ctrl Pts',(0.,-3.91467958405274,-0.299119069096551));
#6486=CARTESIAN_POINT('Ctrl Pts',(-3.91467958405274,-3.91467958405274,-0.299119069096551));
#6487=CARTESIAN_POINT('Ctrl Pts',(-3.91467958405274,0.,-0.299119069096551));
#6488=CARTESIAN_POINT('Ctrl Pts',(-3.86170396188042,0.,-0.36274982640076));
#6489=CARTESIAN_POINT('Ctrl Pts',(-3.86170396188042,3.86170396188042,-0.36274982640076));
#6490=CARTESIAN_POINT('Ctrl Pts',(0.,3.86170396188042,-0.36274982640076));
#6491=CARTESIAN_POINT('Ctrl Pts',(3.86170396188042,3.86170396188042,-0.36274982640076));
#6492=CARTESIAN_POINT('Ctrl Pts',(3.86170396188042,0.,-0.36274982640076));
#6493=CARTESIAN_POINT('Ctrl Pts',(3.86170396188042,-3.86170396188042,-0.36274982640076));
#6494=CARTESIAN_POINT('Ctrl Pts',(0.,-3.86170396188042,-0.36274982640076));
#6495=CARTESIAN_POINT('Ctrl Pts',(-3.86170396188042,-3.86170396188042,-0.36274982640076));
#6496=CARTESIAN_POINT('Ctrl Pts',(-3.86170396188042,0.,-0.36274982640076));
#6497=CARTESIAN_POINT('Ctrl Pts',(-3.78359939559246,0.,-0.437504491128392));
#6498=CARTESIAN_POINT('Ctrl Pts',(-3.78359939559246,3.78359939559246,-0.437504491128392));
#6499=CARTESIAN_POINT('Ctrl Pts',(0.,3.78359939559246,-0.437504491128392));
#6500=CARTESIAN_POINT('Ctrl Pts',(3.78359939559246,3.78359939559246,-0.437504491128392));
#6501=CARTESIAN_POINT('Ctrl Pts',(3.78359939559246,0.,-0.437504491128392));
#6502=CARTESIAN_POINT('Ctrl Pts',(3.78359939559246,-3.78359939559246,-0.437504491128392));
#6503=CARTESIAN_POINT('Ctrl Pts',(0.,-3.78359939559246,-0.437504491128392));
#6504=CARTESIAN_POINT('Ctrl Pts',(-3.78359939559246,-3.78359939559246,-0.437504491128392));
#6505=CARTESIAN_POINT('Ctrl Pts',(-3.78359939559246,0.,-0.437504491128392));
#6506=CARTESIAN_POINT('Ctrl Pts',(-3.6939027715522,0.,-0.507399076581121));
#6507=CARTESIAN_POINT('Ctrl Pts',(-3.6939027715522,3.6939027715522,-0.507399076581121));
#6508=CARTESIAN_POINT('Ctrl Pts',(0.,3.6939027715522,-0.507399076581121));
#6509=CARTESIAN_POINT('Ctrl Pts',(3.6939027715522,3.6939027715522,-0.507399076581121));
#6510=CARTESIAN_POINT('Ctrl Pts',(3.6939027715522,0.,-0.507399076581121));
#6511=CARTESIAN_POINT('Ctrl Pts',(3.6939027715522,-3.6939027715522,-0.507399076581121));
#6512=CARTESIAN_POINT('Ctrl Pts',(0.,-3.6939027715522,-0.507399076581121));
#6513=CARTESIAN_POINT('Ctrl Pts',(-3.6939027715522,-3.6939027715522,-0.507399076581121));
#6514=CARTESIAN_POINT('Ctrl Pts',(-3.6939027715522,0.,-0.507399076581121));
#6515=CARTESIAN_POINT('Ctrl Pts',(-3.59330094716327,0.,-0.572320885122737));
#6516=CARTESIAN_POINT('Ctrl Pts',(-3.59330094716327,3.59330094716327,-0.572320885122737));
#6517=CARTESIAN_POINT('Ctrl Pts',(0.,3.59330094716327,-0.572320885122737));
#6518=CARTESIAN_POINT('Ctrl Pts',(3.59330094716327,3.59330094716327,-0.572320885122737));
#6519=CARTESIAN_POINT('Ctrl Pts',(3.59330094716327,0.,-0.572320885122737));
#6520=CARTESIAN_POINT('Ctrl Pts',(3.59330094716327,-3.59330094716327,-0.572320885122737));
#6521=CARTESIAN_POINT('Ctrl Pts',(0.,-3.59330094716327,-0.572320885122737));
#6522=CARTESIAN_POINT('Ctrl Pts',(-3.59330094716327,-3.59330094716327,-0.572320885122737));
#6523=CARTESIAN_POINT('Ctrl Pts',(-3.59330094716327,0.,-0.572320885122737));
#6524=CARTESIAN_POINT('Ctrl Pts',(-3.48303918843098,0.,-0.632117855989838));
#6525=CARTESIAN_POINT('Ctrl Pts',(-3.48303918843098,3.48303918843098,-0.632117855989838));
#6526=CARTESIAN_POINT('Ctrl Pts',(0.,3.48303918843098,-0.632117855989838));
#6527=CARTESIAN_POINT('Ctrl Pts',(3.48303918843098,3.48303918843098,-0.632117855989838));
#6528=CARTESIAN_POINT('Ctrl Pts',(3.48303918843098,0.,-0.632117855989838));
#6529=CARTESIAN_POINT('Ctrl Pts',(3.48303918843098,-3.48303918843098,-0.632117855989838));
#6530=CARTESIAN_POINT('Ctrl Pts',(0.,-3.48303918843098,-0.632117855989838));
#6531=CARTESIAN_POINT('Ctrl Pts',(-3.48303918843098,-3.48303918843098,-0.632117855989838));
#6532=CARTESIAN_POINT('Ctrl Pts',(-3.48303918843098,0.,-0.632117855989838));
#6533=CARTESIAN_POINT('Ctrl Pts',(-3.36507311624345,0.,-0.686598024871286));
#6534=CARTESIAN_POINT('Ctrl Pts',(-3.36507311624345,3.36507311624345,-0.686598024871286));
#6535=CARTESIAN_POINT('Ctrl Pts',(0.,3.36507311624345,-0.686598024871286));
#6536=CARTESIAN_POINT('Ctrl Pts',(3.36507311624345,3.36507311624345,-0.686598024871286));
#6537=CARTESIAN_POINT('Ctrl Pts',(3.36507311624345,0.,-0.686598024871286));
#6538=CARTESIAN_POINT('Ctrl Pts',(3.36507311624345,-3.36507311624345,-0.686598024871286));
#6539=CARTESIAN_POINT('Ctrl Pts',(0.,-3.36507311624345,-0.686598024871286));
#6540=CARTESIAN_POINT('Ctrl Pts',(-3.36507311624345,-3.36507311624345,-0.686598024871286));
#6541=CARTESIAN_POINT('Ctrl Pts',(-3.36507311624345,0.,-0.686598024871286));
#6542=CARTESIAN_POINT('Ctrl Pts',(-3.24176679539429,0.,-0.735583633979207));
#6543=CARTESIAN_POINT('Ctrl Pts',(-3.24176679539429,3.24176679539429,-0.735583633979207));
#6544=CARTESIAN_POINT('Ctrl Pts',(0.,3.24176679539429,-0.735583633979207));
#6545=CARTESIAN_POINT('Ctrl Pts',(3.24176679539429,3.24176679539429,-0.735583633979207));
#6546=CARTESIAN_POINT('Ctrl Pts',(3.24176679539429,0.,-0.735583633979207));
#6547=CARTESIAN_POINT('Ctrl Pts',(3.24176679539429,-3.24176679539429,-0.735583633979207));
#6548=CARTESIAN_POINT('Ctrl Pts',(0.,-3.24176679539429,-0.735583633979207));
#6549=CARTESIAN_POINT('Ctrl Pts',(-3.24176679539429,-3.24176679539429,-0.735583633979207));
#6550=CARTESIAN_POINT('Ctrl Pts',(-3.24176679539429,0.,-0.735583633979207));
#6551=CARTESIAN_POINT('Ctrl Pts',(-3.11561341007078,0.,-0.778963054042766));
#6552=CARTESIAN_POINT('Ctrl Pts',(-3.11561341007078,3.11561341007078,-0.778963054042766));
#6553=CARTESIAN_POINT('Ctrl Pts',(0.,3.11561341007078,-0.778963054042766));
#6554=CARTESIAN_POINT('Ctrl Pts',(3.11561341007078,3.11561341007078,-0.778963054042766));
#6555=CARTESIAN_POINT('Ctrl Pts',(3.11561341007078,0.,-0.778963054042766));
#6556=CARTESIAN_POINT('Ctrl Pts',(3.11561341007078,-3.11561341007078,-0.778963054042766));
#6557=CARTESIAN_POINT('Ctrl Pts',(0.,-3.11561341007078,-0.778963054042766));
#6558=CARTESIAN_POINT('Ctrl Pts',(-3.11561341007078,-3.11561341007078,-0.778963054042766));
#6559=CARTESIAN_POINT('Ctrl Pts',(-3.11561341007078,0.,-0.778963054042766));
#6560=CARTESIAN_POINT('Ctrl Pts',(-2.98894439021954,0.,-0.816747394438226));
#6561=CARTESIAN_POINT('Ctrl Pts',(-2.98894439021954,2.98894439021954,-0.816747394438226));
#6562=CARTESIAN_POINT('Ctrl Pts',(0.,2.98894439021954,-0.816747394438226));
#6563=CARTESIAN_POINT('Ctrl Pts',(2.98894439021954,2.98894439021954,-0.816747394438226));
#6564=CARTESIAN_POINT('Ctrl Pts',(2.98894439021954,0.,-0.816747394438226));
#6565=CARTESIAN_POINT('Ctrl Pts',(2.98894439021954,-2.98894439021954,-0.816747394438226));
#6566=CARTESIAN_POINT('Ctrl Pts',(0.,-2.98894439021954,-0.816747394438226));
#6567=CARTESIAN_POINT('Ctrl Pts',(-2.98894439021954,-2.98894439021954,-0.816747394438226));
#6568=CARTESIAN_POINT('Ctrl Pts',(-2.98894439021954,0.,-0.816747394438226));
#6569=CARTESIAN_POINT('Ctrl Pts',(-2.86365697639064,0.,-0.849121885526682));
#6570=CARTESIAN_POINT('Ctrl Pts',(-2.86365697639064,2.86365697639064,-0.849121885526682));
#6571=CARTESIAN_POINT('Ctrl Pts',(0.,2.86365697639064,-0.849121885526682));
#6572=CARTESIAN_POINT('Ctrl Pts',(2.86365697639064,2.86365697639064,-0.849121885526682));
#6573=CARTESIAN_POINT('Ctrl Pts',(2.86365697639064,0.,-0.849121885526682));
#6574=CARTESIAN_POINT('Ctrl Pts',(2.86365697639064,-2.86365697639064,-0.849121885526682));
#6575=CARTESIAN_POINT('Ctrl Pts',(0.,-2.86365697639064,-0.849121885526682));
#6576=CARTESIAN_POINT('Ctrl Pts',(-2.86365697639064,-2.86365697639064,-0.849121885526682));
#6577=CARTESIAN_POINT('Ctrl Pts',(-2.86365697639064,0.,-0.849121885526682));
#6578=CARTESIAN_POINT('Ctrl Pts',(-2.74089959656543,0.,-0.87651457689796));
#6579=CARTESIAN_POINT('Ctrl Pts',(-2.74089959656543,2.74089959656543,-0.87651457689796));
#6580=CARTESIAN_POINT('Ctrl Pts',(0.,2.74089959656543,-0.87651457689796));
#6581=CARTESIAN_POINT('Ctrl Pts',(2.74089959656543,2.74089959656543,-0.87651457689796));
#6582=CARTESIAN_POINT('Ctrl Pts',(2.74089959656543,0.,-0.87651457689796));
#6583=CARTESIAN_POINT('Ctrl Pts',(2.74089959656543,-2.74089959656543,-0.87651457689796));
#6584=CARTESIAN_POINT('Ctrl Pts',(0.,-2.74089959656543,-0.87651457689796));
#6585=CARTESIAN_POINT('Ctrl Pts',(-2.74089959656543,-2.74089959656543,-0.87651457689796));
#6586=CARTESIAN_POINT('Ctrl Pts',(-2.74089959656543,0.,-0.87651457689796));
#6587=CARTESIAN_POINT('Ctrl Pts',(-2.62086623617004,0.,-0.899622260286305));
#6588=CARTESIAN_POINT('Ctrl Pts',(-2.62086623617004,2.62086623617004,-0.899622260286305));
#6589=CARTESIAN_POINT('Ctrl Pts',(0.,2.62086623617004,-0.899622260286305));
#6590=CARTESIAN_POINT('Ctrl Pts',(2.62086623617004,2.62086623617004,-0.899622260286305));
#6591=CARTESIAN_POINT('Ctrl Pts',(2.62086623617004,0.,-0.899622260286305));
#6592=CARTESIAN_POINT('Ctrl Pts',(2.62086623617004,-2.62086623617004,-0.899622260286305));
#6593=CARTESIAN_POINT('Ctrl Pts',(0.,-2.62086623617004,-0.899622260286305));
#6594=CARTESIAN_POINT('Ctrl Pts',(-2.62086623617004,-2.62086623617004,-0.899622260286305));
#6595=CARTESIAN_POINT('Ctrl Pts',(-2.62086623617004,0.,-0.899622260286305));
#6596=CARTESIAN_POINT('Ctrl Pts',(-2.50312520718878,0.,-0.919218797964062));
#6597=CARTESIAN_POINT('Ctrl Pts',(-2.50312520718878,2.50312520718878,-0.919218797964062));
#6598=CARTESIAN_POINT('Ctrl Pts',(0.,2.50312520718878,-0.919218797964062));
#6599=CARTESIAN_POINT('Ctrl Pts',(2.50312520718878,2.50312520718878,-0.919218797964062));
#6600=CARTESIAN_POINT('Ctrl Pts',(2.50312520718878,0.,-0.919218797964062));
#6601=CARTESIAN_POINT('Ctrl Pts',(2.50312520718878,-2.50312520718878,-0.919218797964062));
#6602=CARTESIAN_POINT('Ctrl Pts',(0.,-2.50312520718878,-0.919218797964062));
#6603=CARTESIAN_POINT('Ctrl Pts',(-2.50312520718878,-2.50312520718878,-0.919218797964062));
#6604=CARTESIAN_POINT('Ctrl Pts',(-2.50312520718878,0.,-0.919218797964062));
#6605=CARTESIAN_POINT('Ctrl Pts',(-2.38686785087108,0.,-0.935999115962188));
#6606=CARTESIAN_POINT('Ctrl Pts',(-2.38686785087108,2.38686785087108,-0.935999115962188));
#6607=CARTESIAN_POINT('Ctrl Pts',(0.,2.38686785087108,-0.935999115962188));
#6608=CARTESIAN_POINT('Ctrl Pts',(2.38686785087108,2.38686785087108,-0.935999115962188));
#6609=CARTESIAN_POINT('Ctrl Pts',(2.38686785087108,0.,-0.935999115962188));
#6610=CARTESIAN_POINT('Ctrl Pts',(2.38686785087108,-2.38686785087108,-0.935999115962188));
#6611=CARTESIAN_POINT('Ctrl Pts',(0.,-2.38686785087108,-0.935999115962188));
#6612=CARTESIAN_POINT('Ctrl Pts',(-2.38686785087108,-2.38686785087108,-0.935999115962188));
#6613=CARTESIAN_POINT('Ctrl Pts',(-2.38686785087108,0.,-0.935999115962188));
#6614=CARTESIAN_POINT('Ctrl Pts',(-2.27119224820535,0.,-0.950399478668064));
#6615=CARTESIAN_POINT('Ctrl Pts',(-2.27119224820535,2.27119224820535,-0.950399478668064));
#6616=CARTESIAN_POINT('Ctrl Pts',(0.,2.27119224820535,-0.950399478668064));
#6617=CARTESIAN_POINT('Ctrl Pts',(2.27119224820535,2.27119224820535,-0.950399478668064));
#6618=CARTESIAN_POINT('Ctrl Pts',(2.27119224820535,0.,-0.950399478668064));
#6619=CARTESIAN_POINT('Ctrl Pts',(2.27119224820535,-2.27119224820535,-0.950399478668064));
#6620=CARTESIAN_POINT('Ctrl Pts',(0.,-2.27119224820535,-0.950399478668064));
#6621=CARTESIAN_POINT('Ctrl Pts',(-2.27119224820535,-2.27119224820535,-0.950399478668064));
#6622=CARTESIAN_POINT('Ctrl Pts',(-2.27119224820535,0.,-0.950399478668064));
#6623=CARTESIAN_POINT('Ctrl Pts',(-2.15535242577468,0.,-0.962450853781893));
#6624=CARTESIAN_POINT('Ctrl Pts',(-2.15535242577468,2.15535242577468,-0.962450853781893));
#6625=CARTESIAN_POINT('Ctrl Pts',(0.,2.15535242577468,-0.962450853781893));
#6626=CARTESIAN_POINT('Ctrl Pts',(2.15535242577468,2.15535242577468,-0.962450853781893));
#6627=CARTESIAN_POINT('Ctrl Pts',(2.15535242577468,0.,-0.962450853781893));
#6628=CARTESIAN_POINT('Ctrl Pts',(2.15535242577468,-2.15535242577468,-0.962450853781893));
#6629=CARTESIAN_POINT('Ctrl Pts',(0.,-2.15535242577468,-0.962450853781893));
#6630=CARTESIAN_POINT('Ctrl Pts',(-2.15535242577468,-2.15535242577468,-0.962450853781893));
#6631=CARTESIAN_POINT('Ctrl Pts',(-2.15535242577468,0.,-0.962450853781893));
#6632=CARTESIAN_POINT('Ctrl Pts',(-2.03906840460602,0.,-0.971554888046006));
#6633=CARTESIAN_POINT('Ctrl Pts',(-2.03906840460602,2.03906840460602,-0.971554888046006));
#6634=CARTESIAN_POINT('Ctrl Pts',(0.,2.03906840460602,-0.971554888046006));
#6635=CARTESIAN_POINT('Ctrl Pts',(2.03906840460602,2.03906840460602,-0.971554888046006));
#6636=CARTESIAN_POINT('Ctrl Pts',(2.03906840460602,0.,-0.971554888046006));
#6637=CARTESIAN_POINT('Ctrl Pts',(2.03906840460602,-2.03906840460602,-0.971554888046006));
#6638=CARTESIAN_POINT('Ctrl Pts',(0.,-2.03906840460602,-0.971554888046006));
#6639=CARTESIAN_POINT('Ctrl Pts',(-2.03906840460602,-2.03906840460602,-0.971554888046006));
#6640=CARTESIAN_POINT('Ctrl Pts',(-2.03906840460602,0.,-0.971554888046006));
#6641=CARTESIAN_POINT('Ctrl Pts',(-1.92255062295824,0.,-0.976636107980014));
#6642=CARTESIAN_POINT('Ctrl Pts',(-1.92255062295824,1.92255062295824,-0.976636107980014));
#6643=CARTESIAN_POINT('Ctrl Pts',(0.,1.92255062295824,-0.976636107980014));
#6644=CARTESIAN_POINT('Ctrl Pts',(1.92255062295824,1.92255062295824,-0.976636107980014));
#6645=CARTESIAN_POINT('Ctrl Pts',(1.92255062295824,0.,-0.976636107980014));
#6646=CARTESIAN_POINT('Ctrl Pts',(1.92255062295824,-1.92255062295824,-0.976636107980014));
#6647=CARTESIAN_POINT('Ctrl Pts',(0.,-1.92255062295824,-0.976636107980014));
#6648=CARTESIAN_POINT('Ctrl Pts',(-1.92255062295824,-1.92255062295824,-0.976636107980014));
#6649=CARTESIAN_POINT('Ctrl Pts',(-1.92255062295824,0.,-0.976636107980014));
#6650=CARTESIAN_POINT('Ctrl Pts',(-1.80641214232516,0.,-0.976435966935737));
#6651=CARTESIAN_POINT('Ctrl Pts',(-1.80641214232516,1.80641214232516,-0.976435966935737));
#6652=CARTESIAN_POINT('Ctrl Pts',(0.,1.80641214232516,-0.976435966935737));
#6653=CARTESIAN_POINT('Ctrl Pts',(1.80641214232516,1.80641214232516,-0.976435966935737));
#6654=CARTESIAN_POINT('Ctrl Pts',(1.80641214232516,0.,-0.976435966935737));
#6655=CARTESIAN_POINT('Ctrl Pts',(1.80641214232516,-1.80641214232516,-0.976435966935737));
#6656=CARTESIAN_POINT('Ctrl Pts',(0.,-1.80641214232516,-0.976435966935737));
#6657=CARTESIAN_POINT('Ctrl Pts',(-1.80641214232516,-1.80641214232516,-0.976435966935737));
#6658=CARTESIAN_POINT('Ctrl Pts',(-1.80641214232516,0.,-0.976435966935737));
#6659=CARTESIAN_POINT('Ctrl Pts',(-1.69162249255293,0.,-0.969772211571166));
#6660=CARTESIAN_POINT('Ctrl Pts',(-1.69162249255293,1.69162249255293,-0.969772211571166));
#6661=CARTESIAN_POINT('Ctrl Pts',(0.,1.69162249255293,-0.969772211571166));
#6662=CARTESIAN_POINT('Ctrl Pts',(1.69162249255293,1.69162249255293,-0.969772211571166));
#6663=CARTESIAN_POINT('Ctrl Pts',(1.69162249255293,0.,-0.969772211571166));
#6664=CARTESIAN_POINT('Ctrl Pts',(1.69162249255293,-1.69162249255293,-0.969772211571166));
#6665=CARTESIAN_POINT('Ctrl Pts',(0.,-1.69162249255293,-0.969772211571166));
#6666=CARTESIAN_POINT('Ctrl Pts',(-1.69162249255293,-1.69162249255293,-0.969772211571166));
#6667=CARTESIAN_POINT('Ctrl Pts',(-1.69162249255293,0.,-0.969772211571166));
#6668=CARTESIAN_POINT('Ctrl Pts',(-1.57944180527734,0.,-0.955786475505323));
#6669=CARTESIAN_POINT('Ctrl Pts',(-1.57944180527734,1.57944180527734,-0.955786475505323));
#6670=CARTESIAN_POINT('Ctrl Pts',(0.,1.57944180527734,-0.955786475505323));
#6671=CARTESIAN_POINT('Ctrl Pts',(1.57944180527734,1.57944180527734,-0.955786475505323));
#6672=CARTESIAN_POINT('Ctrl Pts',(1.57944180527734,0.,-0.955786475505323));
#6673=CARTESIAN_POINT('Ctrl Pts',(1.57944180527734,-1.57944180527734,-0.955786475505323));
#6674=CARTESIAN_POINT('Ctrl Pts',(0.,-1.57944180527734,-0.955786475505323));
#6675=CARTESIAN_POINT('Ctrl Pts',(-1.57944180527734,-1.57944180527734,-0.955786475505323));
#6676=CARTESIAN_POINT('Ctrl Pts',(-1.57944180527734,0.,-0.955786475505323));
#6677=CARTESIAN_POINT('Ctrl Pts',(-1.4713780763315,0.,-0.934266608550244));
#6678=CARTESIAN_POINT('Ctrl Pts',(-1.4713780763315,1.4713780763315,-0.934266608550244));
#6679=CARTESIAN_POINT('Ctrl Pts',(0.,1.4713780763315,-0.934266608550244));
#6680=CARTESIAN_POINT('Ctrl Pts',(1.4713780763315,1.4713780763315,-0.934266608550244));
#6681=CARTESIAN_POINT('Ctrl Pts',(1.4713780763315,0.,-0.934266608550244));
#6682=CARTESIAN_POINT('Ctrl Pts',(1.4713780763315,-1.4713780763315,-0.934266608550244));
#6683=CARTESIAN_POINT('Ctrl Pts',(0.,-1.4713780763315,-0.934266608550244));
#6684=CARTESIAN_POINT('Ctrl Pts',(-1.4713780763315,-1.4713780763315,-0.934266608550244));
#6685=CARTESIAN_POINT('Ctrl Pts',(-1.4713780763315,0.,-0.934266608550244));
#6686=CARTESIAN_POINT('Ctrl Pts',(-1.36909118420228,0.,-0.905701408132455));
#6687=CARTESIAN_POINT('Ctrl Pts',(-1.36909118420228,1.36909118420228,-0.905701408132455));
#6688=CARTESIAN_POINT('Ctrl Pts',(0.,1.36909118420228,-0.905701408132455));
#6689=CARTESIAN_POINT('Ctrl Pts',(1.36909118420228,1.36909118420228,-0.905701408132455));
#6690=CARTESIAN_POINT('Ctrl Pts',(1.36909118420228,0.,-0.905701408132455));
#6691=CARTESIAN_POINT('Ctrl Pts',(1.36909118420228,-1.36909118420228,-0.905701408132455));
#6692=CARTESIAN_POINT('Ctrl Pts',(0.,-1.36909118420228,-0.905701408132455));
#6693=CARTESIAN_POINT('Ctrl Pts',(-1.36909118420228,-1.36909118420228,-0.905701408132455));
#6694=CARTESIAN_POINT('Ctrl Pts',(-1.36909118420228,0.,-0.905701408132455));
#6695=CARTESIAN_POINT('Ctrl Pts',(-1.27423529588645,0.,-0.870973750764244));
#6696=CARTESIAN_POINT('Ctrl Pts',(-1.27423529588645,1.27423529588645,-0.870973750764244));
#6697=CARTESIAN_POINT('Ctrl Pts',(0.,1.27423529588645,-0.870973750764244));
#6698=CARTESIAN_POINT('Ctrl Pts',(1.27423529588645,1.27423529588645,-0.870973750764244));
#6699=CARTESIAN_POINT('Ctrl Pts',(1.27423529588645,0.,-0.870973750764244));
#6700=CARTESIAN_POINT('Ctrl Pts',(1.27423529588645,-1.27423529588645,-0.870973750764244));
#6701=CARTESIAN_POINT('Ctrl Pts',(0.,-1.27423529588645,-0.870973750764244));
#6702=CARTESIAN_POINT('Ctrl Pts',(-1.27423529588645,-1.27423529588645,-0.870973750764244));
#6703=CARTESIAN_POINT('Ctrl Pts',(-1.27423529588645,0.,-0.870973750764244));
#6704=CARTESIAN_POINT('Ctrl Pts',(-1.18830740722293,0.,-0.831139469637301));
#6705=CARTESIAN_POINT('Ctrl Pts',(-1.18830740722293,1.18830740722293,-0.831139469637301));
#6706=CARTESIAN_POINT('Ctrl Pts',(0.,1.18830740722293,-0.831139469637301));
#6707=CARTESIAN_POINT('Ctrl Pts',(1.18830740722293,1.18830740722293,-0.831139469637301));
#6708=CARTESIAN_POINT('Ctrl Pts',(1.18830740722293,0.,-0.831139469637301));
#6709=CARTESIAN_POINT('Ctrl Pts',(1.18830740722293,-1.18830740722293,-0.831139469637301));
#6710=CARTESIAN_POINT('Ctrl Pts',(0.,-1.18830740722293,-0.831139469637301));
#6711=CARTESIAN_POINT('Ctrl Pts',(-1.18830740722293,-1.18830740722293,-0.831139469637301));
#6712=CARTESIAN_POINT('Ctrl Pts',(-1.18830740722293,0.,-0.831139469637301));
#6713=CARTESIAN_POINT('Ctrl Pts',(-1.11250843540665,0.,-0.787193190918452));
#6714=CARTESIAN_POINT('Ctrl Pts',(-1.11250843540665,1.11250843540665,-0.787193190918452));
#6715=CARTESIAN_POINT('Ctrl Pts',(0.,1.11250843540665,-0.787193190918452));
#6716=CARTESIAN_POINT('Ctrl Pts',(1.11250843540665,1.11250843540665,-0.787193190918452));
#6717=CARTESIAN_POINT('Ctrl Pts',(1.11250843540665,0.,-0.787193190918452));
#6718=CARTESIAN_POINT('Ctrl Pts',(1.11250843540665,-1.11250843540665,-0.787193190918452));
#6719=CARTESIAN_POINT('Ctrl Pts',(0.,-1.11250843540665,-0.787193190918452));
#6720=CARTESIAN_POINT('Ctrl Pts',(-1.11250843540665,-1.11250843540665,-0.787193190918452));
#6721=CARTESIAN_POINT('Ctrl Pts',(-1.11250843540665,0.,-0.787193190918452));
#6722=CARTESIAN_POINT('Ctrl Pts',(-1.04755120380037,0.,-0.739794248737515));
#6723=CARTESIAN_POINT('Ctrl Pts',(-1.04755120380037,1.04755120380037,-0.739794248737515));
#6724=CARTESIAN_POINT('Ctrl Pts',(0.,1.04755120380037,-0.739794248737515));
#6725=CARTESIAN_POINT('Ctrl Pts',(1.04755120380037,1.04755120380037,-0.739794248737515));
#6726=CARTESIAN_POINT('Ctrl Pts',(1.04755120380037,0.,-0.739794248737515));
#6727=CARTESIAN_POINT('Ctrl Pts',(1.04755120380037,-1.04755120380037,-0.739794248737515));
#6728=CARTESIAN_POINT('Ctrl Pts',(0.,-1.04755120380037,-0.739794248737515));
#6729=CARTESIAN_POINT('Ctrl Pts',(-1.04755120380037,-1.04755120380037,-0.739794248737515));
#6730=CARTESIAN_POINT('Ctrl Pts',(-1.04755120380037,0.,-0.739794248737515));
#6731=CARTESIAN_POINT('Ctrl Pts',(-1.00449576816689,0.,-0.699375628833483));
#6732=CARTESIAN_POINT('Ctrl Pts',(-1.00449576816689,1.00449576816689,-0.699375628833483));
#6733=CARTESIAN_POINT('Ctrl Pts',(0.,1.00449576816689,-0.699375628833483));
#6734=CARTESIAN_POINT('Ctrl Pts',(1.00449576816689,1.00449576816689,-0.699375628833483));
#6735=CARTESIAN_POINT('Ctrl Pts',(1.00449576816689,0.,-0.699375628833483));
#6736=CARTESIAN_POINT('Ctrl Pts',(1.00449576816689,-1.00449576816689,-0.699375628833483));
#6737=CARTESIAN_POINT('Ctrl Pts',(0.,-1.00449576816689,-0.699375628833483));
#6738=CARTESIAN_POINT('Ctrl Pts',(-1.00449576816689,-1.00449576816689,-0.699375628833483));
#6739=CARTESIAN_POINT('Ctrl Pts',(-1.00449576816689,0.,-0.699375628833483));
#6740=CARTESIAN_POINT('Ctrl Pts',(-0.977244086793561,0.,-0.667711963676549));
#6741=CARTESIAN_POINT('Ctrl Pts',(-0.97724408679356,0.97724408679356,-0.667711963676549));
#6742=CARTESIAN_POINT('Ctrl Pts',(0.,0.977244086793561,-0.667711963676549));
#6743=CARTESIAN_POINT('Ctrl Pts',(0.97724408679356,0.97724408679356,-0.667711963676549));
#6744=CARTESIAN_POINT('Ctrl Pts',(0.977244086793561,0.,-0.667711963676549));
#6745=CARTESIAN_POINT('Ctrl Pts',(0.97724408679356,-0.97724408679356,-0.667711963676549));
#6746=CARTESIAN_POINT('Ctrl Pts',(0.,-0.977244086793561,-0.667711963676549));
#6747=CARTESIAN_POINT('Ctrl Pts',(-0.97724408679356,-0.97724408679356,-0.667711963676549));
#6748=CARTESIAN_POINT('Ctrl Pts',(-0.977244086793561,0.,-0.667711963676549));
#6749=CARTESIAN_POINT('Ctrl Pts',(-0.961311967883148,0.,-0.646003817502658));
#6750=CARTESIAN_POINT('Ctrl Pts',(-0.961311967883148,0.961311967883148,
-0.646003817502658));
#6751=CARTESIAN_POINT('Ctrl Pts',(0.,0.961311967883148,-0.646003817502658));
#6752=CARTESIAN_POINT('Ctrl Pts',(0.961311967883148,0.961311967883148,-0.646003817502658));
#6753=CARTESIAN_POINT('Ctrl Pts',(0.961311967883148,0.,-0.646003817502658));
#6754=CARTESIAN_POINT('Ctrl Pts',(0.961311967883148,-0.961311967883148,
-0.646003817502658));
#6755=CARTESIAN_POINT('Ctrl Pts',(0.,-0.961311967883148,-0.646003817502658));
#6756=CARTESIAN_POINT('Ctrl Pts',(-0.961311967883148,-0.961311967883148,
-0.646003817502658));
#6757=CARTESIAN_POINT('Ctrl Pts',(-0.961311967883148,0.,-0.646003817502658));
#6758=CARTESIAN_POINT('Ctrl Pts',(-0.953904839200302,0.,-0.635));
#6759=CARTESIAN_POINT('Ctrl Pts',(-0.953904839200302,0.953904839200302,
-0.635));
#6760=CARTESIAN_POINT('Ctrl Pts',(0.,0.953904839200302,-0.635));
#6761=CARTESIAN_POINT('Ctrl Pts',(0.953904839200302,0.953904839200302,-0.635));
#6762=CARTESIAN_POINT('Ctrl Pts',(0.953904839200302,0.,-0.635));
#6763=CARTESIAN_POINT('Ctrl Pts',(0.953904839200302,-0.953904839200302,
-0.635));
#6764=CARTESIAN_POINT('Ctrl Pts',(0.,-0.953904839200302,-0.635));
#6765=CARTESIAN_POINT('Ctrl Pts',(-0.953904839200302,-0.953904839200302,
-0.635));
#6766=CARTESIAN_POINT('Ctrl Pts',(-0.953904839200302,0.,-0.635));
#6767=CARTESIAN_POINT('Origin',(0.,0.,-0.635));
#6768=CARTESIAN_POINT('Origin',(0.,0.,-0.635));
#6769=CARTESIAN_POINT('',(0.721071809564104,-0.885163879725779,-0.635));
#6770=CARTESIAN_POINT('',(-0.885163879725779,-0.721071809564104,-0.635));
#6771=CARTESIAN_POINT('',(-0.721071809564104,0.885163879725779,-0.635));
#6772=CARTESIAN_POINT('',(0.885163879725779,0.721071809564104,-0.635));
#6773=CARTESIAN_POINT('Origin',(0.548083491897046,-1.5307650703751,3.175));
#6774=CARTESIAN_POINT('',(0.834362826253827,-0.4623560493986,0.635));
#6775=CARTESIAN_POINT('',(0.721071809564104,-0.885163879725779,0.635));
#6776=CARTESIAN_POINT('',(0.548083491897046,-1.5307650703751,0.960562217564153));
#6777=CARTESIAN_POINT('Ctrl Pts',(0.548083491897046,-1.5307650703751,0.960562217564153));
#6778=CARTESIAN_POINT('Ctrl Pts',(0.627305430697748,-1.23510476969677,0.927414213914141));
#6779=CARTESIAN_POINT('Ctrl Pts',(0.695392966145306,-0.980998628044336,
0.843448576876124));
#6780=CARTESIAN_POINT('Ctrl Pts',(0.788690489360129,-0.632807531186283,
0.704680917046674));
#6781=CARTESIAN_POINT('Ctrl Pts',(0.813226594608787,-0.541237539778431,
0.664334469094204));
#6782=CARTESIAN_POINT('Ctrl Pts',(0.834362826253827,-0.462356049398599,
0.635));
#6783=CARTESIAN_POINT('',(0.548083491897046,-1.5307650703751,0.744511538138559));
#6784=CARTESIAN_POINT('',(0.548083491897046,-1.5307650703751,3.175));
#6785=CARTESIAN_POINT('',(0.66899673367171,-1.0795107087642,0.635));
#6786=CARTESIAN_POINT('Ctrl Pts',(0.66899673367171,-1.0795107087642,0.635));
#6787=CARTESIAN_POINT('Ctrl Pts',(0.628460180729017,-1.23079518391003,0.687396728041913));
#6788=CARTESIAN_POINT('Ctrl Pts',(0.589408141993078,-1.3765393766117,0.723243570791001));
#6789=CARTESIAN_POINT('Ctrl Pts',(0.548083491897046,-1.5307650703751,0.744511538138559));
#6790=CARTESIAN_POINT('',(0.66899673367171,-1.0795107087642,0.));
#6791=CARTESIAN_POINT('Origin',(3.84764028031576,-3.4357650703751,3.175));
#6792=CARTESIAN_POINT('Ctrl Pts',(2.79776695273345,-2.82962042208045,0.197749631526101));
#6793=CARTESIAN_POINT('Ctrl Pts',(2.770053813714,-2.81362023380748,0.253080814829438));
#6794=CARTESIAN_POINT('Ctrl Pts',(2.73664463861694,-2.79433143757271,0.303781680346987));
#6795=CARTESIAN_POINT('Ctrl Pts',(2.65756316326322,-2.74867372648933,0.400887027358712));
#6796=CARTESIAN_POINT('Ctrl Pts',(2.61157854470769,-2.72212449458679,0.445967531093646));
#6797=CARTESIAN_POINT('Ctrl Pts',(2.4707065312489,-2.64079199969507,0.562834802645094));
#6798=CARTESIAN_POINT('Ctrl Pts',(2.35221634354471,-2.57238165792773,0.636791133810102));
#6799=CARTESIAN_POINT('Ctrl Pts',(1.89428338231943,-2.30799393949351,0.839313819600178));
#6800=CARTESIAN_POINT('Ctrl Pts',(1.57180136249971,-2.12180885854178,0.900503066454053));
#6801=CARTESIAN_POINT('Ctrl Pts',(0.931850159878823,-1.75233285944039,0.993017417723729));
#6802=CARTESIAN_POINT('Ctrl Pts',(0.690683633542101,-1.61309530054035,0.977103968878906));
#6803=CARTESIAN_POINT('Ctrl Pts',(0.548083491897046,-1.5307650703751,0.960562217564153));
#6804=CARTESIAN_POINT('Ctrl Pts',(0.548083491897046,-1.5307650703751,0.744511538138559));
#6805=CARTESIAN_POINT('Ctrl Pts',(0.765086372527173,-1.65605174192183,0.775473745729151));
#6806=CARTESIAN_POINT('Ctrl Pts',(1.18691903710979,-1.89959694437158,0.80523859358436));
#6807=CARTESIAN_POINT('Ctrl Pts',(2.16238281176835,-2.46278121725543,0.518158739679612));
#6808=CARTESIAN_POINT('Ctrl Pts',(2.52384403230876,-2.67147095023604,0.378345864469553));
#6809=CARTESIAN_POINT('Ctrl Pts',(2.79776695273345,-2.82962042208045,0.197749631526101));
#6810=CARTESIAN_POINT('Origin',(-1.5307650703751,-0.548083491897046,3.175));
#6811=CARTESIAN_POINT('',(-0.4623560493986,-0.834362826253827,0.635));
#6812=CARTESIAN_POINT('',(-0.885163879725779,-0.721071809564104,0.635));
#6813=CARTESIAN_POINT('',(-1.5307650703751,-0.548083491897046,0.960562217564153));
#6814=CARTESIAN_POINT('Ctrl Pts',(-1.5307650703751,-0.548083491897046,0.960562217564153));
#6815=CARTESIAN_POINT('Ctrl Pts',(-1.23510476969677,-0.627305430697748,
0.927414213914141));
#6816=CARTESIAN_POINT('Ctrl Pts',(-0.980998628044335,-0.695392966145307,
0.843448576876124));
#6817=CARTESIAN_POINT('Ctrl Pts',(-0.632807531186283,-0.788690489360129,
0.704680917046674));
#6818=CARTESIAN_POINT('Ctrl Pts',(-0.541237539778431,-0.813226594608788,
0.664334469094204));
#6819=CARTESIAN_POINT('Ctrl Pts',(-0.462356049398599,-0.834362826253827,
0.635));
#6820=CARTESIAN_POINT('',(-1.5307650703751,-0.548083491897046,0.744511538138559));
#6821=CARTESIAN_POINT('',(-1.5307650703751,-0.548083491897046,3.175));
#6822=CARTESIAN_POINT('',(-1.0795107087642,-0.66899673367171,0.635));
#6823=CARTESIAN_POINT('Ctrl Pts',(-1.0795107087642,-0.66899673367171,0.635));
#6824=CARTESIAN_POINT('Ctrl Pts',(-1.23079518391003,-0.628460180729017,
0.687396728041914));
#6825=CARTESIAN_POINT('Ctrl Pts',(-1.3765393766117,-0.589408141993078,0.723243570791));
#6826=CARTESIAN_POINT('Ctrl Pts',(-1.5307650703751,-0.548083491897046,0.744511538138559));
#6827=CARTESIAN_POINT('',(-1.0795107087642,-0.66899673367171,0.));
#6828=CARTESIAN_POINT('Origin',(-3.4357650703751,-3.84764028031576,3.175));
#6829=CARTESIAN_POINT('Ctrl Pts',(-2.82962042208045,-2.79776695273345,0.197749631526101));
#6830=CARTESIAN_POINT('Ctrl Pts',(-2.81362023380748,-2.77005381371401,0.253080814829436));
#6831=CARTESIAN_POINT('Ctrl Pts',(-2.79433143757271,-2.73664463861693,0.303781680346998));
#6832=CARTESIAN_POINT('Ctrl Pts',(-2.74867372648935,-2.65756316326325,0.400887027358681));
#6833=CARTESIAN_POINT('Ctrl Pts',(-2.72212449458682,-2.61157854470774,0.445967531093597));
#6834=CARTESIAN_POINT('Ctrl Pts',(-2.6407919996961,-2.47070653125068,0.562834802643631));
#6835=CARTESIAN_POINT('Ctrl Pts',(-2.57238165792923,-2.35221634354731,0.63679113380894));
#6836=CARTESIAN_POINT('Ctrl Pts',(-2.3079939394934,-1.89428338231924,0.839313819600274));
#6837=CARTESIAN_POINT('Ctrl Pts',(-2.12180885854155,-1.57180136249931,0.9005030664541));
#6838=CARTESIAN_POINT('Ctrl Pts',(-1.7523328594406,-0.931850159879181,0.993017417723698));
#6839=CARTESIAN_POINT('Ctrl Pts',(-1.61309530054056,-0.690683633542454,
0.977103968878947));
#6840=CARTESIAN_POINT('Ctrl Pts',(-1.5307650703751,-0.548083491897046,0.960562217564153));
#6841=CARTESIAN_POINT('Ctrl Pts',(-1.5307650703751,-0.548083491897046,0.744511538138559));
#6842=CARTESIAN_POINT('Ctrl Pts',(-1.65605174192239,-0.765086372528136,
0.775473745729288));
#6843=CARTESIAN_POINT('Ctrl Pts',(-1.89959694437204,-1.18691903711057,0.805238593584132));
#6844=CARTESIAN_POINT('Ctrl Pts',(-2.46278121725554,-2.16238281176854,0.518158739679555));
#6845=CARTESIAN_POINT('Ctrl Pts',(-2.67147095023605,-2.52384403230876,0.37834586446955));
#6846=CARTESIAN_POINT('Ctrl Pts',(-2.82962042208045,-2.79776695273345,0.197749631526101));
#6847=CARTESIAN_POINT('Origin',(-3.84764028031576,3.4357650703751,3.175));
#6848=CARTESIAN_POINT('',(-0.548083491897047,1.5307650703751,0.744511538138559));
#6849=CARTESIAN_POINT('Ctrl Pts',(-0.548083491897046,1.5307650703751,0.744511538138559));
#6850=CARTESIAN_POINT('Ctrl Pts',(-0.719240702133402,1.62958273177881,0.768932435495205));
#6851=CARTESIAN_POINT('Ctrl Pts',(-0.887618084926272,1.72679545905972,0.772451474553114));
#6852=CARTESIAN_POINT('Ctrl Pts',(-1.3618727055513,2.000606491942,0.738809509762404));
#6853=CARTESIAN_POINT('Ctrl Pts',(-1.65041802388418,2.1671982091549,0.66934113081294));
#6854=CARTESIAN_POINT('Ctrl Pts',(-2.16940415012126,2.46683498884355,0.515348981351619));
#6855=CARTESIAN_POINT('Ctrl Pts',(-2.52642143472474,2.67295901421472,0.376646593863121));
#6856=CARTESIAN_POINT('Ctrl Pts',(-2.79776695273345,2.82962042208045,0.197749631526101));
#6857=CARTESIAN_POINT('',(-0.548083491897047,1.5307650703751,0.960562217564153));
#6858=CARTESIAN_POINT('',(-0.548083491897047,1.5307650703751,3.175));
#6859=CARTESIAN_POINT('Ctrl Pts',(-2.79776695273345,2.82962042208045,0.197749631526101));
#6860=CARTESIAN_POINT('Ctrl Pts',(-2.76695432535115,2.81183074336684,0.259269155985281));
#6861=CARTESIAN_POINT('Ctrl Pts',(-2.72913215027668,2.78999410040771,0.315003910435103));
#6862=CARTESIAN_POINT('Ctrl Pts',(-2.63878682333617,2.73783320157859,0.421023371995704));
#6863=CARTESIAN_POINT('Ctrl Pts',(-2.5857932974198,2.7072373750531,0.469673754254795));
#6864=CARTESIAN_POINT('Ctrl Pts',(-2.39087727055054,2.59470255447075,0.619813073358696));
#6865=CARTESIAN_POINT('Ctrl Pts',(-2.23492506534263,2.50466350688416,0.692202951874377));
#6866=CARTESIAN_POINT('Ctrl Pts',(-1.79797691023947,2.25239137191344,0.86584787312567));
#6867=CARTESIAN_POINT('Ctrl Pts',(-1.47051020597368,2.06332838205495,0.919397016194505));
#6868=CARTESIAN_POINT('Ctrl Pts',(-0.947891798748724,1.76159450396017,0.982277194590507));
#6869=CARTESIAN_POINT('Ctrl Pts',(-0.738987038231115,1.64098328424033,0.982707209512498));
#6870=CARTESIAN_POINT('Ctrl Pts',(-0.548083491897047,1.5307650703751,0.960562217564153));
#6871=CARTESIAN_POINT('Origin',(-0.548083491897047,1.5307650703751,3.175));
#6872=CARTESIAN_POINT('',(-0.834362826253827,0.4623560493986,0.635));
#6873=CARTESIAN_POINT('',(-0.721071809564104,0.885163879725779,0.635));
#6874=CARTESIAN_POINT('Ctrl Pts',(-0.548083491897046,1.5307650703751,0.960562217564153));
#6875=CARTESIAN_POINT('Ctrl Pts',(-0.592729885418244,1.36414246137928,0.94188129611986));
#6876=CARTESIAN_POINT('Ctrl Pts',(-0.638959808604816,1.19161003921698,0.904834924749163));
#6877=CARTESIAN_POINT('Ctrl Pts',(-0.751852695038764,0.770288051232389,
0.767273316212904));
#6878=CARTESIAN_POINT('Ctrl Pts',(-0.798690127826149,0.595488372373776,
0.684509282785477));
#6879=CARTESIAN_POINT('Ctrl Pts',(-0.834362826253827,0.4623560493986,0.635));
#6880=CARTESIAN_POINT('',(-0.66899673367171,1.0795107087642,0.635));
#6881=CARTESIAN_POINT('Ctrl Pts',(-0.66899673367171,1.0795107087642,0.635));
#6882=CARTESIAN_POINT('Ctrl Pts',(-0.628460180729025,1.23079518391,0.687396728041903));
#6883=CARTESIAN_POINT('Ctrl Pts',(-0.589408141993088,1.37653937661167,0.723243570790996));
#6884=CARTESIAN_POINT('Ctrl Pts',(-0.548083491897047,1.5307650703751,0.744511538138559));
#6885=CARTESIAN_POINT('',(-0.66899673367171,1.0795107087642,0.));
#6886=CARTESIAN_POINT('Ctrl Pts',(-3.97922751986641,0.,0.197749631526101));
#6887=CARTESIAN_POINT('Ctrl Pts',(-3.97922751986641,3.97922751986641,0.197749631526101));
#6888=CARTESIAN_POINT('Ctrl Pts',(0.,3.97922751986641,0.197749631526101));
#6889=CARTESIAN_POINT('Ctrl Pts',(3.97922751986641,3.97922751986641,0.197749631526101));
#6890=CARTESIAN_POINT('Ctrl Pts',(3.97922751986641,0.,0.197749631526101));
#6891=CARTESIAN_POINT('Ctrl Pts',(3.97922751986641,-3.97922751986641,0.197749631526101));
#6892=CARTESIAN_POINT('Ctrl Pts',(0.,-3.97922751986641,0.197749631526101));
#6893=CARTESIAN_POINT('Ctrl Pts',(-3.97922751986641,-3.97922751986641,0.197749631526101));
#6894=CARTESIAN_POINT('Ctrl Pts',(-3.97922751986641,0.,0.197749631526101));
#6895=CARTESIAN_POINT('Ctrl Pts',(-3.96956191321612,0.,0.215078346741054));
#6896=CARTESIAN_POINT('Ctrl Pts',(-3.96956191321612,3.96956191321612,0.215078346741054));
#6897=CARTESIAN_POINT('Ctrl Pts',(0.,3.96956191321612,0.215078346741054));
#6898=CARTESIAN_POINT('Ctrl Pts',(3.96956191321612,3.96956191321612,0.215078346741054));
#6899=CARTESIAN_POINT('Ctrl Pts',(3.96956191321612,0.,0.215078346741054));
#6900=CARTESIAN_POINT('Ctrl Pts',(3.96956191321612,-3.96956191321612,0.215078346741054));
#6901=CARTESIAN_POINT('Ctrl Pts',(0.,-3.96956191321612,0.215078346741054));
#6902=CARTESIAN_POINT('Ctrl Pts',(-3.96956191321612,-3.96956191321612,0.215078346741054));
#6903=CARTESIAN_POINT('Ctrl Pts',(-3.96956191321612,0.,0.215078346741054));
#6904=CARTESIAN_POINT('Ctrl Pts',(-3.94903901059912,0.,0.249262530824572));
#6905=CARTESIAN_POINT('Ctrl Pts',(-3.94903901059911,3.94903901059911,0.249262530824572));
#6906=CARTESIAN_POINT('Ctrl Pts',(0.,3.94903901059912,0.249262530824572));
#6907=CARTESIAN_POINT('Ctrl Pts',(3.94903901059911,3.94903901059911,0.249262530824572));
#6908=CARTESIAN_POINT('Ctrl Pts',(3.94903901059912,0.,0.249262530824572));
#6909=CARTESIAN_POINT('Ctrl Pts',(3.94903901059911,-3.94903901059911,0.249262530824572));
#6910=CARTESIAN_POINT('Ctrl Pts',(0.,-3.94903901059912,0.249262530824572));
#6911=CARTESIAN_POINT('Ctrl Pts',(-3.94903901059911,-3.94903901059911,0.249262530824572));
#6912=CARTESIAN_POINT('Ctrl Pts',(-3.94903901059912,0.,0.249262530824572));
#6913=CARTESIAN_POINT('Ctrl Pts',(-3.91467958405274,0.,0.299119069096551));
#6914=CARTESIAN_POINT('Ctrl Pts',(-3.91467958405274,3.91467958405274,0.299119069096551));
#6915=CARTESIAN_POINT('Ctrl Pts',(0.,3.91467958405274,0.299119069096551));
#6916=CARTESIAN_POINT('Ctrl Pts',(3.91467958405274,3.91467958405274,0.299119069096551));
#6917=CARTESIAN_POINT('Ctrl Pts',(3.91467958405274,0.,0.299119069096551));
#6918=CARTESIAN_POINT('Ctrl Pts',(3.91467958405274,-3.91467958405274,0.299119069096551));
#6919=CARTESIAN_POINT('Ctrl Pts',(0.,-3.91467958405274,0.299119069096551));
#6920=CARTESIAN_POINT('Ctrl Pts',(-3.91467958405274,-3.91467958405274,0.299119069096551));
#6921=CARTESIAN_POINT('Ctrl Pts',(-3.91467958405274,0.,0.299119069096551));
#6922=CARTESIAN_POINT('Ctrl Pts',(-3.86170396188042,0.,0.36274982640076));
#6923=CARTESIAN_POINT('Ctrl Pts',(-3.86170396188042,3.86170396188042,0.36274982640076));
#6924=CARTESIAN_POINT('Ctrl Pts',(0.,3.86170396188042,0.36274982640076));
#6925=CARTESIAN_POINT('Ctrl Pts',(3.86170396188042,3.86170396188042,0.36274982640076));
#6926=CARTESIAN_POINT('Ctrl Pts',(3.86170396188042,0.,0.36274982640076));
#6927=CARTESIAN_POINT('Ctrl Pts',(3.86170396188042,-3.86170396188042,0.36274982640076));
#6928=CARTESIAN_POINT('Ctrl Pts',(0.,-3.86170396188042,0.36274982640076));
#6929=CARTESIAN_POINT('Ctrl Pts',(-3.86170396188042,-3.86170396188042,0.36274982640076));
#6930=CARTESIAN_POINT('Ctrl Pts',(-3.86170396188042,0.,0.36274982640076));
#6931=CARTESIAN_POINT('Ctrl Pts',(-3.78359939559246,0.,0.437504491128392));
#6932=CARTESIAN_POINT('Ctrl Pts',(-3.78359939559246,3.78359939559246,0.437504491128392));
#6933=CARTESIAN_POINT('Ctrl Pts',(0.,3.78359939559246,0.437504491128392));
#6934=CARTESIAN_POINT('Ctrl Pts',(3.78359939559246,3.78359939559246,0.437504491128392));
#6935=CARTESIAN_POINT('Ctrl Pts',(3.78359939559246,0.,0.437504491128392));
#6936=CARTESIAN_POINT('Ctrl Pts',(3.78359939559246,-3.78359939559246,0.437504491128392));
#6937=CARTESIAN_POINT('Ctrl Pts',(0.,-3.78359939559246,0.437504491128392));
#6938=CARTESIAN_POINT('Ctrl Pts',(-3.78359939559246,-3.78359939559246,0.437504491128392));
#6939=CARTESIAN_POINT('Ctrl Pts',(-3.78359939559246,0.,0.437504491128392));
#6940=CARTESIAN_POINT('Ctrl Pts',(-3.6939027715522,0.,0.507399076581121));
#6941=CARTESIAN_POINT('Ctrl Pts',(-3.6939027715522,3.6939027715522,0.507399076581121));
#6942=CARTESIAN_POINT('Ctrl Pts',(0.,3.6939027715522,0.507399076581121));
#6943=CARTESIAN_POINT('Ctrl Pts',(3.6939027715522,3.6939027715522,0.507399076581121));
#6944=CARTESIAN_POINT('Ctrl Pts',(3.6939027715522,0.,0.507399076581121));
#6945=CARTESIAN_POINT('Ctrl Pts',(3.6939027715522,-3.6939027715522,0.507399076581121));
#6946=CARTESIAN_POINT('Ctrl Pts',(0.,-3.6939027715522,0.507399076581121));
#6947=CARTESIAN_POINT('Ctrl Pts',(-3.6939027715522,-3.6939027715522,0.507399076581121));
#6948=CARTESIAN_POINT('Ctrl Pts',(-3.6939027715522,0.,0.507399076581121));
#6949=CARTESIAN_POINT('Ctrl Pts',(-3.59330094716327,0.,0.572320885122737));
#6950=CARTESIAN_POINT('Ctrl Pts',(-3.59330094716327,3.59330094716327,0.572320885122737));
#6951=CARTESIAN_POINT('Ctrl Pts',(0.,3.59330094716327,0.572320885122737));
#6952=CARTESIAN_POINT('Ctrl Pts',(3.59330094716327,3.59330094716327,0.572320885122737));
#6953=CARTESIAN_POINT('Ctrl Pts',(3.59330094716327,0.,0.572320885122737));
#6954=CARTESIAN_POINT('Ctrl Pts',(3.59330094716327,-3.59330094716327,0.572320885122737));
#6955=CARTESIAN_POINT('Ctrl Pts',(0.,-3.59330094716327,0.572320885122737));
#6956=CARTESIAN_POINT('Ctrl Pts',(-3.59330094716327,-3.59330094716327,0.572320885122737));
#6957=CARTESIAN_POINT('Ctrl Pts',(-3.59330094716327,0.,0.572320885122737));
#6958=CARTESIAN_POINT('Ctrl Pts',(-3.48303918843098,0.,0.632117855989838));
#6959=CARTESIAN_POINT('Ctrl Pts',(-3.48303918843098,3.48303918843098,0.632117855989838));
#6960=CARTESIAN_POINT('Ctrl Pts',(0.,3.48303918843098,0.632117855989838));
#6961=CARTESIAN_POINT('Ctrl Pts',(3.48303918843098,3.48303918843098,0.632117855989838));
#6962=CARTESIAN_POINT('Ctrl Pts',(3.48303918843098,0.,0.632117855989838));
#6963=CARTESIAN_POINT('Ctrl Pts',(3.48303918843098,-3.48303918843098,0.632117855989838));
#6964=CARTESIAN_POINT('Ctrl Pts',(0.,-3.48303918843098,0.632117855989838));
#6965=CARTESIAN_POINT('Ctrl Pts',(-3.48303918843098,-3.48303918843098,0.632117855989838));
#6966=CARTESIAN_POINT('Ctrl Pts',(-3.48303918843098,0.,0.632117855989838));
#6967=CARTESIAN_POINT('Ctrl Pts',(-3.36507311624345,0.,0.686598024871286));
#6968=CARTESIAN_POINT('Ctrl Pts',(-3.36507311624345,3.36507311624345,0.686598024871286));
#6969=CARTESIAN_POINT('Ctrl Pts',(0.,3.36507311624345,0.686598024871286));
#6970=CARTESIAN_POINT('Ctrl Pts',(3.36507311624345,3.36507311624345,0.686598024871286));
#6971=CARTESIAN_POINT('Ctrl Pts',(3.36507311624345,0.,0.686598024871286));
#6972=CARTESIAN_POINT('Ctrl Pts',(3.36507311624345,-3.36507311624345,0.686598024871286));
#6973=CARTESIAN_POINT('Ctrl Pts',(0.,-3.36507311624345,0.686598024871286));
#6974=CARTESIAN_POINT('Ctrl Pts',(-3.36507311624345,-3.36507311624345,0.686598024871286));
#6975=CARTESIAN_POINT('Ctrl Pts',(-3.36507311624345,0.,0.686598024871286));
#6976=CARTESIAN_POINT('Ctrl Pts',(-3.24176679539429,0.,0.735583633979207));
#6977=CARTESIAN_POINT('Ctrl Pts',(-3.24176679539429,3.24176679539429,0.735583633979207));
#6978=CARTESIAN_POINT('Ctrl Pts',(0.,3.24176679539429,0.735583633979207));
#6979=CARTESIAN_POINT('Ctrl Pts',(3.24176679539429,3.24176679539429,0.735583633979207));
#6980=CARTESIAN_POINT('Ctrl Pts',(3.24176679539429,0.,0.735583633979207));
#6981=CARTESIAN_POINT('Ctrl Pts',(3.24176679539429,-3.24176679539429,0.735583633979207));
#6982=CARTESIAN_POINT('Ctrl Pts',(0.,-3.24176679539429,0.735583633979207));
#6983=CARTESIAN_POINT('Ctrl Pts',(-3.24176679539429,-3.24176679539429,0.735583633979207));
#6984=CARTESIAN_POINT('Ctrl Pts',(-3.24176679539429,0.,0.735583633979207));
#6985=CARTESIAN_POINT('Ctrl Pts',(-3.11561341007078,0.,0.778963054042766));
#6986=CARTESIAN_POINT('Ctrl Pts',(-3.11561341007078,3.11561341007078,0.778963054042766));
#6987=CARTESIAN_POINT('Ctrl Pts',(0.,3.11561341007078,0.778963054042766));
#6988=CARTESIAN_POINT('Ctrl Pts',(3.11561341007078,3.11561341007078,0.778963054042766));
#6989=CARTESIAN_POINT('Ctrl Pts',(3.11561341007078,0.,0.778963054042766));
#6990=CARTESIAN_POINT('Ctrl Pts',(3.11561341007078,-3.11561341007078,0.778963054042766));
#6991=CARTESIAN_POINT('Ctrl Pts',(0.,-3.11561341007078,0.778963054042766));
#6992=CARTESIAN_POINT('Ctrl Pts',(-3.11561341007078,-3.11561341007078,0.778963054042766));
#6993=CARTESIAN_POINT('Ctrl Pts',(-3.11561341007078,0.,0.778963054042766));
#6994=CARTESIAN_POINT('Ctrl Pts',(-2.98894439021954,0.,0.816747394438226));
#6995=CARTESIAN_POINT('Ctrl Pts',(-2.98894439021954,2.98894439021954,0.816747394438226));
#6996=CARTESIAN_POINT('Ctrl Pts',(0.,2.98894439021954,0.816747394438226));
#6997=CARTESIAN_POINT('Ctrl Pts',(2.98894439021954,2.98894439021954,0.816747394438226));
#6998=CARTESIAN_POINT('Ctrl Pts',(2.98894439021954,0.,0.816747394438226));
#6999=CARTESIAN_POINT('Ctrl Pts',(2.98894439021954,-2.98894439021954,0.816747394438226));
#7000=CARTESIAN_POINT('Ctrl Pts',(0.,-2.98894439021954,0.816747394438226));
#7001=CARTESIAN_POINT('Ctrl Pts',(-2.98894439021954,-2.98894439021954,0.816747394438226));
#7002=CARTESIAN_POINT('Ctrl Pts',(-2.98894439021954,0.,0.816747394438226));
#7003=CARTESIAN_POINT('Ctrl Pts',(-2.86365697639064,0.,0.849121885526682));
#7004=CARTESIAN_POINT('Ctrl Pts',(-2.86365697639064,2.86365697639064,0.849121885526682));
#7005=CARTESIAN_POINT('Ctrl Pts',(0.,2.86365697639064,0.849121885526682));
#7006=CARTESIAN_POINT('Ctrl Pts',(2.86365697639064,2.86365697639064,0.849121885526682));
#7007=CARTESIAN_POINT('Ctrl Pts',(2.86365697639064,0.,0.849121885526682));
#7008=CARTESIAN_POINT('Ctrl Pts',(2.86365697639064,-2.86365697639064,0.849121885526682));
#7009=CARTESIAN_POINT('Ctrl Pts',(0.,-2.86365697639064,0.849121885526682));
#7010=CARTESIAN_POINT('Ctrl Pts',(-2.86365697639064,-2.86365697639064,0.849121885526682));
#7011=CARTESIAN_POINT('Ctrl Pts',(-2.86365697639064,0.,0.849121885526682));
#7012=CARTESIAN_POINT('Ctrl Pts',(-2.74089959656543,0.,0.87651457689796));
#7013=CARTESIAN_POINT('Ctrl Pts',(-2.74089959656543,2.74089959656543,0.87651457689796));
#7014=CARTESIAN_POINT('Ctrl Pts',(0.,2.74089959656543,0.87651457689796));
#7015=CARTESIAN_POINT('Ctrl Pts',(2.74089959656543,2.74089959656543,0.87651457689796));
#7016=CARTESIAN_POINT('Ctrl Pts',(2.74089959656543,0.,0.87651457689796));
#7017=CARTESIAN_POINT('Ctrl Pts',(2.74089959656543,-2.74089959656543,0.87651457689796));
#7018=CARTESIAN_POINT('Ctrl Pts',(0.,-2.74089959656543,0.87651457689796));
#7019=CARTESIAN_POINT('Ctrl Pts',(-2.74089959656543,-2.74089959656543,0.87651457689796));
#7020=CARTESIAN_POINT('Ctrl Pts',(-2.74089959656543,0.,0.87651457689796));
#7021=CARTESIAN_POINT('Ctrl Pts',(-2.62086623617004,0.,0.899622260286305));
#7022=CARTESIAN_POINT('Ctrl Pts',(-2.62086623617004,2.62086623617004,0.899622260286305));
#7023=CARTESIAN_POINT('Ctrl Pts',(0.,2.62086623617004,0.899622260286305));
#7024=CARTESIAN_POINT('Ctrl Pts',(2.62086623617004,2.62086623617004,0.899622260286305));
#7025=CARTESIAN_POINT('Ctrl Pts',(2.62086623617004,0.,0.899622260286305));
#7026=CARTESIAN_POINT('Ctrl Pts',(2.62086623617004,-2.62086623617004,0.899622260286305));
#7027=CARTESIAN_POINT('Ctrl Pts',(0.,-2.62086623617004,0.899622260286305));
#7028=CARTESIAN_POINT('Ctrl Pts',(-2.62086623617004,-2.62086623617004,0.899622260286305));
#7029=CARTESIAN_POINT('Ctrl Pts',(-2.62086623617004,0.,0.899622260286305));
#7030=CARTESIAN_POINT('Ctrl Pts',(-2.50312520718878,0.,0.919218797964062));
#7031=CARTESIAN_POINT('Ctrl Pts',(-2.50312520718878,2.50312520718878,0.919218797964062));
#7032=CARTESIAN_POINT('Ctrl Pts',(0.,2.50312520718878,0.919218797964062));
#7033=CARTESIAN_POINT('Ctrl Pts',(2.50312520718878,2.50312520718878,0.919218797964062));
#7034=CARTESIAN_POINT('Ctrl Pts',(2.50312520718878,0.,0.919218797964062));
#7035=CARTESIAN_POINT('Ctrl Pts',(2.50312520718878,-2.50312520718878,0.919218797964062));
#7036=CARTESIAN_POINT('Ctrl Pts',(0.,-2.50312520718878,0.919218797964062));
#7037=CARTESIAN_POINT('Ctrl Pts',(-2.50312520718878,-2.50312520718878,0.919218797964062));
#7038=CARTESIAN_POINT('Ctrl Pts',(-2.50312520718878,0.,0.919218797964062));
#7039=CARTESIAN_POINT('Ctrl Pts',(-2.38686785087108,0.,0.935999115962188));
#7040=CARTESIAN_POINT('Ctrl Pts',(-2.38686785087108,2.38686785087108,0.935999115962188));
#7041=CARTESIAN_POINT('Ctrl Pts',(0.,2.38686785087108,0.935999115962188));
#7042=CARTESIAN_POINT('Ctrl Pts',(2.38686785087108,2.38686785087108,0.935999115962188));
#7043=CARTESIAN_POINT('Ctrl Pts',(2.38686785087108,0.,0.935999115962188));
#7044=CARTESIAN_POINT('Ctrl Pts',(2.38686785087108,-2.38686785087108,0.935999115962188));
#7045=CARTESIAN_POINT('Ctrl Pts',(0.,-2.38686785087108,0.935999115962188));
#7046=CARTESIAN_POINT('Ctrl Pts',(-2.38686785087108,-2.38686785087108,0.935999115962188));
#7047=CARTESIAN_POINT('Ctrl Pts',(-2.38686785087108,0.,0.935999115962188));
#7048=CARTESIAN_POINT('Ctrl Pts',(-2.27119224820535,0.,0.950399478668064));
#7049=CARTESIAN_POINT('Ctrl Pts',(-2.27119224820535,2.27119224820535,0.950399478668064));
#7050=CARTESIAN_POINT('Ctrl Pts',(0.,2.27119224820535,0.950399478668064));
#7051=CARTESIAN_POINT('Ctrl Pts',(2.27119224820535,2.27119224820535,0.950399478668064));
#7052=CARTESIAN_POINT('Ctrl Pts',(2.27119224820535,0.,0.950399478668064));
#7053=CARTESIAN_POINT('Ctrl Pts',(2.27119224820535,-2.27119224820535,0.950399478668064));
#7054=CARTESIAN_POINT('Ctrl Pts',(0.,-2.27119224820535,0.950399478668064));
#7055=CARTESIAN_POINT('Ctrl Pts',(-2.27119224820535,-2.27119224820535,0.950399478668064));
#7056=CARTESIAN_POINT('Ctrl Pts',(-2.27119224820535,0.,0.950399478668064));
#7057=CARTESIAN_POINT('Ctrl Pts',(-2.15535242577468,0.,0.962450853781893));
#7058=CARTESIAN_POINT('Ctrl Pts',(-2.15535242577468,2.15535242577468,0.962450853781893));
#7059=CARTESIAN_POINT('Ctrl Pts',(0.,2.15535242577468,0.962450853781893));
#7060=CARTESIAN_POINT('Ctrl Pts',(2.15535242577468,2.15535242577468,0.962450853781893));
#7061=CARTESIAN_POINT('Ctrl Pts',(2.15535242577468,0.,0.962450853781893));
#7062=CARTESIAN_POINT('Ctrl Pts',(2.15535242577468,-2.15535242577468,0.962450853781893));
#7063=CARTESIAN_POINT('Ctrl Pts',(0.,-2.15535242577468,0.962450853781893));
#7064=CARTESIAN_POINT('Ctrl Pts',(-2.15535242577468,-2.15535242577468,0.962450853781893));
#7065=CARTESIAN_POINT('Ctrl Pts',(-2.15535242577468,0.,0.962450853781893));
#7066=CARTESIAN_POINT('Ctrl Pts',(-2.03906840460602,0.,0.971554888046006));
#7067=CARTESIAN_POINT('Ctrl Pts',(-2.03906840460602,2.03906840460602,0.971554888046006));
#7068=CARTESIAN_POINT('Ctrl Pts',(0.,2.03906840460602,0.971554888046006));
#7069=CARTESIAN_POINT('Ctrl Pts',(2.03906840460602,2.03906840460602,0.971554888046006));
#7070=CARTESIAN_POINT('Ctrl Pts',(2.03906840460602,0.,0.971554888046006));
#7071=CARTESIAN_POINT('Ctrl Pts',(2.03906840460602,-2.03906840460602,0.971554888046006));
#7072=CARTESIAN_POINT('Ctrl Pts',(0.,-2.03906840460602,0.971554888046006));
#7073=CARTESIAN_POINT('Ctrl Pts',(-2.03906840460602,-2.03906840460602,0.971554888046006));
#7074=CARTESIAN_POINT('Ctrl Pts',(-2.03906840460602,0.,0.971554888046006));
#7075=CARTESIAN_POINT('Ctrl Pts',(-1.92255062295824,0.,0.976636107980014));
#7076=CARTESIAN_POINT('Ctrl Pts',(-1.92255062295824,1.92255062295824,0.976636107980014));
#7077=CARTESIAN_POINT('Ctrl Pts',(0.,1.92255062295824,0.976636107980014));
#7078=CARTESIAN_POINT('Ctrl Pts',(1.92255062295824,1.92255062295824,0.976636107980014));
#7079=CARTESIAN_POINT('Ctrl Pts',(1.92255062295824,0.,0.976636107980014));
#7080=CARTESIAN_POINT('Ctrl Pts',(1.92255062295824,-1.92255062295824,0.976636107980014));
#7081=CARTESIAN_POINT('Ctrl Pts',(0.,-1.92255062295824,0.976636107980014));
#7082=CARTESIAN_POINT('Ctrl Pts',(-1.92255062295824,-1.92255062295824,0.976636107980014));
#7083=CARTESIAN_POINT('Ctrl Pts',(-1.92255062295824,0.,0.976636107980014));
#7084=CARTESIAN_POINT('Ctrl Pts',(-1.80641214232516,0.,0.976435966935737));
#7085=CARTESIAN_POINT('Ctrl Pts',(-1.80641214232516,1.80641214232516,0.976435966935737));
#7086=CARTESIAN_POINT('Ctrl Pts',(0.,1.80641214232516,0.976435966935737));
#7087=CARTESIAN_POINT('Ctrl Pts',(1.80641214232516,1.80641214232516,0.976435966935737));
#7088=CARTESIAN_POINT('Ctrl Pts',(1.80641214232516,0.,0.976435966935737));
#7089=CARTESIAN_POINT('Ctrl Pts',(1.80641214232516,-1.80641214232516,0.976435966935737));
#7090=CARTESIAN_POINT('Ctrl Pts',(0.,-1.80641214232516,0.976435966935737));
#7091=CARTESIAN_POINT('Ctrl Pts',(-1.80641214232516,-1.80641214232516,0.976435966935737));
#7092=CARTESIAN_POINT('Ctrl Pts',(-1.80641214232516,0.,0.976435966935737));
#7093=CARTESIAN_POINT('Ctrl Pts',(-1.69162249255293,0.,0.969772211571166));
#7094=CARTESIAN_POINT('Ctrl Pts',(-1.69162249255293,1.69162249255293,0.969772211571166));
#7095=CARTESIAN_POINT('Ctrl Pts',(0.,1.69162249255293,0.969772211571166));
#7096=CARTESIAN_POINT('Ctrl Pts',(1.69162249255293,1.69162249255293,0.969772211571166));
#7097=CARTESIAN_POINT('Ctrl Pts',(1.69162249255293,0.,0.969772211571166));
#7098=CARTESIAN_POINT('Ctrl Pts',(1.69162249255293,-1.69162249255293,0.969772211571166));
#7099=CARTESIAN_POINT('Ctrl Pts',(0.,-1.69162249255293,0.969772211571166));
#7100=CARTESIAN_POINT('Ctrl Pts',(-1.69162249255293,-1.69162249255293,0.969772211571166));
#7101=CARTESIAN_POINT('Ctrl Pts',(-1.69162249255293,0.,0.969772211571166));
#7102=CARTESIAN_POINT('Ctrl Pts',(-1.57944180527734,0.,0.955786475505323));
#7103=CARTESIAN_POINT('Ctrl Pts',(-1.57944180527734,1.57944180527734,0.955786475505323));
#7104=CARTESIAN_POINT('Ctrl Pts',(0.,1.57944180527734,0.955786475505323));
#7105=CARTESIAN_POINT('Ctrl Pts',(1.57944180527734,1.57944180527734,0.955786475505323));
#7106=CARTESIAN_POINT('Ctrl Pts',(1.57944180527734,0.,0.955786475505323));
#7107=CARTESIAN_POINT('Ctrl Pts',(1.57944180527734,-1.57944180527734,0.955786475505323));
#7108=CARTESIAN_POINT('Ctrl Pts',(0.,-1.57944180527734,0.955786475505323));
#7109=CARTESIAN_POINT('Ctrl Pts',(-1.57944180527734,-1.57944180527734,0.955786475505323));
#7110=CARTESIAN_POINT('Ctrl Pts',(-1.57944180527734,0.,0.955786475505323));
#7111=CARTESIAN_POINT('Ctrl Pts',(-1.4713780763315,0.,0.934266608550244));
#7112=CARTESIAN_POINT('Ctrl Pts',(-1.4713780763315,1.4713780763315,0.934266608550244));
#7113=CARTESIAN_POINT('Ctrl Pts',(0.,1.4713780763315,0.934266608550244));
#7114=CARTESIAN_POINT('Ctrl Pts',(1.4713780763315,1.4713780763315,0.934266608550244));
#7115=CARTESIAN_POINT('Ctrl Pts',(1.4713780763315,0.,0.934266608550244));
#7116=CARTESIAN_POINT('Ctrl Pts',(1.4713780763315,-1.4713780763315,0.934266608550244));
#7117=CARTESIAN_POINT('Ctrl Pts',(0.,-1.4713780763315,0.934266608550244));
#7118=CARTESIAN_POINT('Ctrl Pts',(-1.4713780763315,-1.4713780763315,0.934266608550244));
#7119=CARTESIAN_POINT('Ctrl Pts',(-1.4713780763315,0.,0.934266608550244));
#7120=CARTESIAN_POINT('Ctrl Pts',(-1.36909118420228,0.,0.905701408132455));
#7121=CARTESIAN_POINT('Ctrl Pts',(-1.36909118420228,1.36909118420228,0.905701408132455));
#7122=CARTESIAN_POINT('Ctrl Pts',(0.,1.36909118420228,0.905701408132455));
#7123=CARTESIAN_POINT('Ctrl Pts',(1.36909118420228,1.36909118420228,0.905701408132455));
#7124=CARTESIAN_POINT('Ctrl Pts',(1.36909118420228,0.,0.905701408132455));
#7125=CARTESIAN_POINT('Ctrl Pts',(1.36909118420228,-1.36909118420228,0.905701408132455));
#7126=CARTESIAN_POINT('Ctrl Pts',(0.,-1.36909118420228,0.905701408132455));
#7127=CARTESIAN_POINT('Ctrl Pts',(-1.36909118420228,-1.36909118420228,0.905701408132455));
#7128=CARTESIAN_POINT('Ctrl Pts',(-1.36909118420228,0.,0.905701408132455));
#7129=CARTESIAN_POINT('Ctrl Pts',(-1.27423529588645,0.,0.870973750764244));
#7130=CARTESIAN_POINT('Ctrl Pts',(-1.27423529588645,1.27423529588645,0.870973750764244));
#7131=CARTESIAN_POINT('Ctrl Pts',(0.,1.27423529588645,0.870973750764244));
#7132=CARTESIAN_POINT('Ctrl Pts',(1.27423529588645,1.27423529588645,0.870973750764244));
#7133=CARTESIAN_POINT('Ctrl Pts',(1.27423529588645,0.,0.870973750764244));
#7134=CARTESIAN_POINT('Ctrl Pts',(1.27423529588645,-1.27423529588645,0.870973750764244));
#7135=CARTESIAN_POINT('Ctrl Pts',(0.,-1.27423529588645,0.870973750764244));
#7136=CARTESIAN_POINT('Ctrl Pts',(-1.27423529588645,-1.27423529588645,0.870973750764244));
#7137=CARTESIAN_POINT('Ctrl Pts',(-1.27423529588645,0.,0.870973750764244));
#7138=CARTESIAN_POINT('Ctrl Pts',(-1.18830740722293,0.,0.831139469637301));
#7139=CARTESIAN_POINT('Ctrl Pts',(-1.18830740722293,1.18830740722293,0.831139469637301));
#7140=CARTESIAN_POINT('Ctrl Pts',(0.,1.18830740722293,0.831139469637301));
#7141=CARTESIAN_POINT('Ctrl Pts',(1.18830740722293,1.18830740722293,0.831139469637301));
#7142=CARTESIAN_POINT('Ctrl Pts',(1.18830740722293,0.,0.831139469637301));
#7143=CARTESIAN_POINT('Ctrl Pts',(1.18830740722293,-1.18830740722293,0.831139469637301));
#7144=CARTESIAN_POINT('Ctrl Pts',(0.,-1.18830740722293,0.831139469637301));
#7145=CARTESIAN_POINT('Ctrl Pts',(-1.18830740722293,-1.18830740722293,0.831139469637301));
#7146=CARTESIAN_POINT('Ctrl Pts',(-1.18830740722293,0.,0.831139469637301));
#7147=CARTESIAN_POINT('Ctrl Pts',(-1.11250843540665,0.,0.787193190918452));
#7148=CARTESIAN_POINT('Ctrl Pts',(-1.11250843540665,1.11250843540665,0.787193190918452));
#7149=CARTESIAN_POINT('Ctrl Pts',(0.,1.11250843540665,0.787193190918452));
#7150=CARTESIAN_POINT('Ctrl Pts',(1.11250843540665,1.11250843540665,0.787193190918452));
#7151=CARTESIAN_POINT('Ctrl Pts',(1.11250843540665,0.,0.787193190918452));
#7152=CARTESIAN_POINT('Ctrl Pts',(1.11250843540665,-1.11250843540665,0.787193190918452));
#7153=CARTESIAN_POINT('Ctrl Pts',(0.,-1.11250843540665,0.787193190918452));
#7154=CARTESIAN_POINT('Ctrl Pts',(-1.11250843540665,-1.11250843540665,0.787193190918452));
#7155=CARTESIAN_POINT('Ctrl Pts',(-1.11250843540665,0.,0.787193190918452));
#7156=CARTESIAN_POINT('Ctrl Pts',(-1.04755120380037,0.,0.739794248737515));
#7157=CARTESIAN_POINT('Ctrl Pts',(-1.04755120380037,1.04755120380037,0.739794248737515));
#7158=CARTESIAN_POINT('Ctrl Pts',(0.,1.04755120380037,0.739794248737515));
#7159=CARTESIAN_POINT('Ctrl Pts',(1.04755120380037,1.04755120380037,0.739794248737515));
#7160=CARTESIAN_POINT('Ctrl Pts',(1.04755120380037,0.,0.739794248737515));
#7161=CARTESIAN_POINT('Ctrl Pts',(1.04755120380037,-1.04755120380037,0.739794248737515));
#7162=CARTESIAN_POINT('Ctrl Pts',(0.,-1.04755120380037,0.739794248737515));
#7163=CARTESIAN_POINT('Ctrl Pts',(-1.04755120380037,-1.04755120380037,0.739794248737515));
#7164=CARTESIAN_POINT('Ctrl Pts',(-1.04755120380037,0.,0.739794248737515));
#7165=CARTESIAN_POINT('Ctrl Pts',(-1.00449576816689,0.,0.699375628833483));
#7166=CARTESIAN_POINT('Ctrl Pts',(-1.00449576816689,1.00449576816689,0.699375628833483));
#7167=CARTESIAN_POINT('Ctrl Pts',(0.,1.00449576816689,0.699375628833483));
#7168=CARTESIAN_POINT('Ctrl Pts',(1.00449576816689,1.00449576816689,0.699375628833483));
#7169=CARTESIAN_POINT('Ctrl Pts',(1.00449576816689,0.,0.699375628833483));
#7170=CARTESIAN_POINT('Ctrl Pts',(1.00449576816689,-1.00449576816689,0.699375628833483));
#7171=CARTESIAN_POINT('Ctrl Pts',(0.,-1.00449576816689,0.699375628833483));
#7172=CARTESIAN_POINT('Ctrl Pts',(-1.00449576816689,-1.00449576816689,0.699375628833483));
#7173=CARTESIAN_POINT('Ctrl Pts',(-1.00449576816689,0.,0.699375628833483));
#7174=CARTESIAN_POINT('Ctrl Pts',(-0.977244086793561,0.,0.667711963676549));
#7175=CARTESIAN_POINT('Ctrl Pts',(-0.97724408679356,0.97724408679356,0.667711963676549));
#7176=CARTESIAN_POINT('Ctrl Pts',(0.,0.977244086793561,0.667711963676549));
#7177=CARTESIAN_POINT('Ctrl Pts',(0.97724408679356,0.97724408679356,0.667711963676549));
#7178=CARTESIAN_POINT('Ctrl Pts',(0.977244086793561,0.,0.667711963676549));
#7179=CARTESIAN_POINT('Ctrl Pts',(0.97724408679356,-0.97724408679356,0.667711963676549));
#7180=CARTESIAN_POINT('Ctrl Pts',(0.,-0.977244086793561,0.667711963676549));
#7181=CARTESIAN_POINT('Ctrl Pts',(-0.97724408679356,-0.97724408679356,0.667711963676549));
#7182=CARTESIAN_POINT('Ctrl Pts',(-0.977244086793561,0.,0.667711963676549));
#7183=CARTESIAN_POINT('Ctrl Pts',(-0.961311967883148,0.,0.646003817502658));
#7184=CARTESIAN_POINT('Ctrl Pts',(-0.961311967883148,0.961311967883148,
0.646003817502658));
#7185=CARTESIAN_POINT('Ctrl Pts',(0.,0.961311967883148,0.646003817502658));
#7186=CARTESIAN_POINT('Ctrl Pts',(0.961311967883148,0.961311967883148,0.646003817502658));
#7187=CARTESIAN_POINT('Ctrl Pts',(0.961311967883148,0.,0.646003817502658));
#7188=CARTESIAN_POINT('Ctrl Pts',(0.961311967883148,-0.961311967883148,
0.646003817502658));
#7189=CARTESIAN_POINT('Ctrl Pts',(0.,-0.961311967883148,0.646003817502658));
#7190=CARTESIAN_POINT('Ctrl Pts',(-0.961311967883148,-0.961311967883148,
0.646003817502658));
#7191=CARTESIAN_POINT('Ctrl Pts',(-0.961311967883148,0.,0.646003817502658));
#7192=CARTESIAN_POINT('Ctrl Pts',(-0.953904839200302,0.,0.635));
#7193=CARTESIAN_POINT('Ctrl Pts',(-0.953904839200302,0.953904839200302,
0.635));
#7194=CARTESIAN_POINT('Ctrl Pts',(0.,0.953904839200302,0.635));
#7195=CARTESIAN_POINT('Ctrl Pts',(0.953904839200302,0.953904839200302,0.635));
#7196=CARTESIAN_POINT('Ctrl Pts',(0.953904839200302,0.,0.635));
#7197=CARTESIAN_POINT('Ctrl Pts',(0.953904839200302,-0.953904839200302,
0.635));
#7198=CARTESIAN_POINT('Ctrl Pts',(0.,-0.953904839200302,0.635));
#7199=CARTESIAN_POINT('Ctrl Pts',(-0.953904839200302,-0.953904839200302,
0.635));
#7200=CARTESIAN_POINT('Ctrl Pts',(-0.953904839200302,0.,0.635));
#7201=CARTESIAN_POINT('',(-0.953904839200302,0.,0.635));
#7202=CARTESIAN_POINT('Origin',(0.,0.,0.635));
#7203=CARTESIAN_POINT('Ctrl Pts',(-0.953904839200302,0.,0.635));
#7204=CARTESIAN_POINT('Ctrl Pts',(-0.961311967883148,0.,0.646003817502658));
#7205=CARTESIAN_POINT('Ctrl Pts',(-0.977244086793561,0.,0.667711963676549));
#7206=CARTESIAN_POINT('Ctrl Pts',(-1.00449576816689,0.,0.699375628833483));
#7207=CARTESIAN_POINT('Ctrl Pts',(-1.04755120380037,0.,0.739794248737515));
#7208=CARTESIAN_POINT('Ctrl Pts',(-1.11250843540665,0.,0.787193190918452));
#7209=CARTESIAN_POINT('Ctrl Pts',(-1.18830740722293,0.,0.831139469637301));
#7210=CARTESIAN_POINT('Ctrl Pts',(-1.27423529588645,0.,0.870973750764244));
#7211=CARTESIAN_POINT('Ctrl Pts',(-1.36909118420228,0.,0.905701408132455));
#7212=CARTESIAN_POINT('Ctrl Pts',(-1.4713780763315,0.,0.934266608550244));
#7213=CARTESIAN_POINT('Ctrl Pts',(-1.57944180527734,0.,0.955786475505323));
#7214=CARTESIAN_POINT('Ctrl Pts',(-1.69162249255293,0.,0.969772211571166));
#7215=CARTESIAN_POINT('Ctrl Pts',(-1.80641214232516,0.,0.976435966935737));
#7216=CARTESIAN_POINT('Ctrl Pts',(-1.92255062295824,0.,0.976636107980014));
#7217=CARTESIAN_POINT('Ctrl Pts',(-2.03906840460602,0.,0.971554888046006));
#7218=CARTESIAN_POINT('Ctrl Pts',(-2.15535242577468,0.,0.962450853781893));
#7219=CARTESIAN_POINT('Ctrl Pts',(-2.27119224820535,0.,0.950399478668064));
#7220=CARTESIAN_POINT('Ctrl Pts',(-2.38686785087108,0.,0.935999115962188));
#7221=CARTESIAN_POINT('Ctrl Pts',(-2.50312520718878,0.,0.919218797964062));
#7222=CARTESIAN_POINT('Ctrl Pts',(-2.62086623617004,0.,0.899622260286305));
#7223=CARTESIAN_POINT('Ctrl Pts',(-2.74089959656543,0.,0.87651457689796));
#7224=CARTESIAN_POINT('Ctrl Pts',(-2.86365697639064,0.,0.849121885526682));
#7225=CARTESIAN_POINT('Ctrl Pts',(-2.98894439021954,0.,0.816747394438226));
#7226=CARTESIAN_POINT('Ctrl Pts',(-3.11561341007078,0.,0.778963054042766));
#7227=CARTESIAN_POINT('Ctrl Pts',(-3.24176679539429,0.,0.735583633979207));
#7228=CARTESIAN_POINT('Ctrl Pts',(-3.36507311624345,0.,0.686598024871286));
#7229=CARTESIAN_POINT('Ctrl Pts',(-3.48303918843098,0.,0.632117855989838));
#7230=CARTESIAN_POINT('Ctrl Pts',(-3.59330094716327,0.,0.572320885122737));
#7231=CARTESIAN_POINT('Ctrl Pts',(-3.6939027715522,0.,0.507399076581121));
#7232=CARTESIAN_POINT('Ctrl Pts',(-3.78359939559246,0.,0.437504491128392));
#7233=CARTESIAN_POINT('Ctrl Pts',(-3.86170396188042,0.,0.36274982640076));
#7234=CARTESIAN_POINT('Ctrl Pts',(-3.91467958405274,0.,0.299119069096551));
#7235=CARTESIAN_POINT('Ctrl Pts',(-3.94903901059912,0.,0.249262530824572));
#7236=CARTESIAN_POINT('Ctrl Pts',(-3.96956191321612,0.,0.215078346741054));
#7237=CARTESIAN_POINT('Ctrl Pts',(-3.97922751986641,0.,0.197749631526101));
#7238=CARTESIAN_POINT('Origin',(0.,0.,0.197749631526101));
#7239=CARTESIAN_POINT('Ctrl Pts',(-3.97922751986641,0.,0.197749631526101));
#7240=CARTESIAN_POINT('Ctrl Pts',(-3.97922751986641,3.97922751986641,0.197749631526101));
#7241=CARTESIAN_POINT('Ctrl Pts',(0.,3.97922751986641,0.197749631526101));
#7242=CARTESIAN_POINT('Ctrl Pts',(3.97922751986641,3.97922751986641,0.197749631526101));
#7243=CARTESIAN_POINT('Ctrl Pts',(3.97922751986641,0.,0.197749631526101));
#7244=CARTESIAN_POINT('Ctrl Pts',(3.97922751986641,-3.97922751986641,0.197749631526101));
#7245=CARTESIAN_POINT('Ctrl Pts',(0.,-3.97922751986641,0.197749631526101));
#7246=CARTESIAN_POINT('Ctrl Pts',(-3.97922751986641,-3.97922751986641,0.197749631526101));
#7247=CARTESIAN_POINT('Ctrl Pts',(-3.97922751986641,0.,0.197749631526101));
#7248=CARTESIAN_POINT('Ctrl Pts',(-3.96956191321612,0.,0.215078346741054));
#7249=CARTESIAN_POINT('Ctrl Pts',(-3.96956191321612,3.96956191321612,0.215078346741054));
#7250=CARTESIAN_POINT('Ctrl Pts',(0.,3.96956191321612,0.215078346741054));
#7251=CARTESIAN_POINT('Ctrl Pts',(3.96956191321612,3.96956191321612,0.215078346741054));
#7252=CARTESIAN_POINT('Ctrl Pts',(3.96956191321612,0.,0.215078346741054));
#7253=CARTESIAN_POINT('Ctrl Pts',(3.96956191321612,-3.96956191321612,0.215078346741054));
#7254=CARTESIAN_POINT('Ctrl Pts',(0.,-3.96956191321612,0.215078346741054));
#7255=CARTESIAN_POINT('Ctrl Pts',(-3.96956191321612,-3.96956191321612,0.215078346741054));
#7256=CARTESIAN_POINT('Ctrl Pts',(-3.96956191321612,0.,0.215078346741054));
#7257=CARTESIAN_POINT('Ctrl Pts',(-3.94903901059912,0.,0.249262530824572));
#7258=CARTESIAN_POINT('Ctrl Pts',(-3.94903901059911,3.94903901059911,0.249262530824572));
#7259=CARTESIAN_POINT('Ctrl Pts',(0.,3.94903901059912,0.249262530824572));
#7260=CARTESIAN_POINT('Ctrl Pts',(3.94903901059911,3.94903901059911,0.249262530824572));
#7261=CARTESIAN_POINT('Ctrl Pts',(3.94903901059912,0.,0.249262530824572));
#7262=CARTESIAN_POINT('Ctrl Pts',(3.94903901059911,-3.94903901059911,0.249262530824572));
#7263=CARTESIAN_POINT('Ctrl Pts',(0.,-3.94903901059912,0.249262530824572));
#7264=CARTESIAN_POINT('Ctrl Pts',(-3.94903901059911,-3.94903901059911,0.249262530824572));
#7265=CARTESIAN_POINT('Ctrl Pts',(-3.94903901059912,0.,0.249262530824572));
#7266=CARTESIAN_POINT('Ctrl Pts',(-3.91467958405274,0.,0.299119069096551));
#7267=CARTESIAN_POINT('Ctrl Pts',(-3.91467958405274,3.91467958405274,0.299119069096551));
#7268=CARTESIAN_POINT('Ctrl Pts',(0.,3.91467958405274,0.299119069096551));
#7269=CARTESIAN_POINT('Ctrl Pts',(3.91467958405274,3.91467958405274,0.299119069096551));
#7270=CARTESIAN_POINT('Ctrl Pts',(3.91467958405274,0.,0.299119069096551));
#7271=CARTESIAN_POINT('Ctrl Pts',(3.91467958405274,-3.91467958405274,0.299119069096551));
#7272=CARTESIAN_POINT('Ctrl Pts',(0.,-3.91467958405274,0.299119069096551));
#7273=CARTESIAN_POINT('Ctrl Pts',(-3.91467958405274,-3.91467958405274,0.299119069096551));
#7274=CARTESIAN_POINT('Ctrl Pts',(-3.91467958405274,0.,0.299119069096551));
#7275=CARTESIAN_POINT('Ctrl Pts',(-3.86170396188042,0.,0.36274982640076));
#7276=CARTESIAN_POINT('Ctrl Pts',(-3.86170396188042,3.86170396188042,0.36274982640076));
#7277=CARTESIAN_POINT('Ctrl Pts',(0.,3.86170396188042,0.36274982640076));
#7278=CARTESIAN_POINT('Ctrl Pts',(3.86170396188042,3.86170396188042,0.36274982640076));
#7279=CARTESIAN_POINT('Ctrl Pts',(3.86170396188042,0.,0.36274982640076));
#7280=CARTESIAN_POINT('Ctrl Pts',(3.86170396188042,-3.86170396188042,0.36274982640076));
#7281=CARTESIAN_POINT('Ctrl Pts',(0.,-3.86170396188042,0.36274982640076));
#7282=CARTESIAN_POINT('Ctrl Pts',(-3.86170396188042,-3.86170396188042,0.36274982640076));
#7283=CARTESIAN_POINT('Ctrl Pts',(-3.86170396188042,0.,0.36274982640076));
#7284=CARTESIAN_POINT('Ctrl Pts',(-3.78359939559246,0.,0.437504491128392));
#7285=CARTESIAN_POINT('Ctrl Pts',(-3.78359939559246,3.78359939559246,0.437504491128392));
#7286=CARTESIAN_POINT('Ctrl Pts',(0.,3.78359939559246,0.437504491128392));
#7287=CARTESIAN_POINT('Ctrl Pts',(3.78359939559246,3.78359939559246,0.437504491128392));
#7288=CARTESIAN_POINT('Ctrl Pts',(3.78359939559246,0.,0.437504491128392));
#7289=CARTESIAN_POINT('Ctrl Pts',(3.78359939559246,-3.78359939559246,0.437504491128392));
#7290=CARTESIAN_POINT('Ctrl Pts',(0.,-3.78359939559246,0.437504491128392));
#7291=CARTESIAN_POINT('Ctrl Pts',(-3.78359939559246,-3.78359939559246,0.437504491128392));
#7292=CARTESIAN_POINT('Ctrl Pts',(-3.78359939559246,0.,0.437504491128392));
#7293=CARTESIAN_POINT('Ctrl Pts',(-3.6939027715522,0.,0.507399076581121));
#7294=CARTESIAN_POINT('Ctrl Pts',(-3.6939027715522,3.6939027715522,0.507399076581121));
#7295=CARTESIAN_POINT('Ctrl Pts',(0.,3.6939027715522,0.507399076581121));
#7296=CARTESIAN_POINT('Ctrl Pts',(3.6939027715522,3.6939027715522,0.507399076581121));
#7297=CARTESIAN_POINT('Ctrl Pts',(3.6939027715522,0.,0.507399076581121));
#7298=CARTESIAN_POINT('Ctrl Pts',(3.6939027715522,-3.6939027715522,0.507399076581121));
#7299=CARTESIAN_POINT('Ctrl Pts',(0.,-3.6939027715522,0.507399076581121));
#7300=CARTESIAN_POINT('Ctrl Pts',(-3.6939027715522,-3.6939027715522,0.507399076581121));
#7301=CARTESIAN_POINT('Ctrl Pts',(-3.6939027715522,0.,0.507399076581121));
#7302=CARTESIAN_POINT('Ctrl Pts',(-3.59330094716327,0.,0.572320885122737));
#7303=CARTESIAN_POINT('Ctrl Pts',(-3.59330094716327,3.59330094716327,0.572320885122737));
#7304=CARTESIAN_POINT('Ctrl Pts',(0.,3.59330094716327,0.572320885122737));
#7305=CARTESIAN_POINT('Ctrl Pts',(3.59330094716327,3.59330094716327,0.572320885122737));
#7306=CARTESIAN_POINT('Ctrl Pts',(3.59330094716327,0.,0.572320885122737));
#7307=CARTESIAN_POINT('Ctrl Pts',(3.59330094716327,-3.59330094716327,0.572320885122737));
#7308=CARTESIAN_POINT('Ctrl Pts',(0.,-3.59330094716327,0.572320885122737));
#7309=CARTESIAN_POINT('Ctrl Pts',(-3.59330094716327,-3.59330094716327,0.572320885122737));
#7310=CARTESIAN_POINT('Ctrl Pts',(-3.59330094716327,0.,0.572320885122737));
#7311=CARTESIAN_POINT('Ctrl Pts',(-3.48303918843098,0.,0.632117855989838));
#7312=CARTESIAN_POINT('Ctrl Pts',(-3.48303918843098,3.48303918843098,0.632117855989838));
#7313=CARTESIAN_POINT('Ctrl Pts',(0.,3.48303918843098,0.632117855989838));
#7314=CARTESIAN_POINT('Ctrl Pts',(3.48303918843098,3.48303918843098,0.632117855989838));
#7315=CARTESIAN_POINT('Ctrl Pts',(3.48303918843098,0.,0.632117855989838));
#7316=CARTESIAN_POINT('Ctrl Pts',(3.48303918843098,-3.48303918843098,0.632117855989838));
#7317=CARTESIAN_POINT('Ctrl Pts',(0.,-3.48303918843098,0.632117855989838));
#7318=CARTESIAN_POINT('Ctrl Pts',(-3.48303918843098,-3.48303918843098,0.632117855989838));
#7319=CARTESIAN_POINT('Ctrl Pts',(-3.48303918843098,0.,0.632117855989838));
#7320=CARTESIAN_POINT('Ctrl Pts',(-3.36507311624345,0.,0.686598024871286));
#7321=CARTESIAN_POINT('Ctrl Pts',(-3.36507311624345,3.36507311624345,0.686598024871286));
#7322=CARTESIAN_POINT('Ctrl Pts',(0.,3.36507311624345,0.686598024871286));
#7323=CARTESIAN_POINT('Ctrl Pts',(3.36507311624345,3.36507311624345,0.686598024871286));
#7324=CARTESIAN_POINT('Ctrl Pts',(3.36507311624345,0.,0.686598024871286));
#7325=CARTESIAN_POINT('Ctrl Pts',(3.36507311624345,-3.36507311624345,0.686598024871286));
#7326=CARTESIAN_POINT('Ctrl Pts',(0.,-3.36507311624345,0.686598024871286));
#7327=CARTESIAN_POINT('Ctrl Pts',(-3.36507311624345,-3.36507311624345,0.686598024871286));
#7328=CARTESIAN_POINT('Ctrl Pts',(-3.36507311624345,0.,0.686598024871286));
#7329=CARTESIAN_POINT('Ctrl Pts',(-3.24176679539429,0.,0.735583633979207));
#7330=CARTESIAN_POINT('Ctrl Pts',(-3.24176679539429,3.24176679539429,0.735583633979207));
#7331=CARTESIAN_POINT('Ctrl Pts',(0.,3.24176679539429,0.735583633979207));
#7332=CARTESIAN_POINT('Ctrl Pts',(3.24176679539429,3.24176679539429,0.735583633979207));
#7333=CARTESIAN_POINT('Ctrl Pts',(3.24176679539429,0.,0.735583633979207));
#7334=CARTESIAN_POINT('Ctrl Pts',(3.24176679539429,-3.24176679539429,0.735583633979207));
#7335=CARTESIAN_POINT('Ctrl Pts',(0.,-3.24176679539429,0.735583633979207));
#7336=CARTESIAN_POINT('Ctrl Pts',(-3.24176679539429,-3.24176679539429,0.735583633979207));
#7337=CARTESIAN_POINT('Ctrl Pts',(-3.24176679539429,0.,0.735583633979207));
#7338=CARTESIAN_POINT('Ctrl Pts',(-3.11561341007078,0.,0.778963054042766));
#7339=CARTESIAN_POINT('Ctrl Pts',(-3.11561341007078,3.11561341007078,0.778963054042766));
#7340=CARTESIAN_POINT('Ctrl Pts',(0.,3.11561341007078,0.778963054042766));
#7341=CARTESIAN_POINT('Ctrl Pts',(3.11561341007078,3.11561341007078,0.778963054042766));
#7342=CARTESIAN_POINT('Ctrl Pts',(3.11561341007078,0.,0.778963054042766));
#7343=CARTESIAN_POINT('Ctrl Pts',(3.11561341007078,-3.11561341007078,0.778963054042766));
#7344=CARTESIAN_POINT('Ctrl Pts',(0.,-3.11561341007078,0.778963054042766));
#7345=CARTESIAN_POINT('Ctrl Pts',(-3.11561341007078,-3.11561341007078,0.778963054042766));
#7346=CARTESIAN_POINT('Ctrl Pts',(-3.11561341007078,0.,0.778963054042766));
#7347=CARTESIAN_POINT('Ctrl Pts',(-2.98894439021954,0.,0.816747394438226));
#7348=CARTESIAN_POINT('Ctrl Pts',(-2.98894439021954,2.98894439021954,0.816747394438226));
#7349=CARTESIAN_POINT('Ctrl Pts',(0.,2.98894439021954,0.816747394438226));
#7350=CARTESIAN_POINT('Ctrl Pts',(2.98894439021954,2.98894439021954,0.816747394438226));
#7351=CARTESIAN_POINT('Ctrl Pts',(2.98894439021954,0.,0.816747394438226));
#7352=CARTESIAN_POINT('Ctrl Pts',(2.98894439021954,-2.98894439021954,0.816747394438226));
#7353=CARTESIAN_POINT('Ctrl Pts',(0.,-2.98894439021954,0.816747394438226));
#7354=CARTESIAN_POINT('Ctrl Pts',(-2.98894439021954,-2.98894439021954,0.816747394438226));
#7355=CARTESIAN_POINT('Ctrl Pts',(-2.98894439021954,0.,0.816747394438226));
#7356=CARTESIAN_POINT('Ctrl Pts',(-2.86365697639064,0.,0.849121885526682));
#7357=CARTESIAN_POINT('Ctrl Pts',(-2.86365697639064,2.86365697639064,0.849121885526682));
#7358=CARTESIAN_POINT('Ctrl Pts',(0.,2.86365697639064,0.849121885526682));
#7359=CARTESIAN_POINT('Ctrl Pts',(2.86365697639064,2.86365697639064,0.849121885526682));
#7360=CARTESIAN_POINT('Ctrl Pts',(2.86365697639064,0.,0.849121885526682));
#7361=CARTESIAN_POINT('Ctrl Pts',(2.86365697639064,-2.86365697639064,0.849121885526682));
#7362=CARTESIAN_POINT('Ctrl Pts',(0.,-2.86365697639064,0.849121885526682));
#7363=CARTESIAN_POINT('Ctrl Pts',(-2.86365697639064,-2.86365697639064,0.849121885526682));
#7364=CARTESIAN_POINT('Ctrl Pts',(-2.86365697639064,0.,0.849121885526682));
#7365=CARTESIAN_POINT('Ctrl Pts',(-2.74089959656543,0.,0.87651457689796));
#7366=CARTESIAN_POINT('Ctrl Pts',(-2.74089959656543,2.74089959656543,0.87651457689796));
#7367=CARTESIAN_POINT('Ctrl Pts',(0.,2.74089959656543,0.87651457689796));
#7368=CARTESIAN_POINT('Ctrl Pts',(2.74089959656543,2.74089959656543,0.87651457689796));
#7369=CARTESIAN_POINT('Ctrl Pts',(2.74089959656543,0.,0.87651457689796));
#7370=CARTESIAN_POINT('Ctrl Pts',(2.74089959656543,-2.74089959656543,0.87651457689796));
#7371=CARTESIAN_POINT('Ctrl Pts',(0.,-2.74089959656543,0.87651457689796));
#7372=CARTESIAN_POINT('Ctrl Pts',(-2.74089959656543,-2.74089959656543,0.87651457689796));
#7373=CARTESIAN_POINT('Ctrl Pts',(-2.74089959656543,0.,0.87651457689796));
#7374=CARTESIAN_POINT('Ctrl Pts',(-2.62086623617004,0.,0.899622260286305));
#7375=CARTESIAN_POINT('Ctrl Pts',(-2.62086623617004,2.62086623617004,0.899622260286305));
#7376=CARTESIAN_POINT('Ctrl Pts',(0.,2.62086623617004,0.899622260286305));
#7377=CARTESIAN_POINT('Ctrl Pts',(2.62086623617004,2.62086623617004,0.899622260286305));
#7378=CARTESIAN_POINT('Ctrl Pts',(2.62086623617004,0.,0.899622260286305));
#7379=CARTESIAN_POINT('Ctrl Pts',(2.62086623617004,-2.62086623617004,0.899622260286305));
#7380=CARTESIAN_POINT('Ctrl Pts',(0.,-2.62086623617004,0.899622260286305));
#7381=CARTESIAN_POINT('Ctrl Pts',(-2.62086623617004,-2.62086623617004,0.899622260286305));
#7382=CARTESIAN_POINT('Ctrl Pts',(-2.62086623617004,0.,0.899622260286305));
#7383=CARTESIAN_POINT('Ctrl Pts',(-2.50312520718878,0.,0.919218797964062));
#7384=CARTESIAN_POINT('Ctrl Pts',(-2.50312520718878,2.50312520718878,0.919218797964062));
#7385=CARTESIAN_POINT('Ctrl Pts',(0.,2.50312520718878,0.919218797964062));
#7386=CARTESIAN_POINT('Ctrl Pts',(2.50312520718878,2.50312520718878,0.919218797964062));
#7387=CARTESIAN_POINT('Ctrl Pts',(2.50312520718878,0.,0.919218797964062));
#7388=CARTESIAN_POINT('Ctrl Pts',(2.50312520718878,-2.50312520718878,0.919218797964062));
#7389=CARTESIAN_POINT('Ctrl Pts',(0.,-2.50312520718878,0.919218797964062));
#7390=CARTESIAN_POINT('Ctrl Pts',(-2.50312520718878,-2.50312520718878,0.919218797964062));
#7391=CARTESIAN_POINT('Ctrl Pts',(-2.50312520718878,0.,0.919218797964062));
#7392=CARTESIAN_POINT('Ctrl Pts',(-2.38686785087108,0.,0.935999115962188));
#7393=CARTESIAN_POINT('Ctrl Pts',(-2.38686785087108,2.38686785087108,0.935999115962188));
#7394=CARTESIAN_POINT('Ctrl Pts',(0.,2.38686785087108,0.935999115962188));
#7395=CARTESIAN_POINT('Ctrl Pts',(2.38686785087108,2.38686785087108,0.935999115962188));
#7396=CARTESIAN_POINT('Ctrl Pts',(2.38686785087108,0.,0.935999115962188));
#7397=CARTESIAN_POINT('Ctrl Pts',(2.38686785087108,-2.38686785087108,0.935999115962188));
#7398=CARTESIAN_POINT('Ctrl Pts',(0.,-2.38686785087108,0.935999115962188));
#7399=CARTESIAN_POINT('Ctrl Pts',(-2.38686785087108,-2.38686785087108,0.935999115962188));
#7400=CARTESIAN_POINT('Ctrl Pts',(-2.38686785087108,0.,0.935999115962188));
#7401=CARTESIAN_POINT('Ctrl Pts',(-2.27119224820535,0.,0.950399478668064));
#7402=CARTESIAN_POINT('Ctrl Pts',(-2.27119224820535,2.27119224820535,0.950399478668064));
#7403=CARTESIAN_POINT('Ctrl Pts',(0.,2.27119224820535,0.950399478668064));
#7404=CARTESIAN_POINT('Ctrl Pts',(2.27119224820535,2.27119224820535,0.950399478668064));
#7405=CARTESIAN_POINT('Ctrl Pts',(2.27119224820535,0.,0.950399478668064));
#7406=CARTESIAN_POINT('Ctrl Pts',(2.27119224820535,-2.27119224820535,0.950399478668064));
#7407=CARTESIAN_POINT('Ctrl Pts',(0.,-2.27119224820535,0.950399478668064));
#7408=CARTESIAN_POINT('Ctrl Pts',(-2.27119224820535,-2.27119224820535,0.950399478668064));
#7409=CARTESIAN_POINT('Ctrl Pts',(-2.27119224820535,0.,0.950399478668064));
#7410=CARTESIAN_POINT('Ctrl Pts',(-2.15535242577468,0.,0.962450853781893));
#7411=CARTESIAN_POINT('Ctrl Pts',(-2.15535242577468,2.15535242577468,0.962450853781893));
#7412=CARTESIAN_POINT('Ctrl Pts',(0.,2.15535242577468,0.962450853781893));
#7413=CARTESIAN_POINT('Ctrl Pts',(2.15535242577468,2.15535242577468,0.962450853781893));
#7414=CARTESIAN_POINT('Ctrl Pts',(2.15535242577468,0.,0.962450853781893));
#7415=CARTESIAN_POINT('Ctrl Pts',(2.15535242577468,-2.15535242577468,0.962450853781893));
#7416=CARTESIAN_POINT('Ctrl Pts',(0.,-2.15535242577468,0.962450853781893));
#7417=CARTESIAN_POINT('Ctrl Pts',(-2.15535242577468,-2.15535242577468,0.962450853781893));
#7418=CARTESIAN_POINT('Ctrl Pts',(-2.15535242577468,0.,0.962450853781893));
#7419=CARTESIAN_POINT('Ctrl Pts',(-2.03906840460602,0.,0.971554888046006));
#7420=CARTESIAN_POINT('Ctrl Pts',(-2.03906840460602,2.03906840460602,0.971554888046006));
#7421=CARTESIAN_POINT('Ctrl Pts',(0.,2.03906840460602,0.971554888046006));
#7422=CARTESIAN_POINT('Ctrl Pts',(2.03906840460602,2.03906840460602,0.971554888046006));
#7423=CARTESIAN_POINT('Ctrl Pts',(2.03906840460602,0.,0.971554888046006));
#7424=CARTESIAN_POINT('Ctrl Pts',(2.03906840460602,-2.03906840460602,0.971554888046006));
#7425=CARTESIAN_POINT('Ctrl Pts',(0.,-2.03906840460602,0.971554888046006));
#7426=CARTESIAN_POINT('Ctrl Pts',(-2.03906840460602,-2.03906840460602,0.971554888046006));
#7427=CARTESIAN_POINT('Ctrl Pts',(-2.03906840460602,0.,0.971554888046006));
#7428=CARTESIAN_POINT('Ctrl Pts',(-1.92255062295824,0.,0.976636107980014));
#7429=CARTESIAN_POINT('Ctrl Pts',(-1.92255062295824,1.92255062295824,0.976636107980014));
#7430=CARTESIAN_POINT('Ctrl Pts',(0.,1.92255062295824,0.976636107980014));
#7431=CARTESIAN_POINT('Ctrl Pts',(1.92255062295824,1.92255062295824,0.976636107980014));
#7432=CARTESIAN_POINT('Ctrl Pts',(1.92255062295824,0.,0.976636107980014));
#7433=CARTESIAN_POINT('Ctrl Pts',(1.92255062295824,-1.92255062295824,0.976636107980014));
#7434=CARTESIAN_POINT('Ctrl Pts',(0.,-1.92255062295824,0.976636107980014));
#7435=CARTESIAN_POINT('Ctrl Pts',(-1.92255062295824,-1.92255062295824,0.976636107980014));
#7436=CARTESIAN_POINT('Ctrl Pts',(-1.92255062295824,0.,0.976636107980014));
#7437=CARTESIAN_POINT('Ctrl Pts',(-1.80641214232516,0.,0.976435966935737));
#7438=CARTESIAN_POINT('Ctrl Pts',(-1.80641214232516,1.80641214232516,0.976435966935737));
#7439=CARTESIAN_POINT('Ctrl Pts',(0.,1.80641214232516,0.976435966935737));
#7440=CARTESIAN_POINT('Ctrl Pts',(1.80641214232516,1.80641214232516,0.976435966935737));
#7441=CARTESIAN_POINT('Ctrl Pts',(1.80641214232516,0.,0.976435966935737));
#7442=CARTESIAN_POINT('Ctrl Pts',(1.80641214232516,-1.80641214232516,0.976435966935737));
#7443=CARTESIAN_POINT('Ctrl Pts',(0.,-1.80641214232516,0.976435966935737));
#7444=CARTESIAN_POINT('Ctrl Pts',(-1.80641214232516,-1.80641214232516,0.976435966935737));
#7445=CARTESIAN_POINT('Ctrl Pts',(-1.80641214232516,0.,0.976435966935737));
#7446=CARTESIAN_POINT('Ctrl Pts',(-1.69162249255293,0.,0.969772211571166));
#7447=CARTESIAN_POINT('Ctrl Pts',(-1.69162249255293,1.69162249255293,0.969772211571166));
#7448=CARTESIAN_POINT('Ctrl Pts',(0.,1.69162249255293,0.969772211571166));
#7449=CARTESIAN_POINT('Ctrl Pts',(1.69162249255293,1.69162249255293,0.969772211571166));
#7450=CARTESIAN_POINT('Ctrl Pts',(1.69162249255293,0.,0.969772211571166));
#7451=CARTESIAN_POINT('Ctrl Pts',(1.69162249255293,-1.69162249255293,0.969772211571166));
#7452=CARTESIAN_POINT('Ctrl Pts',(0.,-1.69162249255293,0.969772211571166));
#7453=CARTESIAN_POINT('Ctrl Pts',(-1.69162249255293,-1.69162249255293,0.969772211571166));
#7454=CARTESIAN_POINT('Ctrl Pts',(-1.69162249255293,0.,0.969772211571166));
#7455=CARTESIAN_POINT('Ctrl Pts',(-1.57944180527734,0.,0.955786475505323));
#7456=CARTESIAN_POINT('Ctrl Pts',(-1.57944180527734,1.57944180527734,0.955786475505323));
#7457=CARTESIAN_POINT('Ctrl Pts',(0.,1.57944180527734,0.955786475505323));
#7458=CARTESIAN_POINT('Ctrl Pts',(1.57944180527734,1.57944180527734,0.955786475505323));
#7459=CARTESIAN_POINT('Ctrl Pts',(1.57944180527734,0.,0.955786475505323));
#7460=CARTESIAN_POINT('Ctrl Pts',(1.57944180527734,-1.57944180527734,0.955786475505323));
#7461=CARTESIAN_POINT('Ctrl Pts',(0.,-1.57944180527734,0.955786475505323));
#7462=CARTESIAN_POINT('Ctrl Pts',(-1.57944180527734,-1.57944180527734,0.955786475505323));
#7463=CARTESIAN_POINT('Ctrl Pts',(-1.57944180527734,0.,0.955786475505323));
#7464=CARTESIAN_POINT('Ctrl Pts',(-1.4713780763315,0.,0.934266608550244));
#7465=CARTESIAN_POINT('Ctrl Pts',(-1.4713780763315,1.4713780763315,0.934266608550244));
#7466=CARTESIAN_POINT('Ctrl Pts',(0.,1.4713780763315,0.934266608550244));
#7467=CARTESIAN_POINT('Ctrl Pts',(1.4713780763315,1.4713780763315,0.934266608550244));
#7468=CARTESIAN_POINT('Ctrl Pts',(1.4713780763315,0.,0.934266608550244));
#7469=CARTESIAN_POINT('Ctrl Pts',(1.4713780763315,-1.4713780763315,0.934266608550244));
#7470=CARTESIAN_POINT('Ctrl Pts',(0.,-1.4713780763315,0.934266608550244));
#7471=CARTESIAN_POINT('Ctrl Pts',(-1.4713780763315,-1.4713780763315,0.934266608550244));
#7472=CARTESIAN_POINT('Ctrl Pts',(-1.4713780763315,0.,0.934266608550244));
#7473=CARTESIAN_POINT('Ctrl Pts',(-1.36909118420228,0.,0.905701408132455));
#7474=CARTESIAN_POINT('Ctrl Pts',(-1.36909118420228,1.36909118420228,0.905701408132455));
#7475=CARTESIAN_POINT('Ctrl Pts',(0.,1.36909118420228,0.905701408132455));
#7476=CARTESIAN_POINT('Ctrl Pts',(1.36909118420228,1.36909118420228,0.905701408132455));
#7477=CARTESIAN_POINT('Ctrl Pts',(1.36909118420228,0.,0.905701408132455));
#7478=CARTESIAN_POINT('Ctrl Pts',(1.36909118420228,-1.36909118420228,0.905701408132455));
#7479=CARTESIAN_POINT('Ctrl Pts',(0.,-1.36909118420228,0.905701408132455));
#7480=CARTESIAN_POINT('Ctrl Pts',(-1.36909118420228,-1.36909118420228,0.905701408132455));
#7481=CARTESIAN_POINT('Ctrl Pts',(-1.36909118420228,0.,0.905701408132455));
#7482=CARTESIAN_POINT('Ctrl Pts',(-1.27423529588645,0.,0.870973750764244));
#7483=CARTESIAN_POINT('Ctrl Pts',(-1.27423529588645,1.27423529588645,0.870973750764244));
#7484=CARTESIAN_POINT('Ctrl Pts',(0.,1.27423529588645,0.870973750764244));
#7485=CARTESIAN_POINT('Ctrl Pts',(1.27423529588645,1.27423529588645,0.870973750764244));
#7486=CARTESIAN_POINT('Ctrl Pts',(1.27423529588645,0.,0.870973750764244));
#7487=CARTESIAN_POINT('Ctrl Pts',(1.27423529588645,-1.27423529588645,0.870973750764244));
#7488=CARTESIAN_POINT('Ctrl Pts',(0.,-1.27423529588645,0.870973750764244));
#7489=CARTESIAN_POINT('Ctrl Pts',(-1.27423529588645,-1.27423529588645,0.870973750764244));
#7490=CARTESIAN_POINT('Ctrl Pts',(-1.27423529588645,0.,0.870973750764244));
#7491=CARTESIAN_POINT('Ctrl Pts',(-1.18830740722293,0.,0.831139469637301));
#7492=CARTESIAN_POINT('Ctrl Pts',(-1.18830740722293,1.18830740722293,0.831139469637301));
#7493=CARTESIAN_POINT('Ctrl Pts',(0.,1.18830740722293,0.831139469637301));
#7494=CARTESIAN_POINT('Ctrl Pts',(1.18830740722293,1.18830740722293,0.831139469637301));
#7495=CARTESIAN_POINT('Ctrl Pts',(1.18830740722293,0.,0.831139469637301));
#7496=CARTESIAN_POINT('Ctrl Pts',(1.18830740722293,-1.18830740722293,0.831139469637301));
#7497=CARTESIAN_POINT('Ctrl Pts',(0.,-1.18830740722293,0.831139469637301));
#7498=CARTESIAN_POINT('Ctrl Pts',(-1.18830740722293,-1.18830740722293,0.831139469637301));
#7499=CARTESIAN_POINT('Ctrl Pts',(-1.18830740722293,0.,0.831139469637301));
#7500=CARTESIAN_POINT('Ctrl Pts',(-1.11250843540665,0.,0.787193190918452));
#7501=CARTESIAN_POINT('Ctrl Pts',(-1.11250843540665,1.11250843540665,0.787193190918452));
#7502=CARTESIAN_POINT('Ctrl Pts',(0.,1.11250843540665,0.787193190918452));
#7503=CARTESIAN_POINT('Ctrl Pts',(1.11250843540665,1.11250843540665,0.787193190918452));
#7504=CARTESIAN_POINT('Ctrl Pts',(1.11250843540665,0.,0.787193190918452));
#7505=CARTESIAN_POINT('Ctrl Pts',(1.11250843540665,-1.11250843540665,0.787193190918452));
#7506=CARTESIAN_POINT('Ctrl Pts',(0.,-1.11250843540665,0.787193190918452));
#7507=CARTESIAN_POINT('Ctrl Pts',(-1.11250843540665,-1.11250843540665,0.787193190918452));
#7508=CARTESIAN_POINT('Ctrl Pts',(-1.11250843540665,0.,0.787193190918452));
#7509=CARTESIAN_POINT('Ctrl Pts',(-1.04755120380037,0.,0.739794248737515));
#7510=CARTESIAN_POINT('Ctrl Pts',(-1.04755120380037,1.04755120380037,0.739794248737515));
#7511=CARTESIAN_POINT('Ctrl Pts',(0.,1.04755120380037,0.739794248737515));
#7512=CARTESIAN_POINT('Ctrl Pts',(1.04755120380037,1.04755120380037,0.739794248737515));
#7513=CARTESIAN_POINT('Ctrl Pts',(1.04755120380037,0.,0.739794248737515));
#7514=CARTESIAN_POINT('Ctrl Pts',(1.04755120380037,-1.04755120380037,0.739794248737515));
#7515=CARTESIAN_POINT('Ctrl Pts',(0.,-1.04755120380037,0.739794248737515));
#7516=CARTESIAN_POINT('Ctrl Pts',(-1.04755120380037,-1.04755120380037,0.739794248737515));
#7517=CARTESIAN_POINT('Ctrl Pts',(-1.04755120380037,0.,0.739794248737515));
#7518=CARTESIAN_POINT('Ctrl Pts',(-1.00449576816689,0.,0.699375628833483));
#7519=CARTESIAN_POINT('Ctrl Pts',(-1.00449576816689,1.00449576816689,0.699375628833483));
#7520=CARTESIAN_POINT('Ctrl Pts',(0.,1.00449576816689,0.699375628833483));
#7521=CARTESIAN_POINT('Ctrl Pts',(1.00449576816689,1.00449576816689,0.699375628833483));
#7522=CARTESIAN_POINT('Ctrl Pts',(1.00449576816689,0.,0.699375628833483));
#7523=CARTESIAN_POINT('Ctrl Pts',(1.00449576816689,-1.00449576816689,0.699375628833483));
#7524=CARTESIAN_POINT('Ctrl Pts',(0.,-1.00449576816689,0.699375628833483));
#7525=CARTESIAN_POINT('Ctrl Pts',(-1.00449576816689,-1.00449576816689,0.699375628833483));
#7526=CARTESIAN_POINT('Ctrl Pts',(-1.00449576816689,0.,0.699375628833483));
#7527=CARTESIAN_POINT('Ctrl Pts',(-0.977244086793561,0.,0.667711963676549));
#7528=CARTESIAN_POINT('Ctrl Pts',(-0.97724408679356,0.97724408679356,0.667711963676549));
#7529=CARTESIAN_POINT('Ctrl Pts',(0.,0.977244086793561,0.667711963676549));
#7530=CARTESIAN_POINT('Ctrl Pts',(0.97724408679356,0.97724408679356,0.667711963676549));
#7531=CARTESIAN_POINT('Ctrl Pts',(0.977244086793561,0.,0.667711963676549));
#7532=CARTESIAN_POINT('Ctrl Pts',(0.97724408679356,-0.97724408679356,0.667711963676549));
#7533=CARTESIAN_POINT('Ctrl Pts',(0.,-0.977244086793561,0.667711963676549));
#7534=CARTESIAN_POINT('Ctrl Pts',(-0.97724408679356,-0.97724408679356,0.667711963676549));
#7535=CARTESIAN_POINT('Ctrl Pts',(-0.977244086793561,0.,0.667711963676549));
#7536=CARTESIAN_POINT('Ctrl Pts',(-0.961311967883148,0.,0.646003817502658));
#7537=CARTESIAN_POINT('Ctrl Pts',(-0.961311967883148,0.961311967883148,
0.646003817502658));
#7538=CARTESIAN_POINT('Ctrl Pts',(0.,0.961311967883148,0.646003817502658));
#7539=CARTESIAN_POINT('Ctrl Pts',(0.961311967883148,0.961311967883148,0.646003817502658));
#7540=CARTESIAN_POINT('Ctrl Pts',(0.961311967883148,0.,0.646003817502658));
#7541=CARTESIAN_POINT('Ctrl Pts',(0.961311967883148,-0.961311967883148,
0.646003817502658));
#7542=CARTESIAN_POINT('Ctrl Pts',(0.,-0.961311967883148,0.646003817502658));
#7543=CARTESIAN_POINT('Ctrl Pts',(-0.961311967883148,-0.961311967883148,
0.646003817502658));
#7544=CARTESIAN_POINT('Ctrl Pts',(-0.961311967883148,0.,0.646003817502658));
#7545=CARTESIAN_POINT('Ctrl Pts',(-0.953904839200302,0.,0.635));
#7546=CARTESIAN_POINT('Ctrl Pts',(-0.953904839200302,0.953904839200302,
0.635));
#7547=CARTESIAN_POINT('Ctrl Pts',(0.,0.953904839200302,0.635));
#7548=CARTESIAN_POINT('Ctrl Pts',(0.953904839200302,0.953904839200302,0.635));
#7549=CARTESIAN_POINT('Ctrl Pts',(0.953904839200302,0.,0.635));
#7550=CARTESIAN_POINT('Ctrl Pts',(0.953904839200302,-0.953904839200302,
0.635));
#7551=CARTESIAN_POINT('Ctrl Pts',(0.,-0.953904839200302,0.635));
#7552=CARTESIAN_POINT('Ctrl Pts',(-0.953904839200302,-0.953904839200302,
0.635));
#7553=CARTESIAN_POINT('Ctrl Pts',(-0.953904839200302,0.,0.635));
#7554=CARTESIAN_POINT('Origin',(0.,0.,0.635));
#7555=CARTESIAN_POINT('Origin',(0.,0.,0.197749631526101));
#7556=CARTESIAN_POINT('Ctrl Pts',(-1.27,0.,0.635));
#7557=CARTESIAN_POINT('Ctrl Pts',(-1.27,1.27,0.635));
#7558=CARTESIAN_POINT('Ctrl Pts',(0.,1.27,0.635));
#7559=CARTESIAN_POINT('Ctrl Pts',(1.27,1.27,0.635));
#7560=CARTESIAN_POINT('Ctrl Pts',(1.27,0.,0.635));
#7561=CARTESIAN_POINT('Ctrl Pts',(1.27,-1.27,0.635));
#7562=CARTESIAN_POINT('Ctrl Pts',(0.,-1.27,0.635));
#7563=CARTESIAN_POINT('Ctrl Pts',(-1.27,-1.27,0.635));
#7564=CARTESIAN_POINT('Ctrl Pts',(-1.27,0.,0.635));
#7565=CARTESIAN_POINT('Ctrl Pts',(-1.28976000903809,0.,0.644654633909946));
#7566=CARTESIAN_POINT('Ctrl Pts',(-1.28976000903809,1.28976000903809,0.644654633909946));
#7567=CARTESIAN_POINT('Ctrl Pts',(0.,1.28976000903809,0.644654633909946));
#7568=CARTESIAN_POINT('Ctrl Pts',(1.28976000903809,1.28976000903809,0.644654633909946));
#7569=CARTESIAN_POINT('Ctrl Pts',(1.28976000903809,0.,0.644654633909946));
#7570=CARTESIAN_POINT('Ctrl Pts',(1.28976000903809,-1.28976000903809,0.644654633909946));
#7571=CARTESIAN_POINT('Ctrl Pts',(0.,-1.28976000903809,0.644654633909946));
#7572=CARTESIAN_POINT('Ctrl Pts',(-1.28976000903809,-1.28976000903809,0.644654633909946));
#7573=CARTESIAN_POINT('Ctrl Pts',(-1.28976000903809,0.,0.644654633909946));
#7574=CARTESIAN_POINT('Ctrl Pts',(-1.33005338904588,0.,0.663091609763323));
#7575=CARTESIAN_POINT('Ctrl Pts',(-1.33005338904588,1.33005338904588,0.663091609763323));
#7576=CARTESIAN_POINT('Ctrl Pts',(0.,1.33005338904588,0.663091609763323));
#7577=CARTESIAN_POINT('Ctrl Pts',(1.33005338904588,1.33005338904588,0.663091609763323));
#7578=CARTESIAN_POINT('Ctrl Pts',(1.33005338904588,0.,0.663091609763323));
#7579=CARTESIAN_POINT('Ctrl Pts',(1.33005338904588,-1.33005338904588,0.663091609763323));
#7580=CARTESIAN_POINT('Ctrl Pts',(0.,-1.33005338904588,0.663091609763323));
#7581=CARTESIAN_POINT('Ctrl Pts',(-1.33005338904588,-1.33005338904588,0.663091609763323));
#7582=CARTESIAN_POINT('Ctrl Pts',(-1.33005338904588,0.,0.663091609763323));
#7583=CARTESIAN_POINT('Ctrl Pts',(-1.39281356358397,0.,0.688130181283886));
#7584=CARTESIAN_POINT('Ctrl Pts',(-1.39281356358397,1.39281356358397,0.688130181283886));
#7585=CARTESIAN_POINT('Ctrl Pts',(0.,1.39281356358397,0.688130181283886));
#7586=CARTESIAN_POINT('Ctrl Pts',(1.39281356358397,1.39281356358397,0.688130181283886));
#7587=CARTESIAN_POINT('Ctrl Pts',(1.39281356358397,0.,0.688130181283886));
#7588=CARTESIAN_POINT('Ctrl Pts',(1.39281356358397,-1.39281356358397,0.688130181283886));
#7589=CARTESIAN_POINT('Ctrl Pts',(0.,-1.39281356358397,0.688130181283886));
#7590=CARTESIAN_POINT('Ctrl Pts',(-1.39281356358397,-1.39281356358397,0.688130181283886));
#7591=CARTESIAN_POINT('Ctrl Pts',(-1.39281356358397,0.,0.688130181283886));
#7592=CARTESIAN_POINT('Ctrl Pts',(-1.48115277756041,0.,0.716259945171289));
#7593=CARTESIAN_POINT('Ctrl Pts',(-1.48115277756041,1.48115277756041,0.716259945171289));
#7594=CARTESIAN_POINT('Ctrl Pts',(0.,1.48115277756041,0.716259945171289));
#7595=CARTESIAN_POINT('Ctrl Pts',(1.48115277756041,1.48115277756041,0.716259945171289));
#7596=CARTESIAN_POINT('Ctrl Pts',(1.48115277756041,0.,0.716259945171289));
#7597=CARTESIAN_POINT('Ctrl Pts',(1.48115277756041,-1.48115277756041,0.716259945171289));
#7598=CARTESIAN_POINT('Ctrl Pts',(0.,-1.48115277756041,0.716259945171289));
#7599=CARTESIAN_POINT('Ctrl Pts',(-1.48115277756041,-1.48115277756041,0.716259945171289));
#7600=CARTESIAN_POINT('Ctrl Pts',(-1.48115277756041,0.,0.716259945171289));
#7601=CARTESIAN_POINT('Ctrl Pts',(-1.59940380111457,0.,0.742561927287715));
#7602=CARTESIAN_POINT('Ctrl Pts',(-1.59940380111457,1.59940380111457,0.742561927287715));
#7603=CARTESIAN_POINT('Ctrl Pts',(0.,1.59940380111457,0.742561927287715));
#7604=CARTESIAN_POINT('Ctrl Pts',(1.59940380111457,1.59940380111457,0.742561927287715));
#7605=CARTESIAN_POINT('Ctrl Pts',(1.59940380111457,0.,0.742561927287715));
#7606=CARTESIAN_POINT('Ctrl Pts',(1.59940380111457,-1.59940380111457,0.742561927287715));
#7607=CARTESIAN_POINT('Ctrl Pts',(0.,-1.59940380111457,0.742561927287715));
#7608=CARTESIAN_POINT('Ctrl Pts',(-1.59940380111457,-1.59940380111457,0.742561927287715));
#7609=CARTESIAN_POINT('Ctrl Pts',(-1.59940380111457,0.,0.742561927287715));
#7610=CARTESIAN_POINT('Ctrl Pts',(-1.72546868968633,0.,0.759921593770094));
#7611=CARTESIAN_POINT('Ctrl Pts',(-1.72546868968633,1.72546868968633,0.759921593770094));
#7612=CARTESIAN_POINT('Ctrl Pts',(0.,1.72546868968633,0.759921593770094));
#7613=CARTESIAN_POINT('Ctrl Pts',(1.72546868968633,1.72546868968633,0.759921593770094));
#7614=CARTESIAN_POINT('Ctrl Pts',(1.72546868968633,0.,0.759921593770094));
#7615=CARTESIAN_POINT('Ctrl Pts',(1.72546868968633,-1.72546868968633,0.759921593770094));
#7616=CARTESIAN_POINT('Ctrl Pts',(0.,-1.72546868968633,0.759921593770094));
#7617=CARTESIAN_POINT('Ctrl Pts',(-1.72546868968633,-1.72546868968633,0.759921593770094));
#7618=CARTESIAN_POINT('Ctrl Pts',(-1.72546868968633,0.,0.759921593770094));
#7619=CARTESIAN_POINT('Ctrl Pts',(-1.85917266805368,0.,0.768342464494351));
#7620=CARTESIAN_POINT('Ctrl Pts',(-1.85917266805368,1.85917266805368,0.768342464494351));
#7621=CARTESIAN_POINT('Ctrl Pts',(0.,1.85917266805368,0.768342464494351));
#7622=CARTESIAN_POINT('Ctrl Pts',(1.85917266805368,1.85917266805368,0.768342464494351));
#7623=CARTESIAN_POINT('Ctrl Pts',(1.85917266805368,0.,0.768342464494351));
#7624=CARTESIAN_POINT('Ctrl Pts',(1.85917266805368,-1.85917266805368,0.768342464494351));
#7625=CARTESIAN_POINT('Ctrl Pts',(0.,-1.85917266805368,0.768342464494351));
#7626=CARTESIAN_POINT('Ctrl Pts',(-1.85917266805368,-1.85917266805368,0.768342464494351));
#7627=CARTESIAN_POINT('Ctrl Pts',(-1.85917266805368,0.,0.768342464494351));
#7628=CARTESIAN_POINT('Ctrl Pts',(-2.00005900374125,0.,0.768011316095539));
#7629=CARTESIAN_POINT('Ctrl Pts',(-2.00005900374125,2.00005900374125,0.768011316095539));
#7630=CARTESIAN_POINT('Ctrl Pts',(0.,2.00005900374125,0.768011316095539));
#7631=CARTESIAN_POINT('Ctrl Pts',(2.00005900374125,2.00005900374125,0.768011316095539));
#7632=CARTESIAN_POINT('Ctrl Pts',(2.00005900374125,0.,0.768011316095539));
#7633=CARTESIAN_POINT('Ctrl Pts',(2.00005900374125,-2.00005900374125,0.768011316095539));
#7634=CARTESIAN_POINT('Ctrl Pts',(0.,-2.00005900374125,0.768011316095539));
#7635=CARTESIAN_POINT('Ctrl Pts',(-2.00005900374125,-2.00005900374125,0.768011316095539));
#7636=CARTESIAN_POINT('Ctrl Pts',(-2.00005900374125,0.,0.768011316095539));
#7637=CARTESIAN_POINT('Ctrl Pts',(-2.14737033868111,0.,0.75930282290649));
#7638=CARTESIAN_POINT('Ctrl Pts',(-2.14737033868111,2.14737033868111,0.75930282290649));
#7639=CARTESIAN_POINT('Ctrl Pts',(0.,2.14737033868111,0.75930282290649));
#7640=CARTESIAN_POINT('Ctrl Pts',(2.14737033868111,2.14737033868111,0.75930282290649));
#7641=CARTESIAN_POINT('Ctrl Pts',(2.14737033868111,0.,0.75930282290649));
#7642=CARTESIAN_POINT('Ctrl Pts',(2.14737033868111,-2.14737033868111,0.75930282290649));
#7643=CARTESIAN_POINT('Ctrl Pts',(0.,-2.14737033868111,0.75930282290649));
#7644=CARTESIAN_POINT('Ctrl Pts',(-2.14737033868111,-2.14737033868111,0.75930282290649));
#7645=CARTESIAN_POINT('Ctrl Pts',(-2.14737033868111,0.,0.75930282290649));
#7646=CARTESIAN_POINT('Ctrl Pts',(-2.3000902151504,0.,0.742730189490773));
#7647=CARTESIAN_POINT('Ctrl Pts',(-2.3000902151504,2.3000902151504,0.742730189490773));
#7648=CARTESIAN_POINT('Ctrl Pts',(0.,2.3000902151504,0.742730189490773));
#7649=CARTESIAN_POINT('Ctrl Pts',(2.3000902151504,2.3000902151504,0.742730189490773));
#7650=CARTESIAN_POINT('Ctrl Pts',(2.3000902151504,0.,0.742730189490773));
#7651=CARTESIAN_POINT('Ctrl Pts',(2.3000902151504,-2.3000902151504,0.742730189490773));
#7652=CARTESIAN_POINT('Ctrl Pts',(0.,-2.3000902151504,0.742730189490773));
#7653=CARTESIAN_POINT('Ctrl Pts',(-2.3000902151504,-2.3000902151504,0.742730189490773));
#7654=CARTESIAN_POINT('Ctrl Pts',(-2.3000902151504,0.,0.742730189490773));
#7655=CARTESIAN_POINT('Ctrl Pts',(-2.45695303185239,0.,0.7189240388291));
#7656=CARTESIAN_POINT('Ctrl Pts',(-2.45695303185239,2.45695303185239,0.7189240388291));
#7657=CARTESIAN_POINT('Ctrl Pts',(0.,2.45695303185239,0.7189240388291));
#7658=CARTESIAN_POINT('Ctrl Pts',(2.45695303185239,2.45695303185239,0.7189240388291));
#7659=CARTESIAN_POINT('Ctrl Pts',(2.45695303185239,0.,0.7189240388291));
#7660=CARTESIAN_POINT('Ctrl Pts',(2.45695303185239,-2.45695303185239,0.7189240388291));
#7661=CARTESIAN_POINT('Ctrl Pts',(0.,-2.45695303185239,0.7189240388291));
#7662=CARTESIAN_POINT('Ctrl Pts',(-2.45695303185239,-2.45695303185239,0.7189240388291));
#7663=CARTESIAN_POINT('Ctrl Pts',(-2.45695303185239,0.,0.7189240388291));
#7664=CARTESIAN_POINT('Ctrl Pts',(-2.61646167437853,0.,0.688608589764148));
#7665=CARTESIAN_POINT('Ctrl Pts',(-2.61646167437853,2.61646167437853,0.688608589764148));
#7666=CARTESIAN_POINT('Ctrl Pts',(0.,2.61646167437853,0.688608589764148));
#7667=CARTESIAN_POINT('Ctrl Pts',(2.61646167437853,2.61646167437853,0.688608589764148));
#7668=CARTESIAN_POINT('Ctrl Pts',(2.61646167437853,0.,0.688608589764148));
#7669=CARTESIAN_POINT('Ctrl Pts',(2.61646167437853,-2.61646167437853,0.688608589764148));
#7670=CARTESIAN_POINT('Ctrl Pts',(0.,-2.61646167437853,0.688608589764148));
#7671=CARTESIAN_POINT('Ctrl Pts',(-2.61646167437853,-2.61646167437853,0.688608589764148));
#7672=CARTESIAN_POINT('Ctrl Pts',(-2.61646167437853,0.,0.688608589764148));
#7673=CARTESIAN_POINT('Ctrl Pts',(-2.77688015186133,0.,0.652593820270341));
#7674=CARTESIAN_POINT('Ctrl Pts',(-2.77688015186133,2.77688015186133,0.652593820270341));
#7675=CARTESIAN_POINT('Ctrl Pts',(0.,2.77688015186133,0.652593820270341));
#7676=CARTESIAN_POINT('Ctrl Pts',(2.77688015186133,2.77688015186133,0.652593820270341));
#7677=CARTESIAN_POINT('Ctrl Pts',(2.77688015186133,0.,0.652593820270341));
#7678=CARTESIAN_POINT('Ctrl Pts',(2.77688015186133,-2.77688015186133,0.652593820270341));
#7679=CARTESIAN_POINT('Ctrl Pts',(0.,-2.77688015186133,0.652593820270341));
#7680=CARTESIAN_POINT('Ctrl Pts',(-2.77688015186133,-2.77688015186133,0.652593820270341));
#7681=CARTESIAN_POINT('Ctrl Pts',(-2.77688015186133,0.,0.652593820270341));
#7682=CARTESIAN_POINT('Ctrl Pts',(-2.93627072850678,0.,0.611754084878089));
#7683=CARTESIAN_POINT('Ctrl Pts',(-2.93627072850678,2.93627072850678,0.611754084878089));
#7684=CARTESIAN_POINT('Ctrl Pts',(0.,2.93627072850678,0.611754084878089));
#7685=CARTESIAN_POINT('Ctrl Pts',(2.93627072850678,2.93627072850678,0.611754084878089));
#7686=CARTESIAN_POINT('Ctrl Pts',(2.93627072850678,0.,0.611754084878089));
#7687=CARTESIAN_POINT('Ctrl Pts',(2.93627072850678,-2.93627072850678,0.611754084878089));
#7688=CARTESIAN_POINT('Ctrl Pts',(0.,-2.93627072850678,0.611754084878089));
#7689=CARTESIAN_POINT('Ctrl Pts',(-2.93627072850678,-2.93627072850678,0.611754084878089));
#7690=CARTESIAN_POINT('Ctrl Pts',(-2.93627072850678,0.,0.611754084878089));
#7691=CARTESIAN_POINT('Ctrl Pts',(-3.09264260186243,0.,0.566969093104279));
#7692=CARTESIAN_POINT('Ctrl Pts',(-3.09264260186243,3.09264260186243,0.566969093104279));
#7693=CARTESIAN_POINT('Ctrl Pts',(0.,3.09264260186243,0.566969093104279));
#7694=CARTESIAN_POINT('Ctrl Pts',(3.09264260186243,3.09264260186243,0.566969093104279));
#7695=CARTESIAN_POINT('Ctrl Pts',(3.09264260186243,0.,0.566969093104279));
#7696=CARTESIAN_POINT('Ctrl Pts',(3.09264260186243,-3.09264260186243,0.566969093104279));
#7697=CARTESIAN_POINT('Ctrl Pts',(0.,-3.09264260186243,0.566969093104279));
#7698=CARTESIAN_POINT('Ctrl Pts',(-3.09264260186243,-3.09264260186243,0.566969093104279));
#7699=CARTESIAN_POINT('Ctrl Pts',(-3.09264260186243,0.,0.566969093104279));
#7700=CARTESIAN_POINT('Ctrl Pts',(-3.2440743653528,0.,0.519078081530674));
#7701=CARTESIAN_POINT('Ctrl Pts',(-3.2440743653528,3.2440743653528,0.519078081530674));
#7702=CARTESIAN_POINT('Ctrl Pts',(0.,3.2440743653528,0.519078081530674));
#7703=CARTESIAN_POINT('Ctrl Pts',(3.2440743653528,3.2440743653528,0.519078081530674));
#7704=CARTESIAN_POINT('Ctrl Pts',(3.2440743653528,0.,0.519078081530674));
#7705=CARTESIAN_POINT('Ctrl Pts',(3.2440743653528,-3.2440743653528,0.519078081530674));
#7706=CARTESIAN_POINT('Ctrl Pts',(0.,-3.2440743653528,0.519078081530674));
#7707=CARTESIAN_POINT('Ctrl Pts',(-3.2440743653528,-3.2440743653528,0.519078081530674));
#7708=CARTESIAN_POINT('Ctrl Pts',(-3.2440743653528,0.,0.519078081530674));
#7709=CARTESIAN_POINT('Ctrl Pts',(-3.3888580194275,0.,0.46883081109457));
#7710=CARTESIAN_POINT('Ctrl Pts',(-3.3888580194275,3.3888580194275,0.46883081109457));
#7711=CARTESIAN_POINT('Ctrl Pts',(0.,3.3888580194275,0.46883081109457));
#7712=CARTESIAN_POINT('Ctrl Pts',(3.3888580194275,3.3888580194275,0.46883081109457));
#7713=CARTESIAN_POINT('Ctrl Pts',(3.3888580194275,0.,0.46883081109457));
#7714=CARTESIAN_POINT('Ctrl Pts',(3.3888580194275,-3.3888580194275,0.46883081109457));
#7715=CARTESIAN_POINT('Ctrl Pts',(0.,-3.3888580194275,0.46883081109457));
#7716=CARTESIAN_POINT('Ctrl Pts',(-3.3888580194275,-3.3888580194275,0.46883081109457));
#7717=CARTESIAN_POINT('Ctrl Pts',(-3.3888580194275,0.,0.46883081109457));
#7718=CARTESIAN_POINT('Ctrl Pts',(-3.52562344177953,0.,0.41684712354818));
#7719=CARTESIAN_POINT('Ctrl Pts',(-3.52562344177953,3.52562344177953,0.41684712354818));
#7720=CARTESIAN_POINT('Ctrl Pts',(0.,3.52562344177953,0.41684712354818));
#7721=CARTESIAN_POINT('Ctrl Pts',(3.52562344177953,3.52562344177953,0.41684712354818));
#7722=CARTESIAN_POINT('Ctrl Pts',(3.52562344177953,0.,0.41684712354818));
#7723=CARTESIAN_POINT('Ctrl Pts',(3.52562344177953,-3.52562344177953,0.41684712354818));
#7724=CARTESIAN_POINT('Ctrl Pts',(0.,-3.52562344177953,0.41684712354818));
#7725=CARTESIAN_POINT('Ctrl Pts',(-3.52562344177953,-3.52562344177953,0.41684712354818));
#7726=CARTESIAN_POINT('Ctrl Pts',(-3.52562344177953,0.,0.41684712354818));
#7727=CARTESIAN_POINT('Ctrl Pts',(-3.65352943185114,0.,0.363561604651966));
#7728=CARTESIAN_POINT('Ctrl Pts',(-3.65352943185114,3.65352943185114,0.363561604651966));
#7729=CARTESIAN_POINT('Ctrl Pts',(0.,3.65352943185114,0.363561604651966));
#7730=CARTESIAN_POINT('Ctrl Pts',(3.65352943185114,3.65352943185114,0.363561604651966));
#7731=CARTESIAN_POINT('Ctrl Pts',(3.65352943185114,0.,0.363561604651966));
#7732=CARTESIAN_POINT('Ctrl Pts',(3.65352943185114,-3.65352943185114,0.363561604651966));
#7733=CARTESIAN_POINT('Ctrl Pts',(0.,-3.65352943185114,0.363561604651966));
#7734=CARTESIAN_POINT('Ctrl Pts',(-3.65352943185114,-3.65352943185114,0.363561604651966));
#7735=CARTESIAN_POINT('Ctrl Pts',(-3.65352943185114,0.,0.363561604651966));
#7736=CARTESIAN_POINT('Ctrl Pts',(-3.77219436432784,0.,0.309238874883037));
#7737=CARTESIAN_POINT('Ctrl Pts',(-3.77219436432784,3.77219436432784,0.309238874883037));
#7738=CARTESIAN_POINT('Ctrl Pts',(0.,3.77219436432784,0.309238874883037));
#7739=CARTESIAN_POINT('Ctrl Pts',(3.77219436432784,3.77219436432784,0.309238874883037));
#7740=CARTESIAN_POINT('Ctrl Pts',(3.77219436432784,0.,0.309238874883037));
#7741=CARTESIAN_POINT('Ctrl Pts',(3.77219436432784,-3.77219436432784,0.309238874883037));
#7742=CARTESIAN_POINT('Ctrl Pts',(0.,-3.77219436432784,0.309238874883037));
#7743=CARTESIAN_POINT('Ctrl Pts',(-3.77219436432784,-3.77219436432784,0.309238874883037));
#7744=CARTESIAN_POINT('Ctrl Pts',(-3.77219436432784,0.,0.309238874883037));
#7745=CARTESIAN_POINT('Ctrl Pts',(-3.85965131419891,0.,0.265063930982988));
#7746=CARTESIAN_POINT('Ctrl Pts',(-3.85965131419891,3.85965131419891,0.265063930982988));
#7747=CARTESIAN_POINT('Ctrl Pts',(0.,3.85965131419891,0.265063930982988));
#7748=CARTESIAN_POINT('Ctrl Pts',(3.85965131419891,3.85965131419891,0.265063930982988));
#7749=CARTESIAN_POINT('Ctrl Pts',(3.85965131419891,0.,0.265063930982988));
#7750=CARTESIAN_POINT('Ctrl Pts',(3.85965131419891,-3.85965131419891,0.265063930982988));
#7751=CARTESIAN_POINT('Ctrl Pts',(0.,-3.85965131419891,0.265063930982988));
#7752=CARTESIAN_POINT('Ctrl Pts',(-3.85965131419891,-3.85965131419891,0.265063930982988));
#7753=CARTESIAN_POINT('Ctrl Pts',(-3.85965131419891,0.,0.265063930982988));
#7754=CARTESIAN_POINT('Ctrl Pts',(-3.92106000196197,0.,0.231553596089893));
#7755=CARTESIAN_POINT('Ctrl Pts',(-3.92106000196197,3.92106000196197,0.231553596089893));
#7756=CARTESIAN_POINT('Ctrl Pts',(0.,3.92106000196197,0.231553596089893));
#7757=CARTESIAN_POINT('Ctrl Pts',(3.92106000196197,3.92106000196197,0.231553596089893));
#7758=CARTESIAN_POINT('Ctrl Pts',(3.92106000196197,0.,0.231553596089893));
#7759=CARTESIAN_POINT('Ctrl Pts',(3.92106000196197,-3.92106000196197,0.231553596089893));
#7760=CARTESIAN_POINT('Ctrl Pts',(0.,-3.92106000196197,0.231553596089893));
#7761=CARTESIAN_POINT('Ctrl Pts',(-3.92106000196197,-3.92106000196197,0.231553596089893));
#7762=CARTESIAN_POINT('Ctrl Pts',(-3.92106000196197,0.,0.231553596089893));
#7763=CARTESIAN_POINT('Ctrl Pts',(-3.96014702705904,0.,0.20904558541352));
#7764=CARTESIAN_POINT('Ctrl Pts',(-3.96014702705903,3.96014702705903,0.20904558541352));
#7765=CARTESIAN_POINT('Ctrl Pts',(0.,3.96014702705904,0.20904558541352));
#7766=CARTESIAN_POINT('Ctrl Pts',(3.96014702705903,3.96014702705903,0.20904558541352));
#7767=CARTESIAN_POINT('Ctrl Pts',(3.96014702705904,0.,0.20904558541352));
#7768=CARTESIAN_POINT('Ctrl Pts',(3.96014702705903,-3.96014702705903,0.20904558541352));
#7769=CARTESIAN_POINT('Ctrl Pts',(0.,-3.96014702705904,0.20904558541352));
#7770=CARTESIAN_POINT('Ctrl Pts',(-3.96014702705903,-3.96014702705903,0.20904558541352));
#7771=CARTESIAN_POINT('Ctrl Pts',(-3.96014702705904,0.,0.20904558541352));
#7772=CARTESIAN_POINT('Ctrl Pts',(-3.97922751986641,0.,0.197749631526101));
#7773=CARTESIAN_POINT('Ctrl Pts',(-3.97922751986641,3.97922751986641,0.197749631526101));
#7774=CARTESIAN_POINT('Ctrl Pts',(0.,3.97922751986641,0.197749631526101));
#7775=CARTESIAN_POINT('Ctrl Pts',(3.97922751986641,3.97922751986641,0.197749631526101));
#7776=CARTESIAN_POINT('Ctrl Pts',(3.97922751986641,0.,0.197749631526101));
#7777=CARTESIAN_POINT('Ctrl Pts',(3.97922751986641,-3.97922751986641,0.197749631526101));
#7778=CARTESIAN_POINT('Ctrl Pts',(0.,-3.97922751986641,0.197749631526101));
#7779=CARTESIAN_POINT('Ctrl Pts',(-3.97922751986641,-3.97922751986641,0.197749631526101));
#7780=CARTESIAN_POINT('Ctrl Pts',(-3.97922751986641,0.,0.197749631526101));
#7781=CARTESIAN_POINT('',(-1.27,-1.55530143491714E-16,0.635));
#7782=CARTESIAN_POINT('Ctrl Pts',(-1.27,0.,0.635));
#7783=CARTESIAN_POINT('Ctrl Pts',(-1.28976000903809,0.,0.644654633909946));
#7784=CARTESIAN_POINT('Ctrl Pts',(-1.33005338904588,0.,0.663091609763323));
#7785=CARTESIAN_POINT('Ctrl Pts',(-1.39281356358397,0.,0.688130181283886));
#7786=CARTESIAN_POINT('Ctrl Pts',(-1.48115277756041,0.,0.716259945171289));
#7787=CARTESIAN_POINT('Ctrl Pts',(-1.59940380111457,0.,0.742561927287715));
#7788=CARTESIAN_POINT('Ctrl Pts',(-1.72546868968633,0.,0.759921593770094));
#7789=CARTESIAN_POINT('Ctrl Pts',(-1.85917266805368,0.,0.768342464494351));
#7790=CARTESIAN_POINT('Ctrl Pts',(-2.00005900374125,0.,0.768011316095539));
#7791=CARTESIAN_POINT('Ctrl Pts',(-2.14737033868111,0.,0.75930282290649));
#7792=CARTESIAN_POINT('Ctrl Pts',(-2.3000902151504,0.,0.742730189490773));
#7793=CARTESIAN_POINT('Ctrl Pts',(-2.45695303185239,0.,0.7189240388291));
#7794=CARTESIAN_POINT('Ctrl Pts',(-2.61646167437853,0.,0.688608589764148));
#7795=CARTESIAN_POINT('Ctrl Pts',(-2.77688015186133,0.,0.652593820270341));
#7796=CARTESIAN_POINT('Ctrl Pts',(-2.93627072850678,0.,0.611754084878089));
#7797=CARTESIAN_POINT('Ctrl Pts',(-3.09264260186243,0.,0.566969093104279));
#7798=CARTESIAN_POINT('Ctrl Pts',(-3.2440743653528,0.,0.519078081530674));
#7799=CARTESIAN_POINT('Ctrl Pts',(-3.3888580194275,0.,0.46883081109457));
#7800=CARTESIAN_POINT('Ctrl Pts',(-3.52562344177953,0.,0.41684712354818));
#7801=CARTESIAN_POINT('Ctrl Pts',(-3.65352943185114,0.,0.363561604651966));
#7802=CARTESIAN_POINT('Ctrl Pts',(-3.77219436432784,0.,0.309238874883037));
#7803=CARTESIAN_POINT('Ctrl Pts',(-3.85965131419891,0.,0.265063930982988));
#7804=CARTESIAN_POINT('Ctrl Pts',(-3.92106000196197,0.,0.231553596089893));
#7805=CARTESIAN_POINT('Ctrl Pts',(-3.96014702705904,0.,0.20904558541352));
#7806=CARTESIAN_POINT('Ctrl Pts',(-3.97922751986641,0.,0.197749631526101));
#7807=CARTESIAN_POINT('Origin',(0.,0.,0.635));
#7808=CARTESIAN_POINT('Ctrl Pts',(-1.27,0.,0.635));
#7809=CARTESIAN_POINT('Ctrl Pts',(-1.27,1.27,0.635));
#7810=CARTESIAN_POINT('Ctrl Pts',(0.,1.27,0.635));
#7811=CARTESIAN_POINT('Ctrl Pts',(1.27,1.27,0.635));
#7812=CARTESIAN_POINT('Ctrl Pts',(1.27,0.,0.635));
#7813=CARTESIAN_POINT('Ctrl Pts',(1.27,-1.27,0.635));
#7814=CARTESIAN_POINT('Ctrl Pts',(0.,-1.27,0.635));
#7815=CARTESIAN_POINT('Ctrl Pts',(-1.27,-1.27,0.635));
#7816=CARTESIAN_POINT('Ctrl Pts',(-1.27,0.,0.635));
#7817=CARTESIAN_POINT('Ctrl Pts',(-1.28976000903809,0.,0.644654633909946));
#7818=CARTESIAN_POINT('Ctrl Pts',(-1.28976000903809,1.28976000903809,0.644654633909946));
#7819=CARTESIAN_POINT('Ctrl Pts',(0.,1.28976000903809,0.644654633909946));
#7820=CARTESIAN_POINT('Ctrl Pts',(1.28976000903809,1.28976000903809,0.644654633909946));
#7821=CARTESIAN_POINT('Ctrl Pts',(1.28976000903809,0.,0.644654633909946));
#7822=CARTESIAN_POINT('Ctrl Pts',(1.28976000903809,-1.28976000903809,0.644654633909946));
#7823=CARTESIAN_POINT('Ctrl Pts',(0.,-1.28976000903809,0.644654633909946));
#7824=CARTESIAN_POINT('Ctrl Pts',(-1.28976000903809,-1.28976000903809,0.644654633909946));
#7825=CARTESIAN_POINT('Ctrl Pts',(-1.28976000903809,0.,0.644654633909946));
#7826=CARTESIAN_POINT('Ctrl Pts',(-1.33005338904588,0.,0.663091609763323));
#7827=CARTESIAN_POINT('Ctrl Pts',(-1.33005338904588,1.33005338904588,0.663091609763323));
#7828=CARTESIAN_POINT('Ctrl Pts',(0.,1.33005338904588,0.663091609763323));
#7829=CARTESIAN_POINT('Ctrl Pts',(1.33005338904588,1.33005338904588,0.663091609763323));
#7830=CARTESIAN_POINT('Ctrl Pts',(1.33005338904588,0.,0.663091609763323));
#7831=CARTESIAN_POINT('Ctrl Pts',(1.33005338904588,-1.33005338904588,0.663091609763323));
#7832=CARTESIAN_POINT('Ctrl Pts',(0.,-1.33005338904588,0.663091609763323));
#7833=CARTESIAN_POINT('Ctrl Pts',(-1.33005338904588,-1.33005338904588,0.663091609763323));
#7834=CARTESIAN_POINT('Ctrl Pts',(-1.33005338904588,0.,0.663091609763323));
#7835=CARTESIAN_POINT('Ctrl Pts',(-1.39281356358397,0.,0.688130181283886));
#7836=CARTESIAN_POINT('Ctrl Pts',(-1.39281356358397,1.39281356358397,0.688130181283886));
#7837=CARTESIAN_POINT('Ctrl Pts',(0.,1.39281356358397,0.688130181283886));
#7838=CARTESIAN_POINT('Ctrl Pts',(1.39281356358397,1.39281356358397,0.688130181283886));
#7839=CARTESIAN_POINT('Ctrl Pts',(1.39281356358397,0.,0.688130181283886));
#7840=CARTESIAN_POINT('Ctrl Pts',(1.39281356358397,-1.39281356358397,0.688130181283886));
#7841=CARTESIAN_POINT('Ctrl Pts',(0.,-1.39281356358397,0.688130181283886));
#7842=CARTESIAN_POINT('Ctrl Pts',(-1.39281356358397,-1.39281356358397,0.688130181283886));
#7843=CARTESIAN_POINT('Ctrl Pts',(-1.39281356358397,0.,0.688130181283886));
#7844=CARTESIAN_POINT('Ctrl Pts',(-1.48115277756041,0.,0.716259945171289));
#7845=CARTESIAN_POINT('Ctrl Pts',(-1.48115277756041,1.48115277756041,0.716259945171289));
#7846=CARTESIAN_POINT('Ctrl Pts',(0.,1.48115277756041,0.716259945171289));
#7847=CARTESIAN_POINT('Ctrl Pts',(1.48115277756041,1.48115277756041,0.716259945171289));
#7848=CARTESIAN_POINT('Ctrl Pts',(1.48115277756041,0.,0.716259945171289));
#7849=CARTESIAN_POINT('Ctrl Pts',(1.48115277756041,-1.48115277756041,0.716259945171289));
#7850=CARTESIAN_POINT('Ctrl Pts',(0.,-1.48115277756041,0.716259945171289));
#7851=CARTESIAN_POINT('Ctrl Pts',(-1.48115277756041,-1.48115277756041,0.716259945171289));
#7852=CARTESIAN_POINT('Ctrl Pts',(-1.48115277756041,0.,0.716259945171289));
#7853=CARTESIAN_POINT('Ctrl Pts',(-1.59940380111457,0.,0.742561927287715));
#7854=CARTESIAN_POINT('Ctrl Pts',(-1.59940380111457,1.59940380111457,0.742561927287715));
#7855=CARTESIAN_POINT('Ctrl Pts',(0.,1.59940380111457,0.742561927287715));
#7856=CARTESIAN_POINT('Ctrl Pts',(1.59940380111457,1.59940380111457,0.742561927287715));
#7857=CARTESIAN_POINT('Ctrl Pts',(1.59940380111457,0.,0.742561927287715));
#7858=CARTESIAN_POINT('Ctrl Pts',(1.59940380111457,-1.59940380111457,0.742561927287715));
#7859=CARTESIAN_POINT('Ctrl Pts',(0.,-1.59940380111457,0.742561927287715));
#7860=CARTESIAN_POINT('Ctrl Pts',(-1.59940380111457,-1.59940380111457,0.742561927287715));
#7861=CARTESIAN_POINT('Ctrl Pts',(-1.59940380111457,0.,0.742561927287715));
#7862=CARTESIAN_POINT('Ctrl Pts',(-1.72546868968633,0.,0.759921593770094));
#7863=CARTESIAN_POINT('Ctrl Pts',(-1.72546868968633,1.72546868968633,0.759921593770094));
#7864=CARTESIAN_POINT('Ctrl Pts',(0.,1.72546868968633,0.759921593770094));
#7865=CARTESIAN_POINT('Ctrl Pts',(1.72546868968633,1.72546868968633,0.759921593770094));
#7866=CARTESIAN_POINT('Ctrl Pts',(1.72546868968633,0.,0.759921593770094));
#7867=CARTESIAN_POINT('Ctrl Pts',(1.72546868968633,-1.72546868968633,0.759921593770094));
#7868=CARTESIAN_POINT('Ctrl Pts',(0.,-1.72546868968633,0.759921593770094));
#7869=CARTESIAN_POINT('Ctrl Pts',(-1.72546868968633,-1.72546868968633,0.759921593770094));
#7870=CARTESIAN_POINT('Ctrl Pts',(-1.72546868968633,0.,0.759921593770094));
#7871=CARTESIAN_POINT('Ctrl Pts',(-1.85917266805368,0.,0.768342464494351));
#7872=CARTESIAN_POINT('Ctrl Pts',(-1.85917266805368,1.85917266805368,0.768342464494351));
#7873=CARTESIAN_POINT('Ctrl Pts',(0.,1.85917266805368,0.768342464494351));
#7874=CARTESIAN_POINT('Ctrl Pts',(1.85917266805368,1.85917266805368,0.768342464494351));
#7875=CARTESIAN_POINT('Ctrl Pts',(1.85917266805368,0.,0.768342464494351));
#7876=CARTESIAN_POINT('Ctrl Pts',(1.85917266805368,-1.85917266805368,0.768342464494351));
#7877=CARTESIAN_POINT('Ctrl Pts',(0.,-1.85917266805368,0.768342464494351));
#7878=CARTESIAN_POINT('Ctrl Pts',(-1.85917266805368,-1.85917266805368,0.768342464494351));
#7879=CARTESIAN_POINT('Ctrl Pts',(-1.85917266805368,0.,0.768342464494351));
#7880=CARTESIAN_POINT('Ctrl Pts',(-2.00005900374125,0.,0.768011316095539));
#7881=CARTESIAN_POINT('Ctrl Pts',(-2.00005900374125,2.00005900374125,0.768011316095539));
#7882=CARTESIAN_POINT('Ctrl Pts',(0.,2.00005900374125,0.768011316095539));
#7883=CARTESIAN_POINT('Ctrl Pts',(2.00005900374125,2.00005900374125,0.768011316095539));
#7884=CARTESIAN_POINT('Ctrl Pts',(2.00005900374125,0.,0.768011316095539));
#7885=CARTESIAN_POINT('Ctrl Pts',(2.00005900374125,-2.00005900374125,0.768011316095539));
#7886=CARTESIAN_POINT('Ctrl Pts',(0.,-2.00005900374125,0.768011316095539));
#7887=CARTESIAN_POINT('Ctrl Pts',(-2.00005900374125,-2.00005900374125,0.768011316095539));
#7888=CARTESIAN_POINT('Ctrl Pts',(-2.00005900374125,0.,0.768011316095539));
#7889=CARTESIAN_POINT('Ctrl Pts',(-2.14737033868111,0.,0.75930282290649));
#7890=CARTESIAN_POINT('Ctrl Pts',(-2.14737033868111,2.14737033868111,0.75930282290649));
#7891=CARTESIAN_POINT('Ctrl Pts',(0.,2.14737033868111,0.75930282290649));
#7892=CARTESIAN_POINT('Ctrl Pts',(2.14737033868111,2.14737033868111,0.75930282290649));
#7893=CARTESIAN_POINT('Ctrl Pts',(2.14737033868111,0.,0.75930282290649));
#7894=CARTESIAN_POINT('Ctrl Pts',(2.14737033868111,-2.14737033868111,0.75930282290649));
#7895=CARTESIAN_POINT('Ctrl Pts',(0.,-2.14737033868111,0.75930282290649));
#7896=CARTESIAN_POINT('Ctrl Pts',(-2.14737033868111,-2.14737033868111,0.75930282290649));
#7897=CARTESIAN_POINT('Ctrl Pts',(-2.14737033868111,0.,0.75930282290649));
#7898=CARTESIAN_POINT('Ctrl Pts',(-2.3000902151504,0.,0.742730189490773));
#7899=CARTESIAN_POINT('Ctrl Pts',(-2.3000902151504,2.3000902151504,0.742730189490773));
#7900=CARTESIAN_POINT('Ctrl Pts',(0.,2.3000902151504,0.742730189490773));
#7901=CARTESIAN_POINT('Ctrl Pts',(2.3000902151504,2.3000902151504,0.742730189490773));
#7902=CARTESIAN_POINT('Ctrl Pts',(2.3000902151504,0.,0.742730189490773));
#7903=CARTESIAN_POINT('Ctrl Pts',(2.3000902151504,-2.3000902151504,0.742730189490773));
#7904=CARTESIAN_POINT('Ctrl Pts',(0.,-2.3000902151504,0.742730189490773));
#7905=CARTESIAN_POINT('Ctrl Pts',(-2.3000902151504,-2.3000902151504,0.742730189490773));
#7906=CARTESIAN_POINT('Ctrl Pts',(-2.3000902151504,0.,0.742730189490773));
#7907=CARTESIAN_POINT('Ctrl Pts',(-2.45695303185239,0.,0.7189240388291));
#7908=CARTESIAN_POINT('Ctrl Pts',(-2.45695303185239,2.45695303185239,0.7189240388291));
#7909=CARTESIAN_POINT('Ctrl Pts',(0.,2.45695303185239,0.7189240388291));
#7910=CARTESIAN_POINT('Ctrl Pts',(2.45695303185239,2.45695303185239,0.7189240388291));
#7911=CARTESIAN_POINT('Ctrl Pts',(2.45695303185239,0.,0.7189240388291));
#7912=CARTESIAN_POINT('Ctrl Pts',(2.45695303185239,-2.45695303185239,0.7189240388291));
#7913=CARTESIAN_POINT('Ctrl Pts',(0.,-2.45695303185239,0.7189240388291));
#7914=CARTESIAN_POINT('Ctrl Pts',(-2.45695303185239,-2.45695303185239,0.7189240388291));
#7915=CARTESIAN_POINT('Ctrl Pts',(-2.45695303185239,0.,0.7189240388291));
#7916=CARTESIAN_POINT('Ctrl Pts',(-2.61646167437853,0.,0.688608589764148));
#7917=CARTESIAN_POINT('Ctrl Pts',(-2.61646167437853,2.61646167437853,0.688608589764148));
#7918=CARTESIAN_POINT('Ctrl Pts',(0.,2.61646167437853,0.688608589764148));
#7919=CARTESIAN_POINT('Ctrl Pts',(2.61646167437853,2.61646167437853,0.688608589764148));
#7920=CARTESIAN_POINT('Ctrl Pts',(2.61646167437853,0.,0.688608589764148));
#7921=CARTESIAN_POINT('Ctrl Pts',(2.61646167437853,-2.61646167437853,0.688608589764148));
#7922=CARTESIAN_POINT('Ctrl Pts',(0.,-2.61646167437853,0.688608589764148));
#7923=CARTESIAN_POINT('Ctrl Pts',(-2.61646167437853,-2.61646167437853,0.688608589764148));
#7924=CARTESIAN_POINT('Ctrl Pts',(-2.61646167437853,0.,0.688608589764148));
#7925=CARTESIAN_POINT('Ctrl Pts',(-2.77688015186133,0.,0.652593820270341));
#7926=CARTESIAN_POINT('Ctrl Pts',(-2.77688015186133,2.77688015186133,0.652593820270341));
#7927=CARTESIAN_POINT('Ctrl Pts',(0.,2.77688015186133,0.652593820270341));
#7928=CARTESIAN_POINT('Ctrl Pts',(2.77688015186133,2.77688015186133,0.652593820270341));
#7929=CARTESIAN_POINT('Ctrl Pts',(2.77688015186133,0.,0.652593820270341));
#7930=CARTESIAN_POINT('Ctrl Pts',(2.77688015186133,-2.77688015186133,0.652593820270341));
#7931=CARTESIAN_POINT('Ctrl Pts',(0.,-2.77688015186133,0.652593820270341));
#7932=CARTESIAN_POINT('Ctrl Pts',(-2.77688015186133,-2.77688015186133,0.652593820270341));
#7933=CARTESIAN_POINT('Ctrl Pts',(-2.77688015186133,0.,0.652593820270341));
#7934=CARTESIAN_POINT('Ctrl Pts',(-2.93627072850678,0.,0.611754084878089));
#7935=CARTESIAN_POINT('Ctrl Pts',(-2.93627072850678,2.93627072850678,0.611754084878089));
#7936=CARTESIAN_POINT('Ctrl Pts',(0.,2.93627072850678,0.611754084878089));
#7937=CARTESIAN_POINT('Ctrl Pts',(2.93627072850678,2.93627072850678,0.611754084878089));
#7938=CARTESIAN_POINT('Ctrl Pts',(2.93627072850678,0.,0.611754084878089));
#7939=CARTESIAN_POINT('Ctrl Pts',(2.93627072850678,-2.93627072850678,0.611754084878089));
#7940=CARTESIAN_POINT('Ctrl Pts',(0.,-2.93627072850678,0.611754084878089));
#7941=CARTESIAN_POINT('Ctrl Pts',(-2.93627072850678,-2.93627072850678,0.611754084878089));
#7942=CARTESIAN_POINT('Ctrl Pts',(-2.93627072850678,0.,0.611754084878089));
#7943=CARTESIAN_POINT('Ctrl Pts',(-3.09264260186243,0.,0.566969093104279));
#7944=CARTESIAN_POINT('Ctrl Pts',(-3.09264260186243,3.09264260186243,0.566969093104279));
#7945=CARTESIAN_POINT('Ctrl Pts',(0.,3.09264260186243,0.566969093104279));
#7946=CARTESIAN_POINT('Ctrl Pts',(3.09264260186243,3.09264260186243,0.566969093104279));
#7947=CARTESIAN_POINT('Ctrl Pts',(3.09264260186243,0.,0.566969093104279));
#7948=CARTESIAN_POINT('Ctrl Pts',(3.09264260186243,-3.09264260186243,0.566969093104279));
#7949=CARTESIAN_POINT('Ctrl Pts',(0.,-3.09264260186243,0.566969093104279));
#7950=CARTESIAN_POINT('Ctrl Pts',(-3.09264260186243,-3.09264260186243,0.566969093104279));
#7951=CARTESIAN_POINT('Ctrl Pts',(-3.09264260186243,0.,0.566969093104279));
#7952=CARTESIAN_POINT('Ctrl Pts',(-3.2440743653528,0.,0.519078081530674));
#7953=CARTESIAN_POINT('Ctrl Pts',(-3.2440743653528,3.2440743653528,0.519078081530674));
#7954=CARTESIAN_POINT('Ctrl Pts',(0.,3.2440743653528,0.519078081530674));
#7955=CARTESIAN_POINT('Ctrl Pts',(3.2440743653528,3.2440743653528,0.519078081530674));
#7956=CARTESIAN_POINT('Ctrl Pts',(3.2440743653528,0.,0.519078081530674));
#7957=CARTESIAN_POINT('Ctrl Pts',(3.2440743653528,-3.2440743653528,0.519078081530674));
#7958=CARTESIAN_POINT('Ctrl Pts',(0.,-3.2440743653528,0.519078081530674));
#7959=CARTESIAN_POINT('Ctrl Pts',(-3.2440743653528,-3.2440743653528,0.519078081530674));
#7960=CARTESIAN_POINT('Ctrl Pts',(-3.2440743653528,0.,0.519078081530674));
#7961=CARTESIAN_POINT('Ctrl Pts',(-3.3888580194275,0.,0.46883081109457));
#7962=CARTESIAN_POINT('Ctrl Pts',(-3.3888580194275,3.3888580194275,0.46883081109457));
#7963=CARTESIAN_POINT('Ctrl Pts',(0.,3.3888580194275,0.46883081109457));
#7964=CARTESIAN_POINT('Ctrl Pts',(3.3888580194275,3.3888580194275,0.46883081109457));
#7965=CARTESIAN_POINT('Ctrl Pts',(3.3888580194275,0.,0.46883081109457));
#7966=CARTESIAN_POINT('Ctrl Pts',(3.3888580194275,-3.3888580194275,0.46883081109457));
#7967=CARTESIAN_POINT('Ctrl Pts',(0.,-3.3888580194275,0.46883081109457));
#7968=CARTESIAN_POINT('Ctrl Pts',(-3.3888580194275,-3.3888580194275,0.46883081109457));
#7969=CARTESIAN_POINT('Ctrl Pts',(-3.3888580194275,0.,0.46883081109457));
#7970=CARTESIAN_POINT('Ctrl Pts',(-3.52562344177953,0.,0.41684712354818));
#7971=CARTESIAN_POINT('Ctrl Pts',(-3.52562344177953,3.52562344177953,0.41684712354818));
#7972=CARTESIAN_POINT('Ctrl Pts',(0.,3.52562344177953,0.41684712354818));
#7973=CARTESIAN_POINT('Ctrl Pts',(3.52562344177953,3.52562344177953,0.41684712354818));
#7974=CARTESIAN_POINT('Ctrl Pts',(3.52562344177953,0.,0.41684712354818));
#7975=CARTESIAN_POINT('Ctrl Pts',(3.52562344177953,-3.52562344177953,0.41684712354818));
#7976=CARTESIAN_POINT('Ctrl Pts',(0.,-3.52562344177953,0.41684712354818));
#7977=CARTESIAN_POINT('Ctrl Pts',(-3.52562344177953,-3.52562344177953,0.41684712354818));
#7978=CARTESIAN_POINT('Ctrl Pts',(-3.52562344177953,0.,0.41684712354818));
#7979=CARTESIAN_POINT('Ctrl Pts',(-3.65352943185114,0.,0.363561604651966));
#7980=CARTESIAN_POINT('Ctrl Pts',(-3.65352943185114,3.65352943185114,0.363561604651966));
#7981=CARTESIAN_POINT('Ctrl Pts',(0.,3.65352943185114,0.363561604651966));
#7982=CARTESIAN_POINT('Ctrl Pts',(3.65352943185114,3.65352943185114,0.363561604651966));
#7983=CARTESIAN_POINT('Ctrl Pts',(3.65352943185114,0.,0.363561604651966));
#7984=CARTESIAN_POINT('Ctrl Pts',(3.65352943185114,-3.65352943185114,0.363561604651966));
#7985=CARTESIAN_POINT('Ctrl Pts',(0.,-3.65352943185114,0.363561604651966));
#7986=CARTESIAN_POINT('Ctrl Pts',(-3.65352943185114,-3.65352943185114,0.363561604651966));
#7987=CARTESIAN_POINT('Ctrl Pts',(-3.65352943185114,0.,0.363561604651966));
#7988=CARTESIAN_POINT('Ctrl Pts',(-3.77219436432784,0.,0.309238874883037));
#7989=CARTESIAN_POINT('Ctrl Pts',(-3.77219436432784,3.77219436432784,0.309238874883037));
#7990=CARTESIAN_POINT('Ctrl Pts',(0.,3.77219436432784,0.309238874883037));
#7991=CARTESIAN_POINT('Ctrl Pts',(3.77219436432784,3.77219436432784,0.309238874883037));
#7992=CARTESIAN_POINT('Ctrl Pts',(3.77219436432784,0.,0.309238874883037));
#7993=CARTESIAN_POINT('Ctrl Pts',(3.77219436432784,-3.77219436432784,0.309238874883037));
#7994=CARTESIAN_POINT('Ctrl Pts',(0.,-3.77219436432784,0.309238874883037));
#7995=CARTESIAN_POINT('Ctrl Pts',(-3.77219436432784,-3.77219436432784,0.309238874883037));
#7996=CARTESIAN_POINT('Ctrl Pts',(-3.77219436432784,0.,0.309238874883037));
#7997=CARTESIAN_POINT('Ctrl Pts',(-3.85965131419891,0.,0.265063930982988));
#7998=CARTESIAN_POINT('Ctrl Pts',(-3.85965131419891,3.85965131419891,0.265063930982988));
#7999=CARTESIAN_POINT('Ctrl Pts',(0.,3.85965131419891,0.265063930982988));
#8000=CARTESIAN_POINT('Ctrl Pts',(3.85965131419891,3.85965131419891,0.265063930982988));
#8001=CARTESIAN_POINT('Ctrl Pts',(3.85965131419891,0.,0.265063930982988));
#8002=CARTESIAN_POINT('Ctrl Pts',(3.85965131419891,-3.85965131419891,0.265063930982988));
#8003=CARTESIAN_POINT('Ctrl Pts',(0.,-3.85965131419891,0.265063930982988));
#8004=CARTESIAN_POINT('Ctrl Pts',(-3.85965131419891,-3.85965131419891,0.265063930982988));
#8005=CARTESIAN_POINT('Ctrl Pts',(-3.85965131419891,0.,0.265063930982988));
#8006=CARTESIAN_POINT('Ctrl Pts',(-3.92106000196197,0.,0.231553596089893));
#8007=CARTESIAN_POINT('Ctrl Pts',(-3.92106000196197,3.92106000196197,0.231553596089893));
#8008=CARTESIAN_POINT('Ctrl Pts',(0.,3.92106000196197,0.231553596089893));
#8009=CARTESIAN_POINT('Ctrl Pts',(3.92106000196197,3.92106000196197,0.231553596089893));
#8010=CARTESIAN_POINT('Ctrl Pts',(3.92106000196197,0.,0.231553596089893));
#8011=CARTESIAN_POINT('Ctrl Pts',(3.92106000196197,-3.92106000196197,0.231553596089893));
#8012=CARTESIAN_POINT('Ctrl Pts',(0.,-3.92106000196197,0.231553596089893));
#8013=CARTESIAN_POINT('Ctrl Pts',(-3.92106000196197,-3.92106000196197,0.231553596089893));
#8014=CARTESIAN_POINT('Ctrl Pts',(-3.92106000196197,0.,0.231553596089893));
#8015=CARTESIAN_POINT('Ctrl Pts',(-3.96014702705904,0.,0.20904558541352));
#8016=CARTESIAN_POINT('Ctrl Pts',(-3.96014702705903,3.96014702705903,0.20904558541352));
#8017=CARTESIAN_POINT('Ctrl Pts',(0.,3.96014702705904,0.20904558541352));
#8018=CARTESIAN_POINT('Ctrl Pts',(3.96014702705903,3.96014702705903,0.20904558541352));
#8019=CARTESIAN_POINT('Ctrl Pts',(3.96014702705904,0.,0.20904558541352));
#8020=CARTESIAN_POINT('Ctrl Pts',(3.96014702705903,-3.96014702705903,0.20904558541352));
#8021=CARTESIAN_POINT('Ctrl Pts',(0.,-3.96014702705904,0.20904558541352));
#8022=CARTESIAN_POINT('Ctrl Pts',(-3.96014702705903,-3.96014702705903,0.20904558541352));
#8023=CARTESIAN_POINT('Ctrl Pts',(-3.96014702705904,0.,0.20904558541352));
#8024=CARTESIAN_POINT('Ctrl Pts',(-3.97922751986641,0.,0.197749631526101));
#8025=CARTESIAN_POINT('Ctrl Pts',(-3.97922751986641,3.97922751986641,0.197749631526101));
#8026=CARTESIAN_POINT('Ctrl Pts',(0.,3.97922751986641,0.197749631526101));
#8027=CARTESIAN_POINT('Ctrl Pts',(3.97922751986641,3.97922751986641,0.197749631526101));
#8028=CARTESIAN_POINT('Ctrl Pts',(3.97922751986641,0.,0.197749631526101));
#8029=CARTESIAN_POINT('Ctrl Pts',(3.97922751986641,-3.97922751986641,0.197749631526101));
#8030=CARTESIAN_POINT('Ctrl Pts',(0.,-3.97922751986641,0.197749631526101));
#8031=CARTESIAN_POINT('Ctrl Pts',(-3.97922751986641,-3.97922751986641,0.197749631526101));
#8032=CARTESIAN_POINT('Ctrl Pts',(-3.97922751986641,0.,0.197749631526101));
#8033=CARTESIAN_POINT('Origin',(0.,0.,0.635));
#8034=CARTESIAN_POINT('Ctrl Pts',(-1.27,0.,0.635));
#8035=CARTESIAN_POINT('Ctrl Pts',(-1.27,1.27,0.635));
#8036=CARTESIAN_POINT('Ctrl Pts',(0.,1.27,0.635));
#8037=CARTESIAN_POINT('Ctrl Pts',(1.27,1.27,0.635));
#8038=CARTESIAN_POINT('Ctrl Pts',(1.27,0.,0.635));
#8039=CARTESIAN_POINT('Ctrl Pts',(1.27,-1.27,0.635));
#8040=CARTESIAN_POINT('Ctrl Pts',(0.,-1.27,0.635));
#8041=CARTESIAN_POINT('Ctrl Pts',(-1.27,-1.27,0.635));
#8042=CARTESIAN_POINT('Ctrl Pts',(-1.27,0.,0.635));
#8043=CARTESIAN_POINT('Ctrl Pts',(-1.28976000903809,0.,0.644654633909946));
#8044=CARTESIAN_POINT('Ctrl Pts',(-1.28976000903809,1.28976000903809,0.644654633909946));
#8045=CARTESIAN_POINT('Ctrl Pts',(0.,1.28976000903809,0.644654633909946));
#8046=CARTESIAN_POINT('Ctrl Pts',(1.28976000903809,1.28976000903809,0.644654633909946));
#8047=CARTESIAN_POINT('Ctrl Pts',(1.28976000903809,0.,0.644654633909946));
#8048=CARTESIAN_POINT('Ctrl Pts',(1.28976000903809,-1.28976000903809,0.644654633909946));
#8049=CARTESIAN_POINT('Ctrl Pts',(0.,-1.28976000903809,0.644654633909946));
#8050=CARTESIAN_POINT('Ctrl Pts',(-1.28976000903809,-1.28976000903809,0.644654633909946));
#8051=CARTESIAN_POINT('Ctrl Pts',(-1.28976000903809,0.,0.644654633909946));
#8052=CARTESIAN_POINT('Ctrl Pts',(-1.33005338904588,0.,0.663091609763323));
#8053=CARTESIAN_POINT('Ctrl Pts',(-1.33005338904588,1.33005338904588,0.663091609763323));
#8054=CARTESIAN_POINT('Ctrl Pts',(0.,1.33005338904588,0.663091609763323));
#8055=CARTESIAN_POINT('Ctrl Pts',(1.33005338904588,1.33005338904588,0.663091609763323));
#8056=CARTESIAN_POINT('Ctrl Pts',(1.33005338904588,0.,0.663091609763323));
#8057=CARTESIAN_POINT('Ctrl Pts',(1.33005338904588,-1.33005338904588,0.663091609763323));
#8058=CARTESIAN_POINT('Ctrl Pts',(0.,-1.33005338904588,0.663091609763323));
#8059=CARTESIAN_POINT('Ctrl Pts',(-1.33005338904588,-1.33005338904588,0.663091609763323));
#8060=CARTESIAN_POINT('Ctrl Pts',(-1.33005338904588,0.,0.663091609763323));
#8061=CARTESIAN_POINT('Ctrl Pts',(-1.39281356358397,0.,0.688130181283886));
#8062=CARTESIAN_POINT('Ctrl Pts',(-1.39281356358397,1.39281356358397,0.688130181283886));
#8063=CARTESIAN_POINT('Ctrl Pts',(0.,1.39281356358397,0.688130181283886));
#8064=CARTESIAN_POINT('Ctrl Pts',(1.39281356358397,1.39281356358397,0.688130181283886));
#8065=CARTESIAN_POINT('Ctrl Pts',(1.39281356358397,0.,0.688130181283886));
#8066=CARTESIAN_POINT('Ctrl Pts',(1.39281356358397,-1.39281356358397,0.688130181283886));
#8067=CARTESIAN_POINT('Ctrl Pts',(0.,-1.39281356358397,0.688130181283886));
#8068=CARTESIAN_POINT('Ctrl Pts',(-1.39281356358397,-1.39281356358397,0.688130181283886));
#8069=CARTESIAN_POINT('Ctrl Pts',(-1.39281356358397,0.,0.688130181283886));
#8070=CARTESIAN_POINT('Ctrl Pts',(-1.48115277756041,0.,0.716259945171289));
#8071=CARTESIAN_POINT('Ctrl Pts',(-1.48115277756041,1.48115277756041,0.716259945171289));
#8072=CARTESIAN_POINT('Ctrl Pts',(0.,1.48115277756041,0.716259945171289));
#8073=CARTESIAN_POINT('Ctrl Pts',(1.48115277756041,1.48115277756041,0.716259945171289));
#8074=CARTESIAN_POINT('Ctrl Pts',(1.48115277756041,0.,0.716259945171289));
#8075=CARTESIAN_POINT('Ctrl Pts',(1.48115277756041,-1.48115277756041,0.716259945171289));
#8076=CARTESIAN_POINT('Ctrl Pts',(0.,-1.48115277756041,0.716259945171289));
#8077=CARTESIAN_POINT('Ctrl Pts',(-1.48115277756041,-1.48115277756041,0.716259945171289));
#8078=CARTESIAN_POINT('Ctrl Pts',(-1.48115277756041,0.,0.716259945171289));
#8079=CARTESIAN_POINT('Ctrl Pts',(-1.59940380111457,0.,0.742561927287715));
#8080=CARTESIAN_POINT('Ctrl Pts',(-1.59940380111457,1.59940380111457,0.742561927287715));
#8081=CARTESIAN_POINT('Ctrl Pts',(0.,1.59940380111457,0.742561927287715));
#8082=CARTESIAN_POINT('Ctrl Pts',(1.59940380111457,1.59940380111457,0.742561927287715));
#8083=CARTESIAN_POINT('Ctrl Pts',(1.59940380111457,0.,0.742561927287715));
#8084=CARTESIAN_POINT('Ctrl Pts',(1.59940380111457,-1.59940380111457,0.742561927287715));
#8085=CARTESIAN_POINT('Ctrl Pts',(0.,-1.59940380111457,0.742561927287715));
#8086=CARTESIAN_POINT('Ctrl Pts',(-1.59940380111457,-1.59940380111457,0.742561927287715));
#8087=CARTESIAN_POINT('Ctrl Pts',(-1.59940380111457,0.,0.742561927287715));
#8088=CARTESIAN_POINT('Ctrl Pts',(-1.72546868968633,0.,0.759921593770094));
#8089=CARTESIAN_POINT('Ctrl Pts',(-1.72546868968633,1.72546868968633,0.759921593770094));
#8090=CARTESIAN_POINT('Ctrl Pts',(0.,1.72546868968633,0.759921593770094));
#8091=CARTESIAN_POINT('Ctrl Pts',(1.72546868968633,1.72546868968633,0.759921593770094));
#8092=CARTESIAN_POINT('Ctrl Pts',(1.72546868968633,0.,0.759921593770094));
#8093=CARTESIAN_POINT('Ctrl Pts',(1.72546868968633,-1.72546868968633,0.759921593770094));
#8094=CARTESIAN_POINT('Ctrl Pts',(0.,-1.72546868968633,0.759921593770094));
#8095=CARTESIAN_POINT('Ctrl Pts',(-1.72546868968633,-1.72546868968633,0.759921593770094));
#8096=CARTESIAN_POINT('Ctrl Pts',(-1.72546868968633,0.,0.759921593770094));
#8097=CARTESIAN_POINT('Ctrl Pts',(-1.85917266805368,0.,0.768342464494351));
#8098=CARTESIAN_POINT('Ctrl Pts',(-1.85917266805368,1.85917266805368,0.768342464494351));
#8099=CARTESIAN_POINT('Ctrl Pts',(0.,1.85917266805368,0.768342464494351));
#8100=CARTESIAN_POINT('Ctrl Pts',(1.85917266805368,1.85917266805368,0.768342464494351));
#8101=CARTESIAN_POINT('Ctrl Pts',(1.85917266805368,0.,0.768342464494351));
#8102=CARTESIAN_POINT('Ctrl Pts',(1.85917266805368,-1.85917266805368,0.768342464494351));
#8103=CARTESIAN_POINT('Ctrl Pts',(0.,-1.85917266805368,0.768342464494351));
#8104=CARTESIAN_POINT('Ctrl Pts',(-1.85917266805368,-1.85917266805368,0.768342464494351));
#8105=CARTESIAN_POINT('Ctrl Pts',(-1.85917266805368,0.,0.768342464494351));
#8106=CARTESIAN_POINT('Ctrl Pts',(-2.00005900374125,0.,0.768011316095539));
#8107=CARTESIAN_POINT('Ctrl Pts',(-2.00005900374125,2.00005900374125,0.768011316095539));
#8108=CARTESIAN_POINT('Ctrl Pts',(0.,2.00005900374125,0.768011316095539));
#8109=CARTESIAN_POINT('Ctrl Pts',(2.00005900374125,2.00005900374125,0.768011316095539));
#8110=CARTESIAN_POINT('Ctrl Pts',(2.00005900374125,0.,0.768011316095539));
#8111=CARTESIAN_POINT('Ctrl Pts',(2.00005900374125,-2.00005900374125,0.768011316095539));
#8112=CARTESIAN_POINT('Ctrl Pts',(0.,-2.00005900374125,0.768011316095539));
#8113=CARTESIAN_POINT('Ctrl Pts',(-2.00005900374125,-2.00005900374125,0.768011316095539));
#8114=CARTESIAN_POINT('Ctrl Pts',(-2.00005900374125,0.,0.768011316095539));
#8115=CARTESIAN_POINT('Ctrl Pts',(-2.14737033868111,0.,0.75930282290649));
#8116=CARTESIAN_POINT('Ctrl Pts',(-2.14737033868111,2.14737033868111,0.75930282290649));
#8117=CARTESIAN_POINT('Ctrl Pts',(0.,2.14737033868111,0.75930282290649));
#8118=CARTESIAN_POINT('Ctrl Pts',(2.14737033868111,2.14737033868111,0.75930282290649));
#8119=CARTESIAN_POINT('Ctrl Pts',(2.14737033868111,0.,0.75930282290649));
#8120=CARTESIAN_POINT('Ctrl Pts',(2.14737033868111,-2.14737033868111,0.75930282290649));
#8121=CARTESIAN_POINT('Ctrl Pts',(0.,-2.14737033868111,0.75930282290649));
#8122=CARTESIAN_POINT('Ctrl Pts',(-2.14737033868111,-2.14737033868111,0.75930282290649));
#8123=CARTESIAN_POINT('Ctrl Pts',(-2.14737033868111,0.,0.75930282290649));
#8124=CARTESIAN_POINT('Ctrl Pts',(-2.3000902151504,0.,0.742730189490773));
#8125=CARTESIAN_POINT('Ctrl Pts',(-2.3000902151504,2.3000902151504,0.742730189490773));
#8126=CARTESIAN_POINT('Ctrl Pts',(0.,2.3000902151504,0.742730189490773));
#8127=CARTESIAN_POINT('Ctrl Pts',(2.3000902151504,2.3000902151504,0.742730189490773));
#8128=CARTESIAN_POINT('Ctrl Pts',(2.3000902151504,0.,0.742730189490773));
#8129=CARTESIAN_POINT('Ctrl Pts',(2.3000902151504,-2.3000902151504,0.742730189490773));
#8130=CARTESIAN_POINT('Ctrl Pts',(0.,-2.3000902151504,0.742730189490773));
#8131=CARTESIAN_POINT('Ctrl Pts',(-2.3000902151504,-2.3000902151504,0.742730189490773));
#8132=CARTESIAN_POINT('Ctrl Pts',(-2.3000902151504,0.,0.742730189490773));
#8133=CARTESIAN_POINT('Ctrl Pts',(-2.45695303185239,0.,0.7189240388291));
#8134=CARTESIAN_POINT('Ctrl Pts',(-2.45695303185239,2.45695303185239,0.7189240388291));
#8135=CARTESIAN_POINT('Ctrl Pts',(0.,2.45695303185239,0.7189240388291));
#8136=CARTESIAN_POINT('Ctrl Pts',(2.45695303185239,2.45695303185239,0.7189240388291));
#8137=CARTESIAN_POINT('Ctrl Pts',(2.45695303185239,0.,0.7189240388291));
#8138=CARTESIAN_POINT('Ctrl Pts',(2.45695303185239,-2.45695303185239,0.7189240388291));
#8139=CARTESIAN_POINT('Ctrl Pts',(0.,-2.45695303185239,0.7189240388291));
#8140=CARTESIAN_POINT('Ctrl Pts',(-2.45695303185239,-2.45695303185239,0.7189240388291));
#8141=CARTESIAN_POINT('Ctrl Pts',(-2.45695303185239,0.,0.7189240388291));
#8142=CARTESIAN_POINT('Ctrl Pts',(-2.61646167437853,0.,0.688608589764148));
#8143=CARTESIAN_POINT('Ctrl Pts',(-2.61646167437853,2.61646167437853,0.688608589764148));
#8144=CARTESIAN_POINT('Ctrl Pts',(0.,2.61646167437853,0.688608589764148));
#8145=CARTESIAN_POINT('Ctrl Pts',(2.61646167437853,2.61646167437853,0.688608589764148));
#8146=CARTESIAN_POINT('Ctrl Pts',(2.61646167437853,0.,0.688608589764148));
#8147=CARTESIAN_POINT('Ctrl Pts',(2.61646167437853,-2.61646167437853,0.688608589764148));
#8148=CARTESIAN_POINT('Ctrl Pts',(0.,-2.61646167437853,0.688608589764148));
#8149=CARTESIAN_POINT('Ctrl Pts',(-2.61646167437853,-2.61646167437853,0.688608589764148));
#8150=CARTESIAN_POINT('Ctrl Pts',(-2.61646167437853,0.,0.688608589764148));
#8151=CARTESIAN_POINT('Ctrl Pts',(-2.77688015186133,0.,0.652593820270341));
#8152=CARTESIAN_POINT('Ctrl Pts',(-2.77688015186133,2.77688015186133,0.652593820270341));
#8153=CARTESIAN_POINT('Ctrl Pts',(0.,2.77688015186133,0.652593820270341));
#8154=CARTESIAN_POINT('Ctrl Pts',(2.77688015186133,2.77688015186133,0.652593820270341));
#8155=CARTESIAN_POINT('Ctrl Pts',(2.77688015186133,0.,0.652593820270341));
#8156=CARTESIAN_POINT('Ctrl Pts',(2.77688015186133,-2.77688015186133,0.652593820270341));
#8157=CARTESIAN_POINT('Ctrl Pts',(0.,-2.77688015186133,0.652593820270341));
#8158=CARTESIAN_POINT('Ctrl Pts',(-2.77688015186133,-2.77688015186133,0.652593820270341));
#8159=CARTESIAN_POINT('Ctrl Pts',(-2.77688015186133,0.,0.652593820270341));
#8160=CARTESIAN_POINT('Ctrl Pts',(-2.93627072850678,0.,0.611754084878089));
#8161=CARTESIAN_POINT('Ctrl Pts',(-2.93627072850678,2.93627072850678,0.611754084878089));
#8162=CARTESIAN_POINT('Ctrl Pts',(0.,2.93627072850678,0.611754084878089));
#8163=CARTESIAN_POINT('Ctrl Pts',(2.93627072850678,2.93627072850678,0.611754084878089));
#8164=CARTESIAN_POINT('Ctrl Pts',(2.93627072850678,0.,0.611754084878089));
#8165=CARTESIAN_POINT('Ctrl Pts',(2.93627072850678,-2.93627072850678,0.611754084878089));
#8166=CARTESIAN_POINT('Ctrl Pts',(0.,-2.93627072850678,0.611754084878089));
#8167=CARTESIAN_POINT('Ctrl Pts',(-2.93627072850678,-2.93627072850678,0.611754084878089));
#8168=CARTESIAN_POINT('Ctrl Pts',(-2.93627072850678,0.,0.611754084878089));
#8169=CARTESIAN_POINT('Ctrl Pts',(-3.09264260186243,0.,0.566969093104279));
#8170=CARTESIAN_POINT('Ctrl Pts',(-3.09264260186243,3.09264260186243,0.566969093104279));
#8171=CARTESIAN_POINT('Ctrl Pts',(0.,3.09264260186243,0.566969093104279));
#8172=CARTESIAN_POINT('Ctrl Pts',(3.09264260186243,3.09264260186243,0.566969093104279));
#8173=CARTESIAN_POINT('Ctrl Pts',(3.09264260186243,0.,0.566969093104279));
#8174=CARTESIAN_POINT('Ctrl Pts',(3.09264260186243,-3.09264260186243,0.566969093104279));
#8175=CARTESIAN_POINT('Ctrl Pts',(0.,-3.09264260186243,0.566969093104279));
#8176=CARTESIAN_POINT('Ctrl Pts',(-3.09264260186243,-3.09264260186243,0.566969093104279));
#8177=CARTESIAN_POINT('Ctrl Pts',(-3.09264260186243,0.,0.566969093104279));
#8178=CARTESIAN_POINT('Ctrl Pts',(-3.2440743653528,0.,0.519078081530674));
#8179=CARTESIAN_POINT('Ctrl Pts',(-3.2440743653528,3.2440743653528,0.519078081530674));
#8180=CARTESIAN_POINT('Ctrl Pts',(0.,3.2440743653528,0.519078081530674));
#8181=CARTESIAN_POINT('Ctrl Pts',(3.2440743653528,3.2440743653528,0.519078081530674));
#8182=CARTESIAN_POINT('Ctrl Pts',(3.2440743653528,0.,0.519078081530674));
#8183=CARTESIAN_POINT('Ctrl Pts',(3.2440743653528,-3.2440743653528,0.519078081530674));
#8184=CARTESIAN_POINT('Ctrl Pts',(0.,-3.2440743653528,0.519078081530674));
#8185=CARTESIAN_POINT('Ctrl Pts',(-3.2440743653528,-3.2440743653528,0.519078081530674));
#8186=CARTESIAN_POINT('Ctrl Pts',(-3.2440743653528,0.,0.519078081530674));
#8187=CARTESIAN_POINT('Ctrl Pts',(-3.3888580194275,0.,0.46883081109457));
#8188=CARTESIAN_POINT('Ctrl Pts',(-3.3888580194275,3.3888580194275,0.46883081109457));
#8189=CARTESIAN_POINT('Ctrl Pts',(0.,3.3888580194275,0.46883081109457));
#8190=CARTESIAN_POINT('Ctrl Pts',(3.3888580194275,3.3888580194275,0.46883081109457));
#8191=CARTESIAN_POINT('Ctrl Pts',(3.3888580194275,0.,0.46883081109457));
#8192=CARTESIAN_POINT('Ctrl Pts',(3.3888580194275,-3.3888580194275,0.46883081109457));
#8193=CARTESIAN_POINT('Ctrl Pts',(0.,-3.3888580194275,0.46883081109457));
#8194=CARTESIAN_POINT('Ctrl Pts',(-3.3888580194275,-3.3888580194275,0.46883081109457));
#8195=CARTESIAN_POINT('Ctrl Pts',(-3.3888580194275,0.,0.46883081109457));
#8196=CARTESIAN_POINT('Ctrl Pts',(-3.52562344177953,0.,0.41684712354818));
#8197=CARTESIAN_POINT('Ctrl Pts',(-3.52562344177953,3.52562344177953,0.41684712354818));
#8198=CARTESIAN_POINT('Ctrl Pts',(0.,3.52562344177953,0.41684712354818));
#8199=CARTESIAN_POINT('Ctrl Pts',(3.52562344177953,3.52562344177953,0.41684712354818));
#8200=CARTESIAN_POINT('Ctrl Pts',(3.52562344177953,0.,0.41684712354818));
#8201=CARTESIAN_POINT('Ctrl Pts',(3.52562344177953,-3.52562344177953,0.41684712354818));
#8202=CARTESIAN_POINT('Ctrl Pts',(0.,-3.52562344177953,0.41684712354818));
#8203=CARTESIAN_POINT('Ctrl Pts',(-3.52562344177953,-3.52562344177953,0.41684712354818));
#8204=CARTESIAN_POINT('Ctrl Pts',(-3.52562344177953,0.,0.41684712354818));
#8205=CARTESIAN_POINT('Ctrl Pts',(-3.65352943185114,0.,0.363561604651966));
#8206=CARTESIAN_POINT('Ctrl Pts',(-3.65352943185114,3.65352943185114,0.363561604651966));
#8207=CARTESIAN_POINT('Ctrl Pts',(0.,3.65352943185114,0.363561604651966));
#8208=CARTESIAN_POINT('Ctrl Pts',(3.65352943185114,3.65352943185114,0.363561604651966));
#8209=CARTESIAN_POINT('Ctrl Pts',(3.65352943185114,0.,0.363561604651966));
#8210=CARTESIAN_POINT('Ctrl Pts',(3.65352943185114,-3.65352943185114,0.363561604651966));
#8211=CARTESIAN_POINT('Ctrl Pts',(0.,-3.65352943185114,0.363561604651966));
#8212=CARTESIAN_POINT('Ctrl Pts',(-3.65352943185114,-3.65352943185114,0.363561604651966));
#8213=CARTESIAN_POINT('Ctrl Pts',(-3.65352943185114,0.,0.363561604651966));
#8214=CARTESIAN_POINT('Ctrl Pts',(-3.77219436432784,0.,0.309238874883037));
#8215=CARTESIAN_POINT('Ctrl Pts',(-3.77219436432784,3.77219436432784,0.309238874883037));
#8216=CARTESIAN_POINT('Ctrl Pts',(0.,3.77219436432784,0.309238874883037));
#8217=CARTESIAN_POINT('Ctrl Pts',(3.77219436432784,3.77219436432784,0.309238874883037));
#8218=CARTESIAN_POINT('Ctrl Pts',(3.77219436432784,0.,0.309238874883037));
#8219=CARTESIAN_POINT('Ctrl Pts',(3.77219436432784,-3.77219436432784,0.309238874883037));
#8220=CARTESIAN_POINT('Ctrl Pts',(0.,-3.77219436432784,0.309238874883037));
#8221=CARTESIAN_POINT('Ctrl Pts',(-3.77219436432784,-3.77219436432784,0.309238874883037));
#8222=CARTESIAN_POINT('Ctrl Pts',(-3.77219436432784,0.,0.309238874883037));
#8223=CARTESIAN_POINT('Ctrl Pts',(-3.85965131419891,0.,0.265063930982988));
#8224=CARTESIAN_POINT('Ctrl Pts',(-3.85965131419891,3.85965131419891,0.265063930982988));
#8225=CARTESIAN_POINT('Ctrl Pts',(0.,3.85965131419891,0.265063930982988));
#8226=CARTESIAN_POINT('Ctrl Pts',(3.85965131419891,3.85965131419891,0.265063930982988));
#8227=CARTESIAN_POINT('Ctrl Pts',(3.85965131419891,0.,0.265063930982988));
#8228=CARTESIAN_POINT('Ctrl Pts',(3.85965131419891,-3.85965131419891,0.265063930982988));
#8229=CARTESIAN_POINT('Ctrl Pts',(0.,-3.85965131419891,0.265063930982988));
#8230=CARTESIAN_POINT('Ctrl Pts',(-3.85965131419891,-3.85965131419891,0.265063930982988));
#8231=CARTESIAN_POINT('Ctrl Pts',(-3.85965131419891,0.,0.265063930982988));
#8232=CARTESIAN_POINT('Ctrl Pts',(-3.92106000196197,0.,0.231553596089893));
#8233=CARTESIAN_POINT('Ctrl Pts',(-3.92106000196197,3.92106000196197,0.231553596089893));
#8234=CARTESIAN_POINT('Ctrl Pts',(0.,3.92106000196197,0.231553596089893));
#8235=CARTESIAN_POINT('Ctrl Pts',(3.92106000196197,3.92106000196197,0.231553596089893));
#8236=CARTESIAN_POINT('Ctrl Pts',(3.92106000196197,0.,0.231553596089893));
#8237=CARTESIAN_POINT('Ctrl Pts',(3.92106000196197,-3.92106000196197,0.231553596089893));
#8238=CARTESIAN_POINT('Ctrl Pts',(0.,-3.92106000196197,0.231553596089893));
#8239=CARTESIAN_POINT('Ctrl Pts',(-3.92106000196197,-3.92106000196197,0.231553596089893));
#8240=CARTESIAN_POINT('Ctrl Pts',(-3.92106000196197,0.,0.231553596089893));
#8241=CARTESIAN_POINT('Ctrl Pts',(-3.96014702705904,0.,0.20904558541352));
#8242=CARTESIAN_POINT('Ctrl Pts',(-3.96014702705903,3.96014702705903,0.20904558541352));
#8243=CARTESIAN_POINT('Ctrl Pts',(0.,3.96014702705904,0.20904558541352));
#8244=CARTESIAN_POINT('Ctrl Pts',(3.96014702705903,3.96014702705903,0.20904558541352));
#8245=CARTESIAN_POINT('Ctrl Pts',(3.96014702705904,0.,0.20904558541352));
#8246=CARTESIAN_POINT('Ctrl Pts',(3.96014702705903,-3.96014702705903,0.20904558541352));
#8247=CARTESIAN_POINT('Ctrl Pts',(0.,-3.96014702705904,0.20904558541352));
#8248=CARTESIAN_POINT('Ctrl Pts',(-3.96014702705903,-3.96014702705903,0.20904558541352));
#8249=CARTESIAN_POINT('Ctrl Pts',(-3.96014702705904,0.,0.20904558541352));
#8250=CARTESIAN_POINT('Ctrl Pts',(-3.97922751986641,0.,0.197749631526101));
#8251=CARTESIAN_POINT('Ctrl Pts',(-3.97922751986641,3.97922751986641,0.197749631526101));
#8252=CARTESIAN_POINT('Ctrl Pts',(0.,3.97922751986641,0.197749631526101));
#8253=CARTESIAN_POINT('Ctrl Pts',(3.97922751986641,3.97922751986641,0.197749631526101));
#8254=CARTESIAN_POINT('Ctrl Pts',(3.97922751986641,0.,0.197749631526101));
#8255=CARTESIAN_POINT('Ctrl Pts',(3.97922751986641,-3.97922751986641,0.197749631526101));
#8256=CARTESIAN_POINT('Ctrl Pts',(0.,-3.97922751986641,0.197749631526101));
#8257=CARTESIAN_POINT('Ctrl Pts',(-3.97922751986641,-3.97922751986641,0.197749631526101));
#8258=CARTESIAN_POINT('Ctrl Pts',(-3.97922751986641,0.,0.197749631526101));
#8259=CARTESIAN_POINT('',(1.0795107087642,0.66899673367171,0.635));
#8260=CARTESIAN_POINT('Origin',(0.,0.,0.635));
#8261=CARTESIAN_POINT('',(1.5307650703751,0.548083491897047,0.744511538138559));
#8262=CARTESIAN_POINT('Ctrl Pts',(1.0795107087642,0.66899673367171,0.635));
#8263=CARTESIAN_POINT('Ctrl Pts',(1.23079518391002,0.628460180729021,0.68739672804191));
#8264=CARTESIAN_POINT('Ctrl Pts',(1.37653937661169,0.589408141993082,0.723243570790999));
#8265=CARTESIAN_POINT('Ctrl Pts',(1.5307650703751,0.548083491897046,0.744511538138559));
#8266=CARTESIAN_POINT('Ctrl Pts',(1.5307650703751,0.548083491897046,0.744511538138559));
#8267=CARTESIAN_POINT('Ctrl Pts',(1.65615832074268,0.765270972459891,0.775500084648807));
#8268=CARTESIAN_POINT('Ctrl Pts',(1.89941946496275,1.1866116337564,0.805125744726834));
#8269=CARTESIAN_POINT('Ctrl Pts',(2.46227170736603,2.16150031475296,0.518511222086003));
#8270=CARTESIAN_POINT('Ctrl Pts',(2.67128419639003,2.52352056515895,0.378559125005199));
#8271=CARTESIAN_POINT('Ctrl Pts',(2.82962042208045,2.79776695273345,0.197749631526101));
#8272=CARTESIAN_POINT('Origin',(0.,0.,0.197749631526101));
#8273=CARTESIAN_POINT('Origin',(0.,0.,0.));
#8274=CARTESIAN_POINT('Origin',(0.,0.,0.635));
#8275=CARTESIAN_POINT('Origin',(0.,0.,0.));
#8276=CARTESIAN_POINT('Origin',(0.,0.,0.635));
#8277=CARTESIAN_POINT('Origin',(0.,0.,0.));
#8278=CARTESIAN_POINT('Origin',(0.,0.,0.));
#8279=CARTESIAN_POINT('',(1.0795107087642,0.66899673367171,0.));
#8280=CARTESIAN_POINT('Ctrl Pts',(-1.27,0.,0.635));
#8281=CARTESIAN_POINT('Ctrl Pts',(-1.27,1.27,0.635));
#8282=CARTESIAN_POINT('Ctrl Pts',(0.,1.27,0.635));
#8283=CARTESIAN_POINT('Ctrl Pts',(1.27,1.27,0.635));
#8284=CARTESIAN_POINT('Ctrl Pts',(1.27,0.,0.635));
#8285=CARTESIAN_POINT('Ctrl Pts',(1.27,-1.27,0.635));
#8286=CARTESIAN_POINT('Ctrl Pts',(0.,-1.27,0.635));
#8287=CARTESIAN_POINT('Ctrl Pts',(-1.27,-1.27,0.635));
#8288=CARTESIAN_POINT('Ctrl Pts',(-1.27,0.,0.635));
#8289=CARTESIAN_POINT('Ctrl Pts',(-1.28976000903809,0.,0.644654633909946));
#8290=CARTESIAN_POINT('Ctrl Pts',(-1.28976000903809,1.28976000903809,0.644654633909946));
#8291=CARTESIAN_POINT('Ctrl Pts',(0.,1.28976000903809,0.644654633909946));
#8292=CARTESIAN_POINT('Ctrl Pts',(1.28976000903809,1.28976000903809,0.644654633909946));
#8293=CARTESIAN_POINT('Ctrl Pts',(1.28976000903809,0.,0.644654633909946));
#8294=CARTESIAN_POINT('Ctrl Pts',(1.28976000903809,-1.28976000903809,0.644654633909946));
#8295=CARTESIAN_POINT('Ctrl Pts',(0.,-1.28976000903809,0.644654633909946));
#8296=CARTESIAN_POINT('Ctrl Pts',(-1.28976000903809,-1.28976000903809,0.644654633909946));
#8297=CARTESIAN_POINT('Ctrl Pts',(-1.28976000903809,0.,0.644654633909946));
#8298=CARTESIAN_POINT('Ctrl Pts',(-1.33005338904588,0.,0.663091609763323));
#8299=CARTESIAN_POINT('Ctrl Pts',(-1.33005338904588,1.33005338904588,0.663091609763323));
#8300=CARTESIAN_POINT('Ctrl Pts',(0.,1.33005338904588,0.663091609763323));
#8301=CARTESIAN_POINT('Ctrl Pts',(1.33005338904588,1.33005338904588,0.663091609763323));
#8302=CARTESIAN_POINT('Ctrl Pts',(1.33005338904588,0.,0.663091609763323));
#8303=CARTESIAN_POINT('Ctrl Pts',(1.33005338904588,-1.33005338904588,0.663091609763323));
#8304=CARTESIAN_POINT('Ctrl Pts',(0.,-1.33005338904588,0.663091609763323));
#8305=CARTESIAN_POINT('Ctrl Pts',(-1.33005338904588,-1.33005338904588,0.663091609763323));
#8306=CARTESIAN_POINT('Ctrl Pts',(-1.33005338904588,0.,0.663091609763323));
#8307=CARTESIAN_POINT('Ctrl Pts',(-1.39281356358397,0.,0.688130181283886));
#8308=CARTESIAN_POINT('Ctrl Pts',(-1.39281356358397,1.39281356358397,0.688130181283886));
#8309=CARTESIAN_POINT('Ctrl Pts',(0.,1.39281356358397,0.688130181283886));
#8310=CARTESIAN_POINT('Ctrl Pts',(1.39281356358397,1.39281356358397,0.688130181283886));
#8311=CARTESIAN_POINT('Ctrl Pts',(1.39281356358397,0.,0.688130181283886));
#8312=CARTESIAN_POINT('Ctrl Pts',(1.39281356358397,-1.39281356358397,0.688130181283886));
#8313=CARTESIAN_POINT('Ctrl Pts',(0.,-1.39281356358397,0.688130181283886));
#8314=CARTESIAN_POINT('Ctrl Pts',(-1.39281356358397,-1.39281356358397,0.688130181283886));
#8315=CARTESIAN_POINT('Ctrl Pts',(-1.39281356358397,0.,0.688130181283886));
#8316=CARTESIAN_POINT('Ctrl Pts',(-1.48115277756041,0.,0.716259945171289));
#8317=CARTESIAN_POINT('Ctrl Pts',(-1.48115277756041,1.48115277756041,0.716259945171289));
#8318=CARTESIAN_POINT('Ctrl Pts',(0.,1.48115277756041,0.716259945171289));
#8319=CARTESIAN_POINT('Ctrl Pts',(1.48115277756041,1.48115277756041,0.716259945171289));
#8320=CARTESIAN_POINT('Ctrl Pts',(1.48115277756041,0.,0.716259945171289));
#8321=CARTESIAN_POINT('Ctrl Pts',(1.48115277756041,-1.48115277756041,0.716259945171289));
#8322=CARTESIAN_POINT('Ctrl Pts',(0.,-1.48115277756041,0.716259945171289));
#8323=CARTESIAN_POINT('Ctrl Pts',(-1.48115277756041,-1.48115277756041,0.716259945171289));
#8324=CARTESIAN_POINT('Ctrl Pts',(-1.48115277756041,0.,0.716259945171289));
#8325=CARTESIAN_POINT('Ctrl Pts',(-1.59940380111457,0.,0.742561927287715));
#8326=CARTESIAN_POINT('Ctrl Pts',(-1.59940380111457,1.59940380111457,0.742561927287715));
#8327=CARTESIAN_POINT('Ctrl Pts',(0.,1.59940380111457,0.742561927287715));
#8328=CARTESIAN_POINT('Ctrl Pts',(1.59940380111457,1.59940380111457,0.742561927287715));
#8329=CARTESIAN_POINT('Ctrl Pts',(1.59940380111457,0.,0.742561927287715));
#8330=CARTESIAN_POINT('Ctrl Pts',(1.59940380111457,-1.59940380111457,0.742561927287715));
#8331=CARTESIAN_POINT('Ctrl Pts',(0.,-1.59940380111457,0.742561927287715));
#8332=CARTESIAN_POINT('Ctrl Pts',(-1.59940380111457,-1.59940380111457,0.742561927287715));
#8333=CARTESIAN_POINT('Ctrl Pts',(-1.59940380111457,0.,0.742561927287715));
#8334=CARTESIAN_POINT('Ctrl Pts',(-1.72546868968633,0.,0.759921593770094));
#8335=CARTESIAN_POINT('Ctrl Pts',(-1.72546868968633,1.72546868968633,0.759921593770094));
#8336=CARTESIAN_POINT('Ctrl Pts',(0.,1.72546868968633,0.759921593770094));
#8337=CARTESIAN_POINT('Ctrl Pts',(1.72546868968633,1.72546868968633,0.759921593770094));
#8338=CARTESIAN_POINT('Ctrl Pts',(1.72546868968633,0.,0.759921593770094));
#8339=CARTESIAN_POINT('Ctrl Pts',(1.72546868968633,-1.72546868968633,0.759921593770094));
#8340=CARTESIAN_POINT('Ctrl Pts',(0.,-1.72546868968633,0.759921593770094));
#8341=CARTESIAN_POINT('Ctrl Pts',(-1.72546868968633,-1.72546868968633,0.759921593770094));
#8342=CARTESIAN_POINT('Ctrl Pts',(-1.72546868968633,0.,0.759921593770094));
#8343=CARTESIAN_POINT('Ctrl Pts',(-1.85917266805368,0.,0.768342464494351));
#8344=CARTESIAN_POINT('Ctrl Pts',(-1.85917266805368,1.85917266805368,0.768342464494351));
#8345=CARTESIAN_POINT('Ctrl Pts',(0.,1.85917266805368,0.768342464494351));
#8346=CARTESIAN_POINT('Ctrl Pts',(1.85917266805368,1.85917266805368,0.768342464494351));
#8347=CARTESIAN_POINT('Ctrl Pts',(1.85917266805368,0.,0.768342464494351));
#8348=CARTESIAN_POINT('Ctrl Pts',(1.85917266805368,-1.85917266805368,0.768342464494351));
#8349=CARTESIAN_POINT('Ctrl Pts',(0.,-1.85917266805368,0.768342464494351));
#8350=CARTESIAN_POINT('Ctrl Pts',(-1.85917266805368,-1.85917266805368,0.768342464494351));
#8351=CARTESIAN_POINT('Ctrl Pts',(-1.85917266805368,0.,0.768342464494351));
#8352=CARTESIAN_POINT('Ctrl Pts',(-2.00005900374125,0.,0.768011316095539));
#8353=CARTESIAN_POINT('Ctrl Pts',(-2.00005900374125,2.00005900374125,0.768011316095539));
#8354=CARTESIAN_POINT('Ctrl Pts',(0.,2.00005900374125,0.768011316095539));
#8355=CARTESIAN_POINT('Ctrl Pts',(2.00005900374125,2.00005900374125,0.768011316095539));
#8356=CARTESIAN_POINT('Ctrl Pts',(2.00005900374125,0.,0.768011316095539));
#8357=CARTESIAN_POINT('Ctrl Pts',(2.00005900374125,-2.00005900374125,0.768011316095539));
#8358=CARTESIAN_POINT('Ctrl Pts',(0.,-2.00005900374125,0.768011316095539));
#8359=CARTESIAN_POINT('Ctrl Pts',(-2.00005900374125,-2.00005900374125,0.768011316095539));
#8360=CARTESIAN_POINT('Ctrl Pts',(-2.00005900374125,0.,0.768011316095539));
#8361=CARTESIAN_POINT('Ctrl Pts',(-2.14737033868111,0.,0.75930282290649));
#8362=CARTESIAN_POINT('Ctrl Pts',(-2.14737033868111,2.14737033868111,0.75930282290649));
#8363=CARTESIAN_POINT('Ctrl Pts',(0.,2.14737033868111,0.75930282290649));
#8364=CARTESIAN_POINT('Ctrl Pts',(2.14737033868111,2.14737033868111,0.75930282290649));
#8365=CARTESIAN_POINT('Ctrl Pts',(2.14737033868111,0.,0.75930282290649));
#8366=CARTESIAN_POINT('Ctrl Pts',(2.14737033868111,-2.14737033868111,0.75930282290649));
#8367=CARTESIAN_POINT('Ctrl Pts',(0.,-2.14737033868111,0.75930282290649));
#8368=CARTESIAN_POINT('Ctrl Pts',(-2.14737033868111,-2.14737033868111,0.75930282290649));
#8369=CARTESIAN_POINT('Ctrl Pts',(-2.14737033868111,0.,0.75930282290649));
#8370=CARTESIAN_POINT('Ctrl Pts',(-2.3000902151504,0.,0.742730189490773));
#8371=CARTESIAN_POINT('Ctrl Pts',(-2.3000902151504,2.3000902151504,0.742730189490773));
#8372=CARTESIAN_POINT('Ctrl Pts',(0.,2.3000902151504,0.742730189490773));
#8373=CARTESIAN_POINT('Ctrl Pts',(2.3000902151504,2.3000902151504,0.742730189490773));
#8374=CARTESIAN_POINT('Ctrl Pts',(2.3000902151504,0.,0.742730189490773));
#8375=CARTESIAN_POINT('Ctrl Pts',(2.3000902151504,-2.3000902151504,0.742730189490773));
#8376=CARTESIAN_POINT('Ctrl Pts',(0.,-2.3000902151504,0.742730189490773));
#8377=CARTESIAN_POINT('Ctrl Pts',(-2.3000902151504,-2.3000902151504,0.742730189490773));
#8378=CARTESIAN_POINT('Ctrl Pts',(-2.3000902151504,0.,0.742730189490773));
#8379=CARTESIAN_POINT('Ctrl Pts',(-2.45695303185239,0.,0.7189240388291));
#8380=CARTESIAN_POINT('Ctrl Pts',(-2.45695303185239,2.45695303185239,0.7189240388291));
#8381=CARTESIAN_POINT('Ctrl Pts',(0.,2.45695303185239,0.7189240388291));
#8382=CARTESIAN_POINT('Ctrl Pts',(2.45695303185239,2.45695303185239,0.7189240388291));
#8383=CARTESIAN_POINT('Ctrl Pts',(2.45695303185239,0.,0.7189240388291));
#8384=CARTESIAN_POINT('Ctrl Pts',(2.45695303185239,-2.45695303185239,0.7189240388291));
#8385=CARTESIAN_POINT('Ctrl Pts',(0.,-2.45695303185239,0.7189240388291));
#8386=CARTESIAN_POINT('Ctrl Pts',(-2.45695303185239,-2.45695303185239,0.7189240388291));
#8387=CARTESIAN_POINT('Ctrl Pts',(-2.45695303185239,0.,0.7189240388291));
#8388=CARTESIAN_POINT('Ctrl Pts',(-2.61646167437853,0.,0.688608589764148));
#8389=CARTESIAN_POINT('Ctrl Pts',(-2.61646167437853,2.61646167437853,0.688608589764148));
#8390=CARTESIAN_POINT('Ctrl Pts',(0.,2.61646167437853,0.688608589764148));
#8391=CARTESIAN_POINT('Ctrl Pts',(2.61646167437853,2.61646167437853,0.688608589764148));
#8392=CARTESIAN_POINT('Ctrl Pts',(2.61646167437853,0.,0.688608589764148));
#8393=CARTESIAN_POINT('Ctrl Pts',(2.61646167437853,-2.61646167437853,0.688608589764148));
#8394=CARTESIAN_POINT('Ctrl Pts',(0.,-2.61646167437853,0.688608589764148));
#8395=CARTESIAN_POINT('Ctrl Pts',(-2.61646167437853,-2.61646167437853,0.688608589764148));
#8396=CARTESIAN_POINT('Ctrl Pts',(-2.61646167437853,0.,0.688608589764148));
#8397=CARTESIAN_POINT('Ctrl Pts',(-2.77688015186133,0.,0.652593820270341));
#8398=CARTESIAN_POINT('Ctrl Pts',(-2.77688015186133,2.77688015186133,0.652593820270341));
#8399=CARTESIAN_POINT('Ctrl Pts',(0.,2.77688015186133,0.652593820270341));
#8400=CARTESIAN_POINT('Ctrl Pts',(2.77688015186133,2.77688015186133,0.652593820270341));
#8401=CARTESIAN_POINT('Ctrl Pts',(2.77688015186133,0.,0.652593820270341));
#8402=CARTESIAN_POINT('Ctrl Pts',(2.77688015186133,-2.77688015186133,0.652593820270341));
#8403=CARTESIAN_POINT('Ctrl Pts',(0.,-2.77688015186133,0.652593820270341));
#8404=CARTESIAN_POINT('Ctrl Pts',(-2.77688015186133,-2.77688015186133,0.652593820270341));
#8405=CARTESIAN_POINT('Ctrl Pts',(-2.77688015186133,0.,0.652593820270341));
#8406=CARTESIAN_POINT('Ctrl Pts',(-2.93627072850678,0.,0.611754084878089));
#8407=CARTESIAN_POINT('Ctrl Pts',(-2.93627072850678,2.93627072850678,0.611754084878089));
#8408=CARTESIAN_POINT('Ctrl Pts',(0.,2.93627072850678,0.611754084878089));
#8409=CARTESIAN_POINT('Ctrl Pts',(2.93627072850678,2.93627072850678,0.611754084878089));
#8410=CARTESIAN_POINT('Ctrl Pts',(2.93627072850678,0.,0.611754084878089));
#8411=CARTESIAN_POINT('Ctrl Pts',(2.93627072850678,-2.93627072850678,0.611754084878089));
#8412=CARTESIAN_POINT('Ctrl Pts',(0.,-2.93627072850678,0.611754084878089));
#8413=CARTESIAN_POINT('Ctrl Pts',(-2.93627072850678,-2.93627072850678,0.611754084878089));
#8414=CARTESIAN_POINT('Ctrl Pts',(-2.93627072850678,0.,0.611754084878089));
#8415=CARTESIAN_POINT('Ctrl Pts',(-3.09264260186243,0.,0.566969093104279));
#8416=CARTESIAN_POINT('Ctrl Pts',(-3.09264260186243,3.09264260186243,0.566969093104279));
#8417=CARTESIAN_POINT('Ctrl Pts',(0.,3.09264260186243,0.566969093104279));
#8418=CARTESIAN_POINT('Ctrl Pts',(3.09264260186243,3.09264260186243,0.566969093104279));
#8419=CARTESIAN_POINT('Ctrl Pts',(3.09264260186243,0.,0.566969093104279));
#8420=CARTESIAN_POINT('Ctrl Pts',(3.09264260186243,-3.09264260186243,0.566969093104279));
#8421=CARTESIAN_POINT('Ctrl Pts',(0.,-3.09264260186243,0.566969093104279));
#8422=CARTESIAN_POINT('Ctrl Pts',(-3.09264260186243,-3.09264260186243,0.566969093104279));
#8423=CARTESIAN_POINT('Ctrl Pts',(-3.09264260186243,0.,0.566969093104279));
#8424=CARTESIAN_POINT('Ctrl Pts',(-3.2440743653528,0.,0.519078081530674));
#8425=CARTESIAN_POINT('Ctrl Pts',(-3.2440743653528,3.2440743653528,0.519078081530674));
#8426=CARTESIAN_POINT('Ctrl Pts',(0.,3.2440743653528,0.519078081530674));
#8427=CARTESIAN_POINT('Ctrl Pts',(3.2440743653528,3.2440743653528,0.519078081530674));
#8428=CARTESIAN_POINT('Ctrl Pts',(3.2440743653528,0.,0.519078081530674));
#8429=CARTESIAN_POINT('Ctrl Pts',(3.2440743653528,-3.2440743653528,0.519078081530674));
#8430=CARTESIAN_POINT('Ctrl Pts',(0.,-3.2440743653528,0.519078081530674));
#8431=CARTESIAN_POINT('Ctrl Pts',(-3.2440743653528,-3.2440743653528,0.519078081530674));
#8432=CARTESIAN_POINT('Ctrl Pts',(-3.2440743653528,0.,0.519078081530674));
#8433=CARTESIAN_POINT('Ctrl Pts',(-3.3888580194275,0.,0.46883081109457));
#8434=CARTESIAN_POINT('Ctrl Pts',(-3.3888580194275,3.3888580194275,0.46883081109457));
#8435=CARTESIAN_POINT('Ctrl Pts',(0.,3.3888580194275,0.46883081109457));
#8436=CARTESIAN_POINT('Ctrl Pts',(3.3888580194275,3.3888580194275,0.46883081109457));
#8437=CARTESIAN_POINT('Ctrl Pts',(3.3888580194275,0.,0.46883081109457));
#8438=CARTESIAN_POINT('Ctrl Pts',(3.3888580194275,-3.3888580194275,0.46883081109457));
#8439=CARTESIAN_POINT('Ctrl Pts',(0.,-3.3888580194275,0.46883081109457));
#8440=CARTESIAN_POINT('Ctrl Pts',(-3.3888580194275,-3.3888580194275,0.46883081109457));
#8441=CARTESIAN_POINT('Ctrl Pts',(-3.3888580194275,0.,0.46883081109457));
#8442=CARTESIAN_POINT('Ctrl Pts',(-3.52562344177953,0.,0.41684712354818));
#8443=CARTESIAN_POINT('Ctrl Pts',(-3.52562344177953,3.52562344177953,0.41684712354818));
#8444=CARTESIAN_POINT('Ctrl Pts',(0.,3.52562344177953,0.41684712354818));
#8445=CARTESIAN_POINT('Ctrl Pts',(3.52562344177953,3.52562344177953,0.41684712354818));
#8446=CARTESIAN_POINT('Ctrl Pts',(3.52562344177953,0.,0.41684712354818));
#8447=CARTESIAN_POINT('Ctrl Pts',(3.52562344177953,-3.52562344177953,0.41684712354818));
#8448=CARTESIAN_POINT('Ctrl Pts',(0.,-3.52562344177953,0.41684712354818));
#8449=CARTESIAN_POINT('Ctrl Pts',(-3.52562344177953,-3.52562344177953,0.41684712354818));
#8450=CARTESIAN_POINT('Ctrl Pts',(-3.52562344177953,0.,0.41684712354818));
#8451=CARTESIAN_POINT('Ctrl Pts',(-3.65352943185114,0.,0.363561604651966));
#8452=CARTESIAN_POINT('Ctrl Pts',(-3.65352943185114,3.65352943185114,0.363561604651966));
#8453=CARTESIAN_POINT('Ctrl Pts',(0.,3.65352943185114,0.363561604651966));
#8454=CARTESIAN_POINT('Ctrl Pts',(3.65352943185114,3.65352943185114,0.363561604651966));
#8455=CARTESIAN_POINT('Ctrl Pts',(3.65352943185114,0.,0.363561604651966));
#8456=CARTESIAN_POINT('Ctrl Pts',(3.65352943185114,-3.65352943185114,0.363561604651966));
#8457=CARTESIAN_POINT('Ctrl Pts',(0.,-3.65352943185114,0.363561604651966));
#8458=CARTESIAN_POINT('Ctrl Pts',(-3.65352943185114,-3.65352943185114,0.363561604651966));
#8459=CARTESIAN_POINT('Ctrl Pts',(-3.65352943185114,0.,0.363561604651966));
#8460=CARTESIAN_POINT('Ctrl Pts',(-3.77219436432784,0.,0.309238874883037));
#8461=CARTESIAN_POINT('Ctrl Pts',(-3.77219436432784,3.77219436432784,0.309238874883037));
#8462=CARTESIAN_POINT('Ctrl Pts',(0.,3.77219436432784,0.309238874883037));
#8463=CARTESIAN_POINT('Ctrl Pts',(3.77219436432784,3.77219436432784,0.309238874883037));
#8464=CARTESIAN_POINT('Ctrl Pts',(3.77219436432784,0.,0.309238874883037));
#8465=CARTESIAN_POINT('Ctrl Pts',(3.77219436432784,-3.77219436432784,0.309238874883037));
#8466=CARTESIAN_POINT('Ctrl Pts',(0.,-3.77219436432784,0.309238874883037));
#8467=CARTESIAN_POINT('Ctrl Pts',(-3.77219436432784,-3.77219436432784,0.309238874883037));
#8468=CARTESIAN_POINT('Ctrl Pts',(-3.77219436432784,0.,0.309238874883037));
#8469=CARTESIAN_POINT('Ctrl Pts',(-3.85965131419891,0.,0.265063930982988));
#8470=CARTESIAN_POINT('Ctrl Pts',(-3.85965131419891,3.85965131419891,0.265063930982988));
#8471=CARTESIAN_POINT('Ctrl Pts',(0.,3.85965131419891,0.265063930982988));
#8472=CARTESIAN_POINT('Ctrl Pts',(3.85965131419891,3.85965131419891,0.265063930982988));
#8473=CARTESIAN_POINT('Ctrl Pts',(3.85965131419891,0.,0.265063930982988));
#8474=CARTESIAN_POINT('Ctrl Pts',(3.85965131419891,-3.85965131419891,0.265063930982988));
#8475=CARTESIAN_POINT('Ctrl Pts',(0.,-3.85965131419891,0.265063930982988));
#8476=CARTESIAN_POINT('Ctrl Pts',(-3.85965131419891,-3.85965131419891,0.265063930982988));
#8477=CARTESIAN_POINT('Ctrl Pts',(-3.85965131419891,0.,0.265063930982988));
#8478=CARTESIAN_POINT('Ctrl Pts',(-3.92106000196197,0.,0.231553596089893));
#8479=CARTESIAN_POINT('Ctrl Pts',(-3.92106000196197,3.92106000196197,0.231553596089893));
#8480=CARTESIAN_POINT('Ctrl Pts',(0.,3.92106000196197,0.231553596089893));
#8481=CARTESIAN_POINT('Ctrl Pts',(3.92106000196197,3.92106000196197,0.231553596089893));
#8482=CARTESIAN_POINT('Ctrl Pts',(3.92106000196197,0.,0.231553596089893));
#8483=CARTESIAN_POINT('Ctrl Pts',(3.92106000196197,-3.92106000196197,0.231553596089893));
#8484=CARTESIAN_POINT('Ctrl Pts',(0.,-3.92106000196197,0.231553596089893));
#8485=CARTESIAN_POINT('Ctrl Pts',(-3.92106000196197,-3.92106000196197,0.231553596089893));
#8486=CARTESIAN_POINT('Ctrl Pts',(-3.92106000196197,0.,0.231553596089893));
#8487=CARTESIAN_POINT('Ctrl Pts',(-3.96014702705904,0.,0.20904558541352));
#8488=CARTESIAN_POINT('Ctrl Pts',(-3.96014702705903,3.96014702705903,0.20904558541352));
#8489=CARTESIAN_POINT('Ctrl Pts',(0.,3.96014702705904,0.20904558541352));
#8490=CARTESIAN_POINT('Ctrl Pts',(3.96014702705903,3.96014702705903,0.20904558541352));
#8491=CARTESIAN_POINT('Ctrl Pts',(3.96014702705904,0.,0.20904558541352));
#8492=CARTESIAN_POINT('Ctrl Pts',(3.96014702705903,-3.96014702705903,0.20904558541352));
#8493=CARTESIAN_POINT('Ctrl Pts',(0.,-3.96014702705904,0.20904558541352));
#8494=CARTESIAN_POINT('Ctrl Pts',(-3.96014702705903,-3.96014702705903,0.20904558541352));
#8495=CARTESIAN_POINT('Ctrl Pts',(-3.96014702705904,0.,0.20904558541352));
#8496=CARTESIAN_POINT('Ctrl Pts',(-3.97922751986641,0.,0.197749631526101));
#8497=CARTESIAN_POINT('Ctrl Pts',(-3.97922751986641,3.97922751986641,0.197749631526101));
#8498=CARTESIAN_POINT('Ctrl Pts',(0.,3.97922751986641,0.197749631526101));
#8499=CARTESIAN_POINT('Ctrl Pts',(3.97922751986641,3.97922751986641,0.197749631526101));
#8500=CARTESIAN_POINT('Ctrl Pts',(3.97922751986641,0.,0.197749631526101));
#8501=CARTESIAN_POINT('Ctrl Pts',(3.97922751986641,-3.97922751986641,0.197749631526101));
#8502=CARTESIAN_POINT('Ctrl Pts',(0.,-3.97922751986641,0.197749631526101));
#8503=CARTESIAN_POINT('Ctrl Pts',(-3.97922751986641,-3.97922751986641,0.197749631526101));
#8504=CARTESIAN_POINT('Ctrl Pts',(-3.97922751986641,0.,0.197749631526101));
#8505=CARTESIAN_POINT('Origin',(0.,0.,0.197749631526101));
#8506=CARTESIAN_POINT('Ctrl Pts',(-3.97922751986641,0.,0.197749631526101));
#8507=CARTESIAN_POINT('Ctrl Pts',(-3.97922751986641,3.97922751986641,0.197749631526101));
#8508=CARTESIAN_POINT('Ctrl Pts',(0.,3.97922751986641,0.197749631526101));
#8509=CARTESIAN_POINT('Ctrl Pts',(3.97922751986641,3.97922751986641,0.197749631526101));
#8510=CARTESIAN_POINT('Ctrl Pts',(3.97922751986641,0.,0.197749631526101));
#8511=CARTESIAN_POINT('Ctrl Pts',(3.97922751986641,-3.97922751986641,0.197749631526101));
#8512=CARTESIAN_POINT('Ctrl Pts',(0.,-3.97922751986641,0.197749631526101));
#8513=CARTESIAN_POINT('Ctrl Pts',(-3.97922751986641,-3.97922751986641,0.197749631526101));
#8514=CARTESIAN_POINT('Ctrl Pts',(-3.97922751986641,0.,0.197749631526101));
#8515=CARTESIAN_POINT('Ctrl Pts',(-3.96956191321612,0.,0.215078346741054));
#8516=CARTESIAN_POINT('Ctrl Pts',(-3.96956191321612,3.96956191321612,0.215078346741054));
#8517=CARTESIAN_POINT('Ctrl Pts',(0.,3.96956191321612,0.215078346741054));
#8518=CARTESIAN_POINT('Ctrl Pts',(3.96956191321612,3.96956191321612,0.215078346741054));
#8519=CARTESIAN_POINT('Ctrl Pts',(3.96956191321612,0.,0.215078346741054));
#8520=CARTESIAN_POINT('Ctrl Pts',(3.96956191321612,-3.96956191321612,0.215078346741054));
#8521=CARTESIAN_POINT('Ctrl Pts',(0.,-3.96956191321612,0.215078346741054));
#8522=CARTESIAN_POINT('Ctrl Pts',(-3.96956191321612,-3.96956191321612,0.215078346741054));
#8523=CARTESIAN_POINT('Ctrl Pts',(-3.96956191321612,0.,0.215078346741054));
#8524=CARTESIAN_POINT('Ctrl Pts',(-3.94903901059912,0.,0.249262530824572));
#8525=CARTESIAN_POINT('Ctrl Pts',(-3.94903901059911,3.94903901059911,0.249262530824572));
#8526=CARTESIAN_POINT('Ctrl Pts',(0.,3.94903901059912,0.249262530824572));
#8527=CARTESIAN_POINT('Ctrl Pts',(3.94903901059911,3.94903901059911,0.249262530824572));
#8528=CARTESIAN_POINT('Ctrl Pts',(3.94903901059912,0.,0.249262530824572));
#8529=CARTESIAN_POINT('Ctrl Pts',(3.94903901059911,-3.94903901059911,0.249262530824572));
#8530=CARTESIAN_POINT('Ctrl Pts',(0.,-3.94903901059912,0.249262530824572));
#8531=CARTESIAN_POINT('Ctrl Pts',(-3.94903901059911,-3.94903901059911,0.249262530824572));
#8532=CARTESIAN_POINT('Ctrl Pts',(-3.94903901059912,0.,0.249262530824572));
#8533=CARTESIAN_POINT('Ctrl Pts',(-3.91467958405274,0.,0.299119069096551));
#8534=CARTESIAN_POINT('Ctrl Pts',(-3.91467958405274,3.91467958405274,0.299119069096551));
#8535=CARTESIAN_POINT('Ctrl Pts',(0.,3.91467958405274,0.299119069096551));
#8536=CARTESIAN_POINT('Ctrl Pts',(3.91467958405274,3.91467958405274,0.299119069096551));
#8537=CARTESIAN_POINT('Ctrl Pts',(3.91467958405274,0.,0.299119069096551));
#8538=CARTESIAN_POINT('Ctrl Pts',(3.91467958405274,-3.91467958405274,0.299119069096551));
#8539=CARTESIAN_POINT('Ctrl Pts',(0.,-3.91467958405274,0.299119069096551));
#8540=CARTESIAN_POINT('Ctrl Pts',(-3.91467958405274,-3.91467958405274,0.299119069096551));
#8541=CARTESIAN_POINT('Ctrl Pts',(-3.91467958405274,0.,0.299119069096551));
#8542=CARTESIAN_POINT('Ctrl Pts',(-3.86170396188042,0.,0.36274982640076));
#8543=CARTESIAN_POINT('Ctrl Pts',(-3.86170396188042,3.86170396188042,0.36274982640076));
#8544=CARTESIAN_POINT('Ctrl Pts',(0.,3.86170396188042,0.36274982640076));
#8545=CARTESIAN_POINT('Ctrl Pts',(3.86170396188042,3.86170396188042,0.36274982640076));
#8546=CARTESIAN_POINT('Ctrl Pts',(3.86170396188042,0.,0.36274982640076));
#8547=CARTESIAN_POINT('Ctrl Pts',(3.86170396188042,-3.86170396188042,0.36274982640076));
#8548=CARTESIAN_POINT('Ctrl Pts',(0.,-3.86170396188042,0.36274982640076));
#8549=CARTESIAN_POINT('Ctrl Pts',(-3.86170396188042,-3.86170396188042,0.36274982640076));
#8550=CARTESIAN_POINT('Ctrl Pts',(-3.86170396188042,0.,0.36274982640076));
#8551=CARTESIAN_POINT('Ctrl Pts',(-3.78359939559246,0.,0.437504491128392));
#8552=CARTESIAN_POINT('Ctrl Pts',(-3.78359939559246,3.78359939559246,0.437504491128392));
#8553=CARTESIAN_POINT('Ctrl Pts',(0.,3.78359939559246,0.437504491128392));
#8554=CARTESIAN_POINT('Ctrl Pts',(3.78359939559246,3.78359939559246,0.437504491128392));
#8555=CARTESIAN_POINT('Ctrl Pts',(3.78359939559246,0.,0.437504491128392));
#8556=CARTESIAN_POINT('Ctrl Pts',(3.78359939559246,-3.78359939559246,0.437504491128392));
#8557=CARTESIAN_POINT('Ctrl Pts',(0.,-3.78359939559246,0.437504491128392));
#8558=CARTESIAN_POINT('Ctrl Pts',(-3.78359939559246,-3.78359939559246,0.437504491128392));
#8559=CARTESIAN_POINT('Ctrl Pts',(-3.78359939559246,0.,0.437504491128392));
#8560=CARTESIAN_POINT('Ctrl Pts',(-3.6939027715522,0.,0.507399076581121));
#8561=CARTESIAN_POINT('Ctrl Pts',(-3.6939027715522,3.6939027715522,0.507399076581121));
#8562=CARTESIAN_POINT('Ctrl Pts',(0.,3.6939027715522,0.507399076581121));
#8563=CARTESIAN_POINT('Ctrl Pts',(3.6939027715522,3.6939027715522,0.507399076581121));
#8564=CARTESIAN_POINT('Ctrl Pts',(3.6939027715522,0.,0.507399076581121));
#8565=CARTESIAN_POINT('Ctrl Pts',(3.6939027715522,-3.6939027715522,0.507399076581121));
#8566=CARTESIAN_POINT('Ctrl Pts',(0.,-3.6939027715522,0.507399076581121));
#8567=CARTESIAN_POINT('Ctrl Pts',(-3.6939027715522,-3.6939027715522,0.507399076581121));
#8568=CARTESIAN_POINT('Ctrl Pts',(-3.6939027715522,0.,0.507399076581121));
#8569=CARTESIAN_POINT('Ctrl Pts',(-3.59330094716327,0.,0.572320885122737));
#8570=CARTESIAN_POINT('Ctrl Pts',(-3.59330094716327,3.59330094716327,0.572320885122737));
#8571=CARTESIAN_POINT('Ctrl Pts',(0.,3.59330094716327,0.572320885122737));
#8572=CARTESIAN_POINT('Ctrl Pts',(3.59330094716327,3.59330094716327,0.572320885122737));
#8573=CARTESIAN_POINT('Ctrl Pts',(3.59330094716327,0.,0.572320885122737));
#8574=CARTESIAN_POINT('Ctrl Pts',(3.59330094716327,-3.59330094716327,0.572320885122737));
#8575=CARTESIAN_POINT('Ctrl Pts',(0.,-3.59330094716327,0.572320885122737));
#8576=CARTESIAN_POINT('Ctrl Pts',(-3.59330094716327,-3.59330094716327,0.572320885122737));
#8577=CARTESIAN_POINT('Ctrl Pts',(-3.59330094716327,0.,0.572320885122737));
#8578=CARTESIAN_POINT('Ctrl Pts',(-3.48303918843098,0.,0.632117855989838));
#8579=CARTESIAN_POINT('Ctrl Pts',(-3.48303918843098,3.48303918843098,0.632117855989838));
#8580=CARTESIAN_POINT('Ctrl Pts',(0.,3.48303918843098,0.632117855989838));
#8581=CARTESIAN_POINT('Ctrl Pts',(3.48303918843098,3.48303918843098,0.632117855989838));
#8582=CARTESIAN_POINT('Ctrl Pts',(3.48303918843098,0.,0.632117855989838));
#8583=CARTESIAN_POINT('Ctrl Pts',(3.48303918843098,-3.48303918843098,0.632117855989838));
#8584=CARTESIAN_POINT('Ctrl Pts',(0.,-3.48303918843098,0.632117855989838));
#8585=CARTESIAN_POINT('Ctrl Pts',(-3.48303918843098,-3.48303918843098,0.632117855989838));
#8586=CARTESIAN_POINT('Ctrl Pts',(-3.48303918843098,0.,0.632117855989838));
#8587=CARTESIAN_POINT('Ctrl Pts',(-3.36507311624345,0.,0.686598024871286));
#8588=CARTESIAN_POINT('Ctrl Pts',(-3.36507311624345,3.36507311624345,0.686598024871286));
#8589=CARTESIAN_POINT('Ctrl Pts',(0.,3.36507311624345,0.686598024871286));
#8590=CARTESIAN_POINT('Ctrl Pts',(3.36507311624345,3.36507311624345,0.686598024871286));
#8591=CARTESIAN_POINT('Ctrl Pts',(3.36507311624345,0.,0.686598024871286));
#8592=CARTESIAN_POINT('Ctrl Pts',(3.36507311624345,-3.36507311624345,0.686598024871286));
#8593=CARTESIAN_POINT('Ctrl Pts',(0.,-3.36507311624345,0.686598024871286));
#8594=CARTESIAN_POINT('Ctrl Pts',(-3.36507311624345,-3.36507311624345,0.686598024871286));
#8595=CARTESIAN_POINT('Ctrl Pts',(-3.36507311624345,0.,0.686598024871286));
#8596=CARTESIAN_POINT('Ctrl Pts',(-3.24176679539429,0.,0.735583633979207));
#8597=CARTESIAN_POINT('Ctrl Pts',(-3.24176679539429,3.24176679539429,0.735583633979207));
#8598=CARTESIAN_POINT('Ctrl Pts',(0.,3.24176679539429,0.735583633979207));
#8599=CARTESIAN_POINT('Ctrl Pts',(3.24176679539429,3.24176679539429,0.735583633979207));
#8600=CARTESIAN_POINT('Ctrl Pts',(3.24176679539429,0.,0.735583633979207));
#8601=CARTESIAN_POINT('Ctrl Pts',(3.24176679539429,-3.24176679539429,0.735583633979207));
#8602=CARTESIAN_POINT('Ctrl Pts',(0.,-3.24176679539429,0.735583633979207));
#8603=CARTESIAN_POINT('Ctrl Pts',(-3.24176679539429,-3.24176679539429,0.735583633979207));
#8604=CARTESIAN_POINT('Ctrl Pts',(-3.24176679539429,0.,0.735583633979207));
#8605=CARTESIAN_POINT('Ctrl Pts',(-3.11561341007078,0.,0.778963054042766));
#8606=CARTESIAN_POINT('Ctrl Pts',(-3.11561341007078,3.11561341007078,0.778963054042766));
#8607=CARTESIAN_POINT('Ctrl Pts',(0.,3.11561341007078,0.778963054042766));
#8608=CARTESIAN_POINT('Ctrl Pts',(3.11561341007078,3.11561341007078,0.778963054042766));
#8609=CARTESIAN_POINT('Ctrl Pts',(3.11561341007078,0.,0.778963054042766));
#8610=CARTESIAN_POINT('Ctrl Pts',(3.11561341007078,-3.11561341007078,0.778963054042766));
#8611=CARTESIAN_POINT('Ctrl Pts',(0.,-3.11561341007078,0.778963054042766));
#8612=CARTESIAN_POINT('Ctrl Pts',(-3.11561341007078,-3.11561341007078,0.778963054042766));
#8613=CARTESIAN_POINT('Ctrl Pts',(-3.11561341007078,0.,0.778963054042766));
#8614=CARTESIAN_POINT('Ctrl Pts',(-2.98894439021954,0.,0.816747394438226));
#8615=CARTESIAN_POINT('Ctrl Pts',(-2.98894439021954,2.98894439021954,0.816747394438226));
#8616=CARTESIAN_POINT('Ctrl Pts',(0.,2.98894439021954,0.816747394438226));
#8617=CARTESIAN_POINT('Ctrl Pts',(2.98894439021954,2.98894439021954,0.816747394438226));
#8618=CARTESIAN_POINT('Ctrl Pts',(2.98894439021954,0.,0.816747394438226));
#8619=CARTESIAN_POINT('Ctrl Pts',(2.98894439021954,-2.98894439021954,0.816747394438226));
#8620=CARTESIAN_POINT('Ctrl Pts',(0.,-2.98894439021954,0.816747394438226));
#8621=CARTESIAN_POINT('Ctrl Pts',(-2.98894439021954,-2.98894439021954,0.816747394438226));
#8622=CARTESIAN_POINT('Ctrl Pts',(-2.98894439021954,0.,0.816747394438226));
#8623=CARTESIAN_POINT('Ctrl Pts',(-2.86365697639064,0.,0.849121885526682));
#8624=CARTESIAN_POINT('Ctrl Pts',(-2.86365697639064,2.86365697639064,0.849121885526682));
#8625=CARTESIAN_POINT('Ctrl Pts',(0.,2.86365697639064,0.849121885526682));
#8626=CARTESIAN_POINT('Ctrl Pts',(2.86365697639064,2.86365697639064,0.849121885526682));
#8627=CARTESIAN_POINT('Ctrl Pts',(2.86365697639064,0.,0.849121885526682));
#8628=CARTESIAN_POINT('Ctrl Pts',(2.86365697639064,-2.86365697639064,0.849121885526682));
#8629=CARTESIAN_POINT('Ctrl Pts',(0.,-2.86365697639064,0.849121885526682));
#8630=CARTESIAN_POINT('Ctrl Pts',(-2.86365697639064,-2.86365697639064,0.849121885526682));
#8631=CARTESIAN_POINT('Ctrl Pts',(-2.86365697639064,0.,0.849121885526682));
#8632=CARTESIAN_POINT('Ctrl Pts',(-2.74089959656543,0.,0.87651457689796));
#8633=CARTESIAN_POINT('Ctrl Pts',(-2.74089959656543,2.74089959656543,0.87651457689796));
#8634=CARTESIAN_POINT('Ctrl Pts',(0.,2.74089959656543,0.87651457689796));
#8635=CARTESIAN_POINT('Ctrl Pts',(2.74089959656543,2.74089959656543,0.87651457689796));
#8636=CARTESIAN_POINT('Ctrl Pts',(2.74089959656543,0.,0.87651457689796));
#8637=CARTESIAN_POINT('Ctrl Pts',(2.74089959656543,-2.74089959656543,0.87651457689796));
#8638=CARTESIAN_POINT('Ctrl Pts',(0.,-2.74089959656543,0.87651457689796));
#8639=CARTESIAN_POINT('Ctrl Pts',(-2.74089959656543,-2.74089959656543,0.87651457689796));
#8640=CARTESIAN_POINT('Ctrl Pts',(-2.74089959656543,0.,0.87651457689796));
#8641=CARTESIAN_POINT('Ctrl Pts',(-2.62086623617004,0.,0.899622260286305));
#8642=CARTESIAN_POINT('Ctrl Pts',(-2.62086623617004,2.62086623617004,0.899622260286305));
#8643=CARTESIAN_POINT('Ctrl Pts',(0.,2.62086623617004,0.899622260286305));
#8644=CARTESIAN_POINT('Ctrl Pts',(2.62086623617004,2.62086623617004,0.899622260286305));
#8645=CARTESIAN_POINT('Ctrl Pts',(2.62086623617004,0.,0.899622260286305));
#8646=CARTESIAN_POINT('Ctrl Pts',(2.62086623617004,-2.62086623617004,0.899622260286305));
#8647=CARTESIAN_POINT('Ctrl Pts',(0.,-2.62086623617004,0.899622260286305));
#8648=CARTESIAN_POINT('Ctrl Pts',(-2.62086623617004,-2.62086623617004,0.899622260286305));
#8649=CARTESIAN_POINT('Ctrl Pts',(-2.62086623617004,0.,0.899622260286305));
#8650=CARTESIAN_POINT('Ctrl Pts',(-2.50312520718878,0.,0.919218797964062));
#8651=CARTESIAN_POINT('Ctrl Pts',(-2.50312520718878,2.50312520718878,0.919218797964062));
#8652=CARTESIAN_POINT('Ctrl Pts',(0.,2.50312520718878,0.919218797964062));
#8653=CARTESIAN_POINT('Ctrl Pts',(2.50312520718878,2.50312520718878,0.919218797964062));
#8654=CARTESIAN_POINT('Ctrl Pts',(2.50312520718878,0.,0.919218797964062));
#8655=CARTESIAN_POINT('Ctrl Pts',(2.50312520718878,-2.50312520718878,0.919218797964062));
#8656=CARTESIAN_POINT('Ctrl Pts',(0.,-2.50312520718878,0.919218797964062));
#8657=CARTESIAN_POINT('Ctrl Pts',(-2.50312520718878,-2.50312520718878,0.919218797964062));
#8658=CARTESIAN_POINT('Ctrl Pts',(-2.50312520718878,0.,0.919218797964062));
#8659=CARTESIAN_POINT('Ctrl Pts',(-2.38686785087108,0.,0.935999115962188));
#8660=CARTESIAN_POINT('Ctrl Pts',(-2.38686785087108,2.38686785087108,0.935999115962188));
#8661=CARTESIAN_POINT('Ctrl Pts',(0.,2.38686785087108,0.935999115962188));
#8662=CARTESIAN_POINT('Ctrl Pts',(2.38686785087108,2.38686785087108,0.935999115962188));
#8663=CARTESIAN_POINT('Ctrl Pts',(2.38686785087108,0.,0.935999115962188));
#8664=CARTESIAN_POINT('Ctrl Pts',(2.38686785087108,-2.38686785087108,0.935999115962188));
#8665=CARTESIAN_POINT('Ctrl Pts',(0.,-2.38686785087108,0.935999115962188));
#8666=CARTESIAN_POINT('Ctrl Pts',(-2.38686785087108,-2.38686785087108,0.935999115962188));
#8667=CARTESIAN_POINT('Ctrl Pts',(-2.38686785087108,0.,0.935999115962188));
#8668=CARTESIAN_POINT('Ctrl Pts',(-2.27119224820535,0.,0.950399478668064));
#8669=CARTESIAN_POINT('Ctrl Pts',(-2.27119224820535,2.27119224820535,0.950399478668064));
#8670=CARTESIAN_POINT('Ctrl Pts',(0.,2.27119224820535,0.950399478668064));
#8671=CARTESIAN_POINT('Ctrl Pts',(2.27119224820535,2.27119224820535,0.950399478668064));
#8672=CARTESIAN_POINT('Ctrl Pts',(2.27119224820535,0.,0.950399478668064));
#8673=CARTESIAN_POINT('Ctrl Pts',(2.27119224820535,-2.27119224820535,0.950399478668064));
#8674=CARTESIAN_POINT('Ctrl Pts',(0.,-2.27119224820535,0.950399478668064));
#8675=CARTESIAN_POINT('Ctrl Pts',(-2.27119224820535,-2.27119224820535,0.950399478668064));
#8676=CARTESIAN_POINT('Ctrl Pts',(-2.27119224820535,0.,0.950399478668064));
#8677=CARTESIAN_POINT('Ctrl Pts',(-2.15535242577468,0.,0.962450853781893));
#8678=CARTESIAN_POINT('Ctrl Pts',(-2.15535242577468,2.15535242577468,0.962450853781893));
#8679=CARTESIAN_POINT('Ctrl Pts',(0.,2.15535242577468,0.962450853781893));
#8680=CARTESIAN_POINT('Ctrl Pts',(2.15535242577468,2.15535242577468,0.962450853781893));
#8681=CARTESIAN_POINT('Ctrl Pts',(2.15535242577468,0.,0.962450853781893));
#8682=CARTESIAN_POINT('Ctrl Pts',(2.15535242577468,-2.15535242577468,0.962450853781893));
#8683=CARTESIAN_POINT('Ctrl Pts',(0.,-2.15535242577468,0.962450853781893));
#8684=CARTESIAN_POINT('Ctrl Pts',(-2.15535242577468,-2.15535242577468,0.962450853781893));
#8685=CARTESIAN_POINT('Ctrl Pts',(-2.15535242577468,0.,0.962450853781893));
#8686=CARTESIAN_POINT('Ctrl Pts',(-2.03906840460602,0.,0.971554888046006));
#8687=CARTESIAN_POINT('Ctrl Pts',(-2.03906840460602,2.03906840460602,0.971554888046006));
#8688=CARTESIAN_POINT('Ctrl Pts',(0.,2.03906840460602,0.971554888046006));
#8689=CARTESIAN_POINT('Ctrl Pts',(2.03906840460602,2.03906840460602,0.971554888046006));
#8690=CARTESIAN_POINT('Ctrl Pts',(2.03906840460602,0.,0.971554888046006));
#8691=CARTESIAN_POINT('Ctrl Pts',(2.03906840460602,-2.03906840460602,0.971554888046006));
#8692=CARTESIAN_POINT('Ctrl Pts',(0.,-2.03906840460602,0.971554888046006));
#8693=CARTESIAN_POINT('Ctrl Pts',(-2.03906840460602,-2.03906840460602,0.971554888046006));
#8694=CARTESIAN_POINT('Ctrl Pts',(-2.03906840460602,0.,0.971554888046006));
#8695=CARTESIAN_POINT('Ctrl Pts',(-1.92255062295824,0.,0.976636107980014));
#8696=CARTESIAN_POINT('Ctrl Pts',(-1.92255062295824,1.92255062295824,0.976636107980014));
#8697=CARTESIAN_POINT('Ctrl Pts',(0.,1.92255062295824,0.976636107980014));
#8698=CARTESIAN_POINT('Ctrl Pts',(1.92255062295824,1.92255062295824,0.976636107980014));
#8699=CARTESIAN_POINT('Ctrl Pts',(1.92255062295824,0.,0.976636107980014));
#8700=CARTESIAN_POINT('Ctrl Pts',(1.92255062295824,-1.92255062295824,0.976636107980014));
#8701=CARTESIAN_POINT('Ctrl Pts',(0.,-1.92255062295824,0.976636107980014));
#8702=CARTESIAN_POINT('Ctrl Pts',(-1.92255062295824,-1.92255062295824,0.976636107980014));
#8703=CARTESIAN_POINT('Ctrl Pts',(-1.92255062295824,0.,0.976636107980014));
#8704=CARTESIAN_POINT('Ctrl Pts',(-1.80641214232516,0.,0.976435966935737));
#8705=CARTESIAN_POINT('Ctrl Pts',(-1.80641214232516,1.80641214232516,0.976435966935737));
#8706=CARTESIAN_POINT('Ctrl Pts',(0.,1.80641214232516,0.976435966935737));
#8707=CARTESIAN_POINT('Ctrl Pts',(1.80641214232516,1.80641214232516,0.976435966935737));
#8708=CARTESIAN_POINT('Ctrl Pts',(1.80641214232516,0.,0.976435966935737));
#8709=CARTESIAN_POINT('Ctrl Pts',(1.80641214232516,-1.80641214232516,0.976435966935737));
#8710=CARTESIAN_POINT('Ctrl Pts',(0.,-1.80641214232516,0.976435966935737));
#8711=CARTESIAN_POINT('Ctrl Pts',(-1.80641214232516,-1.80641214232516,0.976435966935737));
#8712=CARTESIAN_POINT('Ctrl Pts',(-1.80641214232516,0.,0.976435966935737));
#8713=CARTESIAN_POINT('Ctrl Pts',(-1.69162249255293,0.,0.969772211571166));
#8714=CARTESIAN_POINT('Ctrl Pts',(-1.69162249255293,1.69162249255293,0.969772211571166));
#8715=CARTESIAN_POINT('Ctrl Pts',(0.,1.69162249255293,0.969772211571166));
#8716=CARTESIAN_POINT('Ctrl Pts',(1.69162249255293,1.69162249255293,0.969772211571166));
#8717=CARTESIAN_POINT('Ctrl Pts',(1.69162249255293,0.,0.969772211571166));
#8718=CARTESIAN_POINT('Ctrl Pts',(1.69162249255293,-1.69162249255293,0.969772211571166));
#8719=CARTESIAN_POINT('Ctrl Pts',(0.,-1.69162249255293,0.969772211571166));
#8720=CARTESIAN_POINT('Ctrl Pts',(-1.69162249255293,-1.69162249255293,0.969772211571166));
#8721=CARTESIAN_POINT('Ctrl Pts',(-1.69162249255293,0.,0.969772211571166));
#8722=CARTESIAN_POINT('Ctrl Pts',(-1.57944180527734,0.,0.955786475505323));
#8723=CARTESIAN_POINT('Ctrl Pts',(-1.57944180527734,1.57944180527734,0.955786475505323));
#8724=CARTESIAN_POINT('Ctrl Pts',(0.,1.57944180527734,0.955786475505323));
#8725=CARTESIAN_POINT('Ctrl Pts',(1.57944180527734,1.57944180527734,0.955786475505323));
#8726=CARTESIAN_POINT('Ctrl Pts',(1.57944180527734,0.,0.955786475505323));
#8727=CARTESIAN_POINT('Ctrl Pts',(1.57944180527734,-1.57944180527734,0.955786475505323));
#8728=CARTESIAN_POINT('Ctrl Pts',(0.,-1.57944180527734,0.955786475505323));
#8729=CARTESIAN_POINT('Ctrl Pts',(-1.57944180527734,-1.57944180527734,0.955786475505323));
#8730=CARTESIAN_POINT('Ctrl Pts',(-1.57944180527734,0.,0.955786475505323));
#8731=CARTESIAN_POINT('Ctrl Pts',(-1.4713780763315,0.,0.934266608550244));
#8732=CARTESIAN_POINT('Ctrl Pts',(-1.4713780763315,1.4713780763315,0.934266608550244));
#8733=CARTESIAN_POINT('Ctrl Pts',(0.,1.4713780763315,0.934266608550244));
#8734=CARTESIAN_POINT('Ctrl Pts',(1.4713780763315,1.4713780763315,0.934266608550244));
#8735=CARTESIAN_POINT('Ctrl Pts',(1.4713780763315,0.,0.934266608550244));
#8736=CARTESIAN_POINT('Ctrl Pts',(1.4713780763315,-1.4713780763315,0.934266608550244));
#8737=CARTESIAN_POINT('Ctrl Pts',(0.,-1.4713780763315,0.934266608550244));
#8738=CARTESIAN_POINT('Ctrl Pts',(-1.4713780763315,-1.4713780763315,0.934266608550244));
#8739=CARTESIAN_POINT('Ctrl Pts',(-1.4713780763315,0.,0.934266608550244));
#8740=CARTESIAN_POINT('Ctrl Pts',(-1.36909118420228,0.,0.905701408132455));
#8741=CARTESIAN_POINT('Ctrl Pts',(-1.36909118420228,1.36909118420228,0.905701408132455));
#8742=CARTESIAN_POINT('Ctrl Pts',(0.,1.36909118420228,0.905701408132455));
#8743=CARTESIAN_POINT('Ctrl Pts',(1.36909118420228,1.36909118420228,0.905701408132455));
#8744=CARTESIAN_POINT('Ctrl Pts',(1.36909118420228,0.,0.905701408132455));
#8745=CARTESIAN_POINT('Ctrl Pts',(1.36909118420228,-1.36909118420228,0.905701408132455));
#8746=CARTESIAN_POINT('Ctrl Pts',(0.,-1.36909118420228,0.905701408132455));
#8747=CARTESIAN_POINT('Ctrl Pts',(-1.36909118420228,-1.36909118420228,0.905701408132455));
#8748=CARTESIAN_POINT('Ctrl Pts',(-1.36909118420228,0.,0.905701408132455));
#8749=CARTESIAN_POINT('Ctrl Pts',(-1.27423529588645,0.,0.870973750764244));
#8750=CARTESIAN_POINT('Ctrl Pts',(-1.27423529588645,1.27423529588645,0.870973750764244));
#8751=CARTESIAN_POINT('Ctrl Pts',(0.,1.27423529588645,0.870973750764244));
#8752=CARTESIAN_POINT('Ctrl Pts',(1.27423529588645,1.27423529588645,0.870973750764244));
#8753=CARTESIAN_POINT('Ctrl Pts',(1.27423529588645,0.,0.870973750764244));
#8754=CARTESIAN_POINT('Ctrl Pts',(1.27423529588645,-1.27423529588645,0.870973750764244));
#8755=CARTESIAN_POINT('Ctrl Pts',(0.,-1.27423529588645,0.870973750764244));
#8756=CARTESIAN_POINT('Ctrl Pts',(-1.27423529588645,-1.27423529588645,0.870973750764244));
#8757=CARTESIAN_POINT('Ctrl Pts',(-1.27423529588645,0.,0.870973750764244));
#8758=CARTESIAN_POINT('Ctrl Pts',(-1.18830740722293,0.,0.831139469637301));
#8759=CARTESIAN_POINT('Ctrl Pts',(-1.18830740722293,1.18830740722293,0.831139469637301));
#8760=CARTESIAN_POINT('Ctrl Pts',(0.,1.18830740722293,0.831139469637301));
#8761=CARTESIAN_POINT('Ctrl Pts',(1.18830740722293,1.18830740722293,0.831139469637301));
#8762=CARTESIAN_POINT('Ctrl Pts',(1.18830740722293,0.,0.831139469637301));
#8763=CARTESIAN_POINT('Ctrl Pts',(1.18830740722293,-1.18830740722293,0.831139469637301));
#8764=CARTESIAN_POINT('Ctrl Pts',(0.,-1.18830740722293,0.831139469637301));
#8765=CARTESIAN_POINT('Ctrl Pts',(-1.18830740722293,-1.18830740722293,0.831139469637301));
#8766=CARTESIAN_POINT('Ctrl Pts',(-1.18830740722293,0.,0.831139469637301));
#8767=CARTESIAN_POINT('Ctrl Pts',(-1.11250843540665,0.,0.787193190918452));
#8768=CARTESIAN_POINT('Ctrl Pts',(-1.11250843540665,1.11250843540665,0.787193190918452));
#8769=CARTESIAN_POINT('Ctrl Pts',(0.,1.11250843540665,0.787193190918452));
#8770=CARTESIAN_POINT('Ctrl Pts',(1.11250843540665,1.11250843540665,0.787193190918452));
#8771=CARTESIAN_POINT('Ctrl Pts',(1.11250843540665,0.,0.787193190918452));
#8772=CARTESIAN_POINT('Ctrl Pts',(1.11250843540665,-1.11250843540665,0.787193190918452));
#8773=CARTESIAN_POINT('Ctrl Pts',(0.,-1.11250843540665,0.787193190918452));
#8774=CARTESIAN_POINT('Ctrl Pts',(-1.11250843540665,-1.11250843540665,0.787193190918452));
#8775=CARTESIAN_POINT('Ctrl Pts',(-1.11250843540665,0.,0.787193190918452));
#8776=CARTESIAN_POINT('Ctrl Pts',(-1.04755120380037,0.,0.739794248737515));
#8777=CARTESIAN_POINT('Ctrl Pts',(-1.04755120380037,1.04755120380037,0.739794248737515));
#8778=CARTESIAN_POINT('Ctrl Pts',(0.,1.04755120380037,0.739794248737515));
#8779=CARTESIAN_POINT('Ctrl Pts',(1.04755120380037,1.04755120380037,0.739794248737515));
#8780=CARTESIAN_POINT('Ctrl Pts',(1.04755120380037,0.,0.739794248737515));
#8781=CARTESIAN_POINT('Ctrl Pts',(1.04755120380037,-1.04755120380037,0.739794248737515));
#8782=CARTESIAN_POINT('Ctrl Pts',(0.,-1.04755120380037,0.739794248737515));
#8783=CARTESIAN_POINT('Ctrl Pts',(-1.04755120380037,-1.04755120380037,0.739794248737515));
#8784=CARTESIAN_POINT('Ctrl Pts',(-1.04755120380037,0.,0.739794248737515));
#8785=CARTESIAN_POINT('Ctrl Pts',(-1.00449576816689,0.,0.699375628833483));
#8786=CARTESIAN_POINT('Ctrl Pts',(-1.00449576816689,1.00449576816689,0.699375628833483));
#8787=CARTESIAN_POINT('Ctrl Pts',(0.,1.00449576816689,0.699375628833483));
#8788=CARTESIAN_POINT('Ctrl Pts',(1.00449576816689,1.00449576816689,0.699375628833483));
#8789=CARTESIAN_POINT('Ctrl Pts',(1.00449576816689,0.,0.699375628833483));
#8790=CARTESIAN_POINT('Ctrl Pts',(1.00449576816689,-1.00449576816689,0.699375628833483));
#8791=CARTESIAN_POINT('Ctrl Pts',(0.,-1.00449576816689,0.699375628833483));
#8792=CARTESIAN_POINT('Ctrl Pts',(-1.00449576816689,-1.00449576816689,0.699375628833483));
#8793=CARTESIAN_POINT('Ctrl Pts',(-1.00449576816689,0.,0.699375628833483));
#8794=CARTESIAN_POINT('Ctrl Pts',(-0.977244086793561,0.,0.667711963676549));
#8795=CARTESIAN_POINT('Ctrl Pts',(-0.97724408679356,0.97724408679356,0.667711963676549));
#8796=CARTESIAN_POINT('Ctrl Pts',(0.,0.977244086793561,0.667711963676549));
#8797=CARTESIAN_POINT('Ctrl Pts',(0.97724408679356,0.97724408679356,0.667711963676549));
#8798=CARTESIAN_POINT('Ctrl Pts',(0.977244086793561,0.,0.667711963676549));
#8799=CARTESIAN_POINT('Ctrl Pts',(0.97724408679356,-0.97724408679356,0.667711963676549));
#8800=CARTESIAN_POINT('Ctrl Pts',(0.,-0.977244086793561,0.667711963676549));
#8801=CARTESIAN_POINT('Ctrl Pts',(-0.97724408679356,-0.97724408679356,0.667711963676549));
#8802=CARTESIAN_POINT('Ctrl Pts',(-0.977244086793561,0.,0.667711963676549));
#8803=CARTESIAN_POINT('Ctrl Pts',(-0.961311967883148,0.,0.646003817502658));
#8804=CARTESIAN_POINT('Ctrl Pts',(-0.961311967883148,0.961311967883148,
0.646003817502658));
#8805=CARTESIAN_POINT('Ctrl Pts',(0.,0.961311967883148,0.646003817502658));
#8806=CARTESIAN_POINT('Ctrl Pts',(0.961311967883148,0.961311967883148,0.646003817502658));
#8807=CARTESIAN_POINT('Ctrl Pts',(0.961311967883148,0.,0.646003817502658));
#8808=CARTESIAN_POINT('Ctrl Pts',(0.961311967883148,-0.961311967883148,
0.646003817502658));
#8809=CARTESIAN_POINT('Ctrl Pts',(0.,-0.961311967883148,0.646003817502658));
#8810=CARTESIAN_POINT('Ctrl Pts',(-0.961311967883148,-0.961311967883148,
0.646003817502658));
#8811=CARTESIAN_POINT('Ctrl Pts',(-0.961311967883148,0.,0.646003817502658));
#8812=CARTESIAN_POINT('Ctrl Pts',(-0.953904839200302,0.,0.635));
#8813=CARTESIAN_POINT('Ctrl Pts',(-0.953904839200302,0.953904839200302,
0.635));
#8814=CARTESIAN_POINT('Ctrl Pts',(0.,0.953904839200302,0.635));
#8815=CARTESIAN_POINT('Ctrl Pts',(0.953904839200302,0.953904839200302,0.635));
#8816=CARTESIAN_POINT('Ctrl Pts',(0.953904839200302,0.,0.635));
#8817=CARTESIAN_POINT('Ctrl Pts',(0.953904839200302,-0.953904839200302,
0.635));
#8818=CARTESIAN_POINT('Ctrl Pts',(0.,-0.953904839200302,0.635));
#8819=CARTESIAN_POINT('Ctrl Pts',(-0.953904839200302,-0.953904839200302,
0.635));
#8820=CARTESIAN_POINT('Ctrl Pts',(-0.953904839200302,0.,0.635));
#8821=CARTESIAN_POINT('Origin',(0.,0.,0.635));
#8822=CARTESIAN_POINT('Origin',(1.5307650703751,0.548083491897047,3.175));
#8823=CARTESIAN_POINT('',(0.4623560493986,0.834362826253827,0.635));
#8824=CARTESIAN_POINT('',(0.885163879725779,0.721071809564104,0.635));
#8825=CARTESIAN_POINT('',(1.5307650703751,0.548083491897047,0.960562217564153));
#8826=CARTESIAN_POINT('Ctrl Pts',(1.5307650703751,0.548083491897046,0.960562217564153));
#8827=CARTESIAN_POINT('Ctrl Pts',(1.23293421700642,0.627887028538258,0.927170862039246));
#8828=CARTESIAN_POINT('Ctrl Pts',(0.977783276308352,0.696254517046346,0.842305114335473));
#8829=CARTESIAN_POINT('Ctrl Pts',(0.631228588700256,0.789113565724155,0.703986560010906));
#8830=CARTESIAN_POINT('Ctrl Pts',(0.540566976476175,0.813406271504101,0.664085099839504));
#8831=CARTESIAN_POINT('Ctrl Pts',(0.462356049398599,0.834362826253827,0.635));
#8832=CARTESIAN_POINT('',(1.5307650703751,0.548083491897047,3.175));
#8833=CARTESIAN_POINT('Origin',(3.4357650703751,3.84764028031576,3.175));
#8834=CARTESIAN_POINT('Ctrl Pts',(2.82962042208045,2.79776695273345,0.1977496315261));
#8835=CARTESIAN_POINT('Ctrl Pts',(2.81293059125705,2.76885931777759,0.255465707914505));
#8836=CARTESIAN_POINT('Ctrl Pts',(2.79266896338779,2.73376514886168,0.308122479455739));
#8837=CARTESIAN_POINT('Ctrl Pts',(2.74448245692979,2.65030367143717,0.40881375474429));
#8838=CARTESIAN_POINT('Ctrl Pts',(2.71633385273251,2.60154885880824,0.455382654968185));
#8839=CARTESIAN_POINT('Ctrl Pts',(2.61219949190381,2.42118285503923,0.600636876131724));
#8840=CARTESIAN_POINT('Ctrl Pts',(2.52888646282616,2.27688045574367,0.672104653527605));
#8841=CARTESIAN_POINT('Ctrl Pts',(2.33266484443605,1.93701464314861,0.815539561816332));
#8842=CARTESIAN_POINT('Ctrl Pts',(2.17054839812442,1.65622072139436,0.893250099600704));
#8843=CARTESIAN_POINT('Ctrl Pts',(1.76285738356028,0.950079170379969,0.98496833990143));
#8844=CARTESIAN_POINT('Ctrl Pts',(1.63421933817749,0.727271539990624,0.981348200635037));
#8845=CARTESIAN_POINT('Ctrl Pts',(1.5307650703751,0.548083491897046,0.960562217564153));
#8846=CARTESIAN_POINT('Ctrl Pts',(-3.97922751986641,0.,0.197749631526101));
#8847=CARTESIAN_POINT('Ctrl Pts',(-3.97922751986641,3.97922751986641,0.197749631526101));
#8848=CARTESIAN_POINT('Ctrl Pts',(0.,3.97922751986641,0.197749631526101));
#8849=CARTESIAN_POINT('Ctrl Pts',(3.97922751986641,3.97922751986641,0.197749631526101));
#8850=CARTESIAN_POINT('Ctrl Pts',(3.97922751986641,0.,0.197749631526101));
#8851=CARTESIAN_POINT('Ctrl Pts',(3.97922751986641,-3.97922751986641,0.197749631526101));
#8852=CARTESIAN_POINT('Ctrl Pts',(0.,-3.97922751986641,0.197749631526101));
#8853=CARTESIAN_POINT('Ctrl Pts',(-3.97922751986641,-3.97922751986641,0.197749631526101));
#8854=CARTESIAN_POINT('Ctrl Pts',(-3.97922751986641,0.,0.197749631526101));
#8855=CARTESIAN_POINT('Ctrl Pts',(-3.96956191321612,0.,0.215078346741054));
#8856=CARTESIAN_POINT('Ctrl Pts',(-3.96956191321612,3.96956191321612,0.215078346741054));
#8857=CARTESIAN_POINT('Ctrl Pts',(0.,3.96956191321612,0.215078346741054));
#8858=CARTESIAN_POINT('Ctrl Pts',(3.96956191321612,3.96956191321612,0.215078346741054));
#8859=CARTESIAN_POINT('Ctrl Pts',(3.96956191321612,0.,0.215078346741054));
#8860=CARTESIAN_POINT('Ctrl Pts',(3.96956191321612,-3.96956191321612,0.215078346741054));
#8861=CARTESIAN_POINT('Ctrl Pts',(0.,-3.96956191321612,0.215078346741054));
#8862=CARTESIAN_POINT('Ctrl Pts',(-3.96956191321612,-3.96956191321612,0.215078346741054));
#8863=CARTESIAN_POINT('Ctrl Pts',(-3.96956191321612,0.,0.215078346741054));
#8864=CARTESIAN_POINT('Ctrl Pts',(-3.94903901059912,0.,0.249262530824572));
#8865=CARTESIAN_POINT('Ctrl Pts',(-3.94903901059911,3.94903901059911,0.249262530824572));
#8866=CARTESIAN_POINT('Ctrl Pts',(0.,3.94903901059912,0.249262530824572));
#8867=CARTESIAN_POINT('Ctrl Pts',(3.94903901059911,3.94903901059911,0.249262530824572));
#8868=CARTESIAN_POINT('Ctrl Pts',(3.94903901059912,0.,0.249262530824572));
#8869=CARTESIAN_POINT('Ctrl Pts',(3.94903901059911,-3.94903901059911,0.249262530824572));
#8870=CARTESIAN_POINT('Ctrl Pts',(0.,-3.94903901059912,0.249262530824572));
#8871=CARTESIAN_POINT('Ctrl Pts',(-3.94903901059911,-3.94903901059911,0.249262530824572));
#8872=CARTESIAN_POINT('Ctrl Pts',(-3.94903901059912,0.,0.249262530824572));
#8873=CARTESIAN_POINT('Ctrl Pts',(-3.91467958405274,0.,0.299119069096551));
#8874=CARTESIAN_POINT('Ctrl Pts',(-3.91467958405274,3.91467958405274,0.299119069096551));
#8875=CARTESIAN_POINT('Ctrl Pts',(0.,3.91467958405274,0.299119069096551));
#8876=CARTESIAN_POINT('Ctrl Pts',(3.91467958405274,3.91467958405274,0.299119069096551));
#8877=CARTESIAN_POINT('Ctrl Pts',(3.91467958405274,0.,0.299119069096551));
#8878=CARTESIAN_POINT('Ctrl Pts',(3.91467958405274,-3.91467958405274,0.299119069096551));
#8879=CARTESIAN_POINT('Ctrl Pts',(0.,-3.91467958405274,0.299119069096551));
#8880=CARTESIAN_POINT('Ctrl Pts',(-3.91467958405274,-3.91467958405274,0.299119069096551));
#8881=CARTESIAN_POINT('Ctrl Pts',(-3.91467958405274,0.,0.299119069096551));
#8882=CARTESIAN_POINT('Ctrl Pts',(-3.86170396188042,0.,0.36274982640076));
#8883=CARTESIAN_POINT('Ctrl Pts',(-3.86170396188042,3.86170396188042,0.36274982640076));
#8884=CARTESIAN_POINT('Ctrl Pts',(0.,3.86170396188042,0.36274982640076));
#8885=CARTESIAN_POINT('Ctrl Pts',(3.86170396188042,3.86170396188042,0.36274982640076));
#8886=CARTESIAN_POINT('Ctrl Pts',(3.86170396188042,0.,0.36274982640076));
#8887=CARTESIAN_POINT('Ctrl Pts',(3.86170396188042,-3.86170396188042,0.36274982640076));
#8888=CARTESIAN_POINT('Ctrl Pts',(0.,-3.86170396188042,0.36274982640076));
#8889=CARTESIAN_POINT('Ctrl Pts',(-3.86170396188042,-3.86170396188042,0.36274982640076));
#8890=CARTESIAN_POINT('Ctrl Pts',(-3.86170396188042,0.,0.36274982640076));
#8891=CARTESIAN_POINT('Ctrl Pts',(-3.78359939559246,0.,0.437504491128392));
#8892=CARTESIAN_POINT('Ctrl Pts',(-3.78359939559246,3.78359939559246,0.437504491128392));
#8893=CARTESIAN_POINT('Ctrl Pts',(0.,3.78359939559246,0.437504491128392));
#8894=CARTESIAN_POINT('Ctrl Pts',(3.78359939559246,3.78359939559246,0.437504491128392));
#8895=CARTESIAN_POINT('Ctrl Pts',(3.78359939559246,0.,0.437504491128392));
#8896=CARTESIAN_POINT('Ctrl Pts',(3.78359939559246,-3.78359939559246,0.437504491128392));
#8897=CARTESIAN_POINT('Ctrl Pts',(0.,-3.78359939559246,0.437504491128392));
#8898=CARTESIAN_POINT('Ctrl Pts',(-3.78359939559246,-3.78359939559246,0.437504491128392));
#8899=CARTESIAN_POINT('Ctrl Pts',(-3.78359939559246,0.,0.437504491128392));
#8900=CARTESIAN_POINT('Ctrl Pts',(-3.6939027715522,0.,0.507399076581121));
#8901=CARTESIAN_POINT('Ctrl Pts',(-3.6939027715522,3.6939027715522,0.507399076581121));
#8902=CARTESIAN_POINT('Ctrl Pts',(0.,3.6939027715522,0.507399076581121));
#8903=CARTESIAN_POINT('Ctrl Pts',(3.6939027715522,3.6939027715522,0.507399076581121));
#8904=CARTESIAN_POINT('Ctrl Pts',(3.6939027715522,0.,0.507399076581121));
#8905=CARTESIAN_POINT('Ctrl Pts',(3.6939027715522,-3.6939027715522,0.507399076581121));
#8906=CARTESIAN_POINT('Ctrl Pts',(0.,-3.6939027715522,0.507399076581121));
#8907=CARTESIAN_POINT('Ctrl Pts',(-3.6939027715522,-3.6939027715522,0.507399076581121));
#8908=CARTESIAN_POINT('Ctrl Pts',(-3.6939027715522,0.,0.507399076581121));
#8909=CARTESIAN_POINT('Ctrl Pts',(-3.59330094716327,0.,0.572320885122737));
#8910=CARTESIAN_POINT('Ctrl Pts',(-3.59330094716327,3.59330094716327,0.572320885122737));
#8911=CARTESIAN_POINT('Ctrl Pts',(0.,3.59330094716327,0.572320885122737));
#8912=CARTESIAN_POINT('Ctrl Pts',(3.59330094716327,3.59330094716327,0.572320885122737));
#8913=CARTESIAN_POINT('Ctrl Pts',(3.59330094716327,0.,0.572320885122737));
#8914=CARTESIAN_POINT('Ctrl Pts',(3.59330094716327,-3.59330094716327,0.572320885122737));
#8915=CARTESIAN_POINT('Ctrl Pts',(0.,-3.59330094716327,0.572320885122737));
#8916=CARTESIAN_POINT('Ctrl Pts',(-3.59330094716327,-3.59330094716327,0.572320885122737));
#8917=CARTESIAN_POINT('Ctrl Pts',(-3.59330094716327,0.,0.572320885122737));
#8918=CARTESIAN_POINT('Ctrl Pts',(-3.48303918843098,0.,0.632117855989838));
#8919=CARTESIAN_POINT('Ctrl Pts',(-3.48303918843098,3.48303918843098,0.632117855989838));
#8920=CARTESIAN_POINT('Ctrl Pts',(0.,3.48303918843098,0.632117855989838));
#8921=CARTESIAN_POINT('Ctrl Pts',(3.48303918843098,3.48303918843098,0.632117855989838));
#8922=CARTESIAN_POINT('Ctrl Pts',(3.48303918843098,0.,0.632117855989838));
#8923=CARTESIAN_POINT('Ctrl Pts',(3.48303918843098,-3.48303918843098,0.632117855989838));
#8924=CARTESIAN_POINT('Ctrl Pts',(0.,-3.48303918843098,0.632117855989838));
#8925=CARTESIAN_POINT('Ctrl Pts',(-3.48303918843098,-3.48303918843098,0.632117855989838));
#8926=CARTESIAN_POINT('Ctrl Pts',(-3.48303918843098,0.,0.632117855989838));
#8927=CARTESIAN_POINT('Ctrl Pts',(-3.36507311624345,0.,0.686598024871286));
#8928=CARTESIAN_POINT('Ctrl Pts',(-3.36507311624345,3.36507311624345,0.686598024871286));
#8929=CARTESIAN_POINT('Ctrl Pts',(0.,3.36507311624345,0.686598024871286));
#8930=CARTESIAN_POINT('Ctrl Pts',(3.36507311624345,3.36507311624345,0.686598024871286));
#8931=CARTESIAN_POINT('Ctrl Pts',(3.36507311624345,0.,0.686598024871286));
#8932=CARTESIAN_POINT('Ctrl Pts',(3.36507311624345,-3.36507311624345,0.686598024871286));
#8933=CARTESIAN_POINT('Ctrl Pts',(0.,-3.36507311624345,0.686598024871286));
#8934=CARTESIAN_POINT('Ctrl Pts',(-3.36507311624345,-3.36507311624345,0.686598024871286));
#8935=CARTESIAN_POINT('Ctrl Pts',(-3.36507311624345,0.,0.686598024871286));
#8936=CARTESIAN_POINT('Ctrl Pts',(-3.24176679539429,0.,0.735583633979207));
#8937=CARTESIAN_POINT('Ctrl Pts',(-3.24176679539429,3.24176679539429,0.735583633979207));
#8938=CARTESIAN_POINT('Ctrl Pts',(0.,3.24176679539429,0.735583633979207));
#8939=CARTESIAN_POINT('Ctrl Pts',(3.24176679539429,3.24176679539429,0.735583633979207));
#8940=CARTESIAN_POINT('Ctrl Pts',(3.24176679539429,0.,0.735583633979207));
#8941=CARTESIAN_POINT('Ctrl Pts',(3.24176679539429,-3.24176679539429,0.735583633979207));
#8942=CARTESIAN_POINT('Ctrl Pts',(0.,-3.24176679539429,0.735583633979207));
#8943=CARTESIAN_POINT('Ctrl Pts',(-3.24176679539429,-3.24176679539429,0.735583633979207));
#8944=CARTESIAN_POINT('Ctrl Pts',(-3.24176679539429,0.,0.735583633979207));
#8945=CARTESIAN_POINT('Ctrl Pts',(-3.11561341007078,0.,0.778963054042766));
#8946=CARTESIAN_POINT('Ctrl Pts',(-3.11561341007078,3.11561341007078,0.778963054042766));
#8947=CARTESIAN_POINT('Ctrl Pts',(0.,3.11561341007078,0.778963054042766));
#8948=CARTESIAN_POINT('Ctrl Pts',(3.11561341007078,3.11561341007078,0.778963054042766));
#8949=CARTESIAN_POINT('Ctrl Pts',(3.11561341007078,0.,0.778963054042766));
#8950=CARTESIAN_POINT('Ctrl Pts',(3.11561341007078,-3.11561341007078,0.778963054042766));
#8951=CARTESIAN_POINT('Ctrl Pts',(0.,-3.11561341007078,0.778963054042766));
#8952=CARTESIAN_POINT('Ctrl Pts',(-3.11561341007078,-3.11561341007078,0.778963054042766));
#8953=CARTESIAN_POINT('Ctrl Pts',(-3.11561341007078,0.,0.778963054042766));
#8954=CARTESIAN_POINT('Ctrl Pts',(-2.98894439021954,0.,0.816747394438226));
#8955=CARTESIAN_POINT('Ctrl Pts',(-2.98894439021954,2.98894439021954,0.816747394438226));
#8956=CARTESIAN_POINT('Ctrl Pts',(0.,2.98894439021954,0.816747394438226));
#8957=CARTESIAN_POINT('Ctrl Pts',(2.98894439021954,2.98894439021954,0.816747394438226));
#8958=CARTESIAN_POINT('Ctrl Pts',(2.98894439021954,0.,0.816747394438226));
#8959=CARTESIAN_POINT('Ctrl Pts',(2.98894439021954,-2.98894439021954,0.816747394438226));
#8960=CARTESIAN_POINT('Ctrl Pts',(0.,-2.98894439021954,0.816747394438226));
#8961=CARTESIAN_POINT('Ctrl Pts',(-2.98894439021954,-2.98894439021954,0.816747394438226));
#8962=CARTESIAN_POINT('Ctrl Pts',(-2.98894439021954,0.,0.816747394438226));
#8963=CARTESIAN_POINT('Ctrl Pts',(-2.86365697639064,0.,0.849121885526682));
#8964=CARTESIAN_POINT('Ctrl Pts',(-2.86365697639064,2.86365697639064,0.849121885526682));
#8965=CARTESIAN_POINT('Ctrl Pts',(0.,2.86365697639064,0.849121885526682));
#8966=CARTESIAN_POINT('Ctrl Pts',(2.86365697639064,2.86365697639064,0.849121885526682));
#8967=CARTESIAN_POINT('Ctrl Pts',(2.86365697639064,0.,0.849121885526682));
#8968=CARTESIAN_POINT('Ctrl Pts',(2.86365697639064,-2.86365697639064,0.849121885526682));
#8969=CARTESIAN_POINT('Ctrl Pts',(0.,-2.86365697639064,0.849121885526682));
#8970=CARTESIAN_POINT('Ctrl Pts',(-2.86365697639064,-2.86365697639064,0.849121885526682));
#8971=CARTESIAN_POINT('Ctrl Pts',(-2.86365697639064,0.,0.849121885526682));
#8972=CARTESIAN_POINT('Ctrl Pts',(-2.74089959656543,0.,0.87651457689796));
#8973=CARTESIAN_POINT('Ctrl Pts',(-2.74089959656543,2.74089959656543,0.87651457689796));
#8974=CARTESIAN_POINT('Ctrl Pts',(0.,2.74089959656543,0.87651457689796));
#8975=CARTESIAN_POINT('Ctrl Pts',(2.74089959656543,2.74089959656543,0.87651457689796));
#8976=CARTESIAN_POINT('Ctrl Pts',(2.74089959656543,0.,0.87651457689796));
#8977=CARTESIAN_POINT('Ctrl Pts',(2.74089959656543,-2.74089959656543,0.87651457689796));
#8978=CARTESIAN_POINT('Ctrl Pts',(0.,-2.74089959656543,0.87651457689796));
#8979=CARTESIAN_POINT('Ctrl Pts',(-2.74089959656543,-2.74089959656543,0.87651457689796));
#8980=CARTESIAN_POINT('Ctrl Pts',(-2.74089959656543,0.,0.87651457689796));
#8981=CARTESIAN_POINT('Ctrl Pts',(-2.62086623617004,0.,0.899622260286305));
#8982=CARTESIAN_POINT('Ctrl Pts',(-2.62086623617004,2.62086623617004,0.899622260286305));
#8983=CARTESIAN_POINT('Ctrl Pts',(0.,2.62086623617004,0.899622260286305));
#8984=CARTESIAN_POINT('Ctrl Pts',(2.62086623617004,2.62086623617004,0.899622260286305));
#8985=CARTESIAN_POINT('Ctrl Pts',(2.62086623617004,0.,0.899622260286305));
#8986=CARTESIAN_POINT('Ctrl Pts',(2.62086623617004,-2.62086623617004,0.899622260286305));
#8987=CARTESIAN_POINT('Ctrl Pts',(0.,-2.62086623617004,0.899622260286305));
#8988=CARTESIAN_POINT('Ctrl Pts',(-2.62086623617004,-2.62086623617004,0.899622260286305));
#8989=CARTESIAN_POINT('Ctrl Pts',(-2.62086623617004,0.,0.899622260286305));
#8990=CARTESIAN_POINT('Ctrl Pts',(-2.50312520718878,0.,0.919218797964062));
#8991=CARTESIAN_POINT('Ctrl Pts',(-2.50312520718878,2.50312520718878,0.919218797964062));
#8992=CARTESIAN_POINT('Ctrl Pts',(0.,2.50312520718878,0.919218797964062));
#8993=CARTESIAN_POINT('Ctrl Pts',(2.50312520718878,2.50312520718878,0.919218797964062));
#8994=CARTESIAN_POINT('Ctrl Pts',(2.50312520718878,0.,0.919218797964062));
#8995=CARTESIAN_POINT('Ctrl Pts',(2.50312520718878,-2.50312520718878,0.919218797964062));
#8996=CARTESIAN_POINT('Ctrl Pts',(0.,-2.50312520718878,0.919218797964062));
#8997=CARTESIAN_POINT('Ctrl Pts',(-2.50312520718878,-2.50312520718878,0.919218797964062));
#8998=CARTESIAN_POINT('Ctrl Pts',(-2.50312520718878,0.,0.919218797964062));
#8999=CARTESIAN_POINT('Ctrl Pts',(-2.38686785087108,0.,0.935999115962188));
#9000=CARTESIAN_POINT('Ctrl Pts',(-2.38686785087108,2.38686785087108,0.935999115962188));
#9001=CARTESIAN_POINT('Ctrl Pts',(0.,2.38686785087108,0.935999115962188));
#9002=CARTESIAN_POINT('Ctrl Pts',(2.38686785087108,2.38686785087108,0.935999115962188));
#9003=CARTESIAN_POINT('Ctrl Pts',(2.38686785087108,0.,0.935999115962188));
#9004=CARTESIAN_POINT('Ctrl Pts',(2.38686785087108,-2.38686785087108,0.935999115962188));
#9005=CARTESIAN_POINT('Ctrl Pts',(0.,-2.38686785087108,0.935999115962188));
#9006=CARTESIAN_POINT('Ctrl Pts',(-2.38686785087108,-2.38686785087108,0.935999115962188));
#9007=CARTESIAN_POINT('Ctrl Pts',(-2.38686785087108,0.,0.935999115962188));
#9008=CARTESIAN_POINT('Ctrl Pts',(-2.27119224820535,0.,0.950399478668064));
#9009=CARTESIAN_POINT('Ctrl Pts',(-2.27119224820535,2.27119224820535,0.950399478668064));
#9010=CARTESIAN_POINT('Ctrl Pts',(0.,2.27119224820535,0.950399478668064));
#9011=CARTESIAN_POINT('Ctrl Pts',(2.27119224820535,2.27119224820535,0.950399478668064));
#9012=CARTESIAN_POINT('Ctrl Pts',(2.27119224820535,0.,0.950399478668064));
#9013=CARTESIAN_POINT('Ctrl Pts',(2.27119224820535,-2.27119224820535,0.950399478668064));
#9014=CARTESIAN_POINT('Ctrl Pts',(0.,-2.27119224820535,0.950399478668064));
#9015=CARTESIAN_POINT('Ctrl Pts',(-2.27119224820535,-2.27119224820535,0.950399478668064));
#9016=CARTESIAN_POINT('Ctrl Pts',(-2.27119224820535,0.,0.950399478668064));
#9017=CARTESIAN_POINT('Ctrl Pts',(-2.15535242577468,0.,0.962450853781893));
#9018=CARTESIAN_POINT('Ctrl Pts',(-2.15535242577468,2.15535242577468,0.962450853781893));
#9019=CARTESIAN_POINT('Ctrl Pts',(0.,2.15535242577468,0.962450853781893));
#9020=CARTESIAN_POINT('Ctrl Pts',(2.15535242577468,2.15535242577468,0.962450853781893));
#9021=CARTESIAN_POINT('Ctrl Pts',(2.15535242577468,0.,0.962450853781893));
#9022=CARTESIAN_POINT('Ctrl Pts',(2.15535242577468,-2.15535242577468,0.962450853781893));
#9023=CARTESIAN_POINT('Ctrl Pts',(0.,-2.15535242577468,0.962450853781893));
#9024=CARTESIAN_POINT('Ctrl Pts',(-2.15535242577468,-2.15535242577468,0.962450853781893));
#9025=CARTESIAN_POINT('Ctrl Pts',(-2.15535242577468,0.,0.962450853781893));
#9026=CARTESIAN_POINT('Ctrl Pts',(-2.03906840460602,0.,0.971554888046006));
#9027=CARTESIAN_POINT('Ctrl Pts',(-2.03906840460602,2.03906840460602,0.971554888046006));
#9028=CARTESIAN_POINT('Ctrl Pts',(0.,2.03906840460602,0.971554888046006));
#9029=CARTESIAN_POINT('Ctrl Pts',(2.03906840460602,2.03906840460602,0.971554888046006));
#9030=CARTESIAN_POINT('Ctrl Pts',(2.03906840460602,0.,0.971554888046006));
#9031=CARTESIAN_POINT('Ctrl Pts',(2.03906840460602,-2.03906840460602,0.971554888046006));
#9032=CARTESIAN_POINT('Ctrl Pts',(0.,-2.03906840460602,0.971554888046006));
#9033=CARTESIAN_POINT('Ctrl Pts',(-2.03906840460602,-2.03906840460602,0.971554888046006));
#9034=CARTESIAN_POINT('Ctrl Pts',(-2.03906840460602,0.,0.971554888046006));
#9035=CARTESIAN_POINT('Ctrl Pts',(-1.92255062295824,0.,0.976636107980014));
#9036=CARTESIAN_POINT('Ctrl Pts',(-1.92255062295824,1.92255062295824,0.976636107980014));
#9037=CARTESIAN_POINT('Ctrl Pts',(0.,1.92255062295824,0.976636107980014));
#9038=CARTESIAN_POINT('Ctrl Pts',(1.92255062295824,1.92255062295824,0.976636107980014));
#9039=CARTESIAN_POINT('Ctrl Pts',(1.92255062295824,0.,0.976636107980014));
#9040=CARTESIAN_POINT('Ctrl Pts',(1.92255062295824,-1.92255062295824,0.976636107980014));
#9041=CARTESIAN_POINT('Ctrl Pts',(0.,-1.92255062295824,0.976636107980014));
#9042=CARTESIAN_POINT('Ctrl Pts',(-1.92255062295824,-1.92255062295824,0.976636107980014));
#9043=CARTESIAN_POINT('Ctrl Pts',(-1.92255062295824,0.,0.976636107980014));
#9044=CARTESIAN_POINT('Ctrl Pts',(-1.80641214232516,0.,0.976435966935737));
#9045=CARTESIAN_POINT('Ctrl Pts',(-1.80641214232516,1.80641214232516,0.976435966935737));
#9046=CARTESIAN_POINT('Ctrl Pts',(0.,1.80641214232516,0.976435966935737));
#9047=CARTESIAN_POINT('Ctrl Pts',(1.80641214232516,1.80641214232516,0.976435966935737));
#9048=CARTESIAN_POINT('Ctrl Pts',(1.80641214232516,0.,0.976435966935737));
#9049=CARTESIAN_POINT('Ctrl Pts',(1.80641214232516,-1.80641214232516,0.976435966935737));
#9050=CARTESIAN_POINT('Ctrl Pts',(0.,-1.80641214232516,0.976435966935737));
#9051=CARTESIAN_POINT('Ctrl Pts',(-1.80641214232516,-1.80641214232516,0.976435966935737));
#9052=CARTESIAN_POINT('Ctrl Pts',(-1.80641214232516,0.,0.976435966935737));
#9053=CARTESIAN_POINT('Ctrl Pts',(-1.69162249255293,0.,0.969772211571166));
#9054=CARTESIAN_POINT('Ctrl Pts',(-1.69162249255293,1.69162249255293,0.969772211571166));
#9055=CARTESIAN_POINT('Ctrl Pts',(0.,1.69162249255293,0.969772211571166));
#9056=CARTESIAN_POINT('Ctrl Pts',(1.69162249255293,1.69162249255293,0.969772211571166));
#9057=CARTESIAN_POINT('Ctrl Pts',(1.69162249255293,0.,0.969772211571166));
#9058=CARTESIAN_POINT('Ctrl Pts',(1.69162249255293,-1.69162249255293,0.969772211571166));
#9059=CARTESIAN_POINT('Ctrl Pts',(0.,-1.69162249255293,0.969772211571166));
#9060=CARTESIAN_POINT('Ctrl Pts',(-1.69162249255293,-1.69162249255293,0.969772211571166));
#9061=CARTESIAN_POINT('Ctrl Pts',(-1.69162249255293,0.,0.969772211571166));
#9062=CARTESIAN_POINT('Ctrl Pts',(-1.57944180527734,0.,0.955786475505323));
#9063=CARTESIAN_POINT('Ctrl Pts',(-1.57944180527734,1.57944180527734,0.955786475505323));
#9064=CARTESIAN_POINT('Ctrl Pts',(0.,1.57944180527734,0.955786475505323));
#9065=CARTESIAN_POINT('Ctrl Pts',(1.57944180527734,1.57944180527734,0.955786475505323));
#9066=CARTESIAN_POINT('Ctrl Pts',(1.57944180527734,0.,0.955786475505323));
#9067=CARTESIAN_POINT('Ctrl Pts',(1.57944180527734,-1.57944180527734,0.955786475505323));
#9068=CARTESIAN_POINT('Ctrl Pts',(0.,-1.57944180527734,0.955786475505323));
#9069=CARTESIAN_POINT('Ctrl Pts',(-1.57944180527734,-1.57944180527734,0.955786475505323));
#9070=CARTESIAN_POINT('Ctrl Pts',(-1.57944180527734,0.,0.955786475505323));
#9071=CARTESIAN_POINT('Ctrl Pts',(-1.4713780763315,0.,0.934266608550244));
#9072=CARTESIAN_POINT('Ctrl Pts',(-1.4713780763315,1.4713780763315,0.934266608550244));
#9073=CARTESIAN_POINT('Ctrl Pts',(0.,1.4713780763315,0.934266608550244));
#9074=CARTESIAN_POINT('Ctrl Pts',(1.4713780763315,1.4713780763315,0.934266608550244));
#9075=CARTESIAN_POINT('Ctrl Pts',(1.4713780763315,0.,0.934266608550244));
#9076=CARTESIAN_POINT('Ctrl Pts',(1.4713780763315,-1.4713780763315,0.934266608550244));
#9077=CARTESIAN_POINT('Ctrl Pts',(0.,-1.4713780763315,0.934266608550244));
#9078=CARTESIAN_POINT('Ctrl Pts',(-1.4713780763315,-1.4713780763315,0.934266608550244));
#9079=CARTESIAN_POINT('Ctrl Pts',(-1.4713780763315,0.,0.934266608550244));
#9080=CARTESIAN_POINT('Ctrl Pts',(-1.36909118420228,0.,0.905701408132455));
#9081=CARTESIAN_POINT('Ctrl Pts',(-1.36909118420228,1.36909118420228,0.905701408132455));
#9082=CARTESIAN_POINT('Ctrl Pts',(0.,1.36909118420228,0.905701408132455));
#9083=CARTESIAN_POINT('Ctrl Pts',(1.36909118420228,1.36909118420228,0.905701408132455));
#9084=CARTESIAN_POINT('Ctrl Pts',(1.36909118420228,0.,0.905701408132455));
#9085=CARTESIAN_POINT('Ctrl Pts',(1.36909118420228,-1.36909118420228,0.905701408132455));
#9086=CARTESIAN_POINT('Ctrl Pts',(0.,-1.36909118420228,0.905701408132455));
#9087=CARTESIAN_POINT('Ctrl Pts',(-1.36909118420228,-1.36909118420228,0.905701408132455));
#9088=CARTESIAN_POINT('Ctrl Pts',(-1.36909118420228,0.,0.905701408132455));
#9089=CARTESIAN_POINT('Ctrl Pts',(-1.27423529588645,0.,0.870973750764244));
#9090=CARTESIAN_POINT('Ctrl Pts',(-1.27423529588645,1.27423529588645,0.870973750764244));
#9091=CARTESIAN_POINT('Ctrl Pts',(0.,1.27423529588645,0.870973750764244));
#9092=CARTESIAN_POINT('Ctrl Pts',(1.27423529588645,1.27423529588645,0.870973750764244));
#9093=CARTESIAN_POINT('Ctrl Pts',(1.27423529588645,0.,0.870973750764244));
#9094=CARTESIAN_POINT('Ctrl Pts',(1.27423529588645,-1.27423529588645,0.870973750764244));
#9095=CARTESIAN_POINT('Ctrl Pts',(0.,-1.27423529588645,0.870973750764244));
#9096=CARTESIAN_POINT('Ctrl Pts',(-1.27423529588645,-1.27423529588645,0.870973750764244));
#9097=CARTESIAN_POINT('Ctrl Pts',(-1.27423529588645,0.,0.870973750764244));
#9098=CARTESIAN_POINT('Ctrl Pts',(-1.18830740722293,0.,0.831139469637301));
#9099=CARTESIAN_POINT('Ctrl Pts',(-1.18830740722293,1.18830740722293,0.831139469637301));
#9100=CARTESIAN_POINT('Ctrl Pts',(0.,1.18830740722293,0.831139469637301));
#9101=CARTESIAN_POINT('Ctrl Pts',(1.18830740722293,1.18830740722293,0.831139469637301));
#9102=CARTESIAN_POINT('Ctrl Pts',(1.18830740722293,0.,0.831139469637301));
#9103=CARTESIAN_POINT('Ctrl Pts',(1.18830740722293,-1.18830740722293,0.831139469637301));
#9104=CARTESIAN_POINT('Ctrl Pts',(0.,-1.18830740722293,0.831139469637301));
#9105=CARTESIAN_POINT('Ctrl Pts',(-1.18830740722293,-1.18830740722293,0.831139469637301));
#9106=CARTESIAN_POINT('Ctrl Pts',(-1.18830740722293,0.,0.831139469637301));
#9107=CARTESIAN_POINT('Ctrl Pts',(-1.11250843540665,0.,0.787193190918452));
#9108=CARTESIAN_POINT('Ctrl Pts',(-1.11250843540665,1.11250843540665,0.787193190918452));
#9109=CARTESIAN_POINT('Ctrl Pts',(0.,1.11250843540665,0.787193190918452));
#9110=CARTESIAN_POINT('Ctrl Pts',(1.11250843540665,1.11250843540665,0.787193190918452));
#9111=CARTESIAN_POINT('Ctrl Pts',(1.11250843540665,0.,0.787193190918452));
#9112=CARTESIAN_POINT('Ctrl Pts',(1.11250843540665,-1.11250843540665,0.787193190918452));
#9113=CARTESIAN_POINT('Ctrl Pts',(0.,-1.11250843540665,0.787193190918452));
#9114=CARTESIAN_POINT('Ctrl Pts',(-1.11250843540665,-1.11250843540665,0.787193190918452));
#9115=CARTESIAN_POINT('Ctrl Pts',(-1.11250843540665,0.,0.787193190918452));
#9116=CARTESIAN_POINT('Ctrl Pts',(-1.04755120380037,0.,0.739794248737515));
#9117=CARTESIAN_POINT('Ctrl Pts',(-1.04755120380037,1.04755120380037,0.739794248737515));
#9118=CARTESIAN_POINT('Ctrl Pts',(0.,1.04755120380037,0.739794248737515));
#9119=CARTESIAN_POINT('Ctrl Pts',(1.04755120380037,1.04755120380037,0.739794248737515));
#9120=CARTESIAN_POINT('Ctrl Pts',(1.04755120380037,0.,0.739794248737515));
#9121=CARTESIAN_POINT('Ctrl Pts',(1.04755120380037,-1.04755120380037,0.739794248737515));
#9122=CARTESIAN_POINT('Ctrl Pts',(0.,-1.04755120380037,0.739794248737515));
#9123=CARTESIAN_POINT('Ctrl Pts',(-1.04755120380037,-1.04755120380037,0.739794248737515));
#9124=CARTESIAN_POINT('Ctrl Pts',(-1.04755120380037,0.,0.739794248737515));
#9125=CARTESIAN_POINT('Ctrl Pts',(-1.00449576816689,0.,0.699375628833483));
#9126=CARTESIAN_POINT('Ctrl Pts',(-1.00449576816689,1.00449576816689,0.699375628833483));
#9127=CARTESIAN_POINT('Ctrl Pts',(0.,1.00449576816689,0.699375628833483));
#9128=CARTESIAN_POINT('Ctrl Pts',(1.00449576816689,1.00449576816689,0.699375628833483));
#9129=CARTESIAN_POINT('Ctrl Pts',(1.00449576816689,0.,0.699375628833483));
#9130=CARTESIAN_POINT('Ctrl Pts',(1.00449576816689,-1.00449576816689,0.699375628833483));
#9131=CARTESIAN_POINT('Ctrl Pts',(0.,-1.00449576816689,0.699375628833483));
#9132=CARTESIAN_POINT('Ctrl Pts',(-1.00449576816689,-1.00449576816689,0.699375628833483));
#9133=CARTESIAN_POINT('Ctrl Pts',(-1.00449576816689,0.,0.699375628833483));
#9134=CARTESIAN_POINT('Ctrl Pts',(-0.977244086793561,0.,0.667711963676549));
#9135=CARTESIAN_POINT('Ctrl Pts',(-0.97724408679356,0.97724408679356,0.667711963676549));
#9136=CARTESIAN_POINT('Ctrl Pts',(0.,0.977244086793561,0.667711963676549));
#9137=CARTESIAN_POINT('Ctrl Pts',(0.97724408679356,0.97724408679356,0.667711963676549));
#9138=CARTESIAN_POINT('Ctrl Pts',(0.977244086793561,0.,0.667711963676549));
#9139=CARTESIAN_POINT('Ctrl Pts',(0.97724408679356,-0.97724408679356,0.667711963676549));
#9140=CARTESIAN_POINT('Ctrl Pts',(0.,-0.977244086793561,0.667711963676549));
#9141=CARTESIAN_POINT('Ctrl Pts',(-0.97724408679356,-0.97724408679356,0.667711963676549));
#9142=CARTESIAN_POINT('Ctrl Pts',(-0.977244086793561,0.,0.667711963676549));
#9143=CARTESIAN_POINT('Ctrl Pts',(-0.961311967883148,0.,0.646003817502658));
#9144=CARTESIAN_POINT('Ctrl Pts',(-0.961311967883148,0.961311967883148,
0.646003817502658));
#9145=CARTESIAN_POINT('Ctrl Pts',(0.,0.961311967883148,0.646003817502658));
#9146=CARTESIAN_POINT('Ctrl Pts',(0.961311967883148,0.961311967883148,0.646003817502658));
#9147=CARTESIAN_POINT('Ctrl Pts',(0.961311967883148,0.,0.646003817502658));
#9148=CARTESIAN_POINT('Ctrl Pts',(0.961311967883148,-0.961311967883148,
0.646003817502658));
#9149=CARTESIAN_POINT('Ctrl Pts',(0.,-0.961311967883148,0.646003817502658));
#9150=CARTESIAN_POINT('Ctrl Pts',(-0.961311967883148,-0.961311967883148,
0.646003817502658));
#9151=CARTESIAN_POINT('Ctrl Pts',(-0.961311967883148,0.,0.646003817502658));
#9152=CARTESIAN_POINT('Ctrl Pts',(-0.953904839200302,0.,0.635));
#9153=CARTESIAN_POINT('Ctrl Pts',(-0.953904839200302,0.953904839200302,
0.635));
#9154=CARTESIAN_POINT('Ctrl Pts',(0.,0.953904839200302,0.635));
#9155=CARTESIAN_POINT('Ctrl Pts',(0.953904839200302,0.953904839200302,0.635));
#9156=CARTESIAN_POINT('Ctrl Pts',(0.953904839200302,0.,0.635));
#9157=CARTESIAN_POINT('Ctrl Pts',(0.953904839200302,-0.953904839200302,
0.635));
#9158=CARTESIAN_POINT('Ctrl Pts',(0.,-0.953904839200302,0.635));
#9159=CARTESIAN_POINT('Ctrl Pts',(-0.953904839200302,-0.953904839200302,
0.635));
#9160=CARTESIAN_POINT('Ctrl Pts',(-0.953904839200302,0.,0.635));
#9161=CARTESIAN_POINT('Origin',(0.,0.,0.635));
#9162=CARTESIAN_POINT('Ctrl Pts',(-1.27,0.,0.635));
#9163=CARTESIAN_POINT('Ctrl Pts',(-1.27,1.27,0.635));
#9164=CARTESIAN_POINT('Ctrl Pts',(0.,1.27,0.635));
#9165=CARTESIAN_POINT('Ctrl Pts',(1.27,1.27,0.635));
#9166=CARTESIAN_POINT('Ctrl Pts',(1.27,0.,0.635));
#9167=CARTESIAN_POINT('Ctrl Pts',(1.27,-1.27,0.635));
#9168=CARTESIAN_POINT('Ctrl Pts',(0.,-1.27,0.635));
#9169=CARTESIAN_POINT('Ctrl Pts',(-1.27,-1.27,0.635));
#9170=CARTESIAN_POINT('Ctrl Pts',(-1.27,0.,0.635));
#9171=CARTESIAN_POINT('Ctrl Pts',(-1.28976000903809,0.,0.644654633909946));
#9172=CARTESIAN_POINT('Ctrl Pts',(-1.28976000903809,1.28976000903809,0.644654633909946));
#9173=CARTESIAN_POINT('Ctrl Pts',(0.,1.28976000903809,0.644654633909946));
#9174=CARTESIAN_POINT('Ctrl Pts',(1.28976000903809,1.28976000903809,0.644654633909946));
#9175=CARTESIAN_POINT('Ctrl Pts',(1.28976000903809,0.,0.644654633909946));
#9176=CARTESIAN_POINT('Ctrl Pts',(1.28976000903809,-1.28976000903809,0.644654633909946));
#9177=CARTESIAN_POINT('Ctrl Pts',(0.,-1.28976000903809,0.644654633909946));
#9178=CARTESIAN_POINT('Ctrl Pts',(-1.28976000903809,-1.28976000903809,0.644654633909946));
#9179=CARTESIAN_POINT('Ctrl Pts',(-1.28976000903809,0.,0.644654633909946));
#9180=CARTESIAN_POINT('Ctrl Pts',(-1.33005338904588,0.,0.663091609763323));
#9181=CARTESIAN_POINT('Ctrl Pts',(-1.33005338904588,1.33005338904588,0.663091609763323));
#9182=CARTESIAN_POINT('Ctrl Pts',(0.,1.33005338904588,0.663091609763323));
#9183=CARTESIAN_POINT('Ctrl Pts',(1.33005338904588,1.33005338904588,0.663091609763323));
#9184=CARTESIAN_POINT('Ctrl Pts',(1.33005338904588,0.,0.663091609763323));
#9185=CARTESIAN_POINT('Ctrl Pts',(1.33005338904588,-1.33005338904588,0.663091609763323));
#9186=CARTESIAN_POINT('Ctrl Pts',(0.,-1.33005338904588,0.663091609763323));
#9187=CARTESIAN_POINT('Ctrl Pts',(-1.33005338904588,-1.33005338904588,0.663091609763323));
#9188=CARTESIAN_POINT('Ctrl Pts',(-1.33005338904588,0.,0.663091609763323));
#9189=CARTESIAN_POINT('Ctrl Pts',(-1.39281356358397,0.,0.688130181283886));
#9190=CARTESIAN_POINT('Ctrl Pts',(-1.39281356358397,1.39281356358397,0.688130181283886));
#9191=CARTESIAN_POINT('Ctrl Pts',(0.,1.39281356358397,0.688130181283886));
#9192=CARTESIAN_POINT('Ctrl Pts',(1.39281356358397,1.39281356358397,0.688130181283886));
#9193=CARTESIAN_POINT('Ctrl Pts',(1.39281356358397,0.,0.688130181283886));
#9194=CARTESIAN_POINT('Ctrl Pts',(1.39281356358397,-1.39281356358397,0.688130181283886));
#9195=CARTESIAN_POINT('Ctrl Pts',(0.,-1.39281356358397,0.688130181283886));
#9196=CARTESIAN_POINT('Ctrl Pts',(-1.39281356358397,-1.39281356358397,0.688130181283886));
#9197=CARTESIAN_POINT('Ctrl Pts',(-1.39281356358397,0.,0.688130181283886));
#9198=CARTESIAN_POINT('Ctrl Pts',(-1.48115277756041,0.,0.716259945171289));
#9199=CARTESIAN_POINT('Ctrl Pts',(-1.48115277756041,1.48115277756041,0.716259945171289));
#9200=CARTESIAN_POINT('Ctrl Pts',(0.,1.48115277756041,0.716259945171289));
#9201=CARTESIAN_POINT('Ctrl Pts',(1.48115277756041,1.48115277756041,0.716259945171289));
#9202=CARTESIAN_POINT('Ctrl Pts',(1.48115277756041,0.,0.716259945171289));
#9203=CARTESIAN_POINT('Ctrl Pts',(1.48115277756041,-1.48115277756041,0.716259945171289));
#9204=CARTESIAN_POINT('Ctrl Pts',(0.,-1.48115277756041,0.716259945171289));
#9205=CARTESIAN_POINT('Ctrl Pts',(-1.48115277756041,-1.48115277756041,0.716259945171289));
#9206=CARTESIAN_POINT('Ctrl Pts',(-1.48115277756041,0.,0.716259945171289));
#9207=CARTESIAN_POINT('Ctrl Pts',(-1.59940380111457,0.,0.742561927287715));
#9208=CARTESIAN_POINT('Ctrl Pts',(-1.59940380111457,1.59940380111457,0.742561927287715));
#9209=CARTESIAN_POINT('Ctrl Pts',(0.,1.59940380111457,0.742561927287715));
#9210=CARTESIAN_POINT('Ctrl Pts',(1.59940380111457,1.59940380111457,0.742561927287715));
#9211=CARTESIAN_POINT('Ctrl Pts',(1.59940380111457,0.,0.742561927287715));
#9212=CARTESIAN_POINT('Ctrl Pts',(1.59940380111457,-1.59940380111457,0.742561927287715));
#9213=CARTESIAN_POINT('Ctrl Pts',(0.,-1.59940380111457,0.742561927287715));
#9214=CARTESIAN_POINT('Ctrl Pts',(-1.59940380111457,-1.59940380111457,0.742561927287715));
#9215=CARTESIAN_POINT('Ctrl Pts',(-1.59940380111457,0.,0.742561927287715));
#9216=CARTESIAN_POINT('Ctrl Pts',(-1.72546868968633,0.,0.759921593770094));
#9217=CARTESIAN_POINT('Ctrl Pts',(-1.72546868968633,1.72546868968633,0.759921593770094));
#9218=CARTESIAN_POINT('Ctrl Pts',(0.,1.72546868968633,0.759921593770094));
#9219=CARTESIAN_POINT('Ctrl Pts',(1.72546868968633,1.72546868968633,0.759921593770094));
#9220=CARTESIAN_POINT('Ctrl Pts',(1.72546868968633,0.,0.759921593770094));
#9221=CARTESIAN_POINT('Ctrl Pts',(1.72546868968633,-1.72546868968633,0.759921593770094));
#9222=CARTESIAN_POINT('Ctrl Pts',(0.,-1.72546868968633,0.759921593770094));
#9223=CARTESIAN_POINT('Ctrl Pts',(-1.72546868968633,-1.72546868968633,0.759921593770094));
#9224=CARTESIAN_POINT('Ctrl Pts',(-1.72546868968633,0.,0.759921593770094));
#9225=CARTESIAN_POINT('Ctrl Pts',(-1.85917266805368,0.,0.768342464494351));
#9226=CARTESIAN_POINT('Ctrl Pts',(-1.85917266805368,1.85917266805368,0.768342464494351));
#9227=CARTESIAN_POINT('Ctrl Pts',(0.,1.85917266805368,0.768342464494351));
#9228=CARTESIAN_POINT('Ctrl Pts',(1.85917266805368,1.85917266805368,0.768342464494351));
#9229=CARTESIAN_POINT('Ctrl Pts',(1.85917266805368,0.,0.768342464494351));
#9230=CARTESIAN_POINT('Ctrl Pts',(1.85917266805368,-1.85917266805368,0.768342464494351));
#9231=CARTESIAN_POINT('Ctrl Pts',(0.,-1.85917266805368,0.768342464494351));
#9232=CARTESIAN_POINT('Ctrl Pts',(-1.85917266805368,-1.85917266805368,0.768342464494351));
#9233=CARTESIAN_POINT('Ctrl Pts',(-1.85917266805368,0.,0.768342464494351));
#9234=CARTESIAN_POINT('Ctrl Pts',(-2.00005900374125,0.,0.768011316095539));
#9235=CARTESIAN_POINT('Ctrl Pts',(-2.00005900374125,2.00005900374125,0.768011316095539));
#9236=CARTESIAN_POINT('Ctrl Pts',(0.,2.00005900374125,0.768011316095539));
#9237=CARTESIAN_POINT('Ctrl Pts',(2.00005900374125,2.00005900374125,0.768011316095539));
#9238=CARTESIAN_POINT('Ctrl Pts',(2.00005900374125,0.,0.768011316095539));
#9239=CARTESIAN_POINT('Ctrl Pts',(2.00005900374125,-2.00005900374125,0.768011316095539));
#9240=CARTESIAN_POINT('Ctrl Pts',(0.,-2.00005900374125,0.768011316095539));
#9241=CARTESIAN_POINT('Ctrl Pts',(-2.00005900374125,-2.00005900374125,0.768011316095539));
#9242=CARTESIAN_POINT('Ctrl Pts',(-2.00005900374125,0.,0.768011316095539));
#9243=CARTESIAN_POINT('Ctrl Pts',(-2.14737033868111,0.,0.75930282290649));
#9244=CARTESIAN_POINT('Ctrl Pts',(-2.14737033868111,2.14737033868111,0.75930282290649));
#9245=CARTESIAN_POINT('Ctrl Pts',(0.,2.14737033868111,0.75930282290649));
#9246=CARTESIAN_POINT('Ctrl Pts',(2.14737033868111,2.14737033868111,0.75930282290649));
#9247=CARTESIAN_POINT('Ctrl Pts',(2.14737033868111,0.,0.75930282290649));
#9248=CARTESIAN_POINT('Ctrl Pts',(2.14737033868111,-2.14737033868111,0.75930282290649));
#9249=CARTESIAN_POINT('Ctrl Pts',(0.,-2.14737033868111,0.75930282290649));
#9250=CARTESIAN_POINT('Ctrl Pts',(-2.14737033868111,-2.14737033868111,0.75930282290649));
#9251=CARTESIAN_POINT('Ctrl Pts',(-2.14737033868111,0.,0.75930282290649));
#9252=CARTESIAN_POINT('Ctrl Pts',(-2.3000902151504,0.,0.742730189490773));
#9253=CARTESIAN_POINT('Ctrl Pts',(-2.3000902151504,2.3000902151504,0.742730189490773));
#9254=CARTESIAN_POINT('Ctrl Pts',(0.,2.3000902151504,0.742730189490773));
#9255=CARTESIAN_POINT('Ctrl Pts',(2.3000902151504,2.3000902151504,0.742730189490773));
#9256=CARTESIAN_POINT('Ctrl Pts',(2.3000902151504,0.,0.742730189490773));
#9257=CARTESIAN_POINT('Ctrl Pts',(2.3000902151504,-2.3000902151504,0.742730189490773));
#9258=CARTESIAN_POINT('Ctrl Pts',(0.,-2.3000902151504,0.742730189490773));
#9259=CARTESIAN_POINT('Ctrl Pts',(-2.3000902151504,-2.3000902151504,0.742730189490773));
#9260=CARTESIAN_POINT('Ctrl Pts',(-2.3000902151504,0.,0.742730189490773));
#9261=CARTESIAN_POINT('Ctrl Pts',(-2.45695303185239,0.,0.7189240388291));
#9262=CARTESIAN_POINT('Ctrl Pts',(-2.45695303185239,2.45695303185239,0.7189240388291));
#9263=CARTESIAN_POINT('Ctrl Pts',(0.,2.45695303185239,0.7189240388291));
#9264=CARTESIAN_POINT('Ctrl Pts',(2.45695303185239,2.45695303185239,0.7189240388291));
#9265=CARTESIAN_POINT('Ctrl Pts',(2.45695303185239,0.,0.7189240388291));
#9266=CARTESIAN_POINT('Ctrl Pts',(2.45695303185239,-2.45695303185239,0.7189240388291));
#9267=CARTESIAN_POINT('Ctrl Pts',(0.,-2.45695303185239,0.7189240388291));
#9268=CARTESIAN_POINT('Ctrl Pts',(-2.45695303185239,-2.45695303185239,0.7189240388291));
#9269=CARTESIAN_POINT('Ctrl Pts',(-2.45695303185239,0.,0.7189240388291));
#9270=CARTESIAN_POINT('Ctrl Pts',(-2.61646167437853,0.,0.688608589764148));
#9271=CARTESIAN_POINT('Ctrl Pts',(-2.61646167437853,2.61646167437853,0.688608589764148));
#9272=CARTESIAN_POINT('Ctrl Pts',(0.,2.61646167437853,0.688608589764148));
#9273=CARTESIAN_POINT('Ctrl Pts',(2.61646167437853,2.61646167437853,0.688608589764148));
#9274=CARTESIAN_POINT('Ctrl Pts',(2.61646167437853,0.,0.688608589764148));
#9275=CARTESIAN_POINT('Ctrl Pts',(2.61646167437853,-2.61646167437853,0.688608589764148));
#9276=CARTESIAN_POINT('Ctrl Pts',(0.,-2.61646167437853,0.688608589764148));
#9277=CARTESIAN_POINT('Ctrl Pts',(-2.61646167437853,-2.61646167437853,0.688608589764148));
#9278=CARTESIAN_POINT('Ctrl Pts',(-2.61646167437853,0.,0.688608589764148));
#9279=CARTESIAN_POINT('Ctrl Pts',(-2.77688015186133,0.,0.652593820270341));
#9280=CARTESIAN_POINT('Ctrl Pts',(-2.77688015186133,2.77688015186133,0.652593820270341));
#9281=CARTESIAN_POINT('Ctrl Pts',(0.,2.77688015186133,0.652593820270341));
#9282=CARTESIAN_POINT('Ctrl Pts',(2.77688015186133,2.77688015186133,0.652593820270341));
#9283=CARTESIAN_POINT('Ctrl Pts',(2.77688015186133,0.,0.652593820270341));
#9284=CARTESIAN_POINT('Ctrl Pts',(2.77688015186133,-2.77688015186133,0.652593820270341));
#9285=CARTESIAN_POINT('Ctrl Pts',(0.,-2.77688015186133,0.652593820270341));
#9286=CARTESIAN_POINT('Ctrl Pts',(-2.77688015186133,-2.77688015186133,0.652593820270341));
#9287=CARTESIAN_POINT('Ctrl Pts',(-2.77688015186133,0.,0.652593820270341));
#9288=CARTESIAN_POINT('Ctrl Pts',(-2.93627072850678,0.,0.611754084878089));
#9289=CARTESIAN_POINT('Ctrl Pts',(-2.93627072850678,2.93627072850678,0.611754084878089));
#9290=CARTESIAN_POINT('Ctrl Pts',(0.,2.93627072850678,0.611754084878089));
#9291=CARTESIAN_POINT('Ctrl Pts',(2.93627072850678,2.93627072850678,0.611754084878089));
#9292=CARTESIAN_POINT('Ctrl Pts',(2.93627072850678,0.,0.611754084878089));
#9293=CARTESIAN_POINT('Ctrl Pts',(2.93627072850678,-2.93627072850678,0.611754084878089));
#9294=CARTESIAN_POINT('Ctrl Pts',(0.,-2.93627072850678,0.611754084878089));
#9295=CARTESIAN_POINT('Ctrl Pts',(-2.93627072850678,-2.93627072850678,0.611754084878089));
#9296=CARTESIAN_POINT('Ctrl Pts',(-2.93627072850678,0.,0.611754084878089));
#9297=CARTESIAN_POINT('Ctrl Pts',(-3.09264260186243,0.,0.566969093104279));
#9298=CARTESIAN_POINT('Ctrl Pts',(-3.09264260186243,3.09264260186243,0.566969093104279));
#9299=CARTESIAN_POINT('Ctrl Pts',(0.,3.09264260186243,0.566969093104279));
#9300=CARTESIAN_POINT('Ctrl Pts',(3.09264260186243,3.09264260186243,0.566969093104279));
#9301=CARTESIAN_POINT('Ctrl Pts',(3.09264260186243,0.,0.566969093104279));
#9302=CARTESIAN_POINT('Ctrl Pts',(3.09264260186243,-3.09264260186243,0.566969093104279));
#9303=CARTESIAN_POINT('Ctrl Pts',(0.,-3.09264260186243,0.566969093104279));
#9304=CARTESIAN_POINT('Ctrl Pts',(-3.09264260186243,-3.09264260186243,0.566969093104279));
#9305=CARTESIAN_POINT('Ctrl Pts',(-3.09264260186243,0.,0.566969093104279));
#9306=CARTESIAN_POINT('Ctrl Pts',(-3.2440743653528,0.,0.519078081530674));
#9307=CARTESIAN_POINT('Ctrl Pts',(-3.2440743653528,3.2440743653528,0.519078081530674));
#9308=CARTESIAN_POINT('Ctrl Pts',(0.,3.2440743653528,0.519078081530674));
#9309=CARTESIAN_POINT('Ctrl Pts',(3.2440743653528,3.2440743653528,0.519078081530674));
#9310=CARTESIAN_POINT('Ctrl Pts',(3.2440743653528,0.,0.519078081530674));
#9311=CARTESIAN_POINT('Ctrl Pts',(3.2440743653528,-3.2440743653528,0.519078081530674));
#9312=CARTESIAN_POINT('Ctrl Pts',(0.,-3.2440743653528,0.519078081530674));
#9313=CARTESIAN_POINT('Ctrl Pts',(-3.2440743653528,-3.2440743653528,0.519078081530674));
#9314=CARTESIAN_POINT('Ctrl Pts',(-3.2440743653528,0.,0.519078081530674));
#9315=CARTESIAN_POINT('Ctrl Pts',(-3.3888580194275,0.,0.46883081109457));
#9316=CARTESIAN_POINT('Ctrl Pts',(-3.3888580194275,3.3888580194275,0.46883081109457));
#9317=CARTESIAN_POINT('Ctrl Pts',(0.,3.3888580194275,0.46883081109457));
#9318=CARTESIAN_POINT('Ctrl Pts',(3.3888580194275,3.3888580194275,0.46883081109457));
#9319=CARTESIAN_POINT('Ctrl Pts',(3.3888580194275,0.,0.46883081109457));
#9320=CARTESIAN_POINT('Ctrl Pts',(3.3888580194275,-3.3888580194275,0.46883081109457));
#9321=CARTESIAN_POINT('Ctrl Pts',(0.,-3.3888580194275,0.46883081109457));
#9322=CARTESIAN_POINT('Ctrl Pts',(-3.3888580194275,-3.3888580194275,0.46883081109457));
#9323=CARTESIAN_POINT('Ctrl Pts',(-3.3888580194275,0.,0.46883081109457));
#9324=CARTESIAN_POINT('Ctrl Pts',(-3.52562344177953,0.,0.41684712354818));
#9325=CARTESIAN_POINT('Ctrl Pts',(-3.52562344177953,3.52562344177953,0.41684712354818));
#9326=CARTESIAN_POINT('Ctrl Pts',(0.,3.52562344177953,0.41684712354818));
#9327=CARTESIAN_POINT('Ctrl Pts',(3.52562344177953,3.52562344177953,0.41684712354818));
#9328=CARTESIAN_POINT('Ctrl Pts',(3.52562344177953,0.,0.41684712354818));
#9329=CARTESIAN_POINT('Ctrl Pts',(3.52562344177953,-3.52562344177953,0.41684712354818));
#9330=CARTESIAN_POINT('Ctrl Pts',(0.,-3.52562344177953,0.41684712354818));
#9331=CARTESIAN_POINT('Ctrl Pts',(-3.52562344177953,-3.52562344177953,0.41684712354818));
#9332=CARTESIAN_POINT('Ctrl Pts',(-3.52562344177953,0.,0.41684712354818));
#9333=CARTESIAN_POINT('Ctrl Pts',(-3.65352943185114,0.,0.363561604651966));
#9334=CARTESIAN_POINT('Ctrl Pts',(-3.65352943185114,3.65352943185114,0.363561604651966));
#9335=CARTESIAN_POINT('Ctrl Pts',(0.,3.65352943185114,0.363561604651966));
#9336=CARTESIAN_POINT('Ctrl Pts',(3.65352943185114,3.65352943185114,0.363561604651966));
#9337=CARTESIAN_POINT('Ctrl Pts',(3.65352943185114,0.,0.363561604651966));
#9338=CARTESIAN_POINT('Ctrl Pts',(3.65352943185114,-3.65352943185114,0.363561604651966));
#9339=CARTESIAN_POINT('Ctrl Pts',(0.,-3.65352943185114,0.363561604651966));
#9340=CARTESIAN_POINT('Ctrl Pts',(-3.65352943185114,-3.65352943185114,0.363561604651966));
#9341=CARTESIAN_POINT('Ctrl Pts',(-3.65352943185114,0.,0.363561604651966));
#9342=CARTESIAN_POINT('Ctrl Pts',(-3.77219436432784,0.,0.309238874883037));
#9343=CARTESIAN_POINT('Ctrl Pts',(-3.77219436432784,3.77219436432784,0.309238874883037));
#9344=CARTESIAN_POINT('Ctrl Pts',(0.,3.77219436432784,0.309238874883037));
#9345=CARTESIAN_POINT('Ctrl Pts',(3.77219436432784,3.77219436432784,0.309238874883037));
#9346=CARTESIAN_POINT('Ctrl Pts',(3.77219436432784,0.,0.309238874883037));
#9347=CARTESIAN_POINT('Ctrl Pts',(3.77219436432784,-3.77219436432784,0.309238874883037));
#9348=CARTESIAN_POINT('Ctrl Pts',(0.,-3.77219436432784,0.309238874883037));
#9349=CARTESIAN_POINT('Ctrl Pts',(-3.77219436432784,-3.77219436432784,0.309238874883037));
#9350=CARTESIAN_POINT('Ctrl Pts',(-3.77219436432784,0.,0.309238874883037));
#9351=CARTESIAN_POINT('Ctrl Pts',(-3.85965131419891,0.,0.265063930982988));
#9352=CARTESIAN_POINT('Ctrl Pts',(-3.85965131419891,3.85965131419891,0.265063930982988));
#9353=CARTESIAN_POINT('Ctrl Pts',(0.,3.85965131419891,0.265063930982988));
#9354=CARTESIAN_POINT('Ctrl Pts',(3.85965131419891,3.85965131419891,0.265063930982988));
#9355=CARTESIAN_POINT('Ctrl Pts',(3.85965131419891,0.,0.265063930982988));
#9356=CARTESIAN_POINT('Ctrl Pts',(3.85965131419891,-3.85965131419891,0.265063930982988));
#9357=CARTESIAN_POINT('Ctrl Pts',(0.,-3.85965131419891,0.265063930982988));
#9358=CARTESIAN_POINT('Ctrl Pts',(-3.85965131419891,-3.85965131419891,0.265063930982988));
#9359=CARTESIAN_POINT('Ctrl Pts',(-3.85965131419891,0.,0.265063930982988));
#9360=CARTESIAN_POINT('Ctrl Pts',(-3.92106000196197,0.,0.231553596089893));
#9361=CARTESIAN_POINT('Ctrl Pts',(-3.92106000196197,3.92106000196197,0.231553596089893));
#9362=CARTESIAN_POINT('Ctrl Pts',(0.,3.92106000196197,0.231553596089893));
#9363=CARTESIAN_POINT('Ctrl Pts',(3.92106000196197,3.92106000196197,0.231553596089893));
#9364=CARTESIAN_POINT('Ctrl Pts',(3.92106000196197,0.,0.231553596089893));
#9365=CARTESIAN_POINT('Ctrl Pts',(3.92106000196197,-3.92106000196197,0.231553596089893));
#9366=CARTESIAN_POINT('Ctrl Pts',(0.,-3.92106000196197,0.231553596089893));
#9367=CARTESIAN_POINT('Ctrl Pts',(-3.92106000196197,-3.92106000196197,0.231553596089893));
#9368=CARTESIAN_POINT('Ctrl Pts',(-3.92106000196197,0.,0.231553596089893));
#9369=CARTESIAN_POINT('Ctrl Pts',(-3.96014702705904,0.,0.20904558541352));
#9370=CARTESIAN_POINT('Ctrl Pts',(-3.96014702705903,3.96014702705903,0.20904558541352));
#9371=CARTESIAN_POINT('Ctrl Pts',(0.,3.96014702705904,0.20904558541352));
#9372=CARTESIAN_POINT('Ctrl Pts',(3.96014702705903,3.96014702705903,0.20904558541352));
#9373=CARTESIAN_POINT('Ctrl Pts',(3.96014702705904,0.,0.20904558541352));
#9374=CARTESIAN_POINT('Ctrl Pts',(3.96014702705903,-3.96014702705903,0.20904558541352));
#9375=CARTESIAN_POINT('Ctrl Pts',(0.,-3.96014702705904,0.20904558541352));
#9376=CARTESIAN_POINT('Ctrl Pts',(-3.96014702705903,-3.96014702705903,0.20904558541352));
#9377=CARTESIAN_POINT('Ctrl Pts',(-3.96014702705904,0.,0.20904558541352));
#9378=CARTESIAN_POINT('Ctrl Pts',(-3.97922751986641,0.,0.197749631526101));
#9379=CARTESIAN_POINT('Ctrl Pts',(-3.97922751986641,3.97922751986641,0.197749631526101));
#9380=CARTESIAN_POINT('Ctrl Pts',(0.,3.97922751986641,0.197749631526101));
#9381=CARTESIAN_POINT('Ctrl Pts',(3.97922751986641,3.97922751986641,0.197749631526101));
#9382=CARTESIAN_POINT('Ctrl Pts',(3.97922751986641,0.,0.197749631526101));
#9383=CARTESIAN_POINT('Ctrl Pts',(3.97922751986641,-3.97922751986641,0.197749631526101));
#9384=CARTESIAN_POINT('Ctrl Pts',(0.,-3.97922751986641,0.197749631526101));
#9385=CARTESIAN_POINT('Ctrl Pts',(-3.97922751986641,-3.97922751986641,0.197749631526101));
#9386=CARTESIAN_POINT('Ctrl Pts',(-3.97922751986641,0.,0.197749631526101));
#9387=CARTESIAN_POINT('Origin',(0.,0.,0.197749631526101));
#9388=CARTESIAN_POINT('Ctrl Pts',(-3.97922751986641,0.,0.197749631526101));
#9389=CARTESIAN_POINT('Ctrl Pts',(-3.97922751986641,3.97922751986641,0.197749631526101));
#9390=CARTESIAN_POINT('Ctrl Pts',(0.,3.97922751986641,0.197749631526101));
#9391=CARTESIAN_POINT('Ctrl Pts',(3.97922751986641,3.97922751986641,0.197749631526101));
#9392=CARTESIAN_POINT('Ctrl Pts',(3.97922751986641,0.,0.197749631526101));
#9393=CARTESIAN_POINT('Ctrl Pts',(3.97922751986641,-3.97922751986641,0.197749631526101));
#9394=CARTESIAN_POINT('Ctrl Pts',(0.,-3.97922751986641,0.197749631526101));
#9395=CARTESIAN_POINT('Ctrl Pts',(-3.97922751986641,-3.97922751986641,0.197749631526101));
#9396=CARTESIAN_POINT('Ctrl Pts',(-3.97922751986641,0.,0.197749631526101));
#9397=CARTESIAN_POINT('Ctrl Pts',(-3.96956191321612,0.,0.215078346741054));
#9398=CARTESIAN_POINT('Ctrl Pts',(-3.96956191321612,3.96956191321612,0.215078346741054));
#9399=CARTESIAN_POINT('Ctrl Pts',(0.,3.96956191321612,0.215078346741054));
#9400=CARTESIAN_POINT('Ctrl Pts',(3.96956191321612,3.96956191321612,0.215078346741054));
#9401=CARTESIAN_POINT('Ctrl Pts',(3.96956191321612,0.,0.215078346741054));
#9402=CARTESIAN_POINT('Ctrl Pts',(3.96956191321612,-3.96956191321612,0.215078346741054));
#9403=CARTESIAN_POINT('Ctrl Pts',(0.,-3.96956191321612,0.215078346741054));
#9404=CARTESIAN_POINT('Ctrl Pts',(-3.96956191321612,-3.96956191321612,0.215078346741054));
#9405=CARTESIAN_POINT('Ctrl Pts',(-3.96956191321612,0.,0.215078346741054));
#9406=CARTESIAN_POINT('Ctrl Pts',(-3.94903901059912,0.,0.249262530824572));
#9407=CARTESIAN_POINT('Ctrl Pts',(-3.94903901059911,3.94903901059911,0.249262530824572));
#9408=CARTESIAN_POINT('Ctrl Pts',(0.,3.94903901059912,0.249262530824572));
#9409=CARTESIAN_POINT('Ctrl Pts',(3.94903901059911,3.94903901059911,0.249262530824572));
#9410=CARTESIAN_POINT('Ctrl Pts',(3.94903901059912,0.,0.249262530824572));
#9411=CARTESIAN_POINT('Ctrl Pts',(3.94903901059911,-3.94903901059911,0.249262530824572));
#9412=CARTESIAN_POINT('Ctrl Pts',(0.,-3.94903901059912,0.249262530824572));
#9413=CARTESIAN_POINT('Ctrl Pts',(-3.94903901059911,-3.94903901059911,0.249262530824572));
#9414=CARTESIAN_POINT('Ctrl Pts',(-3.94903901059912,0.,0.249262530824572));
#9415=CARTESIAN_POINT('Ctrl Pts',(-3.91467958405274,0.,0.299119069096551));
#9416=CARTESIAN_POINT('Ctrl Pts',(-3.91467958405274,3.91467958405274,0.299119069096551));
#9417=CARTESIAN_POINT('Ctrl Pts',(0.,3.91467958405274,0.299119069096551));
#9418=CARTESIAN_POINT('Ctrl Pts',(3.91467958405274,3.91467958405274,0.299119069096551));
#9419=CARTESIAN_POINT('Ctrl Pts',(3.91467958405274,0.,0.299119069096551));
#9420=CARTESIAN_POINT('Ctrl Pts',(3.91467958405274,-3.91467958405274,0.299119069096551));
#9421=CARTESIAN_POINT('Ctrl Pts',(0.,-3.91467958405274,0.299119069096551));
#9422=CARTESIAN_POINT('Ctrl Pts',(-3.91467958405274,-3.91467958405274,0.299119069096551));
#9423=CARTESIAN_POINT('Ctrl Pts',(-3.91467958405274,0.,0.299119069096551));
#9424=CARTESIAN_POINT('Ctrl Pts',(-3.86170396188042,0.,0.36274982640076));
#9425=CARTESIAN_POINT('Ctrl Pts',(-3.86170396188042,3.86170396188042,0.36274982640076));
#9426=CARTESIAN_POINT('Ctrl Pts',(0.,3.86170396188042,0.36274982640076));
#9427=CARTESIAN_POINT('Ctrl Pts',(3.86170396188042,3.86170396188042,0.36274982640076));
#9428=CARTESIAN_POINT('Ctrl Pts',(3.86170396188042,0.,0.36274982640076));
#9429=CARTESIAN_POINT('Ctrl Pts',(3.86170396188042,-3.86170396188042,0.36274982640076));
#9430=CARTESIAN_POINT('Ctrl Pts',(0.,-3.86170396188042,0.36274982640076));
#9431=CARTESIAN_POINT('Ctrl Pts',(-3.86170396188042,-3.86170396188042,0.36274982640076));
#9432=CARTESIAN_POINT('Ctrl Pts',(-3.86170396188042,0.,0.36274982640076));
#9433=CARTESIAN_POINT('Ctrl Pts',(-3.78359939559246,0.,0.437504491128392));
#9434=CARTESIAN_POINT('Ctrl Pts',(-3.78359939559246,3.78359939559246,0.437504491128392));
#9435=CARTESIAN_POINT('Ctrl Pts',(0.,3.78359939559246,0.437504491128392));
#9436=CARTESIAN_POINT('Ctrl Pts',(3.78359939559246,3.78359939559246,0.437504491128392));
#9437=CARTESIAN_POINT('Ctrl Pts',(3.78359939559246,0.,0.437504491128392));
#9438=CARTESIAN_POINT('Ctrl Pts',(3.78359939559246,-3.78359939559246,0.437504491128392));
#9439=CARTESIAN_POINT('Ctrl Pts',(0.,-3.78359939559246,0.437504491128392));
#9440=CARTESIAN_POINT('Ctrl Pts',(-3.78359939559246,-3.78359939559246,0.437504491128392));
#9441=CARTESIAN_POINT('Ctrl Pts',(-3.78359939559246,0.,0.437504491128392));
#9442=CARTESIAN_POINT('Ctrl Pts',(-3.6939027715522,0.,0.507399076581121));
#9443=CARTESIAN_POINT('Ctrl Pts',(-3.6939027715522,3.6939027715522,0.507399076581121));
#9444=CARTESIAN_POINT('Ctrl Pts',(0.,3.6939027715522,0.507399076581121));
#9445=CARTESIAN_POINT('Ctrl Pts',(3.6939027715522,3.6939027715522,0.507399076581121));
#9446=CARTESIAN_POINT('Ctrl Pts',(3.6939027715522,0.,0.507399076581121));
#9447=CARTESIAN_POINT('Ctrl Pts',(3.6939027715522,-3.6939027715522,0.507399076581121));
#9448=CARTESIAN_POINT('Ctrl Pts',(0.,-3.6939027715522,0.507399076581121));
#9449=CARTESIAN_POINT('Ctrl Pts',(-3.6939027715522,-3.6939027715522,0.507399076581121));
#9450=CARTESIAN_POINT('Ctrl Pts',(-3.6939027715522,0.,0.507399076581121));
#9451=CARTESIAN_POINT('Ctrl Pts',(-3.59330094716327,0.,0.572320885122737));
#9452=CARTESIAN_POINT('Ctrl Pts',(-3.59330094716327,3.59330094716327,0.572320885122737));
#9453=CARTESIAN_POINT('Ctrl Pts',(0.,3.59330094716327,0.572320885122737));
#9454=CARTESIAN_POINT('Ctrl Pts',(3.59330094716327,3.59330094716327,0.572320885122737));
#9455=CARTESIAN_POINT('Ctrl Pts',(3.59330094716327,0.,0.572320885122737));
#9456=CARTESIAN_POINT('Ctrl Pts',(3.59330094716327,-3.59330094716327,0.572320885122737));
#9457=CARTESIAN_POINT('Ctrl Pts',(0.,-3.59330094716327,0.572320885122737));
#9458=CARTESIAN_POINT('Ctrl Pts',(-3.59330094716327,-3.59330094716327,0.572320885122737));
#9459=CARTESIAN_POINT('Ctrl Pts',(-3.59330094716327,0.,0.572320885122737));
#9460=CARTESIAN_POINT('Ctrl Pts',(-3.48303918843098,0.,0.632117855989838));
#9461=CARTESIAN_POINT('Ctrl Pts',(-3.48303918843098,3.48303918843098,0.632117855989838));
#9462=CARTESIAN_POINT('Ctrl Pts',(0.,3.48303918843098,0.632117855989838));
#9463=CARTESIAN_POINT('Ctrl Pts',(3.48303918843098,3.48303918843098,0.632117855989838));
#9464=CARTESIAN_POINT('Ctrl Pts',(3.48303918843098,0.,0.632117855989838));
#9465=CARTESIAN_POINT('Ctrl Pts',(3.48303918843098,-3.48303918843098,0.632117855989838));
#9466=CARTESIAN_POINT('Ctrl Pts',(0.,-3.48303918843098,0.632117855989838));
#9467=CARTESIAN_POINT('Ctrl Pts',(-3.48303918843098,-3.48303918843098,0.632117855989838));
#9468=CARTESIAN_POINT('Ctrl Pts',(-3.48303918843098,0.,0.632117855989838));
#9469=CARTESIAN_POINT('Ctrl Pts',(-3.36507311624345,0.,0.686598024871286));
#9470=CARTESIAN_POINT('Ctrl Pts',(-3.36507311624345,3.36507311624345,0.686598024871286));
#9471=CARTESIAN_POINT('Ctrl Pts',(0.,3.36507311624345,0.686598024871286));
#9472=CARTESIAN_POINT('Ctrl Pts',(3.36507311624345,3.36507311624345,0.686598024871286));
#9473=CARTESIAN_POINT('Ctrl Pts',(3.36507311624345,0.,0.686598024871286));
#9474=CARTESIAN_POINT('Ctrl Pts',(3.36507311624345,-3.36507311624345,0.686598024871286));
#9475=CARTESIAN_POINT('Ctrl Pts',(0.,-3.36507311624345,0.686598024871286));
#9476=CARTESIAN_POINT('Ctrl Pts',(-3.36507311624345,-3.36507311624345,0.686598024871286));
#9477=CARTESIAN_POINT('Ctrl Pts',(-3.36507311624345,0.,0.686598024871286));
#9478=CARTESIAN_POINT('Ctrl Pts',(-3.24176679539429,0.,0.735583633979207));
#9479=CARTESIAN_POINT('Ctrl Pts',(-3.24176679539429,3.24176679539429,0.735583633979207));
#9480=CARTESIAN_POINT('Ctrl Pts',(0.,3.24176679539429,0.735583633979207));
#9481=CARTESIAN_POINT('Ctrl Pts',(3.24176679539429,3.24176679539429,0.735583633979207));
#9482=CARTESIAN_POINT('Ctrl Pts',(3.24176679539429,0.,0.735583633979207));
#9483=CARTESIAN_POINT('Ctrl Pts',(3.24176679539429,-3.24176679539429,0.735583633979207));
#9484=CARTESIAN_POINT('Ctrl Pts',(0.,-3.24176679539429,0.735583633979207));
#9485=CARTESIAN_POINT('Ctrl Pts',(-3.24176679539429,-3.24176679539429,0.735583633979207));
#9486=CARTESIAN_POINT('Ctrl Pts',(-3.24176679539429,0.,0.735583633979207));
#9487=CARTESIAN_POINT('Ctrl Pts',(-3.11561341007078,0.,0.778963054042766));
#9488=CARTESIAN_POINT('Ctrl Pts',(-3.11561341007078,3.11561341007078,0.778963054042766));
#9489=CARTESIAN_POINT('Ctrl Pts',(0.,3.11561341007078,0.778963054042766));
#9490=CARTESIAN_POINT('Ctrl Pts',(3.11561341007078,3.11561341007078,0.778963054042766));
#9491=CARTESIAN_POINT('Ctrl Pts',(3.11561341007078,0.,0.778963054042766));
#9492=CARTESIAN_POINT('Ctrl Pts',(3.11561341007078,-3.11561341007078,0.778963054042766));
#9493=CARTESIAN_POINT('Ctrl Pts',(0.,-3.11561341007078,0.778963054042766));
#9494=CARTESIAN_POINT('Ctrl Pts',(-3.11561341007078,-3.11561341007078,0.778963054042766));
#9495=CARTESIAN_POINT('Ctrl Pts',(-3.11561341007078,0.,0.778963054042766));
#9496=CARTESIAN_POINT('Ctrl Pts',(-2.98894439021954,0.,0.816747394438226));
#9497=CARTESIAN_POINT('Ctrl Pts',(-2.98894439021954,2.98894439021954,0.816747394438226));
#9498=CARTESIAN_POINT('Ctrl Pts',(0.,2.98894439021954,0.816747394438226));
#9499=CARTESIAN_POINT('Ctrl Pts',(2.98894439021954,2.98894439021954,0.816747394438226));
#9500=CARTESIAN_POINT('Ctrl Pts',(2.98894439021954,0.,0.816747394438226));
#9501=CARTESIAN_POINT('Ctrl Pts',(2.98894439021954,-2.98894439021954,0.816747394438226));
#9502=CARTESIAN_POINT('Ctrl Pts',(0.,-2.98894439021954,0.816747394438226));
#9503=CARTESIAN_POINT('Ctrl Pts',(-2.98894439021954,-2.98894439021954,0.816747394438226));
#9504=CARTESIAN_POINT('Ctrl Pts',(-2.98894439021954,0.,0.816747394438226));
#9505=CARTESIAN_POINT('Ctrl Pts',(-2.86365697639064,0.,0.849121885526682));
#9506=CARTESIAN_POINT('Ctrl Pts',(-2.86365697639064,2.86365697639064,0.849121885526682));
#9507=CARTESIAN_POINT('Ctrl Pts',(0.,2.86365697639064,0.849121885526682));
#9508=CARTESIAN_POINT('Ctrl Pts',(2.86365697639064,2.86365697639064,0.849121885526682));
#9509=CARTESIAN_POINT('Ctrl Pts',(2.86365697639064,0.,0.849121885526682));
#9510=CARTESIAN_POINT('Ctrl Pts',(2.86365697639064,-2.86365697639064,0.849121885526682));
#9511=CARTESIAN_POINT('Ctrl Pts',(0.,-2.86365697639064,0.849121885526682));
#9512=CARTESIAN_POINT('Ctrl Pts',(-2.86365697639064,-2.86365697639064,0.849121885526682));
#9513=CARTESIAN_POINT('Ctrl Pts',(-2.86365697639064,0.,0.849121885526682));
#9514=CARTESIAN_POINT('Ctrl Pts',(-2.74089959656543,0.,0.87651457689796));
#9515=CARTESIAN_POINT('Ctrl Pts',(-2.74089959656543,2.74089959656543,0.87651457689796));
#9516=CARTESIAN_POINT('Ctrl Pts',(0.,2.74089959656543,0.87651457689796));
#9517=CARTESIAN_POINT('Ctrl Pts',(2.74089959656543,2.74089959656543,0.87651457689796));
#9518=CARTESIAN_POINT('Ctrl Pts',(2.74089959656543,0.,0.87651457689796));
#9519=CARTESIAN_POINT('Ctrl Pts',(2.74089959656543,-2.74089959656543,0.87651457689796));
#9520=CARTESIAN_POINT('Ctrl Pts',(0.,-2.74089959656543,0.87651457689796));
#9521=CARTESIAN_POINT('Ctrl Pts',(-2.74089959656543,-2.74089959656543,0.87651457689796));
#9522=CARTESIAN_POINT('Ctrl Pts',(-2.74089959656543,0.,0.87651457689796));
#9523=CARTESIAN_POINT('Ctrl Pts',(-2.62086623617004,0.,0.899622260286305));
#9524=CARTESIAN_POINT('Ctrl Pts',(-2.62086623617004,2.62086623617004,0.899622260286305));
#9525=CARTESIAN_POINT('Ctrl Pts',(0.,2.62086623617004,0.899622260286305));
#9526=CARTESIAN_POINT('Ctrl Pts',(2.62086623617004,2.62086623617004,0.899622260286305));
#9527=CARTESIAN_POINT('Ctrl Pts',(2.62086623617004,0.,0.899622260286305));
#9528=CARTESIAN_POINT('Ctrl Pts',(2.62086623617004,-2.62086623617004,0.899622260286305));
#9529=CARTESIAN_POINT('Ctrl Pts',(0.,-2.62086623617004,0.899622260286305));
#9530=CARTESIAN_POINT('Ctrl Pts',(-2.62086623617004,-2.62086623617004,0.899622260286305));
#9531=CARTESIAN_POINT('Ctrl Pts',(-2.62086623617004,0.,0.899622260286305));
#9532=CARTESIAN_POINT('Ctrl Pts',(-2.50312520718878,0.,0.919218797964062));
#9533=CARTESIAN_POINT('Ctrl Pts',(-2.50312520718878,2.50312520718878,0.919218797964062));
#9534=CARTESIAN_POINT('Ctrl Pts',(0.,2.50312520718878,0.919218797964062));
#9535=CARTESIAN_POINT('Ctrl Pts',(2.50312520718878,2.50312520718878,0.919218797964062));
#9536=CARTESIAN_POINT('Ctrl Pts',(2.50312520718878,0.,0.919218797964062));
#9537=CARTESIAN_POINT('Ctrl Pts',(2.50312520718878,-2.50312520718878,0.919218797964062));
#9538=CARTESIAN_POINT('Ctrl Pts',(0.,-2.50312520718878,0.919218797964062));
#9539=CARTESIAN_POINT('Ctrl Pts',(-2.50312520718878,-2.50312520718878,0.919218797964062));
#9540=CARTESIAN_POINT('Ctrl Pts',(-2.50312520718878,0.,0.919218797964062));
#9541=CARTESIAN_POINT('Ctrl Pts',(-2.38686785087108,0.,0.935999115962188));
#9542=CARTESIAN_POINT('Ctrl Pts',(-2.38686785087108,2.38686785087108,0.935999115962188));
#9543=CARTESIAN_POINT('Ctrl Pts',(0.,2.38686785087108,0.935999115962188));
#9544=CARTESIAN_POINT('Ctrl Pts',(2.38686785087108,2.38686785087108,0.935999115962188));
#9545=CARTESIAN_POINT('Ctrl Pts',(2.38686785087108,0.,0.935999115962188));
#9546=CARTESIAN_POINT('Ctrl Pts',(2.38686785087108,-2.38686785087108,0.935999115962188));
#9547=CARTESIAN_POINT('Ctrl Pts',(0.,-2.38686785087108,0.935999115962188));
#9548=CARTESIAN_POINT('Ctrl Pts',(-2.38686785087108,-2.38686785087108,0.935999115962188));
#9549=CARTESIAN_POINT('Ctrl Pts',(-2.38686785087108,0.,0.935999115962188));
#9550=CARTESIAN_POINT('Ctrl Pts',(-2.27119224820535,0.,0.950399478668064));
#9551=CARTESIAN_POINT('Ctrl Pts',(-2.27119224820535,2.27119224820535,0.950399478668064));
#9552=CARTESIAN_POINT('Ctrl Pts',(0.,2.27119224820535,0.950399478668064));
#9553=CARTESIAN_POINT('Ctrl Pts',(2.27119224820535,2.27119224820535,0.950399478668064));
#9554=CARTESIAN_POINT('Ctrl Pts',(2.27119224820535,0.,0.950399478668064));
#9555=CARTESIAN_POINT('Ctrl Pts',(2.27119224820535,-2.27119224820535,0.950399478668064));
#9556=CARTESIAN_POINT('Ctrl Pts',(0.,-2.27119224820535,0.950399478668064));
#9557=CARTESIAN_POINT('Ctrl Pts',(-2.27119224820535,-2.27119224820535,0.950399478668064));
#9558=CARTESIAN_POINT('Ctrl Pts',(-2.27119224820535,0.,0.950399478668064));
#9559=CARTESIAN_POINT('Ctrl Pts',(-2.15535242577468,0.,0.962450853781893));
#9560=CARTESIAN_POINT('Ctrl Pts',(-2.15535242577468,2.15535242577468,0.962450853781893));
#9561=CARTESIAN_POINT('Ctrl Pts',(0.,2.15535242577468,0.962450853781893));
#9562=CARTESIAN_POINT('Ctrl Pts',(2.15535242577468,2.15535242577468,0.962450853781893));
#9563=CARTESIAN_POINT('Ctrl Pts',(2.15535242577468,0.,0.962450853781893));
#9564=CARTESIAN_POINT('Ctrl Pts',(2.15535242577468,-2.15535242577468,0.962450853781893));
#9565=CARTESIAN_POINT('Ctrl Pts',(0.,-2.15535242577468,0.962450853781893));
#9566=CARTESIAN_POINT('Ctrl Pts',(-2.15535242577468,-2.15535242577468,0.962450853781893));
#9567=CARTESIAN_POINT('Ctrl Pts',(-2.15535242577468,0.,0.962450853781893));
#9568=CARTESIAN_POINT('Ctrl Pts',(-2.03906840460602,0.,0.971554888046006));
#9569=CARTESIAN_POINT('Ctrl Pts',(-2.03906840460602,2.03906840460602,0.971554888046006));
#9570=CARTESIAN_POINT('Ctrl Pts',(0.,2.03906840460602,0.971554888046006));
#9571=CARTESIAN_POINT('Ctrl Pts',(2.03906840460602,2.03906840460602,0.971554888046006));
#9572=CARTESIAN_POINT('Ctrl Pts',(2.03906840460602,0.,0.971554888046006));
#9573=CARTESIAN_POINT('Ctrl Pts',(2.03906840460602,-2.03906840460602,0.971554888046006));
#9574=CARTESIAN_POINT('Ctrl Pts',(0.,-2.03906840460602,0.971554888046006));
#9575=CARTESIAN_POINT('Ctrl Pts',(-2.03906840460602,-2.03906840460602,0.971554888046006));
#9576=CARTESIAN_POINT('Ctrl Pts',(-2.03906840460602,0.,0.971554888046006));
#9577=CARTESIAN_POINT('Ctrl Pts',(-1.92255062295824,0.,0.976636107980014));
#9578=CARTESIAN_POINT('Ctrl Pts',(-1.92255062295824,1.92255062295824,0.976636107980014));
#9579=CARTESIAN_POINT('Ctrl Pts',(0.,1.92255062295824,0.976636107980014));
#9580=CARTESIAN_POINT('Ctrl Pts',(1.92255062295824,1.92255062295824,0.976636107980014));
#9581=CARTESIAN_POINT('Ctrl Pts',(1.92255062295824,0.,0.976636107980014));
#9582=CARTESIAN_POINT('Ctrl Pts',(1.92255062295824,-1.92255062295824,0.976636107980014));
#9583=CARTESIAN_POINT('Ctrl Pts',(0.,-1.92255062295824,0.976636107980014));
#9584=CARTESIAN_POINT('Ctrl Pts',(-1.92255062295824,-1.92255062295824,0.976636107980014));
#9585=CARTESIAN_POINT('Ctrl Pts',(-1.92255062295824,0.,0.976636107980014));
#9586=CARTESIAN_POINT('Ctrl Pts',(-1.80641214232516,0.,0.976435966935737));
#9587=CARTESIAN_POINT('Ctrl Pts',(-1.80641214232516,1.80641214232516,0.976435966935737));
#9588=CARTESIAN_POINT('Ctrl Pts',(0.,1.80641214232516,0.976435966935737));
#9589=CARTESIAN_POINT('Ctrl Pts',(1.80641214232516,1.80641214232516,0.976435966935737));
#9590=CARTESIAN_POINT('Ctrl Pts',(1.80641214232516,0.,0.976435966935737));
#9591=CARTESIAN_POINT('Ctrl Pts',(1.80641214232516,-1.80641214232516,0.976435966935737));
#9592=CARTESIAN_POINT('Ctrl Pts',(0.,-1.80641214232516,0.976435966935737));
#9593=CARTESIAN_POINT('Ctrl Pts',(-1.80641214232516,-1.80641214232516,0.976435966935737));
#9594=CARTESIAN_POINT('Ctrl Pts',(-1.80641214232516,0.,0.976435966935737));
#9595=CARTESIAN_POINT('Ctrl Pts',(-1.69162249255293,0.,0.969772211571166));
#9596=CARTESIAN_POINT('Ctrl Pts',(-1.69162249255293,1.69162249255293,0.969772211571166));
#9597=CARTESIAN_POINT('Ctrl Pts',(0.,1.69162249255293,0.969772211571166));
#9598=CARTESIAN_POINT('Ctrl Pts',(1.69162249255293,1.69162249255293,0.969772211571166));
#9599=CARTESIAN_POINT('Ctrl Pts',(1.69162249255293,0.,0.969772211571166));
#9600=CARTESIAN_POINT('Ctrl Pts',(1.69162249255293,-1.69162249255293,0.969772211571166));
#9601=CARTESIAN_POINT('Ctrl Pts',(0.,-1.69162249255293,0.969772211571166));
#9602=CARTESIAN_POINT('Ctrl Pts',(-1.69162249255293,-1.69162249255293,0.969772211571166));
#9603=CARTESIAN_POINT('Ctrl Pts',(-1.69162249255293,0.,0.969772211571166));
#9604=CARTESIAN_POINT('Ctrl Pts',(-1.57944180527734,0.,0.955786475505323));
#9605=CARTESIAN_POINT('Ctrl Pts',(-1.57944180527734,1.57944180527734,0.955786475505323));
#9606=CARTESIAN_POINT('Ctrl Pts',(0.,1.57944180527734,0.955786475505323));
#9607=CARTESIAN_POINT('Ctrl Pts',(1.57944180527734,1.57944180527734,0.955786475505323));
#9608=CARTESIAN_POINT('Ctrl Pts',(1.57944180527734,0.,0.955786475505323));
#9609=CARTESIAN_POINT('Ctrl Pts',(1.57944180527734,-1.57944180527734,0.955786475505323));
#9610=CARTESIAN_POINT('Ctrl Pts',(0.,-1.57944180527734,0.955786475505323));
#9611=CARTESIAN_POINT('Ctrl Pts',(-1.57944180527734,-1.57944180527734,0.955786475505323));
#9612=CARTESIAN_POINT('Ctrl Pts',(-1.57944180527734,0.,0.955786475505323));
#9613=CARTESIAN_POINT('Ctrl Pts',(-1.4713780763315,0.,0.934266608550244));
#9614=CARTESIAN_POINT('Ctrl Pts',(-1.4713780763315,1.4713780763315,0.934266608550244));
#9615=CARTESIAN_POINT('Ctrl Pts',(0.,1.4713780763315,0.934266608550244));
#9616=CARTESIAN_POINT('Ctrl Pts',(1.4713780763315,1.4713780763315,0.934266608550244));
#9617=CARTESIAN_POINT('Ctrl Pts',(1.4713780763315,0.,0.934266608550244));
#9618=CARTESIAN_POINT('Ctrl Pts',(1.4713780763315,-1.4713780763315,0.934266608550244));
#9619=CARTESIAN_POINT('Ctrl Pts',(0.,-1.4713780763315,0.934266608550244));
#9620=CARTESIAN_POINT('Ctrl Pts',(-1.4713780763315,-1.4713780763315,0.934266608550244));
#9621=CARTESIAN_POINT('Ctrl Pts',(-1.4713780763315,0.,0.934266608550244));
#9622=CARTESIAN_POINT('Ctrl Pts',(-1.36909118420228,0.,0.905701408132455));
#9623=CARTESIAN_POINT('Ctrl Pts',(-1.36909118420228,1.36909118420228,0.905701408132455));
#9624=CARTESIAN_POINT('Ctrl Pts',(0.,1.36909118420228,0.905701408132455));
#9625=CARTESIAN_POINT('Ctrl Pts',(1.36909118420228,1.36909118420228,0.905701408132455));
#9626=CARTESIAN_POINT('Ctrl Pts',(1.36909118420228,0.,0.905701408132455));
#9627=CARTESIAN_POINT('Ctrl Pts',(1.36909118420228,-1.36909118420228,0.905701408132455));
#9628=CARTESIAN_POINT('Ctrl Pts',(0.,-1.36909118420228,0.905701408132455));
#9629=CARTESIAN_POINT('Ctrl Pts',(-1.36909118420228,-1.36909118420228,0.905701408132455));
#9630=CARTESIAN_POINT('Ctrl Pts',(-1.36909118420228,0.,0.905701408132455));
#9631=CARTESIAN_POINT('Ctrl Pts',(-1.27423529588645,0.,0.870973750764244));
#9632=CARTESIAN_POINT('Ctrl Pts',(-1.27423529588645,1.27423529588645,0.870973750764244));
#9633=CARTESIAN_POINT('Ctrl Pts',(0.,1.27423529588645,0.870973750764244));
#9634=CARTESIAN_POINT('Ctrl Pts',(1.27423529588645,1.27423529588645,0.870973750764244));
#9635=CARTESIAN_POINT('Ctrl Pts',(1.27423529588645,0.,0.870973750764244));
#9636=CARTESIAN_POINT('Ctrl Pts',(1.27423529588645,-1.27423529588645,0.870973750764244));
#9637=CARTESIAN_POINT('Ctrl Pts',(0.,-1.27423529588645,0.870973750764244));
#9638=CARTESIAN_POINT('Ctrl Pts',(-1.27423529588645,-1.27423529588645,0.870973750764244));
#9639=CARTESIAN_POINT('Ctrl Pts',(-1.27423529588645,0.,0.870973750764244));
#9640=CARTESIAN_POINT('Ctrl Pts',(-1.18830740722293,0.,0.831139469637301));
#9641=CARTESIAN_POINT('Ctrl Pts',(-1.18830740722293,1.18830740722293,0.831139469637301));
#9642=CARTESIAN_POINT('Ctrl Pts',(0.,1.18830740722293,0.831139469637301));
#9643=CARTESIAN_POINT('Ctrl Pts',(1.18830740722293,1.18830740722293,0.831139469637301));
#9644=CARTESIAN_POINT('Ctrl Pts',(1.18830740722293,0.,0.831139469637301));
#9645=CARTESIAN_POINT('Ctrl Pts',(1.18830740722293,-1.18830740722293,0.831139469637301));
#9646=CARTESIAN_POINT('Ctrl Pts',(0.,-1.18830740722293,0.831139469637301));
#9647=CARTESIAN_POINT('Ctrl Pts',(-1.18830740722293,-1.18830740722293,0.831139469637301));
#9648=CARTESIAN_POINT('Ctrl Pts',(-1.18830740722293,0.,0.831139469637301));
#9649=CARTESIAN_POINT('Ctrl Pts',(-1.11250843540665,0.,0.787193190918452));
#9650=CARTESIAN_POINT('Ctrl Pts',(-1.11250843540665,1.11250843540665,0.787193190918452));
#9651=CARTESIAN_POINT('Ctrl Pts',(0.,1.11250843540665,0.787193190918452));
#9652=CARTESIAN_POINT('Ctrl Pts',(1.11250843540665,1.11250843540665,0.787193190918452));
#9653=CARTESIAN_POINT('Ctrl Pts',(1.11250843540665,0.,0.787193190918452));
#9654=CARTESIAN_POINT('Ctrl Pts',(1.11250843540665,-1.11250843540665,0.787193190918452));
#9655=CARTESIAN_POINT('Ctrl Pts',(0.,-1.11250843540665,0.787193190918452));
#9656=CARTESIAN_POINT('Ctrl Pts',(-1.11250843540665,-1.11250843540665,0.787193190918452));
#9657=CARTESIAN_POINT('Ctrl Pts',(-1.11250843540665,0.,0.787193190918452));
#9658=CARTESIAN_POINT('Ctrl Pts',(-1.04755120380037,0.,0.739794248737515));
#9659=CARTESIAN_POINT('Ctrl Pts',(-1.04755120380037,1.04755120380037,0.739794248737515));
#9660=CARTESIAN_POINT('Ctrl Pts',(0.,1.04755120380037,0.739794248737515));
#9661=CARTESIAN_POINT('Ctrl Pts',(1.04755120380037,1.04755120380037,0.739794248737515));
#9662=CARTESIAN_POINT('Ctrl Pts',(1.04755120380037,0.,0.739794248737515));
#9663=CARTESIAN_POINT('Ctrl Pts',(1.04755120380037,-1.04755120380037,0.739794248737515));
#9664=CARTESIAN_POINT('Ctrl Pts',(0.,-1.04755120380037,0.739794248737515));
#9665=CARTESIAN_POINT('Ctrl Pts',(-1.04755120380037,-1.04755120380037,0.739794248737515));
#9666=CARTESIAN_POINT('Ctrl Pts',(-1.04755120380037,0.,0.739794248737515));
#9667=CARTESIAN_POINT('Ctrl Pts',(-1.00449576816689,0.,0.699375628833483));
#9668=CARTESIAN_POINT('Ctrl Pts',(-1.00449576816689,1.00449576816689,0.699375628833483));
#9669=CARTESIAN_POINT('Ctrl Pts',(0.,1.00449576816689,0.699375628833483));
#9670=CARTESIAN_POINT('Ctrl Pts',(1.00449576816689,1.00449576816689,0.699375628833483));
#9671=CARTESIAN_POINT('Ctrl Pts',(1.00449576816689,0.,0.699375628833483));
#9672=CARTESIAN_POINT('Ctrl Pts',(1.00449576816689,-1.00449576816689,0.699375628833483));
#9673=CARTESIAN_POINT('Ctrl Pts',(0.,-1.00449576816689,0.699375628833483));
#9674=CARTESIAN_POINT('Ctrl Pts',(-1.00449576816689,-1.00449576816689,0.699375628833483));
#9675=CARTESIAN_POINT('Ctrl Pts',(-1.00449576816689,0.,0.699375628833483));
#9676=CARTESIAN_POINT('Ctrl Pts',(-0.977244086793561,0.,0.667711963676549));
#9677=CARTESIAN_POINT('Ctrl Pts',(-0.97724408679356,0.97724408679356,0.667711963676549));
#9678=CARTESIAN_POINT('Ctrl Pts',(0.,0.977244086793561,0.667711963676549));
#9679=CARTESIAN_POINT('Ctrl Pts',(0.97724408679356,0.97724408679356,0.667711963676549));
#9680=CARTESIAN_POINT('Ctrl Pts',(0.977244086793561,0.,0.667711963676549));
#9681=CARTESIAN_POINT('Ctrl Pts',(0.97724408679356,-0.97724408679356,0.667711963676549));
#9682=CARTESIAN_POINT('Ctrl Pts',(0.,-0.977244086793561,0.667711963676549));
#9683=CARTESIAN_POINT('Ctrl Pts',(-0.97724408679356,-0.97724408679356,0.667711963676549));
#9684=CARTESIAN_POINT('Ctrl Pts',(-0.977244086793561,0.,0.667711963676549));
#9685=CARTESIAN_POINT('Ctrl Pts',(-0.961311967883148,0.,0.646003817502658));
#9686=CARTESIAN_POINT('Ctrl Pts',(-0.961311967883148,0.961311967883148,
0.646003817502658));
#9687=CARTESIAN_POINT('Ctrl Pts',(0.,0.961311967883148,0.646003817502658));
#9688=CARTESIAN_POINT('Ctrl Pts',(0.961311967883148,0.961311967883148,0.646003817502658));
#9689=CARTESIAN_POINT('Ctrl Pts',(0.961311967883148,0.,0.646003817502658));
#9690=CARTESIAN_POINT('Ctrl Pts',(0.961311967883148,-0.961311967883148,
0.646003817502658));
#9691=CARTESIAN_POINT('Ctrl Pts',(0.,-0.961311967883148,0.646003817502658));
#9692=CARTESIAN_POINT('Ctrl Pts',(-0.961311967883148,-0.961311967883148,
0.646003817502658));
#9693=CARTESIAN_POINT('Ctrl Pts',(-0.961311967883148,0.,0.646003817502658));
#9694=CARTESIAN_POINT('Ctrl Pts',(-0.953904839200302,0.,0.635));
#9695=CARTESIAN_POINT('Ctrl Pts',(-0.953904839200302,0.953904839200302,
0.635));
#9696=CARTESIAN_POINT('Ctrl Pts',(0.,0.953904839200302,0.635));
#9697=CARTESIAN_POINT('Ctrl Pts',(0.953904839200302,0.953904839200302,0.635));
#9698=CARTESIAN_POINT('Ctrl Pts',(0.953904839200302,0.,0.635));
#9699=CARTESIAN_POINT('Ctrl Pts',(0.953904839200302,-0.953904839200302,
0.635));
#9700=CARTESIAN_POINT('Ctrl Pts',(0.,-0.953904839200302,0.635));
#9701=CARTESIAN_POINT('Ctrl Pts',(-0.953904839200302,-0.953904839200302,
0.635));
#9702=CARTESIAN_POINT('Ctrl Pts',(-0.953904839200302,0.,0.635));
#9703=CARTESIAN_POINT('Origin',(0.,0.,0.635));
#9704=CARTESIAN_POINT('Origin',(0.,0.,0.635));
#9705=CARTESIAN_POINT('Origin',(0.,0.,0.888999994014203));
#9706=CARTESIAN_POINT('',(0.,-0.58419999293983,0.990599988028407));
#9707=CARTESIAN_POINT('',(-7.15438651415669E-17,0.58419999293983,0.990599988028407));
#9708=CARTESIAN_POINT('Origin',(0.,0.,0.990599988028407));
#9709=CARTESIAN_POINT('Origin',(0.,0.,0.990599988028407));
#9710=CARTESIAN_POINT('',(-7.77650717458569E-17,0.635,0.7874));
#9711=CARTESIAN_POINT('',(-7.46544684437119E-17,0.609599996469915,0.888999994014203));
#9712=CARTESIAN_POINT('',(0.635,7.77650717458569E-17,0.7874));
#9713=CARTESIAN_POINT('Origin',(0.,0.,0.7874));
#9714=CARTESIAN_POINT('Origin',(0.,0.,0.7874));
#9715=CARTESIAN_POINT('Ctrl Pts',(0.,0.,0.851684659181544));
#9716=CARTESIAN_POINT('Ctrl Pts',(0.,0.,0.851684659181544));
#9717=CARTESIAN_POINT('Ctrl Pts',(0.,0.,0.851684659181544));
#9718=CARTESIAN_POINT('Ctrl Pts',(0.,0.,0.851684659181544));
#9719=CARTESIAN_POINT('Ctrl Pts',(0.,0.,0.851684659181544));
#9720=CARTESIAN_POINT('Ctrl Pts',(0.,0.,0.851684659181544));
#9721=CARTESIAN_POINT('Ctrl Pts',(0.,0.,0.851684659181544));
#9722=CARTESIAN_POINT('Ctrl Pts',(0.,0.,0.851684659181544));
#9723=CARTESIAN_POINT('Ctrl Pts',(0.,0.,0.851684659181544));
#9724=CARTESIAN_POINT('Ctrl Pts',(0.,-0.00533732487019167,0.850761824900978));
#9725=CARTESIAN_POINT('Ctrl Pts',(0.00533732487019167,-0.00533732487019167,
0.850761824900978));
#9726=CARTESIAN_POINT('Ctrl Pts',(0.00533732487019167,0.,0.850761824900978));
#9727=CARTESIAN_POINT('Ctrl Pts',(0.00533732487019167,0.00533732487019167,
0.850761824900978));
#9728=CARTESIAN_POINT('Ctrl Pts',(0.,0.00533732487019167,0.850761824900978));
#9729=CARTESIAN_POINT('Ctrl Pts',(-0.00533732487019167,0.00533732487019167,
0.850761824900978));
#9730=CARTESIAN_POINT('Ctrl Pts',(-0.00533732487019167,0.,0.850761824900978));
#9731=CARTESIAN_POINT('Ctrl Pts',(-0.00533732487019167,-0.00533732487019167,
0.850761824900978));
#9732=CARTESIAN_POINT('Ctrl Pts',(0.,-0.00533732487019167,0.850761824900978));
#9733=CARTESIAN_POINT('Ctrl Pts',(0.,-0.0159350189954804,0.849092826297073));
#9734=CARTESIAN_POINT('Ctrl Pts',(0.0159350189954804,-0.0159350189954804,
0.849092826297073));
#9735=CARTESIAN_POINT('Ctrl Pts',(0.0159350189954804,0.,0.849092826297073));
#9736=CARTESIAN_POINT('Ctrl Pts',(0.0159350189954804,0.0159350189954804,
0.849092826297073));
#9737=CARTESIAN_POINT('Ctrl Pts',(0.,0.0159350189954804,0.849092826297073));
#9738=CARTESIAN_POINT('Ctrl Pts',(-0.0159350189954804,0.0159350189954804,
0.849092826297073));
#9739=CARTESIAN_POINT('Ctrl Pts',(-0.0159350189954804,0.,0.849092826297073));
#9740=CARTESIAN_POINT('Ctrl Pts',(-0.0159350189954804,-0.0159350189954804,
0.849092826297073));
#9741=CARTESIAN_POINT('Ctrl Pts',(0.,-0.0159350189954804,0.849092826297073));
#9742=CARTESIAN_POINT('Ctrl Pts',(0.,-0.0316006592523294,0.847119351035496));
#9743=CARTESIAN_POINT('Ctrl Pts',(0.0316006592523294,-0.0316006592523294,
0.847119351035496));
#9744=CARTESIAN_POINT('Ctrl Pts',(0.0316006592523294,0.,0.847119351035496));
#9745=CARTESIAN_POINT('Ctrl Pts',(0.0316006592523294,0.0316006592523294,
0.847119351035496));
#9746=CARTESIAN_POINT('Ctrl Pts',(0.,0.0316006592523294,0.847119351035496));
#9747=CARTESIAN_POINT('Ctrl Pts',(-0.0316006592523294,0.0316006592523294,
0.847119351035496));
#9748=CARTESIAN_POINT('Ctrl Pts',(-0.0316006592523294,0.,0.847119351035496));
#9749=CARTESIAN_POINT('Ctrl Pts',(-0.0316006592523294,-0.0316006592523294,
0.847119351035496));
#9750=CARTESIAN_POINT('Ctrl Pts',(0.,-0.0316006592523294,0.847119351035496));
#9751=CARTESIAN_POINT('Ctrl Pts',(0.,-0.0520247871580566,0.845552310823367));
#9752=CARTESIAN_POINT('Ctrl Pts',(0.0520247871580566,-0.0520247871580566,
0.845552310823367));
#9753=CARTESIAN_POINT('Ctrl Pts',(0.0520247871580566,0.,0.845552310823367));
#9754=CARTESIAN_POINT('Ctrl Pts',(0.0520247871580566,0.0520247871580566,
0.845552310823367));
#9755=CARTESIAN_POINT('Ctrl Pts',(0.,0.0520247871580566,0.845552310823367));
#9756=CARTESIAN_POINT('Ctrl Pts',(-0.0520247871580566,0.0520247871580566,
0.845552310823367));
#9757=CARTESIAN_POINT('Ctrl Pts',(-0.0520247871580566,0.,0.845552310823367));
#9758=CARTESIAN_POINT('Ctrl Pts',(-0.0520247871580566,-0.0520247871580566,
0.845552310823367));
#9759=CARTESIAN_POINT('Ctrl Pts',(0.,-0.0520247871580566,0.845552310823367));
#9760=CARTESIAN_POINT('Ctrl Pts',(0.,-0.0768223592092892,0.845380001565214));
#9761=CARTESIAN_POINT('Ctrl Pts',(0.0768223592092892,-0.0768223592092892,
0.845380001565214));
#9762=CARTESIAN_POINT('Ctrl Pts',(0.0768223592092892,0.,0.845380001565214));
#9763=CARTESIAN_POINT('Ctrl Pts',(0.0768223592092892,0.0768223592092892,
0.845380001565214));
#9764=CARTESIAN_POINT('Ctrl Pts',(0.,0.0768223592092892,0.845380001565214));
#9765=CARTESIAN_POINT('Ctrl Pts',(-0.0768223592092892,0.0768223592092892,
0.845380001565214));
#9766=CARTESIAN_POINT('Ctrl Pts',(-0.0768223592092892,0.,0.845380001565214));
#9767=CARTESIAN_POINT('Ctrl Pts',(-0.0768223592092892,-0.0768223592092892,
0.845380001565214));
#9768=CARTESIAN_POINT('Ctrl Pts',(0.,-0.0768223592092892,0.845380001565214));
#9769=CARTESIAN_POINT('Ctrl Pts',(0.,-0.101032138027971,0.846985445800354));
#9770=CARTESIAN_POINT('Ctrl Pts',(0.101032138027971,-0.101032138027971,
0.846985445800354));
#9771=CARTESIAN_POINT('Ctrl Pts',(0.101032138027971,0.,0.846985445800354));
#9772=CARTESIAN_POINT('Ctrl Pts',(0.101032138027971,0.101032138027971,0.846985445800354));
#9773=CARTESIAN_POINT('Ctrl Pts',(0.,0.101032138027971,0.846985445800354));
#9774=CARTESIAN_POINT('Ctrl Pts',(-0.101032138027971,0.101032138027971,
0.846985445800354));
#9775=CARTESIAN_POINT('Ctrl Pts',(-0.101032138027971,0.,0.846985445800354));
#9776=CARTESIAN_POINT('Ctrl Pts',(-0.101032138027971,-0.101032138027971,
0.846985445800354));
#9777=CARTESIAN_POINT('Ctrl Pts',(0.,-0.101032138027971,0.846985445800354));
#9778=CARTESIAN_POINT('Ctrl Pts',(0.,-0.124950981803077,0.850319600453339));
#9779=CARTESIAN_POINT('Ctrl Pts',(0.124950981803077,-0.124950981803077,
0.850319600453339));
#9780=CARTESIAN_POINT('Ctrl Pts',(0.124950981803077,0.,0.850319600453339));
#9781=CARTESIAN_POINT('Ctrl Pts',(0.124950981803077,0.124950981803077,0.850319600453339));
#9782=CARTESIAN_POINT('Ctrl Pts',(0.,0.124950981803077,0.850319600453339));
#9783=CARTESIAN_POINT('Ctrl Pts',(-0.124950981803077,0.124950981803077,
0.850319600453339));
#9784=CARTESIAN_POINT('Ctrl Pts',(-0.124950981803077,0.,0.850319600453339));
#9785=CARTESIAN_POINT('Ctrl Pts',(-0.124950981803077,-0.124950981803077,
0.850319600453339));
#9786=CARTESIAN_POINT('Ctrl Pts',(0.,-0.124950981803077,0.850319600453339));
#9787=CARTESIAN_POINT('Ctrl Pts',(0.,-0.149114627369868,0.855257427824279));
#9788=CARTESIAN_POINT('Ctrl Pts',(0.149114627369868,-0.149114627369868,
0.855257427824279));
#9789=CARTESIAN_POINT('Ctrl Pts',(0.149114627369868,0.,0.855257427824279));
#9790=CARTESIAN_POINT('Ctrl Pts',(0.149114627369868,0.149114627369868,0.855257427824279));
#9791=CARTESIAN_POINT('Ctrl Pts',(0.,0.149114627369868,0.855257427824279));
#9792=CARTESIAN_POINT('Ctrl Pts',(-0.149114627369868,0.149114627369868,
0.855257427824279));
#9793=CARTESIAN_POINT('Ctrl Pts',(-0.149114627369868,0.,0.855257427824279));
#9794=CARTESIAN_POINT('Ctrl Pts',(-0.149114627369868,-0.149114627369868,
0.855257427824279));
#9795=CARTESIAN_POINT('Ctrl Pts',(0.,-0.149114627369868,0.855257427824279));
#9796=CARTESIAN_POINT('Ctrl Pts',(0.,-0.174257656505435,0.861611302277289));
#9797=CARTESIAN_POINT('Ctrl Pts',(0.174257656505435,-0.174257656505435,
0.861611302277289));
#9798=CARTESIAN_POINT('Ctrl Pts',(0.174257656505435,0.,0.861611302277289));
#9799=CARTESIAN_POINT('Ctrl Pts',(0.174257656505435,0.174257656505435,0.861611302277289));
#9800=CARTESIAN_POINT('Ctrl Pts',(0.,0.174257656505435,0.861611302277289));
#9801=CARTESIAN_POINT('Ctrl Pts',(-0.174257656505435,0.174257656505435,
0.861611302277289));
#9802=CARTESIAN_POINT('Ctrl Pts',(-0.174257656505435,0.,0.861611302277289));
#9803=CARTESIAN_POINT('Ctrl Pts',(-0.174257656505435,-0.174257656505435,
0.861611302277289));
#9804=CARTESIAN_POINT('Ctrl Pts',(0.,-0.174257656505435,0.861611302277289));
#9805=CARTESIAN_POINT('Ctrl Pts',(0.,-0.201126381697578,0.869197997691852));
#9806=CARTESIAN_POINT('Ctrl Pts',(0.201126381697578,-0.201126381697578,
0.869197997691852));
#9807=CARTESIAN_POINT('Ctrl Pts',(0.201126381697578,0.,0.869197997691852));
#9808=CARTESIAN_POINT('Ctrl Pts',(0.201126381697578,0.201126381697578,0.869197997691852));
#9809=CARTESIAN_POINT('Ctrl Pts',(0.,0.201126381697578,0.869197997691852));
#9810=CARTESIAN_POINT('Ctrl Pts',(-0.201126381697578,0.201126381697578,
0.869197997691852));
#9811=CARTESIAN_POINT('Ctrl Pts',(-0.201126381697578,0.,0.869197997691852));
#9812=CARTESIAN_POINT('Ctrl Pts',(-0.201126381697578,-0.201126381697578,
0.869197997691852));
#9813=CARTESIAN_POINT('Ctrl Pts',(0.,-0.201126381697578,0.869197997691852));
#9814=CARTESIAN_POINT('Ctrl Pts',(0.,-0.230320851886216,0.877898395727545));
#9815=CARTESIAN_POINT('Ctrl Pts',(0.230320851886216,-0.230320851886216,
0.877898395727545));
#9816=CARTESIAN_POINT('Ctrl Pts',(0.230320851886216,0.,0.877898395727545));
#9817=CARTESIAN_POINT('Ctrl Pts',(0.230320851886216,0.230320851886216,0.877898395727545));
#9818=CARTESIAN_POINT('Ctrl Pts',(0.,0.230320851886216,0.877898395727545));
#9819=CARTESIAN_POINT('Ctrl Pts',(-0.230320851886216,0.230320851886216,
0.877898395727545));
#9820=CARTESIAN_POINT('Ctrl Pts',(-0.230320851886216,0.,0.877898395727545));
#9821=CARTESIAN_POINT('Ctrl Pts',(-0.230320851886216,-0.230320851886216,
0.877898395727545));
#9822=CARTESIAN_POINT('Ctrl Pts',(0.,-0.230320851886216,0.877898395727545));
#9823=CARTESIAN_POINT('Ctrl Pts',(0.,-0.262140424338553,0.887702022549415));
#9824=CARTESIAN_POINT('Ctrl Pts',(0.262140424338553,-0.262140424338553,
0.887702022549415));
#9825=CARTESIAN_POINT('Ctrl Pts',(0.262140424338553,0.,0.887702022549415));
#9826=CARTESIAN_POINT('Ctrl Pts',(0.262140424338553,0.262140424338553,0.887702022549415));
#9827=CARTESIAN_POINT('Ctrl Pts',(0.,0.262140424338553,0.887702022549415));
#9828=CARTESIAN_POINT('Ctrl Pts',(-0.262140424338553,0.262140424338553,
0.887702022549415));
#9829=CARTESIAN_POINT('Ctrl Pts',(-0.262140424338553,0.,0.887702022549415));
#9830=CARTESIAN_POINT('Ctrl Pts',(-0.262140424338553,-0.262140424338553,
0.887702022549415));
#9831=CARTESIAN_POINT('Ctrl Pts',(0.,-0.262140424338553,0.887702022549415));
#9832=CARTESIAN_POINT('Ctrl Pts',(0.,-0.296373572223059,0.898801992203309));
#9833=CARTESIAN_POINT('Ctrl Pts',(0.296373572223059,-0.296373572223059,
0.898801992203309));
#9834=CARTESIAN_POINT('Ctrl Pts',(0.296373572223059,0.,0.898801992203309));
#9835=CARTESIAN_POINT('Ctrl Pts',(0.296373572223059,0.296373572223059,0.898801992203309));
#9836=CARTESIAN_POINT('Ctrl Pts',(0.,0.296373572223059,0.898801992203309));
#9837=CARTESIAN_POINT('Ctrl Pts',(-0.296373572223059,0.296373572223059,
0.898801992203309));
#9838=CARTESIAN_POINT('Ctrl Pts',(-0.296373572223059,0.,0.898801992203309));
#9839=CARTESIAN_POINT('Ctrl Pts',(-0.296373572223059,-0.296373572223059,
0.898801992203309));
#9840=CARTESIAN_POINT('Ctrl Pts',(0.,-0.296373572223059,0.898801992203309));
#9841=CARTESIAN_POINT('Ctrl Pts',(0.,-0.3323705717646,0.911446170966333));
#9842=CARTESIAN_POINT('Ctrl Pts',(0.3323705717646,-0.3323705717646,0.911446170966333));
#9843=CARTESIAN_POINT('Ctrl Pts',(0.3323705717646,0.,0.911446170966333));
#9844=CARTESIAN_POINT('Ctrl Pts',(0.3323705717646,0.3323705717646,0.911446170966333));
#9845=CARTESIAN_POINT('Ctrl Pts',(0.,0.3323705717646,0.911446170966333));
#9846=CARTESIAN_POINT('Ctrl Pts',(-0.3323705717646,0.3323705717646,0.911446170966333));
#9847=CARTESIAN_POINT('Ctrl Pts',(-0.3323705717646,0.,0.911446170966333));
#9848=CARTESIAN_POINT('Ctrl Pts',(-0.3323705717646,-0.3323705717646,0.911446170966333));
#9849=CARTESIAN_POINT('Ctrl Pts',(0.,-0.3323705717646,0.911446170966333));
#9850=CARTESIAN_POINT('Ctrl Pts',(0.,-0.369227879863973,0.925742955236896));
#9851=CARTESIAN_POINT('Ctrl Pts',(0.369227879863973,-0.369227879863973,
0.925742955236896));
#9852=CARTESIAN_POINT('Ctrl Pts',(0.369227879863973,0.,0.925742955236896));
#9853=CARTESIAN_POINT('Ctrl Pts',(0.369227879863973,0.369227879863973,0.925742955236896));
#9854=CARTESIAN_POINT('Ctrl Pts',(0.,0.369227879863973,0.925742955236896));
#9855=CARTESIAN_POINT('Ctrl Pts',(-0.369227879863973,0.369227879863973,
0.925742955236896));
#9856=CARTESIAN_POINT('Ctrl Pts',(-0.369227879863973,0.,0.925742955236896));
#9857=CARTESIAN_POINT('Ctrl Pts',(-0.369227879863973,-0.369227879863973,
0.925742955236896));
#9858=CARTESIAN_POINT('Ctrl Pts',(0.,-0.369227879863973,0.925742955236896));
#9859=CARTESIAN_POINT('Ctrl Pts',(0.,-0.405932519757622,0.941384283828299));
#9860=CARTESIAN_POINT('Ctrl Pts',(0.405932519757622,-0.405932519757622,
0.941384283828299));
#9861=CARTESIAN_POINT('Ctrl Pts',(0.405932519757622,0.,0.941384283828299));
#9862=CARTESIAN_POINT('Ctrl Pts',(0.405932519757622,0.405932519757622,0.941384283828299));
#9863=CARTESIAN_POINT('Ctrl Pts',(0.,0.405932519757622,0.941384283828299));
#9864=CARTESIAN_POINT('Ctrl Pts',(-0.405932519757622,0.405932519757622,
0.941384283828299));
#9865=CARTESIAN_POINT('Ctrl Pts',(-0.405932519757622,0.,0.941384283828299));
#9866=CARTESIAN_POINT('Ctrl Pts',(-0.405932519757622,-0.405932519757622,
0.941384283828299));
#9867=CARTESIAN_POINT('Ctrl Pts',(0.,-0.405932519757622,0.941384283828299));
#9868=CARTESIAN_POINT('Ctrl Pts',(0.,-0.441512586227982,0.957605020642871));
#9869=CARTESIAN_POINT('Ctrl Pts',(0.441512586227982,-0.441512586227982,
0.957605020642871));
#9870=CARTESIAN_POINT('Ctrl Pts',(0.441512586227982,0.,0.957605020642871));
#9871=CARTESIAN_POINT('Ctrl Pts',(0.441512586227982,0.441512586227982,0.957605020642871));
#9872=CARTESIAN_POINT('Ctrl Pts',(0.,0.441512586227982,0.957605020642871));
#9873=CARTESIAN_POINT('Ctrl Pts',(-0.441512586227982,0.441512586227982,
0.957605020642871));
#9874=CARTESIAN_POINT('Ctrl Pts',(-0.441512586227982,0.,0.957605020642871));
#9875=CARTESIAN_POINT('Ctrl Pts',(-0.441512586227982,-0.441512586227982,
0.957605020642871));
#9876=CARTESIAN_POINT('Ctrl Pts',(0.,-0.441512586227982,0.957605020642871));
#9877=CARTESIAN_POINT('Ctrl Pts',(0.,-0.475200566324811,0.972541532447459));
#9878=CARTESIAN_POINT('Ctrl Pts',(0.475200566324811,-0.475200566324811,
0.972541532447459));
#9879=CARTESIAN_POINT('Ctrl Pts',(0.475200566324811,0.,0.972541532447459));
#9880=CARTESIAN_POINT('Ctrl Pts',(0.475200566324811,0.475200566324811,0.972541532447459));
#9881=CARTESIAN_POINT('Ctrl Pts',(0.,0.475200566324811,0.972541532447459));
#9882=CARTESIAN_POINT('Ctrl Pts',(-0.475200566324811,0.475200566324811,
0.972541532447459));
#9883=CARTESIAN_POINT('Ctrl Pts',(-0.475200566324811,0.,0.972541532447459));
#9884=CARTESIAN_POINT('Ctrl Pts',(-0.475200566324811,-0.475200566324811,
0.972541532447459));
#9885=CARTESIAN_POINT('Ctrl Pts',(0.,-0.475200566324811,0.972541532447459));
#9886=CARTESIAN_POINT('Ctrl Pts',(0.,-0.506553367393135,0.984132501469864));
#9887=CARTESIAN_POINT('Ctrl Pts',(0.506553367393135,-0.506553367393135,
0.984132501469864));
#9888=CARTESIAN_POINT('Ctrl Pts',(0.506553367393135,0.,0.984132501469864));
#9889=CARTESIAN_POINT('Ctrl Pts',(0.506553367393135,0.506553367393135,0.984132501469864));
#9890=CARTESIAN_POINT('Ctrl Pts',(0.,0.506553367393135,0.984132501469864));
#9891=CARTESIAN_POINT('Ctrl Pts',(-0.506553367393135,0.506553367393135,
0.984132501469864));
#9892=CARTESIAN_POINT('Ctrl Pts',(-0.506553367393135,0.,0.984132501469864));
#9893=CARTESIAN_POINT('Ctrl Pts',(-0.506553367393135,-0.506553367393135,
0.984132501469864));
#9894=CARTESIAN_POINT('Ctrl Pts',(0.,-0.506553367393135,0.984132501469864));
#9895=CARTESIAN_POINT('Ctrl Pts',(0.,-0.535328530255137,0.991473447090615));
#9896=CARTESIAN_POINT('Ctrl Pts',(0.535328530255137,-0.535328530255137,
0.991473447090615));
#9897=CARTESIAN_POINT('Ctrl Pts',(0.535328530255137,0.,0.991473447090615));
#9898=CARTESIAN_POINT('Ctrl Pts',(0.535328530255137,0.535328530255137,0.991473447090615));
#9899=CARTESIAN_POINT('Ctrl Pts',(0.,0.535328530255137,0.991473447090615));
#9900=CARTESIAN_POINT('Ctrl Pts',(-0.535328530255137,0.535328530255137,
0.991473447090615));
#9901=CARTESIAN_POINT('Ctrl Pts',(-0.535328530255137,0.,0.991473447090615));
#9902=CARTESIAN_POINT('Ctrl Pts',(-0.535328530255137,-0.535328530255137,
0.991473447090615));
#9903=CARTESIAN_POINT('Ctrl Pts',(0.,-0.535328530255137,0.991473447090615));
#9904=CARTESIAN_POINT('Ctrl Pts',(0.,-0.556214093592811,0.993543360735742));
#9905=CARTESIAN_POINT('Ctrl Pts',(0.55621409359281,-0.55621409359281,0.993543360735742));
#9906=CARTESIAN_POINT('Ctrl Pts',(0.556214093592811,0.,0.993543360735742));
#9907=CARTESIAN_POINT('Ctrl Pts',(0.55621409359281,0.55621409359281,0.993543360735742));
#9908=CARTESIAN_POINT('Ctrl Pts',(0.,0.556214093592811,0.993543360735742));
#9909=CARTESIAN_POINT('Ctrl Pts',(-0.55621409359281,0.55621409359281,0.993543360735742));
#9910=CARTESIAN_POINT('Ctrl Pts',(-0.556214093592811,0.,0.993543360735742));
#9911=CARTESIAN_POINT('Ctrl Pts',(-0.55621409359281,-0.55621409359281,0.993543360735742));
#9912=CARTESIAN_POINT('Ctrl Pts',(0.,-0.556214093592811,0.993543360735742));
#9913=CARTESIAN_POINT('Ctrl Pts',(0.,-0.570673569901247,0.992917208499299));
#9914=CARTESIAN_POINT('Ctrl Pts',(0.570673569901247,-0.570673569901247,
0.992917208499299));
#9915=CARTESIAN_POINT('Ctrl Pts',(0.570673569901247,0.,0.992917208499299));
#9916=CARTESIAN_POINT('Ctrl Pts',(0.570673569901247,0.570673569901247,0.992917208499299));
#9917=CARTESIAN_POINT('Ctrl Pts',(0.,0.570673569901247,0.992917208499299));
#9918=CARTESIAN_POINT('Ctrl Pts',(-0.570673569901247,0.570673569901247,
0.992917208499299));
#9919=CARTESIAN_POINT('Ctrl Pts',(-0.570673569901247,0.,0.992917208499299));
#9920=CARTESIAN_POINT('Ctrl Pts',(-0.570673569901247,-0.570673569901247,
0.992917208499299));
#9921=CARTESIAN_POINT('Ctrl Pts',(0.,-0.570673569901247,0.992917208499299));
#9922=CARTESIAN_POINT('Ctrl Pts',(0.,-0.579780049900952,0.991533380555326));
#9923=CARTESIAN_POINT('Ctrl Pts',(0.579780049900952,-0.579780049900952,
0.991533380555326));
#9924=CARTESIAN_POINT('Ctrl Pts',(0.579780049900952,0.,0.991533380555326));
#9925=CARTESIAN_POINT('Ctrl Pts',(0.579780049900952,0.579780049900952,0.991533380555326));
#9926=CARTESIAN_POINT('Ctrl Pts',(0.,0.579780049900952,0.991533380555326));
#9927=CARTESIAN_POINT('Ctrl Pts',(-0.579780049900952,0.579780049900952,
0.991533380555326));
#9928=CARTESIAN_POINT('Ctrl Pts',(-0.579780049900952,0.,0.991533380555326));
#9929=CARTESIAN_POINT('Ctrl Pts',(-0.579780049900952,-0.579780049900952,
0.991533380555326));
#9930=CARTESIAN_POINT('Ctrl Pts',(0.,-0.579780049900952,0.991533380555326));
#9931=CARTESIAN_POINT('Ctrl Pts',(0.,-0.58419999293983,0.990599988028407));
#9932=CARTESIAN_POINT('Ctrl Pts',(0.58419999293983,-0.58419999293983,0.990599988028407));
#9933=CARTESIAN_POINT('Ctrl Pts',(0.58419999293983,0.,0.990599988028407));
#9934=CARTESIAN_POINT('Ctrl Pts',(0.58419999293983,0.58419999293983,0.990599988028407));
#9935=CARTESIAN_POINT('Ctrl Pts',(0.,0.58419999293983,0.990599988028407));
#9936=CARTESIAN_POINT('Ctrl Pts',(-0.58419999293983,0.58419999293983,0.990599988028407));
#9937=CARTESIAN_POINT('Ctrl Pts',(-0.58419999293983,0.,0.990599988028407));
#9938=CARTESIAN_POINT('Ctrl Pts',(-0.58419999293983,-0.58419999293983,0.990599988028407));
#9939=CARTESIAN_POINT('Ctrl Pts',(0.,-0.58419999293983,0.990599988028407));
#9940=CARTESIAN_POINT('',(0.,0.,0.851684659181544));
#9941=CARTESIAN_POINT('Ctrl Pts',(0.,-0.58419999293983,0.990599988028407));
#9942=CARTESIAN_POINT('Ctrl Pts',(0.,-0.579780049900952,0.991533380555326));
#9943=CARTESIAN_POINT('Ctrl Pts',(0.,-0.570673569901247,0.992917208499299));
#9944=CARTESIAN_POINT('Ctrl Pts',(0.,-0.556214093592811,0.993543360735742));
#9945=CARTESIAN_POINT('Ctrl Pts',(0.,-0.535328530255137,0.991473447090615));
#9946=CARTESIAN_POINT('Ctrl Pts',(0.,-0.506553367393135,0.984132501469864));
#9947=CARTESIAN_POINT('Ctrl Pts',(0.,-0.475200566324811,0.972541532447459));
#9948=CARTESIAN_POINT('Ctrl Pts',(0.,-0.441512586227982,0.957605020642871));
#9949=CARTESIAN_POINT('Ctrl Pts',(0.,-0.405932519757622,0.941384283828299));
#9950=CARTESIAN_POINT('Ctrl Pts',(0.,-0.369227879863973,0.925742955236896));
#9951=CARTESIAN_POINT('Ctrl Pts',(0.,-0.3323705717646,0.911446170966333));
#9952=CARTESIAN_POINT('Ctrl Pts',(0.,-0.296373572223059,0.898801992203309));
#9953=CARTESIAN_POINT('Ctrl Pts',(0.,-0.262140424338553,0.887702022549415));
#9954=CARTESIAN_POINT('Ctrl Pts',(0.,-0.230320851886216,0.877898395727545));
#9955=CARTESIAN_POINT('Ctrl Pts',(0.,-0.201126381697578,0.869197997691852));
#9956=CARTESIAN_POINT('Ctrl Pts',(0.,-0.174257656505435,0.861611302277289));
#9957=CARTESIAN_POINT('Ctrl Pts',(0.,-0.149114627369868,0.855257427824279));
#9958=CARTESIAN_POINT('Ctrl Pts',(0.,-0.124950981803077,0.850319600453339));
#9959=CARTESIAN_POINT('Ctrl Pts',(0.,-0.101032138027971,0.846985445800354));
#9960=CARTESIAN_POINT('Ctrl Pts',(0.,-0.0768223592092892,0.845380001565214));
#9961=CARTESIAN_POINT('Ctrl Pts',(0.,-0.0520247871580566,0.845552310823367));
#9962=CARTESIAN_POINT('Ctrl Pts',(0.,-0.0316006592523294,0.847119351035496));
#9963=CARTESIAN_POINT('Ctrl Pts',(0.,-0.0159350189954804,0.849092826297073));
#9964=CARTESIAN_POINT('Ctrl Pts',(0.,-0.00533732487019167,0.850761824900978));
#9965=CARTESIAN_POINT('Ctrl Pts',(0.,0.,0.851684659181544));
#9966=CARTESIAN_POINT('Origin',(0.,0.,0.635));
#9967=CARTESIAN_POINT('',(0.635,7.77650717458569E-17,0.635));
#9968=CARTESIAN_POINT('',(0.635,7.77650717458569E-17,0.635));
#9969=CARTESIAN_POINT('Origin',(0.,0.,0.635));
#9970=CARTESIAN_POINT('Origin',(0.,0.,0.635));
#9971=CARTESIAN_POINT('Origin',(0.,0.,-0.6604));
#9972=CARTESIAN_POINT('',(0.635,7.77650717458569E-17,-0.7874));
#9973=CARTESIAN_POINT('Origin',(0.,0.,-0.7874));
#9974=CARTESIAN_POINT('',(0.635,7.77650717458569E-17,-0.6604));
#9975=CARTESIAN_POINT('',(0.635,7.77650717458569E-17,-0.6604));
#9976=CARTESIAN_POINT('Origin',(0.,0.,-0.6604));
#9977=CARTESIAN_POINT('Origin',(0.,0.,-0.7874));
#9978=CARTESIAN_POINT('Origin',(0.,0.,-0.6604));
#9979=CARTESIAN_POINT('Origin',(0.,-0.635,-0.7874));
#9980=CARTESIAN_POINT('',(-7.77650717458569E-17,0.635,-0.7874));
#9981=CARTESIAN_POINT('Origin',(0.,0.,-0.7874));
#9982=CARTESIAN_POINT('Origin',(0.,0.,-0.888999994014203));
#9983=CARTESIAN_POINT('',(0.,-0.58419999293983,-0.990599988028407));
#9984=CARTESIAN_POINT('',(-7.15438651415669E-17,0.58419999293983,-0.990599988028407));
#9985=CARTESIAN_POINT('Origin',(0.,0.,-0.990599988028407));
#9986=CARTESIAN_POINT('',(-7.46544684437119E-17,0.609599996469915,-0.888999994014203));
#9987=CARTESIAN_POINT('Origin',(0.,0.,-0.990599988028407));
#9988=CARTESIAN_POINT('Ctrl Pts',(0.,0.,-0.851684659181544));
#9989=CARTESIAN_POINT('Ctrl Pts',(0.,0.,-0.851684659181544));
#9990=CARTESIAN_POINT('Ctrl Pts',(0.,0.,-0.851684659181544));
#9991=CARTESIAN_POINT('Ctrl Pts',(0.,0.,-0.851684659181544));
#9992=CARTESIAN_POINT('Ctrl Pts',(0.,0.,-0.851684659181544));
#9993=CARTESIAN_POINT('Ctrl Pts',(0.,0.,-0.851684659181544));
#9994=CARTESIAN_POINT('Ctrl Pts',(0.,0.,-0.851684659181544));
#9995=CARTESIAN_POINT('Ctrl Pts',(0.,0.,-0.851684659181544));
#9996=CARTESIAN_POINT('Ctrl Pts',(0.,0.,-0.851684659181544));
#9997=CARTESIAN_POINT('Ctrl Pts',(0.,-0.00533732487019167,-0.850761824900978));
#9998=CARTESIAN_POINT('Ctrl Pts',(0.00533732487019167,-0.00533732487019167,
-0.850761824900978));
#9999=CARTESIAN_POINT('Ctrl Pts',(0.00533732487019167,0.,-0.850761824900978));
#10000=CARTESIAN_POINT('Ctrl Pts',(0.00533732487019167,0.00533732487019167,
-0.850761824900978));
#10001=CARTESIAN_POINT('Ctrl Pts',(0.,0.00533732487019167,-0.850761824900978));
#10002=CARTESIAN_POINT('Ctrl Pts',(-0.00533732487019167,0.00533732487019167,
-0.850761824900978));
#10003=CARTESIAN_POINT('Ctrl Pts',(-0.00533732487019167,0.,-0.850761824900978));
#10004=CARTESIAN_POINT('Ctrl Pts',(-0.00533732487019167,-0.00533732487019167,
-0.850761824900978));
#10005=CARTESIAN_POINT('Ctrl Pts',(0.,-0.00533732487019167,-0.850761824900978));
#10006=CARTESIAN_POINT('Ctrl Pts',(0.,-0.0159350189954804,-0.849092826297073));
#10007=CARTESIAN_POINT('Ctrl Pts',(0.0159350189954804,-0.0159350189954804,
-0.849092826297073));
#10008=CARTESIAN_POINT('Ctrl Pts',(0.0159350189954804,0.,-0.849092826297073));
#10009=CARTESIAN_POINT('Ctrl Pts',(0.0159350189954804,0.0159350189954804,
-0.849092826297073));
#10010=CARTESIAN_POINT('Ctrl Pts',(0.,0.0159350189954804,-0.849092826297073));
#10011=CARTESIAN_POINT('Ctrl Pts',(-0.0159350189954804,0.0159350189954804,
-0.849092826297073));
#10012=CARTESIAN_POINT('Ctrl Pts',(-0.0159350189954804,0.,-0.849092826297073));
#10013=CARTESIAN_POINT('Ctrl Pts',(-0.0159350189954804,-0.0159350189954804,
-0.849092826297073));
#10014=CARTESIAN_POINT('Ctrl Pts',(0.,-0.0159350189954804,-0.849092826297073));
#10015=CARTESIAN_POINT('Ctrl Pts',(0.,-0.0316006592523294,-0.847119351035496));
#10016=CARTESIAN_POINT('Ctrl Pts',(0.0316006592523294,-0.0316006592523294,
-0.847119351035496));
#10017=CARTESIAN_POINT('Ctrl Pts',(0.0316006592523294,0.,-0.847119351035496));
#10018=CARTESIAN_POINT('Ctrl Pts',(0.0316006592523294,0.0316006592523294,
-0.847119351035496));
#10019=CARTESIAN_POINT('Ctrl Pts',(0.,0.0316006592523294,-0.847119351035496));
#10020=CARTESIAN_POINT('Ctrl Pts',(-0.0316006592523294,0.0316006592523294,
-0.847119351035496));
#10021=CARTESIAN_POINT('Ctrl Pts',(-0.0316006592523294,0.,-0.847119351035496));
#10022=CARTESIAN_POINT('Ctrl Pts',(-0.0316006592523294,-0.0316006592523294,
-0.847119351035496));
#10023=CARTESIAN_POINT('Ctrl Pts',(0.,-0.0316006592523294,-0.847119351035496));
#10024=CARTESIAN_POINT('Ctrl Pts',(0.,-0.0520247871580566,-0.845552310823367));
#10025=CARTESIAN_POINT('Ctrl Pts',(0.0520247871580566,-0.0520247871580566,
-0.845552310823367));
#10026=CARTESIAN_POINT('Ctrl Pts',(0.0520247871580566,0.,-0.845552310823367));
#10027=CARTESIAN_POINT('Ctrl Pts',(0.0520247871580566,0.0520247871580566,
-0.845552310823367));
#10028=CARTESIAN_POINT('Ctrl Pts',(0.,0.0520247871580566,-0.845552310823367));
#10029=CARTESIAN_POINT('Ctrl Pts',(-0.0520247871580566,0.0520247871580566,
-0.845552310823367));
#10030=CARTESIAN_POINT('Ctrl Pts',(-0.0520247871580566,0.,-0.845552310823367));
#10031=CARTESIAN_POINT('Ctrl Pts',(-0.0520247871580566,-0.0520247871580566,
-0.845552310823367));
#10032=CARTESIAN_POINT('Ctrl Pts',(0.,-0.0520247871580566,-0.845552310823367));
#10033=CARTESIAN_POINT('Ctrl Pts',(0.,-0.0768223592092892,-0.845380001565214));
#10034=CARTESIAN_POINT('Ctrl Pts',(0.0768223592092892,-0.0768223592092892,
-0.845380001565214));
#10035=CARTESIAN_POINT('Ctrl Pts',(0.0768223592092892,0.,-0.845380001565214));
#10036=CARTESIAN_POINT('Ctrl Pts',(0.0768223592092892,0.0768223592092892,
-0.845380001565214));
#10037=CARTESIAN_POINT('Ctrl Pts',(0.,0.0768223592092892,-0.845380001565214));
#10038=CARTESIAN_POINT('Ctrl Pts',(-0.0768223592092892,0.0768223592092892,
-0.845380001565214));
#10039=CARTESIAN_POINT('Ctrl Pts',(-0.0768223592092892,0.,-0.845380001565214));
#10040=CARTESIAN_POINT('Ctrl Pts',(-0.0768223592092892,-0.0768223592092892,
-0.845380001565214));
#10041=CARTESIAN_POINT('Ctrl Pts',(0.,-0.0768223592092892,-0.845380001565214));
#10042=CARTESIAN_POINT('Ctrl Pts',(0.,-0.101032138027971,-0.846985445800354));
#10043=CARTESIAN_POINT('Ctrl Pts',(0.101032138027971,-0.101032138027971,
-0.846985445800354));
#10044=CARTESIAN_POINT('Ctrl Pts',(0.101032138027971,0.,-0.846985445800354));
#10045=CARTESIAN_POINT('Ctrl Pts',(0.101032138027971,0.101032138027971,
-0.846985445800354));
#10046=CARTESIAN_POINT('Ctrl Pts',(0.,0.101032138027971,-0.846985445800354));
#10047=CARTESIAN_POINT('Ctrl Pts',(-0.101032138027971,0.101032138027971,
-0.846985445800354));
#10048=CARTESIAN_POINT('Ctrl Pts',(-0.101032138027971,0.,-0.846985445800354));
#10049=CARTESIAN_POINT('Ctrl Pts',(-0.101032138027971,-0.101032138027971,
-0.846985445800354));
#10050=CARTESIAN_POINT('Ctrl Pts',(0.,-0.101032138027971,-0.846985445800354));
#10051=CARTESIAN_POINT('Ctrl Pts',(0.,-0.124950981803077,-0.850319600453339));
#10052=CARTESIAN_POINT('Ctrl Pts',(0.124950981803077,-0.124950981803077,
-0.850319600453339));
#10053=CARTESIAN_POINT('Ctrl Pts',(0.124950981803077,0.,-0.850319600453339));
#10054=CARTESIAN_POINT('Ctrl Pts',(0.124950981803077,0.124950981803077,
-0.850319600453339));
#10055=CARTESIAN_POINT('Ctrl Pts',(0.,0.124950981803077,-0.850319600453339));
#10056=CARTESIAN_POINT('Ctrl Pts',(-0.124950981803077,0.124950981803077,
-0.850319600453339));
#10057=CARTESIAN_POINT('Ctrl Pts',(-0.124950981803077,0.,-0.850319600453339));
#10058=CARTESIAN_POINT('Ctrl Pts',(-0.124950981803077,-0.124950981803077,
-0.850319600453339));
#10059=CARTESIAN_POINT('Ctrl Pts',(0.,-0.124950981803077,-0.850319600453339));
#10060=CARTESIAN_POINT('Ctrl Pts',(0.,-0.149114627369868,-0.855257427824279));
#10061=CARTESIAN_POINT('Ctrl Pts',(0.149114627369868,-0.149114627369868,
-0.855257427824279));
#10062=CARTESIAN_POINT('Ctrl Pts',(0.149114627369868,0.,-0.855257427824279));
#10063=CARTESIAN_POINT('Ctrl Pts',(0.149114627369868,0.149114627369868,
-0.855257427824279));
#10064=CARTESIAN_POINT('Ctrl Pts',(0.,0.149114627369868,-0.855257427824279));
#10065=CARTESIAN_POINT('Ctrl Pts',(-0.149114627369868,0.149114627369868,
-0.855257427824279));
#10066=CARTESIAN_POINT('Ctrl Pts',(-0.149114627369868,0.,-0.855257427824279));
#10067=CARTESIAN_POINT('Ctrl Pts',(-0.149114627369868,-0.149114627369868,
-0.855257427824279));
#10068=CARTESIAN_POINT('Ctrl Pts',(0.,-0.149114627369868,-0.855257427824279));
#10069=CARTESIAN_POINT('Ctrl Pts',(0.,-0.174257656505435,-0.861611302277289));
#10070=CARTESIAN_POINT('Ctrl Pts',(0.174257656505435,-0.174257656505435,
-0.861611302277289));
#10071=CARTESIAN_POINT('Ctrl Pts',(0.174257656505435,0.,-0.861611302277289));
#10072=CARTESIAN_POINT('Ctrl Pts',(0.174257656505435,0.174257656505435,
-0.861611302277289));
#10073=CARTESIAN_POINT('Ctrl Pts',(0.,0.174257656505435,-0.861611302277289));
#10074=CARTESIAN_POINT('Ctrl Pts',(-0.174257656505435,0.174257656505435,
-0.861611302277289));
#10075=CARTESIAN_POINT('Ctrl Pts',(-0.174257656505435,0.,-0.861611302277289));
#10076=CARTESIAN_POINT('Ctrl Pts',(-0.174257656505435,-0.174257656505435,
-0.861611302277289));
#10077=CARTESIAN_POINT('Ctrl Pts',(0.,-0.174257656505435,-0.861611302277289));
#10078=CARTESIAN_POINT('Ctrl Pts',(0.,-0.201126381697578,-0.869197997691852));
#10079=CARTESIAN_POINT('Ctrl Pts',(0.201126381697578,-0.201126381697578,
-0.869197997691852));
#10080=CARTESIAN_POINT('Ctrl Pts',(0.201126381697578,0.,-0.869197997691852));
#10081=CARTESIAN_POINT('Ctrl Pts',(0.201126381697578,0.201126381697578,
-0.869197997691852));
#10082=CARTESIAN_POINT('Ctrl Pts',(0.,0.201126381697578,-0.869197997691852));
#10083=CARTESIAN_POINT('Ctrl Pts',(-0.201126381697578,0.201126381697578,
-0.869197997691852));
#10084=CARTESIAN_POINT('Ctrl Pts',(-0.201126381697578,0.,-0.869197997691852));
#10085=CARTESIAN_POINT('Ctrl Pts',(-0.201126381697578,-0.201126381697578,
-0.869197997691852));
#10086=CARTESIAN_POINT('Ctrl Pts',(0.,-0.201126381697578,-0.869197997691852));
#10087=CARTESIAN_POINT('Ctrl Pts',(0.,-0.230320851886216,-0.877898395727545));
#10088=CARTESIAN_POINT('Ctrl Pts',(0.230320851886216,-0.230320851886216,
-0.877898395727545));
#10089=CARTESIAN_POINT('Ctrl Pts',(0.230320851886216,0.,-0.877898395727545));
#10090=CARTESIAN_POINT('Ctrl Pts',(0.230320851886216,0.230320851886216,
-0.877898395727545));
#10091=CARTESIAN_POINT('Ctrl Pts',(0.,0.230320851886216,-0.877898395727545));
#10092=CARTESIAN_POINT('Ctrl Pts',(-0.230320851886216,0.230320851886216,
-0.877898395727545));
#10093=CARTESIAN_POINT('Ctrl Pts',(-0.230320851886216,0.,-0.877898395727545));
#10094=CARTESIAN_POINT('Ctrl Pts',(-0.230320851886216,-0.230320851886216,
-0.877898395727545));
#10095=CARTESIAN_POINT('Ctrl Pts',(0.,-0.230320851886216,-0.877898395727545));
#10096=CARTESIAN_POINT('Ctrl Pts',(0.,-0.262140424338553,-0.887702022549415));
#10097=CARTESIAN_POINT('Ctrl Pts',(0.262140424338553,-0.262140424338553,
-0.887702022549415));
#10098=CARTESIAN_POINT('Ctrl Pts',(0.262140424338553,0.,-0.887702022549415));
#10099=CARTESIAN_POINT('Ctrl Pts',(0.262140424338553,0.262140424338553,
-0.887702022549415));
#10100=CARTESIAN_POINT('Ctrl Pts',(0.,0.262140424338553,-0.887702022549415));
#10101=CARTESIAN_POINT('Ctrl Pts',(-0.262140424338553,0.262140424338553,
-0.887702022549415));
#10102=CARTESIAN_POINT('Ctrl Pts',(-0.262140424338553,0.,-0.887702022549415));
#10103=CARTESIAN_POINT('Ctrl Pts',(-0.262140424338553,-0.262140424338553,
-0.887702022549415));
#10104=CARTESIAN_POINT('Ctrl Pts',(0.,-0.262140424338553,-0.887702022549415));
#10105=CARTESIAN_POINT('Ctrl Pts',(0.,-0.296373572223059,-0.898801992203309));
#10106=CARTESIAN_POINT('Ctrl Pts',(0.296373572223059,-0.296373572223059,
-0.898801992203309));
#10107=CARTESIAN_POINT('Ctrl Pts',(0.296373572223059,0.,-0.898801992203309));
#10108=CARTESIAN_POINT('Ctrl Pts',(0.296373572223059,0.296373572223059,
-0.898801992203309));
#10109=CARTESIAN_POINT('Ctrl Pts',(0.,0.296373572223059,-0.898801992203309));
#10110=CARTESIAN_POINT('Ctrl Pts',(-0.296373572223059,0.296373572223059,
-0.898801992203309));
#10111=CARTESIAN_POINT('Ctrl Pts',(-0.296373572223059,0.,-0.898801992203309));
#10112=CARTESIAN_POINT('Ctrl Pts',(-0.296373572223059,-0.296373572223059,
-0.898801992203309));
#10113=CARTESIAN_POINT('Ctrl Pts',(0.,-0.296373572223059,-0.898801992203309));
#10114=CARTESIAN_POINT('Ctrl Pts',(0.,-0.3323705717646,-0.911446170966333));
#10115=CARTESIAN_POINT('Ctrl Pts',(0.3323705717646,-0.3323705717646,-0.911446170966333));
#10116=CARTESIAN_POINT('Ctrl Pts',(0.3323705717646,0.,-0.911446170966333));
#10117=CARTESIAN_POINT('Ctrl Pts',(0.3323705717646,0.3323705717646,-0.911446170966333));
#10118=CARTESIAN_POINT('Ctrl Pts',(0.,0.3323705717646,-0.911446170966333));
#10119=CARTESIAN_POINT('Ctrl Pts',(-0.3323705717646,0.3323705717646,-0.911446170966333));
#10120=CARTESIAN_POINT('Ctrl Pts',(-0.3323705717646,0.,-0.911446170966333));
#10121=CARTESIAN_POINT('Ctrl Pts',(-0.3323705717646,-0.3323705717646,-0.911446170966333));
#10122=CARTESIAN_POINT('Ctrl Pts',(0.,-0.3323705717646,-0.911446170966333));
#10123=CARTESIAN_POINT('Ctrl Pts',(0.,-0.369227879863973,-0.925742955236896));
#10124=CARTESIAN_POINT('Ctrl Pts',(0.369227879863973,-0.369227879863973,
-0.925742955236896));
#10125=CARTESIAN_POINT('Ctrl Pts',(0.369227879863973,0.,-0.925742955236896));
#10126=CARTESIAN_POINT('Ctrl Pts',(0.369227879863973,0.369227879863973,
-0.925742955236896));
#10127=CARTESIAN_POINT('Ctrl Pts',(0.,0.369227879863973,-0.925742955236896));
#10128=CARTESIAN_POINT('Ctrl Pts',(-0.369227879863973,0.369227879863973,
-0.925742955236896));
#10129=CARTESIAN_POINT('Ctrl Pts',(-0.369227879863973,0.,-0.925742955236896));
#10130=CARTESIAN_POINT('Ctrl Pts',(-0.369227879863973,-0.369227879863973,
-0.925742955236896));
#10131=CARTESIAN_POINT('Ctrl Pts',(0.,-0.369227879863973,-0.925742955236896));
#10132=CARTESIAN_POINT('Ctrl Pts',(0.,-0.405932519757622,-0.941384283828299));
#10133=CARTESIAN_POINT('Ctrl Pts',(0.405932519757622,-0.405932519757622,
-0.941384283828299));
#10134=CARTESIAN_POINT('Ctrl Pts',(0.405932519757622,0.,-0.941384283828299));
#10135=CARTESIAN_POINT('Ctrl Pts',(0.405932519757622,0.405932519757622,
-0.941384283828299));
#10136=CARTESIAN_POINT('Ctrl Pts',(0.,0.405932519757622,-0.941384283828299));
#10137=CARTESIAN_POINT('Ctrl Pts',(-0.405932519757622,0.405932519757622,
-0.941384283828299));
#10138=CARTESIAN_POINT('Ctrl Pts',(-0.405932519757622,0.,-0.941384283828299));
#10139=CARTESIAN_POINT('Ctrl Pts',(-0.405932519757622,-0.405932519757622,
-0.941384283828299));
#10140=CARTESIAN_POINT('Ctrl Pts',(0.,-0.405932519757622,-0.941384283828299));
#10141=CARTESIAN_POINT('Ctrl Pts',(0.,-0.441512586227982,-0.957605020642871));
#10142=CARTESIAN_POINT('Ctrl Pts',(0.441512586227982,-0.441512586227982,
-0.957605020642871));
#10143=CARTESIAN_POINT('Ctrl Pts',(0.441512586227982,0.,-0.957605020642871));
#10144=CARTESIAN_POINT('Ctrl Pts',(0.441512586227982,0.441512586227982,
-0.957605020642871));
#10145=CARTESIAN_POINT('Ctrl Pts',(0.,0.441512586227982,-0.957605020642871));
#10146=CARTESIAN_POINT('Ctrl Pts',(-0.441512586227982,0.441512586227982,
-0.957605020642871));
#10147=CARTESIAN_POINT('Ctrl Pts',(-0.441512586227982,0.,-0.957605020642871));
#10148=CARTESIAN_POINT('Ctrl Pts',(-0.441512586227982,-0.441512586227982,
-0.957605020642871));
#10149=CARTESIAN_POINT('Ctrl Pts',(0.,-0.441512586227982,-0.957605020642871));
#10150=CARTESIAN_POINT('Ctrl Pts',(0.,-0.475200566324811,-0.972541532447459));
#10151=CARTESIAN_POINT('Ctrl Pts',(0.475200566324811,-0.475200566324811,
-0.972541532447459));
#10152=CARTESIAN_POINT('Ctrl Pts',(0.475200566324811,0.,-0.972541532447459));
#10153=CARTESIAN_POINT('Ctrl Pts',(0.475200566324811,0.475200566324811,
-0.972541532447459));
#10154=CARTESIAN_POINT('Ctrl Pts',(0.,0.475200566324811,-0.972541532447459));
#10155=CARTESIAN_POINT('Ctrl Pts',(-0.475200566324811,0.475200566324811,
-0.972541532447459));
#10156=CARTESIAN_POINT('Ctrl Pts',(-0.475200566324811,0.,-0.972541532447459));
#10157=CARTESIAN_POINT('Ctrl Pts',(-0.475200566324811,-0.475200566324811,
-0.972541532447459));
#10158=CARTESIAN_POINT('Ctrl Pts',(0.,-0.475200566324811,-0.972541532447459));
#10159=CARTESIAN_POINT('Ctrl Pts',(0.,-0.506553367393135,-0.984132501469864));
#10160=CARTESIAN_POINT('Ctrl Pts',(0.506553367393135,-0.506553367393135,
-0.984132501469864));
#10161=CARTESIAN_POINT('Ctrl Pts',(0.506553367393135,0.,-0.984132501469864));
#10162=CARTESIAN_POINT('Ctrl Pts',(0.506553367393135,0.506553367393135,
-0.984132501469864));
#10163=CARTESIAN_POINT('Ctrl Pts',(0.,0.506553367393135,-0.984132501469864));
#10164=CARTESIAN_POINT('Ctrl Pts',(-0.506553367393135,0.506553367393135,
-0.984132501469864));
#10165=CARTESIAN_POINT('Ctrl Pts',(-0.506553367393135,0.,-0.984132501469864));
#10166=CARTESIAN_POINT('Ctrl Pts',(-0.506553367393135,-0.506553367393135,
-0.984132501469864));
#10167=CARTESIAN_POINT('Ctrl Pts',(0.,-0.506553367393135,-0.984132501469864));
#10168=CARTESIAN_POINT('Ctrl Pts',(0.,-0.535328530255137,-0.991473447090615));
#10169=CARTESIAN_POINT('Ctrl Pts',(0.535328530255137,-0.535328530255137,
-0.991473447090615));
#10170=CARTESIAN_POINT('Ctrl Pts',(0.535328530255137,0.,-0.991473447090615));
#10171=CARTESIAN_POINT('Ctrl Pts',(0.535328530255137,0.535328530255137,
-0.991473447090615));
#10172=CARTESIAN_POINT('Ctrl Pts',(0.,0.535328530255137,-0.991473447090615));
#10173=CARTESIAN_POINT('Ctrl Pts',(-0.535328530255137,0.535328530255137,
-0.991473447090615));
#10174=CARTESIAN_POINT('Ctrl Pts',(-0.535328530255137,0.,-0.991473447090615));
#10175=CARTESIAN_POINT('Ctrl Pts',(-0.535328530255137,-0.535328530255137,
-0.991473447090615));
#10176=CARTESIAN_POINT('Ctrl Pts',(0.,-0.535328530255137,-0.991473447090615));
#10177=CARTESIAN_POINT('Ctrl Pts',(0.,-0.556214093592811,-0.993543360735742));
#10178=CARTESIAN_POINT('Ctrl Pts',(0.55621409359281,-0.55621409359281,-0.993543360735742));
#10179=CARTESIAN_POINT('Ctrl Pts',(0.556214093592811,0.,-0.993543360735742));
#10180=CARTESIAN_POINT('Ctrl Pts',(0.55621409359281,0.55621409359281,-0.993543360735742));
#10181=CARTESIAN_POINT('Ctrl Pts',(0.,0.556214093592811,-0.993543360735742));
#10182=CARTESIAN_POINT('Ctrl Pts',(-0.55621409359281,0.55621409359281,-0.993543360735742));
#10183=CARTESIAN_POINT('Ctrl Pts',(-0.556214093592811,0.,-0.993543360735742));
#10184=CARTESIAN_POINT('Ctrl Pts',(-0.55621409359281,-0.55621409359281,
-0.993543360735742));
#10185=CARTESIAN_POINT('Ctrl Pts',(0.,-0.556214093592811,-0.993543360735742));
#10186=CARTESIAN_POINT('Ctrl Pts',(0.,-0.570673569901247,-0.992917208499299));
#10187=CARTESIAN_POINT('Ctrl Pts',(0.570673569901247,-0.570673569901247,
-0.992917208499299));
#10188=CARTESIAN_POINT('Ctrl Pts',(0.570673569901247,0.,-0.992917208499299));
#10189=CARTESIAN_POINT('Ctrl Pts',(0.570673569901247,0.570673569901247,
-0.992917208499299));
#10190=CARTESIAN_POINT('Ctrl Pts',(0.,0.570673569901247,-0.992917208499299));
#10191=CARTESIAN_POINT('Ctrl Pts',(-0.570673569901247,0.570673569901247,
-0.992917208499299));
#10192=CARTESIAN_POINT('Ctrl Pts',(-0.570673569901247,0.,-0.992917208499299));
#10193=CARTESIAN_POINT('Ctrl Pts',(-0.570673569901247,-0.570673569901247,
-0.992917208499299));
#10194=CARTESIAN_POINT('Ctrl Pts',(0.,-0.570673569901247,-0.992917208499299));
#10195=CARTESIAN_POINT('Ctrl Pts',(0.,-0.579780049900952,-0.991533380555326));
#10196=CARTESIAN_POINT('Ctrl Pts',(0.579780049900952,-0.579780049900952,
-0.991533380555326));
#10197=CARTESIAN_POINT('Ctrl Pts',(0.579780049900952,0.,-0.991533380555326));
#10198=CARTESIAN_POINT('Ctrl Pts',(0.579780049900952,0.579780049900952,
-0.991533380555326));
#10199=CARTESIAN_POINT('Ctrl Pts',(0.,0.579780049900952,-0.991533380555326));
#10200=CARTESIAN_POINT('Ctrl Pts',(-0.579780049900952,0.579780049900952,
-0.991533380555326));
#10201=CARTESIAN_POINT('Ctrl Pts',(-0.579780049900952,0.,-0.991533380555326));
#10202=CARTESIAN_POINT('Ctrl Pts',(-0.579780049900952,-0.579780049900952,
-0.991533380555326));
#10203=CARTESIAN_POINT('Ctrl Pts',(0.,-0.579780049900952,-0.991533380555326));
#10204=CARTESIAN_POINT('Ctrl Pts',(0.,-0.58419999293983,-0.990599988028407));
#10205=CARTESIAN_POINT('Ctrl Pts',(0.58419999293983,-0.58419999293983,-0.990599988028407));
#10206=CARTESIAN_POINT('Ctrl Pts',(0.58419999293983,0.,-0.990599988028407));
#10207=CARTESIAN_POINT('Ctrl Pts',(0.58419999293983,0.58419999293983,-0.990599988028407));
#10208=CARTESIAN_POINT('Ctrl Pts',(0.,0.58419999293983,-0.990599988028407));
#10209=CARTESIAN_POINT('Ctrl Pts',(-0.58419999293983,0.58419999293983,-0.990599988028407));
#10210=CARTESIAN_POINT('Ctrl Pts',(-0.58419999293983,0.,-0.990599988028407));
#10211=CARTESIAN_POINT('Ctrl Pts',(-0.58419999293983,-0.58419999293983,
-0.990599988028407));
#10212=CARTESIAN_POINT('Ctrl Pts',(0.,-0.58419999293983,-0.990599988028407));
#10213=CARTESIAN_POINT('',(0.,0.,-0.851684659181544));
#10214=CARTESIAN_POINT('Ctrl Pts',(0.,-0.58419999293983,-0.990599988028407));
#10215=CARTESIAN_POINT('Ctrl Pts',(0.,-0.579780049900952,-0.991533380555326));
#10216=CARTESIAN_POINT('Ctrl Pts',(0.,-0.570673569901247,-0.992917208499299));
#10217=CARTESIAN_POINT('Ctrl Pts',(0.,-0.556214093592811,-0.993543360735742));
#10218=CARTESIAN_POINT('Ctrl Pts',(0.,-0.535328530255137,-0.991473447090615));
#10219=CARTESIAN_POINT('Ctrl Pts',(0.,-0.506553367393135,-0.984132501469864));
#10220=CARTESIAN_POINT('Ctrl Pts',(0.,-0.475200566324811,-0.972541532447459));
#10221=CARTESIAN_POINT('Ctrl Pts',(0.,-0.441512586227982,-0.957605020642871));
#10222=CARTESIAN_POINT('Ctrl Pts',(0.,-0.405932519757622,-0.941384283828299));
#10223=CARTESIAN_POINT('Ctrl Pts',(0.,-0.369227879863973,-0.925742955236896));
#10224=CARTESIAN_POINT('Ctrl Pts',(0.,-0.3323705717646,-0.911446170966333));
#10225=CARTESIAN_POINT('Ctrl Pts',(0.,-0.296373572223059,-0.898801992203309));
#10226=CARTESIAN_POINT('Ctrl Pts',(0.,-0.262140424338553,-0.887702022549415));
#10227=CARTESIAN_POINT('Ctrl Pts',(0.,-0.230320851886216,-0.877898395727545));
#10228=CARTESIAN_POINT('Ctrl Pts',(0.,-0.201126381697578,-0.869197997691852));
#10229=CARTESIAN_POINT('Ctrl Pts',(0.,-0.174257656505435,-0.861611302277289));
#10230=CARTESIAN_POINT('Ctrl Pts',(0.,-0.149114627369868,-0.855257427824279));
#10231=CARTESIAN_POINT('Ctrl Pts',(0.,-0.124950981803077,-0.850319600453339));
#10232=CARTESIAN_POINT('Ctrl Pts',(0.,-0.101032138027971,-0.846985445800354));
#10233=CARTESIAN_POINT('Ctrl Pts',(0.,-0.0768223592092892,-0.845380001565214));
#10234=CARTESIAN_POINT('Ctrl Pts',(0.,-0.0520247871580566,-0.845552310823367));
#10235=CARTESIAN_POINT('Ctrl Pts',(0.,-0.0316006592523294,-0.847119351035496));
#10236=CARTESIAN_POINT('Ctrl Pts',(0.,-0.0159350189954804,-0.849092826297073));
#10237=CARTESIAN_POINT('Ctrl Pts',(0.,-0.00533732487019167,-0.850761824900978));
#10238=CARTESIAN_POINT('Ctrl Pts',(0.,0.,-0.851684659181544));
#10239=UNCERTAINTY_MEASURE_WITH_UNIT(LENGTH_MEASURE(0.001),#10243,
'DISTANCE_ACCURACY_VALUE',
'Maximum model space distance between geometric entities at asserted c
onnectivities');
#10240=UNCERTAINTY_MEASURE_WITH_UNIT(LENGTH_MEASURE(0.001),#10243,
'DISTANCE_ACCURACY_VALUE',
'Maximum model space distance between geometric entities at asserted c
onnectivities');
#10241=(
GEOMETRIC_REPRESENTATION_CONTEXT(3)
GLOBAL_UNCERTAINTY_ASSIGNED_CONTEXT((#10239))
GLOBAL_UNIT_ASSIGNED_CONTEXT((#10243,#10245,#10246))
REPRESENTATION_CONTEXT('','3D')
);
#10242=(
GEOMETRIC_REPRESENTATION_CONTEXT(3)
GLOBAL_UNCERTAINTY_ASSIGNED_CONTEXT((#10240))
GLOBAL_UNIT_ASSIGNED_CONTEXT((#10243,#10245,#10246))
REPRESENTATION_CONTEXT('','3D')
);
#10243=(
LENGTH_UNIT()
NAMED_UNIT(*)
SI_UNIT(.CENTI.,.METRE.)
);
#10244=(
LENGTH_UNIT()
NAMED_UNIT(*)
SI_UNIT($,.METRE.)
);
#10245=(
NAMED_UNIT(*)
PLANE_ANGLE_UNIT()
SI_UNIT($,.RADIAN.)
);
#10246=(
NAMED_UNIT(*)
SI_UNIT($,.STERADIAN.)
SOLID_ANGLE_UNIT()
);
#10247=SHAPE_DEFINITION_REPRESENTATION(#10248,#10249);
#10248=PRODUCT_DEFINITION_SHAPE('',$,#10251);
#10249=SHAPE_REPRESENTATION('',(#1436),#10241);
#10250=PRODUCT_DEFINITION_CONTEXT('part definition',#10255,'design');
#10251=PRODUCT_DEFINITION('2026-08-06-14-00-09-380','fidget spinner',#10252,
#10250);
#10252=PRODUCT_DEFINITION_FORMATION('',$,#10257);
#10253=PRODUCT_RELATED_PRODUCT_CATEGORY('fidget spinner',
'fidget spinner',(#10257));
#10254=APPLICATION_PROTOCOL_DEFINITION('international standard',
'automotive_design',2009,#10255);
#10255=APPLICATION_CONTEXT(
'Core Data for Automotive Mechanical Design Process');
#10256=PRODUCT_CONTEXT('part definition',#10255,'mechanical');
#10257=PRODUCT('2026-08-06-14-00-09-380','fidget spinner',$,(#10256));
#10258=PRESENTATION_STYLE_ASSIGNMENT((#10259));
#10259=SURFACE_STYLE_USAGE(.BOTH.,#10260);
#10260=SURFACE_SIDE_STYLE('',(#10261));
#10261=SURFACE_STYLE_FILL_AREA(#10262);
#10262=FILL_AREA_STYLE('Steel - Satin',(#10263));
#10263=FILL_AREA_STYLE_COLOUR('Steel - Satin',#10264);
#10264=COLOUR_RGB('Steel - Satin',0.627450980392157,0.627450980392157,0.627450980392157);
ENDSEC;
END-ISO-10303-21;
